student_id,gender,age,degree,branch,cgpa,backlogs,internships,certifications,coding_skills,communication_skills,aptitude_score,projects,placed,company_type,package_lpa,overall_skill_score,academic_performance_index,profile_strength,profile_development_score
1,Male,20,BE,Mechanical,8.4,2,2,2,1,3,69,0,0,,0.0,24.333333333333332,74.0,4,4
2,Female,20,BTech,Electrical,8.6,2,0,5,1,9,81,4,0,,0.0,30.333333333333332,76.0,9,9
3,Male,22,BCA,Electrical,6.62,3,0,1,1,7,50,1,0,,0.0,19.333333333333332,51.2,2,2
4,Male,24,BCA,DS,8.01,0,0,4,4,7,47,4,0,,0.0,19.333333333333332,80.1,8,8
5,Male,24,BCA,Electrical,9.12,2,1,2,4,4,77,4,0,,0.0,28.333333333333332,81.19999999999999,7,7
6,Female,22,BSc,CS,6.77,1,3,4,8,1,67,2,1,Service,13.15,25.333333333333332,62.69999999999999,9,9
7,Male,23,BSc,CS,9.36,1,0,4,5,8,51,4,0,,0.0,21.333333333333332,88.6,8,8
8,Male,20,BSc,CS,8.17,2,0,2,10,10,84,3,1,Product,8.98,34.666666666666664,71.7,5,5
9,Male,20,BSc,IT,7.32,3,3,4,4,9,73,3,0,,0.0,28.666666666666668,58.2,10,10
10,Female,22,BE,CS,8.18,3,0,3,8,4,70,4,1,Service,13.4,27.333333333333332,66.8,7,7
11,Male,22,BE,CS,7.23,3,2,1,7,1,94,4,1,Startup,4.16,34.0,57.30000000000001,7,7
12,Male,23,BCA,DS,9.1,2,0,0,6,9,60,3,1,Product,7.27,25.0,81.0,3,3
13,Male,24,BSc,Mechanical,7.57,3,0,1,2,5,55,1,0,,0.0,20.666666666666668,60.7,2,2
14,Male,21,BCA,Mechanical,9.38,3,1,0,5,6,63,0,1,Product,6.64,24.666666666666668,78.80000000000001,1,1
15,Female,24,BTech,CS,7.69,1,1,3,2,2,61,3,0,,0.0,21.666666666666668,71.9,7,7
16,Male,20,BSc,CS,8.34,0,2,1,6,5,97,2,1,Startup,6.61,36.0,83.4,5,5
17,Female,22,BSc,CS,9.79,1,3,3,9,1,52,3,0,,0.0,20.666666666666668,92.89999999999999,9,9
18,Female,23,BCA,Electrical,6.13,2,2,2,9,3,48,0,0,,0.0,20.0,51.3,4,4
19,Female,24,BCA,DS,8.67,1,3,0,6,1,84,3,1,Product,9.24,30.333333333333332,81.7,6,6
20,Male,23,BTech,DS,6.1,0,0,2,4,1,86,5,0,,0.0,30.333333333333332,61.0,7,7
21,Female,24,BCA,DS,9.11,1,1,2,10,9,47,0,0,,0.0,22.0,86.1,3,3
22,Male,20,BSc,Mechanical,8.06,3,2,1,9,6,62,1,1,Startup,12.58,25.666666666666668,65.60000000000001,4,4
23,Female,21,BE,IT,9.53,0,2,4,5,8,88,1,1,Product,6.63,33.666666666666664,95.3,7,7
24,Female,23,BTech,Mechanical,9.22,2,1,4,8,5,49,4,0,,0.0,20.666666666666668,82.2,9,9
25,Female,23,BTech,DS,5.82,1,3,3,9,9,80,1,0,,0.0,32.666666666666664,53.2,7,7
26,Female,21,BSc,AI,6.09,1,0,1,5,4,95,3,0,,0.0,34.666666666666664,55.9,4,4
27,Female,23,BE,IT,8.09,3,3,2,6,10,56,2,0,,0.0,24.0,65.9,7,7
28,Female,23,BCA,CS,7.73,0,1,5,4,8,68,3,0,,0.0,26.666666666666668,77.30000000000001,9,9
29,Female,24,BCA,Electrical,6.22,3,0,3,1,6,88,1,0,,0.0,31.666666666666668,47.199999999999996,4,4
30,Female,24,BE,Mechanical,6.06,1,3,2,1,10,90,2,0,,0.0,33.666666666666664,55.599999999999994,7,7
31,Male,21,BE,Electrical,7.93,1,0,3,5,5,90,1,1,Product,9.56,33.333333333333336,74.3,4,4
32,Male,20,BSc,IT,5.71,0,1,5,3,5,41,0,0,,0.0,16.333333333333332,57.1,6,6
33,Female,23,BCA,AI,9.26,1,0,0,7,3,50,3,0,,0.0,20.0,87.6,3,3
34,Female,20,BSc,IT,8.97,0,2,3,4,4,47,2,0,,0.0,18.333333333333332,89.7,7,7
35,Female,21,BCA,Mechanical,8.88,2,1,3,4,10,60,5,0,,0.0,24.666666666666668,78.80000000000001,9,9
36,Male,21,BCA,DS,5.57,1,2,2,4,5,88,4,0,,0.0,32.333333333333336,50.7,8,8
37,Female,24,BE,CS,5.7,0,0,4,6,9,72,2,0,,0.0,29.0,57.0,6,6
38,Male,23,BSc,DS,7.86,0,3,2,9,10,89,2,1,Startup,11.08,36.0,78.60000000000001,7,7
39,Male,22,BE,DS,9.78,3,0,1,9,3,46,5,0,,0.0,19.333333333333332,82.8,6,6
40,Male,21,BSc,Mechanical,6.97,1,1,2,5,5,80,5,1,Service,14.96,30.0,64.7,8,8
41,Male,23,BCA,DS,6.98,3,1,5,8,9,64,2,1,Product,10.64,27.0,54.80000000000001,8,8
42,Male,20,BTech,DS,6.08,0,0,4,4,1,48,4,0,,0.0,17.666666666666668,60.8,8,8
43,Female,24,BTech,Mechanical,8.4,2,3,1,8,5,81,2,1,Service,8.43,31.333333333333332,74.0,6,6
44,Female,20,BSc,Mechanical,8.28,2,1,5,10,4,87,3,1,Service,5.81,33.666666666666664,72.8,9,9
45,Female,21,BSc,AI,5.94,1,0,4,9,1,82,2,0,,0.0,30.666666666666668,54.400000000000006,6,6
46,Female,21,BE,DS,7.51,2,3,1,8,1,77,1,1,Startup,11.8,28.666666666666668,65.1,5,5
47,Female,20,BCA,IT,8.37,1,2,2,8,7,66,2,1,Service,6.05,27.0,78.69999999999999,6,6
48,Male,21,BTech,CS,7.62,1,1,4,9,6,83,2,1,Service,13.14,32.666666666666664,71.2,7,7
49,Female,23,BE,Electrical,8.4,0,2,5,10,1,92,4,1,Service,5.53,34.333333333333336,84.0,11,11
50,Female,21,BSc,CS,9.01,0,1,5,8,4,99,0,1,Startup,13.3,37.0,90.1,6,6
51,Male,24,BCA,Mechanical,8.45,0,2,4,4,7,49,4,0,,0.0,20.0,84.5,10,10
52,Female,23,BE,Electrical,8.15,3,0,5,5,6,87,4,1,Service,13.05,32.666666666666664,66.5,9,9
53,Male,22,BE,Mechanical,9.17,0,3,5,10,10,65,2,1,Product,8.0,28.333333333333332,91.7,10,10
54,Female,21,BSc,AI,9.37,1,0,0,6,2,66,5,1,Service,6.86,24.666666666666668,88.69999999999999,5,5
55,Male,21,BCA,DS,7.17,0,0,0,5,9,95,0,1,Service,11.37,36.333333333333336,71.7,0,0
56,Female,24,BTech,Mechanical,6.24,3,0,3,9,10,61,4,0,,0.0,26.666666666666668,47.400000000000006,7,7
57,Female,24,BE,Mechanical,9.02,0,1,0,2,3,95,1,0,,0.0,33.333333333333336,90.19999999999999,2,2
58,Male,20,BSc,CS,6.42,2,2,4,6,2,85,0,0,,0.0,31.0,54.2,6,6
59,Male,20,BE,DS,9.49,1,1,3,10,1,88,5,1,Service,8.15,33.0,89.9,9,9
60,Male,20,BSc,AI,5.6,2,1,2,2,3,59,4,0,,0.0,21.333333333333332,46.0,7,7
61,Male,24,BSc,Mechanical,9.46,2,3,3,8,6,65,2,1,Startup,9.68,26.333333333333332,84.60000000000001,8,8
62,Male,20,BSc,Mechanical,8.03,3,0,5,8,10,76,5,1,Product,10.15,31.333333333333332,65.3,10,10
63,Male,20,BCA,Mechanical,8.83,2,1,1,5,1,75,1,1,Product,14.62,27.0,78.3,3,3
64,Male,22,BTech,CS,7.21,0,2,3,10,2,68,5,1,Startup,11.92,26.666666666666668,72.1,10,10
65,Male,20,BCA,Mechanical,9.76,1,1,0,8,9,93,0,1,Startup,6.04,36.666666666666664,92.6,1,1
66,Female,21,BTech,Mechanical,6.48,2,3,2,5,1,52,5,0,,0.0,19.333333333333332,54.80000000000001,10,10
67,Female,24,BSc,CS,6.64,2,3,1,4,1,46,1,0,,0.0,17.0,56.39999999999999,5,5
68,Male,23,BTech,Mechanical,5.72,1,2,3,9,9,50,3,0,,0.0,22.666666666666668,52.199999999999996,8,8
69,Female,22,BCA,DS,9.54,0,3,2,8,3,82,4,1,Product,11.35,31.0,95.39999999999999,9,9
70,Female,24,BE,DS,7.46,2,0,0,4,6,95,2,0,,0.0,35.0,64.6,2,2
71,Female,24,BCA,CS,8.4,1,0,2,2,3,95,5,0,,0.0,33.333333333333336,79.0,7,7
72,Female,21,BCA,DS,8.46,0,3,2,2,2,92,5,0,,0.0,32.0,84.60000000000001,10,10
73,Male,20,BCA,Electrical,9.26,0,1,1,2,3,95,3,0,,0.0,33.333333333333336,92.6,5,5
74,Female,21,BCA,Electrical,8.36,0,3,4,10,10,83,2,1,Product,13.13,34.333333333333336,83.6,9,9
75,Male,20,BCA,Electrical,7.92,3,2,0,8,4,42,4,0,,0.0,18.0,64.2,6,6
76,Female,20,BTech,AI,8.55,0,0,1,6,1,83,5,1,Startup,14.15,30.0,85.5,6,6
77,Female,24,BTech,Mechanical,8.73,0,0,1,1,3,74,3,0,,0.0,26.0,87.30000000000001,4,4
78,Female,20,BE,AI,6.3,1,1,1,10,7,40,0,0,,0.0,19.0,58.0,2,2
79,Male,22,BCA,DS,5.97,3,2,4,4,2,81,3,0,,0.0,29.0,44.699999999999996,9,9
80,Female,22,BCA,CS,5.82,0,0,4,3,7,40,5,0,,0.0,16.666666666666668,58.2,9,9
81,Male,22,BE,Electrical,7.11,2,0,3,10,4,72,5,1,Service,6.3,28.666666666666668,61.10000000000001,8,8
82,Female,24,BE,CS,7.64,3,2,3,7,7,65,0,1,Startup,7.56,26.333333333333332,61.39999999999999,5,5
83,Male,21,BSc,AI,8.15,1,1,0,10,3,82,0,1,Product,3.5,31.666666666666668,76.5,1,1
84,Female,23,BE,DS,9.62,3,3,5,5,7,87,2,1,Startup,13.79,33.0,81.19999999999999,10,10
85,Male,20,BE,Mechanical,6.92,2,1,0,1,10,42,1,0,,0.0,17.666666666666668,59.2,2,2
86,Male,23,BE,DS,8.77,3,0,4,6,7,63,1,1,Product,9.36,25.333333333333332,72.69999999999999,5,5
87,Female,21,BSc,Electrical,7.78,2,0,4,4,3,96,5,0,,0.0,34.333333333333336,67.8,9,9
88,Male,21,BTech,DS,6.45,0,1,4,10,6,74,0,0,,0.0,30.0,64.5,5,5
89,Female,24,BSc,CS,8.15,0,1,1,6,9,79,4,1,Startup,6.48,31.333333333333332,81.5,6,6
90,Female,22,BTech,IT,9.66,3,0,4,7,7,98,1,1,Product,10.97,37.333333333333336,81.6,5,5
91,Female,22,BE,Electrical,6.03,3,2,1,9,5,84,1,0,,0.0,32.666666666666664,45.300000000000004,4,4
92,Female,21,BSc,Mechanical,7.68,1,2,1,1,1,55,4,0,,0.0,19.0,71.8,7,7
93,Female,24,BSc,Electrical,5.72,1,3,0,6,8,86,2,0,,0.0,33.333333333333336,52.199999999999996,5,5
94,Female,24,BTech,Electrical,6.88,2,0,2,8,4,81,0,1,Startup,3.7,31.0,58.8,2,2
95,Female,20,BSc,Mechanical,8.17,0,0,3,4,2,88,5,0,,0.0,31.333333333333332,81.7,8,8
96,Female,22,BSc,Electrical,9.12,3,3,3,10,9,74,3,1,Product,12.7,31.0,76.19999999999999,9,9
97,Female,21,BCA,CS,8.64,0,0,0,9,3,53,3,0,,0.0,21.666666666666668,86.4,3,3
98,Female,23,BTech,DS,7.49,3,0,0,4,6,72,0,0,,0.0,27.333333333333332,59.900000000000006,0,0
99,Female,22,BSc,CS,9.41,2,1,4,4,3,97,2,0,,0.0,34.666666666666664,84.1,7,7
100,Male,20,BSc,DS,6.8,0,2,4,9,7,48,5,0,,0.0,21.333333333333332,68.0,11,11
101,Male,24,BE,IT,8.74,1,2,4,4,2,58,3,0,,0.0,21.333333333333332,82.4,9,9
102,Female,21,BCA,Electrical,7.54,2,2,1,9,4,97,5,1,Service,11.49,36.666666666666664,65.4,8,8
103,Female,22,BCA,IT,9.36,0,3,1,1,10,69,5,0,,0.0,26.666666666666668,93.6,9,9
104,Female,23,BE,AI,8.93,2,1,4,8,9,49,1,0,,0.0,22.0,79.3,6,6
105,Female,20,BE,DS,9.38,3,0,1,2,8,92,2,0,,0.0,34.0,78.80000000000001,3,3
106,Female,20,BE,CS,6.42,0,2,0,8,8,50,4,0,,0.0,22.0,64.2,6,6
107,Female,22,BE,CS,8.37,0,2,4,5,8,65,0,1,Startup,4.53,26.0,83.69999999999999,6,6
108,Female,23,BCA,Electrical,8.68,0,1,3,1,7,65,3,0,,0.0,24.333333333333332,86.8,7,7
109,Female,20,BSc,CS,8.69,1,0,3,1,6,53,0,0,,0.0,20.0,81.89999999999999,3,3
110,Male,21,BSc,AI,7.67,2,3,5,6,8,55,4,0,,0.0,23.0,66.7,12,12
111,Female,20,BE,Mechanical,5.55,1,0,1,1,7,78,3,0,,0.0,28.666666666666668,50.5,4,4
112,Male,23,BTech,CS,6.62,1,3,3,2,1,69,0,0,,0.0,24.0,61.2,6,6
113,Female,24,BE,Electrical,6.89,2,3,4,3,6,48,4,0,,0.0,19.0,58.89999999999999,11,11
114,Female,24,BSc,IT,9.16,2,0,3,2,8,52,1,0,,0.0,20.666666666666668,81.6,4,4
115,Male,22,BTech,CS,9.12,0,3,0,9,5,78,4,1,Service,3.96,30.666666666666668,91.19999999999999,7,7
116,Female,23,BE,CS,5.95,0,2,1,10,6,40,2,0,,0.0,18.666666666666668,59.5,5,5
117,Male,20,BTech,CS,9.58,2,1,3,6,2,94,2,1,Service,5.33,34.0,85.8,6,6
118,Female,20,BE,Electrical,6.28,0,2,1,9,2,78,4,0,,0.0,29.666666666666668,62.800000000000004,7,7
119,Female,24,BCA,Mechanical,7.28,3,3,0,5,2,41,5,0,,0.0,16.0,57.8,8,8
120,Male,24,BSc,CS,6.43,0,3,3,4,6,62,5,0,,0.0,24.0,64.3,11,11
121,Female,21,BE,Mechanical,9.2,2,1,5,2,5,73,1,0,,0.0,26.666666666666668,82.0,7,7
122,Male,24,BTech,Mechanical,8.72,1,1,4,4,6,40,0,0,,0.0,16.666666666666668,82.2,5,5
123,Female,21,BSc,AI,7.02,2,2,2,8,6,80,0,1,Service,8.54,31.333333333333332,60.19999999999999,4,4
124,Male,20,BE,IT,8.43,2,1,3,2,4,81,1,0,,0.0,29.0,74.3,5,5
125,Male,21,BE,CS,6.29,1,1,0,8,7,81,3,0,,0.0,32.0,57.9,4,4
126,Female,21,BE,CS,7.14,3,3,5,2,9,44,4,0,,0.0,18.333333333333332,56.39999999999999,12,12
127,Female,22,BE,CS,7.12,0,1,5,1,7,78,2,0,,0.0,28.666666666666668,71.2,8,8
128,Male,24,BCA,Mechanical,6.52,3,3,2,4,6,71,2,0,,0.0,27.0,50.19999999999999,7,7
129,Female,21,BSc,DS,9.27,1,0,5,7,3,49,2,0,,0.0,19.666666666666668,87.69999999999999,7,7
130,Female,20,BCA,IT,8.42,3,0,3,2,6,61,5,0,,0.0,23.0,69.2,8,8
131,Female,23,BSc,Electrical,6.7,1,0,1,3,8,63,5,0,,0.0,24.666666666666668,62.0,6,6
132,Male,21,BE,CS,6.54,2,3,0,6,8,97,0,1,Service,14.63,37.0,55.400000000000006,3,3
133,Male,24,BSc,DS,5.58,3,0,3,2,4,74,0,0,,0.0,26.666666666666668,40.8,3,3
134,Male,22,BTech,DS,6.99,0,2,0,9,5,70,1,1,Startup,9.24,28.0,69.9,3,3
135,Male,20,BSc,DS,7.77,0,3,4,6,4,83,3,1,Product,13.25,31.0,77.69999999999999,10,10
136,Male,22,BTech,IT,6.69,1,2,2,6,2,91,5,1,Product,4.82,33.0,61.900000000000006,9,9
137,Male,23,BTech,DS,8.51,2,3,2,8,5,87,4,1,Product,7.72,33.333333333333336,75.1,9,9
138,Male,21,BCA,Electrical,7.27,3,2,4,1,1,89,2,0,,0.0,30.333333333333332,57.69999999999999,8,8
139,Male,21,BSc,CS,6.86,3,0,2,10,2,87,1,1,Product,9.56,33.0,53.60000000000001,3,3
140,Male,24,BE,Electrical,9.54,1,2,2,3,7,60,3,0,,0.0,23.333333333333332,90.39999999999999,7,7
141,Female,21,BSc,CS,6.63,3,0,5,2,5,98,0,0,,0.0,35.0,51.3,5,5
142,Male,20,BCA,AI,7.21,0,3,4,1,10,49,2,0,,0.0,20.0,72.1,9,9
143,Female,23,BTech,Mechanical,7.14,0,0,1,6,8,66,4,1,Service,10.76,26.666666666666668,71.39999999999999,5,5
144,Female,22,BTech,DS,6.54,3,1,5,4,6,72,5,0,,0.0,27.333333333333332,50.400000000000006,11,11
145,Female,23,BCA,Electrical,6.44,3,1,2,6,8,55,2,0,,0.0,23.0,49.400000000000006,5,5
146,Male,21,BCA,Mechanical,6.8,2,0,1,8,2,44,2,0,,0.0,18.0,58.0,3,3
147,Male,22,BSc,Mechanical,9.22,2,1,0,7,8,63,4,1,Product,3.57,26.0,82.2,5,5
148,Male,24,BTech,Mechanical,8.8,3,1,0,3,9,83,5,0,,0.0,31.666666666666668,73.0,6,6
149,Male,23,BCA,Mechanical,8.43,3,1,2,3,8,87,1,0,,0.0,32.666666666666664,69.3,4,4
150,Female,22,BSc,Mechanical,7.47,1,1,0,6,7,66,4,1,Product,6.38,26.333333333333332,69.7,5,5
151,Male,22,BSc,CS,7.68,2,2,4,1,8,93,5,0,,0.0,34.0,66.8,11,11
152,Male,22,BE,IT,6.65,3,1,2,3,2,53,5,0,,0.0,19.333333333333332,51.5,8,8
153,Male,20,BTech,DS,5.82,1,3,4,8,6,49,4,0,,0.0,21.0,53.2,11,11
154,Male,23,BSc,DS,6.92,2,0,1,3,7,96,0,0,,0.0,35.333333333333336,59.2,1,1
155,Male,22,BCA,CS,7.63,1,3,3,1,9,55,1,0,,0.0,21.666666666666668,71.3,7,7
156,Female,23,BTech,Electrical,5.75,3,1,3,10,3,68,1,0,,0.0,27.0,42.5,5,5
157,Male,22,BCA,CS,5.88,0,3,5,9,6,54,3,0,,0.0,23.0,58.8,11,11
158,Female,24,BCA,Mechanical,6.63,0,1,2,2,8,61,3,0,,0.0,23.666666666666668,66.3,6,6
159,Male,24,BSc,IT,7.08,0,2,4,7,4,82,0,1,Product,3.63,31.0,70.8,6,6
160,Female,24,BSc,DS,7.19,0,2,3,8,5,96,5,1,Service,8.37,36.333333333333336,71.9,10,10
161,Male,21,BE,Electrical,6.01,3,2,2,3,2,45,0,0,,0.0,16.666666666666668,45.099999999999994,4,4
162,Male,22,BCA,AI,6.47,0,1,5,7,10,98,3,0,,0.0,38.333333333333336,64.7,9,9
163,Female,21,BSc,CS,6.63,0,0,3,10,7,90,3,1,Service,9.56,35.666666666666664,66.3,6,6
164,Female,23,BE,AI,5.79,3,2,5,4,8,86,1,0,,0.0,32.666666666666664,42.9,8,8
165,Female,21,BTech,DS,6.9,2,1,3,2,6,66,3,0,,0.0,24.666666666666668,59.0,7,7
166,Male,23,BE,CS,5.81,2,1,0,4,9,68,4,0,,0.0,27.0,48.099999999999994,5,5
167,Female,23,BE,DS,8.52,2,3,2,8,3,84,5,1,Startup,6.31,31.666666666666668,75.19999999999999,10,10
168,Male,23,BCA,CS,7.16,1,1,5,2,9,67,2,0,,0.0,26.0,66.6,8,8
169,Male,21,BTech,Electrical,6.91,2,3,5,6,9,58,4,0,,0.0,24.333333333333332,59.099999999999994,12,12
170,Female,22,BCA,DS,6.04,3,2,3,10,9,72,5,0,,0.0,30.333333333333332,45.4,10,10
171,Female,21,BCA,AI,6.47,2,3,5,3,6,49,3,0,,0.0,19.333333333333332,54.7,11,11
172,Male,22,BE,IT,6.5,1,1,2,3,9,95,2,0,,0.0,35.666666666666664,60.0,5,5
173,Male,22,BE,Electrical,9.74,1,3,0,6,7,50,0,0,,0.0,21.0,92.4,3,3
174,Female,23,BSc,Electrical,9.09,0,2,2,3,8,83,3,0,,0.0,31.333333333333332,90.9,7,7
175,Female,21,BE,CS,5.57,3,1,0,2,8,69,3,0,,0.0,26.333333333333332,40.7,4,4
176,Female,22,BSc,AI,8.15,2,0,3,2,8,53,0,0,,0.0,21.0,71.5,3,3
177,Male,24,BCA,DS,6.6,2,0,5,3,3,55,3,0,,0.0,20.333333333333332,56.0,8,8
178,Male,22,BE,AI,5.95,3,1,5,2,6,46,2,0,,0.0,18.0,44.5,8,8
179,Male,24,BTech,Electrical,8.53,3,2,3,6,7,92,0,1,Startup,7.27,35.0,70.3,5,5
180,Male,21,BTech,CS,6.07,3,1,3,4,4,43,0,0,,0.0,17.0,45.7,4,4
181,Male,21,BCA,AI,7.41,3,0,0,1,4,55,1,0,,0.0,20.0,59.099999999999994,1,1
182,Male,21,BCA,DS,8.22,3,1,1,3,7,99,3,0,,0.0,36.333333333333336,67.2,5,5
183,Female,22,BE,Mechanical,7.88,3,3,0,10,2,90,1,1,Product,5.83,34.0,63.8,4,4
184,Male,20,BSc,Electrical,9.7,3,3,0,3,8,74,2,0,,0.0,28.333333333333332,82.0,5,5
185,Male,22,BE,IT,8.88,1,2,5,4,6,48,5,0,,0.0,19.333333333333332,83.80000000000001,12,12
186,Male,22,BSc,IT,8.83,0,2,4,6,9,88,2,1,Service,10.67,34.333333333333336,88.3,8,8
187,Female,23,BE,Electrical,7.03,2,2,3,1,5,75,0,0,,0.0,27.0,60.3,5,5
188,Male,23,BTech,Mechanical,5.54,1,2,3,2,10,48,1,0,,0.0,20.0,50.4,6,6
189,Male,22,BTech,CS,8.66,1,3,4,10,10,71,3,1,Service,12.77,30.333333333333332,81.6,10,10
190,Female,24,BSc,AI,9.8,2,0,5,3,1,85,2,0,,0.0,29.666666666666668,88.0,7,7
191,Male,23,BE,AI,7.25,1,2,1,5,7,96,1,1,Startup,10.19,36.0,67.5,4,4
192,Male,22,BCA,Mechanical,9.74,3,2,2,7,4,65,0,1,Service,9.67,25.333333333333332,82.4,4,4
193,Male,20,BSc,Mechanical,6.11,1,0,3,1,10,96,4,0,,0.0,35.666666666666664,56.1,7,7
194,Male,24,BTech,DS,6.78,2,2,3,2,4,83,0,0,,0.0,29.666666666666668,57.8,5,5
195,Male,21,BSc,DS,6.23,0,0,0,4,3,58,5,0,,0.0,21.666666666666668,62.300000000000004,5,5
196,Female,22,BE,IT,7.54,2,2,1,10,5,92,0,1,Product,5.57,35.666666666666664,65.4,3,3
197,Female,22,BCA,CS,8.93,0,2,1,1,6,82,1,0,,0.0,29.666666666666668,89.3,4,4
198,Female,24,BCA,CS,6.96,3,2,5,1,3,43,4,0,,0.0,15.666666666666666,54.599999999999994,11,11
199,Male,23,BSc,Mechanical,9.4,1,3,1,9,8,70,3,1,Service,5.56,29.0,89.0,7,7
200,Male,23,BE,IT,7.84,2,3,1,6,2,52,0,0,,0.0,20.0,68.4,4,4
201,Male,23,BE,IT,7.5,2,3,4,2,7,85,0,0,,0.0,31.333333333333332,65.0,7,7
202,Female,21,BCA,DS,8.88,0,2,0,10,1,49,4,0,,0.0,20.0,88.80000000000001,6,6
203,Male,24,BTech,AI,5.94,1,3,5,7,9,87,3,0,,0.0,34.333333333333336,54.400000000000006,11,11
204,Male,24,BE,CS,8.83,2,3,4,10,9,59,0,0,,0.0,26.0,78.3,7,7
205,Female,23,BCA,IT,6.54,2,3,4,6,5,91,0,1,Product,12.94,34.0,55.400000000000006,7,7
206,Male,23,BCA,DS,6.71,1,1,2,6,2,45,1,0,,0.0,17.666666666666668,62.099999999999994,4,4
207,Female,20,BE,DS,8.08,3,3,0,8,6,83,5,1,Service,9.51,32.333333333333336,65.8,8,8
208,Female,20,BE,DS,9.38,0,1,1,10,10,87,1,1,Startup,10.84,35.666666666666664,93.80000000000001,3,3
209,Female,22,BSc,AI,7.99,2,3,5,3,5,47,2,0,,0.0,18.333333333333332,69.9,10,10
210,Male,22,BTech,IT,8.29,1,2,0,10,4,74,1,1,Product,3.58,29.333333333333332,77.89999999999999,3,3
211,Male,24,BSc,Mechanical,8.84,3,2,1,2,2,54,3,0,,0.0,19.333333333333332,73.4,6,6
212,Male,24,BSc,Mechanical,6.62,2,2,2,9,5,68,2,1,Startup,4.43,27.333333333333332,56.2,6,6
213,Male,21,BCA,DS,9.06,3,1,3,5,8,89,1,1,Service,8.14,34.0,75.60000000000001,5,5
214,Male,21,BCA,DS,7.3,2,2,4,6,2,47,4,0,,0.0,18.333333333333332,63.0,10,10
215,Male,20,BTech,AI,6.26,2,0,2,7,7,48,1,0,,0.0,20.666666666666668,52.599999999999994,3,3
216,Male,22,BSc,DS,7.01,3,3,4,2,3,68,5,0,,0.0,24.333333333333332,55.099999999999994,12,12
217,Female,20,BSc,Electrical,6.56,0,1,5,6,6,62,1,1,Product,14.57,24.666666666666668,65.6,7,7
218,Male,20,BCA,IT,6.48,3,1,1,1,4,91,5,0,,0.0,32.0,49.80000000000001,7,7
219,Female,22,BCA,DS,6.72,1,1,5,9,6,94,1,1,Service,12.59,36.333333333333336,62.2,7,7
220,Male,21,BE,DS,6.28,2,2,1,6,2,51,5,0,,0.0,19.666666666666668,52.800000000000004,8,8
221,Male,22,BSc,IT,8.37,3,0,2,7,10,67,0,1,Product,9.78,28.0,68.69999999999999,2,2
222,Male,23,BTech,CS,7.99,3,1,3,5,5,86,5,1,Product,12.45,32.0,64.9,9,9
223,Female,23,BSc,Electrical,8.29,2,3,3,2,2,83,4,0,,0.0,29.0,72.89999999999999,10,10
224,Female,23,BCA,Electrical,6.98,2,3,4,4,8,54,2,0,,0.0,22.0,59.80000000000001,9,9
225,Female,24,BE,Mechanical,8.81,3,0,1,5,9,89,0,1,Service,4.81,34.333333333333336,73.10000000000001,1,1
226,Female,21,BSc,DS,6.06,0,3,1,10,8,74,4,0,,0.0,30.666666666666668,60.599999999999994,8,8
227,Male,21,BTech,IT,7.96,2,0,3,2,1,68,2,0,,0.0,23.666666666666668,69.6,5,5
228,Female,24,BCA,Mechanical,6.68,3,3,1,9,5,97,5,1,Product,14.49,37.0,51.8,9,9
229,Male,20,BE,AI,7.77,1,0,5,2,4,57,1,0,,0.0,21.0,72.69999999999999,6,6
230,Male,23,BSc,CS,6.89,0,2,1,2,4,79,0,0,,0.0,28.333333333333332,68.89999999999999,3,3
231,Female,23,BTech,DS,8.9,1,3,2,2,7,57,2,0,,0.0,22.0,84.0,7,7
232,Female,20,BCA,CS,9.33,2,3,3,2,10,49,1,0,,0.0,20.333333333333332,83.3,7,7
233,Female,22,BTech,DS,8.69,2,3,3,5,10,46,0,0,,0.0,20.333333333333332,76.89999999999999,6,6
234,Female,22,BSc,DS,6.26,0,2,5,7,4,41,2,0,,0.0,17.333333333333332,62.599999999999994,9,9
235,Female,21,BCA,DS,6.68,2,2,5,1,1,57,2,0,,0.0,19.666666666666668,56.8,9,9
236,Female,24,BSc,CS,9.45,1,1,0,9,3,81,0,1,Startup,11.39,31.0,89.5,1,1
237,Female,21,BE,Electrical,7.38,3,1,5,6,8,90,0,1,Startup,5.98,34.666666666666664,58.8,6,6
238,Female,22,BSc,AI,9.55,3,0,3,1,10,74,5,0,,0.0,28.333333333333332,80.5,8,8
239,Male,20,BE,Electrical,7.19,1,1,3,1,7,77,5,0,,0.0,28.333333333333332,66.9,9,9
240,Female,21,BSc,IT,9.59,1,3,5,9,2,49,2,0,,0.0,20.0,90.9,10,10
241,Female,23,BTech,IT,9.48,2,2,0,9,7,59,3,0,,0.0,25.0,84.80000000000001,5,5
242,Male,23,BTech,Electrical,8.34,2,2,1,1,2,96,1,0,,0.0,33.0,73.4,4,4
243,Female,20,BCA,AI,5.54,0,2,1,1,6,49,2,0,,0.0,18.666666666666668,55.4,5,5
244,Male,22,BTech,AI,7.22,3,2,4,5,8,52,0,0,,0.0,21.666666666666668,57.2,6,6
245,Male,23,BTech,DS,9.42,0,0,1,5,3,92,2,1,Service,13.52,33.333333333333336,94.2,3,3
246,Female,23,BE,DS,9.31,1,1,3,7,3,63,0,1,Startup,9.37,24.333333333333332,88.10000000000001,4,4
247,Male,24,BTech,IT,6.31,1,2,4,4,8,81,1,0,,0.0,31.0,58.099999999999994,7,7
248,Male,21,BE,DS,7.22,0,0,4,10,8,90,5,1,Service,14.17,36.0,72.2,9,9
249,Male,22,BE,DS,9.09,0,3,5,1,10,85,0,0,,0.0,32.0,90.9,8,8
250,Male,21,BE,AI,7.98,3,1,5,6,6,50,0,0,,0.0,20.666666666666668,64.80000000000001,6,6
251,Female,22,BSc,CS,9.14,1,0,1,10,1,96,3,1,Startup,9.4,35.666666666666664,86.4,4,4
252,Male,23,BE,Electrical,9.05,0,2,4,3,3,59,5,0,,0.0,21.666666666666668,90.5,11,11
253,Female,24,BSc,Mechanical,9.4,3,2,0,7,10,55,0,0,,0.0,24.0,79.0,2,2
254,Male,21,BE,Mechanical,6.0,2,2,4,1,7,74,4,0,,0.0,27.333333333333332,50.0,10,10
255,Male,23,BSc,DS,6.12,2,3,2,4,2,52,4,0,,0.0,19.333333333333332,51.2,9,9
256,Male,22,BCA,DS,5.86,3,1,0,10,9,85,3,0,,0.0,34.666666666666664,43.6,4,4
257,Male,21,BCA,Electrical,9.52,0,2,3,9,9,48,1,0,,0.0,22.0,95.19999999999999,6,6
258,Female,21,BSc,Mechanical,7.54,3,1,1,10,2,70,1,1,Startup,12.17,27.333333333333332,60.400000000000006,3,3
259,Female,23,BCA,AI,5.78,3,3,1,6,6,75,0,0,,0.0,29.0,42.800000000000004,4,4
260,Male,21,BTech,Mechanical,6.88,0,0,5,2,2,93,3,0,,0.0,32.333333333333336,68.8,8,8
261,Male,24,BE,Mechanical,7.01,2,1,2,6,1,53,5,0,,0.0,20.0,60.099999999999994,8,8
262,Female,24,BSc,Mechanical,8.98,3,0,1,9,10,82,3,1,Service,10.36,33.666666666666664,74.80000000000001,4,4
263,Male,23,BCA,DS,8.66,2,1,3,1,9,51,3,0,,0.0,20.333333333333332,76.6,7,7
264,Male,22,BCA,DS,8.46,3,2,4,5,5,62,4,1,Service,9.71,24.0,69.60000000000001,10,10
265,Male,23,BTech,Electrical,5.59,1,2,1,8,1,88,5,0,,0.0,32.333333333333336,50.9,8,8
266,Female,24,BE,Mechanical,9.42,0,0,3,7,7,71,1,1,Startup,11.09,28.333333333333332,94.2,4,4
267,Female,20,BTech,DS,6.43,2,1,5,10,3,87,5,0,,0.0,33.333333333333336,54.3,11,11
268,Female,20,BSc,Electrical,8.2,0,3,0,2,6,40,4,0,,0.0,16.0,82.0,7,7
269,Male,21,BCA,Mechanical,5.77,2,1,3,8,4,55,1,0,,0.0,22.333333333333332,47.699999999999996,5,5
270,Male,21,BCA,AI,5.85,2,0,5,9,3,89,2,0,,0.0,33.666666666666664,48.5,7,7
271,Female,20,BCA,DS,5.54,0,1,2,10,6,97,0,0,,0.0,37.666666666666664,55.4,3,3
272,Female,24,BTech,CS,7.93,3,1,3,8,8,50,5,0,,0.0,22.0,64.3,9,9
273,Female,21,BTech,Electrical,8.21,3,0,1,6,6,68,2,1,Service,3.31,26.666666666666668,67.10000000000001,3,3
274,Female,23,BE,DS,5.72,1,0,4,9,6,41,5,0,,0.0,18.666666666666668,52.199999999999996,9,9
275,Male,23,BSc,AI,6.75,2,0,3,8,5,55,0,0,,0.0,22.666666666666668,57.5,3,3
276,Female,24,BE,AI,9.16,0,1,2,4,5,55,0,0,,0.0,21.333333333333332,91.6,3,3
277,Male,21,BE,DS,5.94,2,0,0,6,1,66,3,0,,0.0,24.333333333333332,49.400000000000006,3,3
278,Female,23,BCA,IT,6.43,3,0,2,5,4,75,4,0,,0.0,28.0,49.3,6,6
279,Male,21,BTech,Electrical,7.32,0,3,5,10,8,72,4,1,Startup,10.43,30.0,73.2,12,12
280,Female,21,BSc,Mechanical,9.12,0,3,0,9,6,65,1,1,Service,13.65,26.666666666666668,91.19999999999999,4,4
281,Female,23,BE,Mechanical,6.6,2,3,3,4,7,50,3,0,,0.0,20.333333333333332,56.0,9,9
282,Female,20,BSc,AI,9.79,1,0,4,1,9,46,4,0,,0.0,18.666666666666668,92.89999999999999,8,8
283,Female,23,BCA,DS,7.03,3,0,2,9,8,77,1,1,Service,3.07,31.333333333333332,55.3,3,3
284,Male,24,BE,IT,7.16,3,3,4,9,4,77,1,1,Product,11.12,30.0,56.599999999999994,8,8
285,Female,22,BTech,Electrical,6.03,2,2,5,7,7,64,1,0,,0.0,26.0,50.300000000000004,8,8
286,Male,23,BE,CS,8.42,2,2,3,5,3,91,4,1,Startup,6.24,33.0,74.2,9,9
287,Male,21,BCA,Mechanical,6.55,1,3,4,7,5,95,0,1,Service,14.98,35.666666666666664,60.5,7,7
288,Male,21,BE,Electrical,8.2,3,3,4,9,3,89,3,1,Startup,8.98,33.666666666666664,67.0,10,10
289,Male,23,BCA,Electrical,6.46,1,2,2,3,7,47,3,0,,0.0,19.0,59.599999999999994,7,7
290,Female,22,BE,IT,7.17,0,3,3,5,3,97,1,1,Service,5.22,35.0,71.7,7,7
291,Male,23,BSc,Electrical,9.18,0,0,4,3,8,67,1,0,,0.0,26.0,91.8,5,5
292,Male,22,BTech,Mechanical,8.68,1,3,0,8,10,45,1,0,,0.0,21.0,81.8,4,4
293,Male,22,BCA,DS,6.16,1,1,1,1,8,79,1,0,,0.0,29.333333333333332,56.6,3,3
294,Female,24,BSc,Mechanical,8.11,2,2,0,4,6,68,1,0,,0.0,26.0,71.1,3,3
295,Female,21,BCA,CS,8.2,3,0,5,7,9,42,1,0,,0.0,19.333333333333332,67.0,6,6
296,Female,21,BE,DS,5.89,3,2,4,9,2,75,5,0,,0.0,28.666666666666668,43.9,11,11
297,Female,22,BCA,AI,7.5,3,3,3,10,6,45,3,0,,0.0,20.333333333333332,60.0,9,9
298,Male,21,BCA,IT,6.62,1,2,0,2,4,88,5,0,,0.0,31.333333333333332,61.2,7,7
299,Male,20,BTech,Mechanical,7.51,2,3,3,9,7,40,1,0,,0.0,18.666666666666668,65.1,7,7
300,Female,22,BSc,DS,8.84,2,0,5,6,1,54,0,0,,0.0,20.333333333333332,78.4,5,5
301,Male,21,BE,Electrical,6.18,2,0,0,7,4,68,2,0,,0.0,26.333333333333332,51.8,2,2
302,Male,20,BTech,DS,6.03,1,2,3,4,10,54,5,0,,0.0,22.666666666666668,55.300000000000004,10,10
303,Male,24,BCA,Mechanical,6.66,1,0,4,5,4,51,5,0,,0.0,20.0,61.599999999999994,9,9
304,Female,21,BTech,AI,9.59,2,2,2,1,6,95,4,0,,0.0,34.0,85.9,8,8
305,Female,20,BCA,Mechanical,8.72,1,2,0,4,10,45,4,0,,0.0,19.666666666666668,82.2,6,6
306,Male,23,BE,AI,5.58,0,2,5,8,6,98,5,0,,0.0,37.333333333333336,55.8,12,12
307,Female,23,BCA,Electrical,7.22,3,2,3,6,6,91,3,1,Product,8.85,34.333333333333336,57.2,8,8
308,Female,20,BTech,Mechanical,6.61,3,1,0,7,4,76,4,1,Startup,14.36,29.0,51.10000000000001,5,5
309,Female,22,BTech,DS,8.24,3,1,3,1,5,46,1,0,,0.0,17.333333333333332,67.4,5,5
310,Female,22,BCA,CS,7.47,0,3,3,7,8,79,0,1,Service,7.8,31.333333333333332,74.7,6,6
311,Female,21,BSc,CS,9.65,2,0,2,6,3,81,3,1,Service,12.87,30.0,86.5,5,5
312,Male,23,BTech,Electrical,6.44,3,1,3,4,6,78,3,0,,0.0,29.333333333333332,49.400000000000006,7,7
313,Female,22,BSc,DS,8.03,1,1,0,2,1,78,0,0,,0.0,27.0,75.3,1,1
314,Male,22,BSc,CS,8.51,0,0,5,2,10,94,5,0,,0.0,35.333333333333336,85.1,10,10
315,Male,23,BSc,Electrical,9.05,2,2,4,7,6,85,1,1,Service,14.14,32.666666666666664,80.5,7,7
316,Female,24,BSc,AI,7.25,0,1,5,3,9,43,3,0,,0.0,18.333333333333332,72.5,9,9
317,Male,22,BTech,DS,8.45,3,1,1,2,8,92,0,0,,0.0,34.0,69.5,2,2
318,Male,20,BTech,AI,6.8,2,1,3,10,5,49,1,0,,0.0,21.333333333333332,58.0,5,5
319,Male,21,BSc,DS,7.37,3,1,1,3,7,52,5,0,,0.0,20.666666666666668,58.7,7,7
320,Female,22,BTech,AI,9.35,2,2,4,10,5,46,0,0,,0.0,20.333333333333332,83.5,6,6
321,Female,22,BSc,AI,9.58,3,0,5,2,3,74,1,0,,0.0,26.333333333333332,80.8,6,6
322,Male,24,BSc,CS,8.59,2,1,1,3,9,44,4,0,,0.0,18.666666666666668,75.9,6,6
323,Female,20,BSc,DS,7.11,0,1,3,5,7,94,0,1,Product,12.49,35.333333333333336,71.10000000000001,4,4
324,Female,21,BCA,Mechanical,9.03,2,1,0,10,8,57,1,0,,0.0,25.0,80.3,2,2
325,Female,22,BE,CS,5.61,2,1,5,10,7,46,2,0,,0.0,21.0,46.1,8,8
326,Female,21,BTech,AI,5.94,0,0,5,10,7,77,4,0,,0.0,31.333333333333332,59.400000000000006,9,9
327,Male,23,BTech,AI,8.34,2,2,2,5,8,47,3,0,,0.0,20.0,73.4,7,7
328,Male,22,BSc,Mechanical,6.75,0,3,5,7,8,78,0,1,Startup,7.55,31.0,67.5,8,8
329,Female,22,BCA,Mechanical,9.59,3,0,3,10,6,91,1,1,Product,9.09,35.666666666666664,80.9,4,4
330,Female,23,BCA,AI,7.38,3,1,3,3,4,92,3,0,,0.0,33.0,58.8,7,7
331,Male,24,BTech,Mechanical,7.35,3,3,2,3,5,82,3,0,,0.0,30.0,58.5,8,8
332,Male,22,BSc,IT,8.42,2,1,2,7,6,81,5,1,Startup,14.35,31.333333333333332,74.2,8,8
333,Female,21,BTech,CS,8.8,1,0,5,6,9,65,3,1,Service,14.82,26.666666666666668,83.0,8,8
334,Male,20,BSc,DS,7.54,1,2,2,6,5,45,3,0,,0.0,18.666666666666668,70.4,7,7
335,Female,21,BSc,Mechanical,6.42,3,3,2,4,9,57,1,0,,0.0,23.333333333333332,49.2,6,6
336,Female,24,BE,Mechanical,8.83,0,3,2,4,9,97,5,0,,0.0,36.666666666666664,88.3,10,10
337,Male,20,BSc,IT,6.88,2,2,3,2,8,77,1,0,,0.0,29.0,58.8,6,6
338,Male,21,BE,DS,6.25,0,2,1,6,10,49,5,0,,0.0,21.666666666666668,62.5,8,8
339,Female,21,BTech,IT,8.22,2,3,0,10,6,48,2,0,,0.0,21.333333333333332,72.2,5,5
340,Female,23,BTech,DS,5.89,0,3,3,3,1,79,2,0,,0.0,27.666666666666668,58.9,8,8
341,Male,24,BCA,CS,9.68,3,3,4,6,5,51,1,0,,0.0,20.666666666666668,81.8,8,8
342,Female,23,BE,Mechanical,8.22,1,3,5,3,3,68,5,0,,0.0,24.666666666666668,77.2,13,13
343,Male,20,BTech,CS,9.74,0,2,3,3,9,60,1,0,,0.0,24.0,97.4,6,6
344,Female,23,BE,DS,6.96,3,0,5,1,4,60,2,0,,0.0,21.666666666666668,54.599999999999994,7,7
345,Male,24,BTech,Mechanical,9.68,1,0,3,5,7,66,1,1,Service,13.5,26.0,91.8,4,4
346,Male,22,BE,IT,6.13,1,2,1,2,6,81,0,0,,0.0,29.666666666666668,56.3,3,3
347,Male,22,BE,AI,5.67,1,0,5,10,6,51,5,0,,0.0,22.333333333333332,51.7,10,10
348,Female,20,BSc,IT,5.64,0,0,2,2,5,68,0,0,,0.0,25.0,56.4,2,2
349,Female,22,BTech,AI,7.5,0,1,5,9,1,65,0,1,Startup,8.12,25.0,75.0,6,6
350,Male,23,BCA,IT,5.86,1,0,4,2,3,89,0,0,,0.0,31.333333333333332,53.6,4,4
351,Female,20,BSc,DS,7.7,0,3,1,2,5,65,3,0,,0.0,24.0,77.0,7,7
352,Male,24,BCA,CS,6.91,3,0,0,6,2,90,0,1,Product,6.09,32.666666666666664,54.099999999999994,0,0
353,Male,20,BE,AI,6.94,2,2,4,10,2,67,5,1,Startup,8.83,26.333333333333332,59.400000000000006,11,11
354,Female,20,BSc,DS,8.23,1,0,4,1,4,53,5,0,,0.0,19.333333333333332,77.30000000000001,9,9
355,Female,21,BE,CS,6.2,2,2,1,8,7,84,2,0,,0.0,33.0,52.0,5,5
356,Male,21,BTech,CS,8.8,1,3,4,1,1,64,5,0,,0.0,22.0,83.0,12,12
357,Female,20,BTech,Mechanical,8.0,2,1,3,9,9,78,3,1,Product,9.87,32.0,70.0,7,7
358,Female,22,BCA,Mechanical,9.43,1,1,3,4,1,98,2,0,,0.0,34.333333333333336,89.3,6,6
359,Male,21,BTech,Mechanical,7.07,3,0,2,3,8,47,4,0,,0.0,19.333333333333332,55.7,6,6
360,Male,24,BCA,AI,9.73,1,0,1,7,6,54,4,0,,0.0,22.333333333333332,92.30000000000001,5,5
361,Female,23,BE,AI,7.98,3,2,3,8,1,66,1,1,Product,6.35,25.0,64.80000000000001,6,6
362,Male,21,BSc,CS,9.69,1,1,4,5,7,80,3,1,Startup,14.79,30.666666666666668,91.89999999999999,8,8
363,Male,20,BTech,AI,5.62,0,3,4,3,2,74,0,0,,0.0,26.333333333333332,56.2,7,7
364,Female,22,BE,CS,8.63,2,2,3,4,1,44,4,0,,0.0,16.333333333333332,76.30000000000001,9,9
365,Male,23,BSc,DS,9.01,3,0,1,10,8,43,3,0,,0.0,20.333333333333332,75.1,4,4
366,Male,21,BE,IT,5.73,1,1,1,6,2,91,0,0,,0.0,33.0,52.300000000000004,2,2
367,Female,22,BCA,CS,7.99,0,0,0,5,9,60,4,1,Service,12.07,24.666666666666668,79.9,4,4
368,Female,22,BE,CS,8.95,1,1,1,4,6,92,1,0,,0.0,34.0,84.5,3,3
369,Male,22,BCA,DS,7.91,2,2,5,3,1,59,2,0,,0.0,21.0,69.1,9,9
370,Male,20,BCA,Mechanical,5.77,1,3,5,6,8,45,1,0,,0.0,19.666666666666668,52.699999999999996,9,9
371,Female,24,BTech,Electrical,8.48,0,3,5,7,7,68,4,1,Service,9.81,27.333333333333332,84.80000000000001,12,12
372,Female,22,BCA,Mechanical,5.76,1,3,3,2,1,94,2,0,,0.0,32.333333333333336,52.599999999999994,8,8
373,Female,23,BCA,Mechanical,9.02,1,3,0,6,8,79,4,1,Service,6.76,31.0,85.19999999999999,7,7
374,Female,21,BE,CS,5.69,3,3,4,3,2,42,4,0,,0.0,15.666666666666666,41.900000000000006,11,11
375,Male,23,BCA,CS,6.09,3,0,3,10,8,75,0,0,,0.0,31.0,45.9,3,3
376,Female,20,BCA,AI,6.68,1,0,2,8,9,56,3,0,,0.0,24.333333333333332,61.8,5,5
377,Female,20,BE,AI,8.22,1,3,2,2,5,88,5,0,,0.0,31.666666666666668,77.2,10,10
378,Male,23,BSc,IT,9.7,0,1,1,5,5,76,2,1,Service,12.95,28.666666666666668,97.0,4,4
379,Female,24,BTech,IT,6.01,1,2,0,8,7,88,5,0,,0.0,34.333333333333336,55.099999999999994,7,7
380,Male,20,BE,Electrical,6.11,2,1,0,9,1,64,1,0,,0.0,24.666666666666668,51.1,2,2
381,Female,20,BCA,AI,7.09,3,1,4,7,5,83,2,1,Startup,14.83,31.666666666666668,55.900000000000006,7,7
382,Female,23,BE,CS,9.1,2,3,1,9,1,74,3,1,Service,14.93,28.0,81.0,7,7
383,Female,20,BSc,DS,7.51,1,1,0,9,8,97,5,1,Startup,10.3,38.0,70.1,6,6
384,Male,24,BE,AI,6.88,0,0,3,8,8,96,3,1,Product,7.45,37.333333333333336,68.8,6,6
385,Male,24,BE,CS,7.91,2,2,4,7,1,60,3,1,Service,7.47,22.666666666666668,69.1,9,9
386,Female,24,BE,AI,6.62,1,2,0,6,2,41,0,0,,0.0,16.333333333333332,61.2,2,2
387,Male,21,BE,Mechanical,7.22,3,2,2,3,7,96,4,0,,0.0,35.333333333333336,57.2,8,8
388,Male,24,BCA,AI,6.93,1,1,2,8,7,94,1,1,Startup,14.76,36.333333333333336,64.3,4,4
389,Male,24,BE,Electrical,8.96,3,2,0,3,9,50,5,0,,0.0,20.666666666666668,74.60000000000001,7,7
390,Male,21,BSc,Mechanical,9.47,0,2,5,9,3,77,1,1,Startup,4.93,29.666666666666668,94.7,8,8
391,Male,22,BE,CS,8.77,3,0,5,9,2,56,1,0,,0.0,22.333333333333332,72.69999999999999,6,6
392,Male,20,BE,Mechanical,7.39,1,3,2,10,10,70,2,1,Service,5.68,30.0,68.89999999999999,7,7
393,Female,24,BCA,AI,7.67,0,3,3,10,8,58,0,0,,0.0,25.333333333333332,76.7,6,6
394,Female,20,BCA,Mechanical,6.04,3,0,4,9,7,68,0,0,,0.0,28.0,45.4,4,4
395,Male,23,BE,Electrical,8.71,3,0,3,4,3,52,1,0,,0.0,19.666666666666668,72.10000000000001,4,4
396,Female,20,BCA,DS,8.06,2,3,2,9,3,60,1,1,Startup,7.75,24.0,70.60000000000001,6,6
397,Female,21,BCA,Mechanical,9.38,3,1,0,2,7,76,5,0,,0.0,28.333333333333332,78.80000000000001,6,6
398,Female,20,BE,Electrical,6.36,1,0,0,1,5,44,3,0,,0.0,16.666666666666668,58.6,3,3
399,Female,20,BCA,Mechanical,8.77,0,2,4,8,9,90,2,1,Product,13.61,35.666666666666664,87.69999999999999,8,8
400,Male,20,BTech,IT,8.44,1,0,2,6,10,67,3,1,Startup,5.22,27.666666666666668,79.39999999999999,5,5
401,Female,22,BTech,DS,6.64,3,1,2,10,7,54,4,0,,0.0,23.666666666666668,51.39999999999999,7,7
402,Female,22,BTech,CS,8.37,1,0,2,9,1,66,3,1,Startup,14.09,25.333333333333332,78.69999999999999,5,5
403,Male,23,BCA,Electrical,9.47,2,2,1,9,1,43,4,0,,0.0,17.666666666666668,84.7,7,7
404,Male,21,BTech,Mechanical,9.45,1,0,0,3,6,77,4,0,,0.0,28.666666666666668,89.5,4,4
405,Female,20,BSc,DS,8.59,0,0,2,2,5,42,3,0,,0.0,16.333333333333332,85.9,5,5
406,Female,20,BTech,CS,5.71,0,0,4,7,5,95,1,0,,0.0,35.666666666666664,57.1,5,5
407,Female,20,BSc,DS,9.25,3,3,5,5,8,68,3,1,Service,11.06,27.0,77.5,11,11
408,Female,20,BCA,Electrical,8.33,0,3,1,10,8,50,4,0,,0.0,22.666666666666668,83.3,8,8
409,Female,22,BTech,IT,6.83,1,1,2,6,9,90,0,1,Startup,6.58,35.0,63.3,3,3
410,Female,23,BSc,Electrical,6.31,3,3,0,5,4,75,4,0,,0.0,28.0,48.099999999999994,7,7
411,Male,24,BCA,Electrical,6.0,1,1,5,4,5,66,5,0,,0.0,25.0,55.0,11,11
412,Female,21,BTech,CS,5.72,2,3,1,1,7,93,2,0,,0.0,33.666666666666664,47.199999999999996,6,6
413,Female,20,BE,CS,8.74,1,1,3,4,3,78,0,0,,0.0,28.333333333333332,82.4,4,4
414,Male,23,BTech,Mechanical,6.51,0,1,4,10,6,74,3,1,Startup,7.31,30.0,65.1,8,8
415,Male,24,BTech,AI,5.6,0,1,0,3,3,96,4,0,,0.0,34.0,56.0,5,5
416,Male,23,BTech,Electrical,7.21,2,0,3,3,4,44,5,0,,0.0,17.0,62.099999999999994,8,8
417,Male,22,BE,CS,7.58,3,0,0,5,10,55,0,0,,0.0,23.333333333333332,60.8,0,0
418,Female,24,BSc,Electrical,6.23,0,1,4,1,8,60,1,0,,0.0,23.0,62.300000000000004,6,6
419,Female,23,BSc,Electrical,5.69,0,1,2,6,10,64,3,0,,0.0,26.666666666666668,56.900000000000006,6,6
420,Female,22,BE,CS,6.31,0,0,3,2,4,69,4,0,,0.0,25.0,63.099999999999994,7,7
421,Female,23,BTech,IT,8.42,2,2,3,1,4,90,5,0,,0.0,31.666666666666668,74.2,10,10
422,Female,23,BTech,IT,5.85,2,0,1,8,7,89,2,0,,0.0,34.666666666666664,48.5,3,3
423,Female,24,BTech,Electrical,7.89,0,1,2,10,3,42,1,0,,0.0,18.333333333333332,78.89999999999999,4,4
424,Male,22,BSc,IT,6.13,3,0,4,3,3,76,2,0,,0.0,27.333333333333332,46.3,6,6
425,Female,20,BSc,Electrical,6.34,0,3,5,6,1,46,0,0,,0.0,17.666666666666668,63.4,8,8
426,Male,21,BE,Mechanical,7.19,1,1,1,2,7,78,2,0,,0.0,29.0,66.9,4,4
427,Male,24,BCA,CS,5.93,1,0,3,5,4,42,4,0,,0.0,17.0,54.3,7,7
428,Female,22,BE,Electrical,6.24,3,3,0,9,7,97,4,0,,0.0,37.666666666666664,47.400000000000006,7,7
429,Male,23,BSc,IT,7.0,0,0,4,7,2,80,2,1,Product,5.01,29.666666666666668,70.0,6,6
430,Female,22,BTech,IT,6.92,3,0,1,4,5,47,0,0,,0.0,18.666666666666668,54.2,1,1
431,Male,21,BTech,DS,8.72,1,2,5,3,7,60,4,0,,0.0,23.333333333333332,82.2,11,11
432,Female,21,BTech,DS,5.82,0,0,2,9,9,57,4,0,,0.0,25.0,58.2,6,6
433,Male,20,BTech,IT,9.2,0,0,5,4,10,97,2,0,,0.0,37.0,92.0,7,7
434,Female,20,BCA,Mechanical,9.01,1,2,0,5,4,49,2,0,,0.0,19.333333333333332,85.1,4,4
435,Female,21,BE,AI,8.79,3,0,1,6,6,59,0,0,,0.0,23.666666666666668,72.89999999999999,1,1
436,Female,24,BE,Electrical,6.83,3,2,4,10,3,79,1,1,Startup,14.75,30.666666666666668,53.3,7,7
437,Female,24,BSc,DS,9.04,2,3,0,5,2,79,3,1,Service,13.55,28.666666666666668,80.39999999999999,6,6
438,Female,23,BE,Electrical,6.29,2,2,1,9,10,88,3,0,,0.0,35.666666666666664,52.9,6,6
439,Male,20,BCA,DS,6.03,2,3,1,1,2,68,3,0,,0.0,23.666666666666668,50.300000000000004,7,7
440,Male,23,BCA,CS,5.69,3,2,5,6,5,88,2,0,,0.0,33.0,41.900000000000006,9,9
441,Male,20,BCA,CS,9.54,0,3,4,4,3,69,4,0,,0.0,25.333333333333332,95.39999999999999,11,11
442,Female,21,BTech,IT,6.82,0,0,2,4,2,75,4,0,,0.0,27.0,68.2,6,6
443,Male,24,BSc,CS,9.45,2,3,0,3,2,71,5,0,,0.0,25.333333333333332,84.5,8,8
444,Female,24,BCA,CS,6.67,3,3,5,5,3,45,1,0,,0.0,17.666666666666668,51.7,9,9
445,Female,21,BE,AI,9.4,2,1,1,8,1,58,4,0,,0.0,22.333333333333332,84.0,6,6
446,Male,23,BE,Mechanical,9.39,3,3,5,4,8,70,2,0,,0.0,27.333333333333332,78.9,10,10
447,Male,23,BE,IT,9.47,3,0,5,7,9,72,0,1,Service,3.71,29.333333333333332,79.7,5,5
448,Female,22,BCA,AI,7.63,2,1,5,8,1,43,0,0,,0.0,17.333333333333332,66.3,6,6
449,Male,20,BCA,IT,9.22,0,1,4,5,5,50,5,0,,0.0,20.0,92.2,10,10
450,Female,23,BE,Mechanical,9.59,0,2,1,10,8,45,3,0,,0.0,21.0,95.9,6,6
451,Female,21,BCA,IT,6.9,3,3,4,1,2,51,3,0,,0.0,18.0,54.0,10,10
452,Female,23,BE,Electrical,7.3,1,2,4,8,1,76,0,1,Service,7.85,28.333333333333332,68.0,6,6
453,Female,24,BTech,Electrical,8.59,1,2,1,10,5,85,3,1,Service,8.26,33.333333333333336,80.9,6,6
454,Female,20,BCA,Electrical,6.79,1,3,5,3,1,70,3,0,,0.0,24.666666666666668,62.900000000000006,11,11
455,Male,22,BTech,CS,8.74,2,2,5,4,6,56,1,0,,0.0,22.0,77.4,8,8
456,Male,20,BTech,Mechanical,5.82,0,0,4,10,9,43,0,0,,0.0,20.666666666666668,58.2,4,4
457,Female,24,BCA,AI,7.75,1,0,0,7,8,54,1,0,,0.0,23.0,72.5,1,1
458,Female,24,BE,AI,6.03,1,3,5,9,6,77,5,0,,0.0,30.666666666666668,55.300000000000004,13,13
459,Male,24,BSc,DS,6.76,1,3,4,4,4,84,3,0,,0.0,30.666666666666668,62.599999999999994,10,10
460,Male,24,BTech,AI,6.61,1,1,2,4,7,51,4,0,,0.0,20.666666666666668,61.10000000000001,7,7
461,Female,21,BCA,Electrical,9.11,2,3,2,6,6,49,5,0,,0.0,20.333333333333332,81.1,10,10
462,Male,22,BTech,Electrical,6.33,0,3,4,9,7,45,3,0,,0.0,20.333333333333332,63.3,10,10
463,Female,24,BE,DS,8.98,0,0,0,4,2,61,3,0,,0.0,22.333333333333332,89.80000000000001,3,3
464,Male,24,BCA,CS,8.91,0,0,5,10,7,80,1,1,Product,13.21,32.333333333333336,89.1,6,6
465,Female,23,BSc,AI,7.65,1,3,3,8,10,70,2,1,Product,9.19,29.333333333333332,71.5,8,8
466,Male,22,BCA,Mechanical,6.51,3,1,3,3,4,55,5,0,,0.0,20.666666666666668,50.099999999999994,9,9
467,Female,20,BTech,DS,6.48,2,0,0,2,5,47,2,0,,0.0,18.0,54.80000000000001,2,2
468,Male,22,BCA,AI,7.5,2,0,2,4,7,78,4,0,,0.0,29.666666666666668,65.0,6,6
469,Male,22,BCA,CS,5.54,2,2,4,4,10,85,3,0,,0.0,33.0,45.4,9,9
470,Female,22,BTech,Mechanical,7.78,0,3,1,7,2,97,2,1,Startup,3.89,35.333333333333336,77.8,6,6
471,Male,24,BSc,Mechanical,9.6,0,2,4,7,1,75,4,1,Service,14.76,27.666666666666668,96.0,10,10
472,Female,24,BE,CS,6.17,2,3,4,9,5,42,3,0,,0.0,18.666666666666668,51.7,10,10
473,Male,21,BCA,AI,7.97,1,1,3,10,10,68,0,1,Startup,7.56,29.333333333333332,74.7,4,4
474,Female,20,BSc,IT,9.64,3,2,4,2,1,42,5,0,,0.0,15.0,81.4,11,11
475,Male,23,BE,AI,9.2,0,0,3,4,6,90,4,0,,0.0,33.333333333333336,92.0,7,7
476,Female,22,BTech,DS,9.16,0,3,1,3,2,49,2,0,,0.0,18.0,91.6,6,6
477,Male,20,BSc,DS,9.03,1,3,4,3,2,85,3,0,,0.0,30.0,85.3,10,10
478,Female,20,BSc,AI,6.83,1,2,0,7,4,71,4,1,Startup,6.46,27.333333333333332,63.3,6,6
479,Male,21,BCA,Electrical,9.33,0,2,4,10,10,60,1,1,Product,11.94,26.666666666666668,93.3,7,7
480,Female,23,BTech,DS,9.55,1,1,5,6,2,45,5,0,,0.0,17.666666666666668,90.5,11,11
481,Female,22,BCA,IT,7.63,1,0,5,3,9,83,4,0,,0.0,31.666666666666668,71.3,9,9
482,Female,23,BTech,Electrical,7.02,1,1,0,8,3,71,2,1,Product,8.52,27.333333333333332,65.19999999999999,3,3
483,Male,21,BE,IT,7.28,3,0,3,8,8,83,3,1,Startup,3.18,33.0,57.8,6,6
484,Female,24,BCA,Mechanical,6.94,3,0,4,7,7,67,0,1,Service,7.18,27.0,54.400000000000006,4,4
485,Male,20,BTech,DS,6.41,3,3,3,9,7,43,5,0,,0.0,19.666666666666668,49.099999999999994,11,11
486,Female,22,BTech,Electrical,8.16,1,0,0,3,4,69,0,0,,0.0,25.333333333333332,76.6,0,0
487,Male,24,BSc,AI,7.92,1,2,3,5,4,81,4,1,Startup,3.82,30.0,74.2,9,9
488,Female,21,BCA,Electrical,7.49,3,3,2,6,1,83,1,1,Service,13.76,30.0,59.900000000000006,6,6
489,Male,23,BCA,Mechanical,5.91,3,1,5,9,8,56,0,0,,0.0,24.333333333333332,44.1,6,6
490,Male,20,BE,IT,8.93,2,0,0,4,1,94,1,0,,0.0,33.0,79.3,1,1
491,Female,22,BTech,Mechanical,6.25,0,3,3,5,4,67,4,0,,0.0,25.333333333333332,62.5,10,10
492,Male,24,BSc,CS,5.99,3,2,4,9,3,78,3,0,,0.0,30.0,44.900000000000006,9,9
493,Male,24,BTech,DS,8.18,2,1,3,4,1,49,5,0,,0.0,18.0,71.8,9,9
494,Female,20,BTech,AI,7.21,2,3,1,2,7,40,3,0,,0.0,16.333333333333332,62.099999999999994,7,7
495,Male,23,BTech,IT,5.76,3,3,0,9,7,90,0,0,,0.0,35.333333333333336,42.599999999999994,3,3
496,Male,21,BCA,Mechanical,7.03,2,2,3,3,2,70,0,0,,0.0,25.0,60.3,5,5
497,Male,23,BTech,AI,8.82,3,2,5,6,10,97,0,1,Service,4.58,37.666666666666664,73.2,7,7
498,Female,23,BE,DS,8.15,0,0,2,9,5,71,0,1,Service,10.94,28.333333333333332,81.5,2,2
499,Male,23,BSc,AI,7.06,0,1,5,3,8,93,4,0,,0.0,34.666666666666664,70.6,10,10
500,Female,20,BSc,DS,6.32,0,3,1,8,1,59,1,0,,0.0,22.666666666666668,63.2,5,5
501,Male,20,BTech,DS,8.22,3,2,0,9,9,68,5,1,Startup,6.31,28.666666666666668,67.2,7,7
502,Male,21,BSc,DS,9.32,2,2,1,3,7,76,2,0,,0.0,28.666666666666668,83.2,5,5
503,Male,23,BTech,Mechanical,8.28,3,3,4,3,7,96,4,0,,0.0,35.333333333333336,67.8,11,11
504,Female,20,BCA,DS,9.0,0,2,2,4,2,97,0,0,,0.0,34.333333333333336,90.0,4,4
505,Male,21,BSc,AI,7.74,2,2,4,1,8,64,0,0,,0.0,24.333333333333332,67.4,6,6
506,Male,21,BCA,CS,8.59,1,0,5,2,3,77,5,0,,0.0,27.333333333333332,80.9,10,10
507,Female,23,BCA,AI,9.35,0,3,5,1,10,40,5,0,,0.0,17.0,93.5,13,13
508,Male,22,BE,Mechanical,8.82,3,0,3,3,7,93,0,0,,0.0,34.333333333333336,73.2,3,3
509,Female,23,BE,DS,9.41,3,1,1,6,3,54,2,0,,0.0,21.0,79.1,4,4
510,Female,22,BSc,CS,7.35,3,2,4,8,6,73,5,1,Product,8.39,29.0,58.5,11,11
511,Male,21,BTech,Mechanical,9.39,1,0,3,5,1,62,5,1,Service,13.59,22.666666666666668,88.9,8,8
512,Female,20,BTech,IT,8.17,2,3,2,8,4,68,1,1,Service,8.55,26.666666666666668,71.7,6,6
513,Male,24,BTech,IT,9.24,3,1,5,6,9,89,0,1,Product,4.89,34.666666666666664,77.4,6,6
514,Female,21,BTech,IT,5.67,3,1,4,1,7,52,3,0,,0.0,20.0,41.7,8,8
515,Female,20,BE,CS,8.33,3,0,1,3,7,41,0,0,,0.0,17.0,68.3,1,1
516,Male,21,BTech,AI,9.15,0,0,4,2,4,79,2,0,,0.0,28.333333333333332,91.5,6,6
517,Female,23,BTech,CS,6.25,0,2,2,6,10,98,2,0,,0.0,38.0,62.5,6,6
518,Female,22,BCA,CS,8.35,1,0,3,8,1,95,2,1,Startup,14.36,34.666666666666664,78.5,5,5
519,Female,21,BTech,CS,9.05,2,0,4,6,1,44,5,0,,0.0,17.0,80.5,9,9
520,Female,20,BTech,IT,6.74,2,0,4,4,3,61,2,0,,0.0,22.666666666666668,57.400000000000006,6,6
521,Female,23,BE,Electrical,7.24,3,1,5,4,7,98,4,0,,0.0,36.333333333333336,57.400000000000006,10,10
522,Male,24,BSc,AI,7.95,3,3,0,9,7,94,0,1,Product,6.13,36.666666666666664,64.5,3,3
523,Female,23,BCA,Electrical,7.73,0,0,3,1,5,54,3,0,,0.0,20.0,77.30000000000001,6,6
524,Male,22,BCA,Electrical,5.67,0,1,5,2,9,96,4,0,,0.0,35.666666666666664,56.7,10,10
525,Female,23,BSc,CS,5.92,0,1,0,4,2,52,5,0,,0.0,19.333333333333332,59.2,6,6
526,Male,24,BCA,AI,5.93,0,0,0,3,9,94,5,0,,0.0,35.333333333333336,59.3,5,5
527,Male,20,BTech,Electrical,6.63,3,1,5,9,9,69,1,1,Service,5.95,29.0,51.3,7,7
528,Female,21,BTech,DS,6.56,0,2,2,5,6,64,4,1,Service,5.17,25.0,65.6,8,8
529,Female,22,BSc,CS,8.69,2,3,2,8,4,60,0,1,Startup,12.68,24.0,76.89999999999999,5,5
530,Female,24,BE,CS,7.96,0,2,1,4,5,56,4,0,,0.0,21.666666666666668,79.6,7,7
531,Male,22,BE,CS,8.79,1,3,5,4,6,75,2,0,,0.0,28.333333333333332,82.89999999999999,10,10
532,Female,23,BCA,DS,5.8,0,1,3,10,4,78,4,0,,0.0,30.666666666666668,58.0,8,8
533,Male,22,BE,DS,7.59,3,0,3,3,9,73,5,0,,0.0,28.333333333333332,60.900000000000006,8,8
534,Male,24,BE,IT,6.89,3,0,2,9,2,80,2,1,Service,8.53,30.333333333333332,53.89999999999999,4,4
535,Male,21,BE,Mechanical,9.15,3,1,2,10,8,73,4,1,Startup,9.42,30.333333333333332,76.5,7,7
536,Female,21,BE,AI,8.54,0,0,0,2,9,88,1,0,,0.0,33.0,85.39999999999999,1,1
537,Female,22,BE,Mechanical,9.24,2,1,2,3,4,92,0,0,,0.0,33.0,82.4,3,3
538,Male,20,BE,CS,5.7,3,2,4,3,9,89,0,0,,0.0,33.666666666666664,42.0,6,6
539,Male,22,BE,Electrical,8.6,2,1,3,3,2,77,5,0,,0.0,27.333333333333332,76.0,9,9
540,Female,23,BCA,CS,7.82,3,1,1,4,3,89,4,0,,0.0,32.0,63.2,6,6
541,Male,21,BTech,Electrical,9.05,3,2,0,5,10,98,2,1,Startup,11.28,37.666666666666664,75.5,4,4
542,Female,21,BE,IT,7.68,2,2,4,6,5,93,1,1,Service,11.5,34.666666666666664,66.8,7,7
543,Male,21,BTech,Mechanical,7.82,1,1,2,5,4,77,2,1,Startup,13.36,28.666666666666668,73.2,5,5
544,Female,20,BSc,CS,5.72,3,2,1,9,3,65,0,0,,0.0,25.666666666666668,42.199999999999996,3,3
545,Male,20,BTech,Mechanical,8.37,2,3,2,7,4,41,5,0,,0.0,17.333333333333332,73.69999999999999,10,10
546,Female,24,BSc,IT,6.67,3,2,5,7,9,73,2,1,Product,5.87,29.666666666666668,51.7,9,9
547,Male,22,BCA,Mechanical,5.58,0,0,4,7,9,77,1,0,,0.0,31.0,55.8,5,5
548,Female,22,BTech,Electrical,5.79,2,2,5,7,5,80,1,0,,0.0,30.666666666666668,47.9,8,8
549,Female,23,BSc,AI,9.62,3,2,5,2,7,75,2,0,,0.0,28.0,81.19999999999999,9,9
550,Male,21,BTech,IT,6.99,1,1,1,8,8,81,3,1,Startup,6.52,32.333333333333336,64.9,5,5
551,Male,20,BCA,Mechanical,9.23,0,2,5,10,2,91,1,1,Service,11.52,34.333333333333336,92.30000000000001,8,8
552,Female,23,BTech,CS,9.63,3,3,2,1,9,73,1,0,,0.0,27.666666666666668,81.30000000000001,6,6
553,Male,23,BSc,DS,9.56,0,1,4,6,9,84,3,1,Product,12.21,33.0,95.60000000000001,8,8
554,Female,20,BE,DS,9.29,1,3,4,3,2,43,0,0,,0.0,16.0,87.89999999999999,7,7
555,Male,22,BE,IT,9.35,2,0,1,6,6,50,5,0,,0.0,20.666666666666668,83.5,6,6
556,Female,21,BE,DS,6.74,3,1,5,6,4,81,5,1,Service,6.31,30.333333333333332,52.400000000000006,11,11
557,Female,22,BCA,AI,6.15,2,1,5,8,1,52,4,0,,0.0,20.333333333333332,51.5,10,10
558,Female,23,BE,IT,8.25,3,0,4,4,5,78,4,0,,0.0,29.0,67.5,8,8
559,Female,21,BCA,CS,7.6,3,0,2,3,3,75,4,0,,0.0,27.0,61.0,6,6
560,Female,24,BE,CS,5.92,2,3,1,2,1,93,4,0,,0.0,32.0,49.2,8,8
561,Female,23,BCA,IT,8.41,2,2,5,6,2,44,0,0,,0.0,17.333333333333332,74.1,7,7
562,Male,22,BCA,DS,7.92,3,1,5,3,7,78,3,0,,0.0,29.333333333333332,64.2,9,9
563,Male,22,BTech,DS,9.21,1,1,0,4,1,50,1,0,,0.0,18.333333333333332,87.10000000000001,2,2
564,Male,22,BE,CS,8.12,1,3,4,9,3,66,5,1,Service,6.07,26.0,76.19999999999999,12,12
565,Female,20,BTech,AI,7.97,3,1,2,7,1,42,0,0,,0.0,16.666666666666668,64.7,3,3
566,Female,23,BSc,Electrical,7.4,2,0,1,1,1,98,4,0,,0.0,33.333333333333336,64.0,5,5
567,Female,21,BE,DS,7.49,1,1,5,4,8,84,2,0,,0.0,32.0,69.9,8,8
568,Female,22,BE,AI,9.6,3,2,0,8,6,67,4,1,Service,13.8,27.0,81.0,6,6
569,Male,22,BE,DS,6.1,0,0,0,10,4,74,0,0,,0.0,29.333333333333332,61.0,0,0
570,Male,20,BE,Electrical,7.42,3,3,3,4,8,76,0,0,,0.0,29.333333333333332,59.2,6,6
571,Female,21,BTech,IT,8.32,2,3,5,1,7,53,1,0,,0.0,20.333333333333332,73.2,9,9
572,Male,23,BTech,Mechanical,7.36,3,1,3,10,9,68,2,1,Startup,6.81,29.0,58.60000000000001,6,6
573,Male,24,BCA,CS,6.72,0,0,5,2,1,91,4,0,,0.0,31.333333333333332,67.2,9,9
574,Female,20,BTech,IT,6.74,0,0,1,5,10,76,2,1,Service,11.25,30.333333333333332,67.4,3,3
575,Male,23,BCA,DS,6.5,3,0,4,6,5,56,3,0,,0.0,22.333333333333332,50.0,7,7
576,Female,24,BSc,Electrical,6.98,0,1,5,1,6,53,3,0,,0.0,20.0,69.80000000000001,9,9
577,Male,22,BTech,CS,9.25,3,1,2,5,6,70,5,1,Startup,10.69,27.0,77.5,8,8
578,Female,22,BCA,Mechanical,7.67,2,3,4,8,10,87,1,1,Startup,7.62,35.0,66.7,8,8
579,Female,21,BE,Mechanical,6.53,2,2,2,8,7,91,2,1,Startup,4.51,35.333333333333336,55.3,6,6
580,Female,24,BSc,Electrical,7.15,2,0,2,2,5,77,0,0,,0.0,28.0,61.5,2,2
581,Female,22,BCA,Electrical,5.96,1,1,3,9,5,94,4,0,,0.0,36.0,54.6,8,8
582,Male,22,BSc,DS,9.39,3,1,3,2,1,95,0,0,,0.0,32.666666666666664,78.9,4,4
583,Female,21,BE,CS,7.26,2,2,4,4,10,44,5,0,,0.0,19.333333333333332,62.599999999999994,11,11
584,Female,23,BE,DS,9.72,3,1,1,10,5,57,3,0,,0.0,24.0,82.2,5,5
585,Female,22,BCA,Mechanical,6.99,0,1,2,4,10,57,2,0,,0.0,23.666666666666668,69.9,5,5
586,Male,20,BCA,IT,9.1,2,1,3,4,1,54,1,0,,0.0,19.666666666666668,81.0,5,5
587,Female,20,BE,IT,6.6,1,0,1,7,10,90,2,1,Service,11.04,35.666666666666664,61.0,3,3
588,Male,23,BCA,AI,5.83,2,2,3,8,2,43,3,0,,0.0,17.666666666666668,48.3,8,8
589,Female,24,BE,Mechanical,5.64,1,3,2,8,1,77,0,0,,0.0,28.666666666666668,51.4,5,5
590,Male,21,BTech,Mechanical,8.11,0,2,0,4,8,92,2,0,,0.0,34.666666666666664,81.1,4,4
591,Male,20,BCA,DS,6.84,3,2,3,4,8,92,2,0,,0.0,34.666666666666664,53.400000000000006,7,7
592,Female,20,BSc,AI,7.41,0,3,1,6,8,80,5,1,Startup,10.3,31.333333333333332,74.1,9,9
593,Male,23,BE,Electrical,9.02,0,3,4,9,10,48,4,0,,0.0,22.333333333333332,90.19999999999999,11,11
594,Female,24,BTech,AI,6.57,0,1,4,5,10,98,1,1,Startup,13.95,37.666666666666664,65.7,6,6
595,Female,24,BCA,CS,6.83,0,1,2,2,1,99,1,0,,0.0,34.0,68.3,4,4
596,Female,23,BE,DS,9.13,0,1,5,9,4,58,4,0,,0.0,23.666666666666668,91.30000000000001,10,10
597,Male,20,BTech,Electrical,7.62,3,0,0,9,1,64,5,1,Product,14.82,24.666666666666668,61.2,5,5
598,Male,21,BCA,Electrical,9.06,1,0,3,1,4,88,4,0,,0.0,31.0,85.60000000000001,7,7
599,Female,20,BE,IT,7.11,0,2,5,9,7,59,3,0,,0.0,25.0,71.10000000000001,10,10
600,Female,24,BE,CS,7.21,2,0,3,7,10,53,0,0,,0.0,23.333333333333332,62.099999999999994,3,3
601,Male,20,BE,AI,6.22,1,0,0,1,7,98,4,0,,0.0,35.333333333333336,57.199999999999996,4,4
602,Female,21,BCA,IT,9.44,1,3,2,2,1,47,3,0,,0.0,16.666666666666668,89.39999999999999,8,8
603,Female,22,BTech,Mechanical,9.36,2,1,2,2,10,48,0,0,,0.0,20.0,83.6,3,3
604,Female,20,BE,DS,9.73,2,3,1,8,2,60,2,1,Startup,3.27,23.333333333333332,87.30000000000001,6,6
605,Male,23,BTech,AI,7.23,2,1,1,1,6,73,4,0,,0.0,26.666666666666668,62.30000000000001,6,6
606,Male,22,BTech,Mechanical,9.02,2,2,1,3,6,95,1,0,,0.0,34.666666666666664,80.19999999999999,4,4
607,Male,23,BSc,Electrical,7.28,2,3,2,1,1,79,1,0,,0.0,27.0,62.8,6,6
608,Female,23,BTech,AI,7.45,0,1,3,5,4,96,2,1,Product,6.66,35.0,74.5,6,6
609,Female,23,BTech,IT,9.07,1,3,4,4,9,93,2,0,,0.0,35.333333333333336,85.7,9,9
610,Female,20,BTech,CS,6.26,2,3,2,3,8,98,5,0,,0.0,36.333333333333336,52.599999999999994,10,10
611,Male,24,BTech,IT,6.45,2,1,0,8,4,80,2,0,,0.0,30.666666666666668,54.5,3,3
612,Female,22,BTech,DS,6.85,3,0,4,7,3,52,3,0,,0.0,20.666666666666668,53.5,7,7
613,Female,21,BCA,DS,8.89,1,3,2,4,8,65,5,0,,0.0,25.666666666666668,83.9,10,10
614,Female,24,BSc,AI,7.1,1,2,5,1,9,81,2,0,,0.0,30.333333333333332,66.0,9,9
615,Female,20,BE,IT,7.04,0,0,2,7,1,95,3,1,Startup,8.61,34.333333333333336,70.4,5,5
616,Male,23,BSc,CS,9.79,1,3,1,3,10,84,4,0,,0.0,32.333333333333336,92.89999999999999,8,8
617,Male,21,BSc,Electrical,7.15,2,2,3,5,8,98,4,1,Startup,10.11,37.0,61.5,9,9
618,Female,22,BE,DS,6.57,3,2,5,8,5,76,3,1,Service,13.14,29.666666666666668,50.7,10,10
619,Male,24,BTech,CS,8.18,1,1,3,9,3,69,5,1,Startup,6.45,27.0,76.8,9,9
620,Male,24,BE,Mechanical,8.95,3,0,4,10,10,86,0,1,Product,8.12,35.333333333333336,74.5,4,4
621,Female,21,BTech,AI,5.8,2,0,2,10,5,59,0,0,,0.0,24.666666666666668,48.0,2,2
622,Female,20,BE,CS,8.16,3,1,1,7,10,46,4,0,,0.0,21.0,66.6,6,6
623,Male,22,BCA,AI,5.65,1,3,5,6,4,93,4,0,,0.0,34.333333333333336,51.5,12,12
624,Female,21,BSc,Mechanical,7.76,1,3,0,5,1,83,0,1,Startup,10.11,29.666666666666668,72.6,3,3
625,Male,23,BTech,CS,6.61,0,2,2,5,8,59,0,0,,0.0,24.0,66.10000000000001,4,4
626,Female,22,BSc,CS,6.82,2,2,1,4,7,55,3,0,,0.0,22.0,58.2,6,6
627,Male,24,BTech,Electrical,7.51,0,2,0,7,4,41,0,0,,0.0,17.333333333333332,75.1,2,2
628,Female,21,BE,Mechanical,9.49,0,2,0,1,4,49,1,0,,0.0,18.0,94.9,3,3
629,Male,24,BE,IT,8.56,2,1,4,3,5,80,0,0,,0.0,29.333333333333332,75.60000000000001,5,5
630,Male,24,BE,CS,9.53,1,3,3,6,1,91,0,1,Startup,7.48,32.666666666666664,90.3,6,6
631,Male,24,BCA,Electrical,8.34,3,2,3,10,4,74,1,1,Product,13.1,29.333333333333332,68.4,6,6
632,Female,20,BE,CS,5.53,0,0,4,1,5,82,5,0,,0.0,29.333333333333332,55.300000000000004,9,9
633,Male,24,BE,Electrical,6.64,1,2,2,7,8,67,2,1,Product,9.95,27.333333333333332,61.39999999999999,6,6
634,Male,23,BCA,DS,9.39,1,2,5,2,1,49,5,0,,0.0,17.333333333333332,88.9,12,12
635,Female,23,BSc,IT,8.27,0,3,1,7,4,52,1,0,,0.0,21.0,82.69999999999999,5,5
636,Female,22,BSc,CS,9.72,0,2,5,4,10,61,5,0,,0.0,25.0,97.2,12,12
637,Male,24,BTech,Mechanical,6.17,0,1,5,9,10,73,4,0,,0.0,30.666666666666668,61.7,10,10
638,Male,24,BSc,AI,6.78,1,3,3,5,7,55,4,0,,0.0,22.333333333333332,62.8,10,10
639,Female,21,BTech,Mechanical,7.06,2,3,5,1,5,47,4,0,,0.0,17.666666666666668,60.599999999999994,12,12
640,Female,20,BTech,IT,6.9,2,2,4,4,1,96,2,0,,0.0,33.666666666666664,59.0,8,8
641,Female,22,BSc,DS,6.58,0,1,3,4,7,59,2,0,,0.0,23.333333333333332,65.8,6,6
642,Female,24,BSc,DS,7.41,3,3,3,4,1,49,4,0,,0.0,18.0,59.099999999999994,10,10
643,Female,21,BCA,DS,8.26,1,0,3,3,2,94,0,0,,0.0,33.0,77.6,3,3
644,Male,20,BTech,Electrical,6.84,3,2,2,3,8,68,3,0,,0.0,26.333333333333332,53.400000000000006,7,7
645,Female,22,BSc,Mechanical,5.84,0,3,4,10,9,88,5,0,,0.0,35.666666666666664,58.4,12,12
646,Male,22,BSc,AI,8.55,1,2,3,5,8,89,3,1,Startup,7.28,34.0,80.5,8,8
647,Male,24,BCA,AI,7.47,2,0,3,5,8,91,2,1,Product,3.26,34.666666666666664,64.7,5,5
648,Male,22,BSc,Electrical,7.89,2,2,4,2,6,92,5,0,,0.0,33.333333333333336,68.89999999999999,11,11
649,Female,21,BE,CS,7.46,3,2,0,10,7,81,2,1,Product,9.16,32.666666666666664,59.599999999999994,4,4
650,Male,22,BE,Electrical,9.33,0,1,5,10,4,69,3,1,Startup,11.93,27.666666666666668,93.3,9,9
651,Male,23,BTech,AI,7.9,3,1,2,9,5,99,0,1,Startup,10.07,37.666666666666664,64.0,3,3
652,Female,21,BCA,AI,9.47,0,0,2,3,2,99,0,0,,0.0,34.666666666666664,94.7,2,2
653,Male,20,BSc,CS,7.7,2,1,5,4,10,63,2,0,,0.0,25.666666666666668,67.0,8,8
654,Male,20,BTech,Mechanical,6.76,1,3,1,2,4,41,0,0,,0.0,15.666666666666666,62.599999999999994,4,4
655,Female,24,BSc,Mechanical,7.03,2,1,1,8,7,73,3,1,Startup,4.56,29.333333333333332,60.3,5,5
656,Male,24,BE,IT,7.75,3,3,5,7,4,81,2,1,Startup,14.78,30.666666666666668,62.5,10,10
657,Male,23,BSc,Mechanical,7.78,1,0,0,3,6,60,1,0,,0.0,23.0,72.8,1,1
658,Male,20,BSc,DS,8.46,0,0,1,5,8,73,2,1,Startup,6.73,28.666666666666668,84.60000000000001,3,3
659,Female,20,BSc,DS,6.47,2,2,3,1,5,71,4,0,,0.0,25.666666666666668,54.7,9,9
660,Female,20,BE,IT,8.33,0,3,3,6,8,69,0,1,Product,13.7,27.666666666666668,83.3,6,6
661,Female,20,BE,AI,8.85,2,2,5,10,4,53,0,0,,0.0,22.333333333333332,78.5,7,7
662,Male,22,BCA,IT,8.41,0,2,1,6,2,58,3,0,,0.0,22.0,84.1,6,6
663,Male,21,BE,CS,7.57,2,2,5,5,9,69,2,1,Service,4.42,27.666666666666668,65.7,9,9
664,Female,21,BTech,IT,9.76,2,3,2,9,2,97,3,1,Product,13.45,36.0,87.6,8,8
665,Male,23,BSc,IT,7.24,0,1,0,4,7,80,2,0,,0.0,30.333333333333332,72.4,3,3
666,Male,22,BE,Electrical,5.96,2,3,3,2,6,66,2,0,,0.0,24.666666666666668,49.6,8,8
667,Female,20,BTech,DS,9.03,2,1,0,7,2,55,1,0,,0.0,21.333333333333332,80.3,2,2
668,Female,20,BE,CS,6.41,2,3,1,5,3,64,0,0,,0.0,24.0,54.099999999999994,4,4
669,Male,24,BSc,Electrical,8.57,3,0,4,7,7,93,4,1,Product,9.76,35.666666666666664,70.7,8,8
670,Male,24,BTech,CS,6.27,2,0,5,7,6,64,5,0,,0.0,25.666666666666668,52.699999999999996,10,10
671,Male,23,BE,IT,5.57,0,1,5,7,6,63,4,0,,0.0,25.333333333333332,55.7,10,10
672,Female,20,BE,Electrical,6.19,0,2,0,3,7,99,0,0,,0.0,36.333333333333336,61.900000000000006,2,2
673,Female,23,BTech,Electrical,7.12,3,2,0,5,5,42,3,0,,0.0,17.333333333333332,56.2,5,5
674,Female,22,BCA,CS,5.96,2,2,1,1,1,63,4,0,,0.0,21.666666666666668,49.6,7,7
675,Female,21,BTech,CS,6.35,3,2,1,6,5,50,1,0,,0.0,20.333333333333332,48.5,4,4
676,Male,20,BTech,Mechanical,8.79,3,3,3,4,9,71,1,0,,0.0,28.0,72.89999999999999,7,7
677,Female,22,BTech,CS,8.81,2,0,4,2,2,62,5,0,,0.0,22.0,78.10000000000001,9,9
678,Female,20,BTech,Electrical,9.02,0,3,4,3,10,51,1,0,,0.0,21.333333333333332,90.19999999999999,8,8
679,Female,24,BE,AI,9.12,2,3,0,3,3,96,4,0,,0.0,34.0,81.19999999999999,7,7
680,Female,23,BTech,CS,7.31,3,3,4,1,2,78,1,0,,0.0,27.0,58.099999999999994,8,8
681,Female,24,BTech,DS,9.23,1,1,1,7,5,60,1,1,Service,14.53,24.0,87.30000000000001,3,3
682,Male,21,BSc,Mechanical,7.76,3,0,5,10,5,76,3,1,Startup,14.27,30.333333333333332,62.599999999999994,8,8
683,Male,24,BE,DS,7.52,0,1,1,3,5,91,0,0,,0.0,33.0,75.19999999999999,2,2
684,Female,20,BSc,DS,8.59,2,2,1,7,6,73,4,1,Service,9.93,28.666666666666668,75.9,7,7
685,Male,24,BE,AI,6.42,1,0,0,10,3,60,0,0,,0.0,24.333333333333332,59.2,0,0
686,Female,20,BCA,Mechanical,8.89,3,1,2,10,8,65,1,1,Startup,7.19,27.666666666666668,73.9,4,4
687,Female,21,BCA,IT,7.35,3,1,1,9,3,75,3,1,Service,7.11,29.0,58.5,5,5
688,Male,24,BE,Electrical,6.05,3,3,4,6,2,88,0,0,,0.0,32.0,45.5,7,7
689,Male,23,BCA,Electrical,6.01,2,1,4,8,9,89,2,0,,0.0,35.333333333333336,50.099999999999994,7,7
690,Female,23,BCA,CS,6.21,2,1,1,1,6,98,4,0,,0.0,35.0,52.1,6,6
691,Female,23,BE,Electrical,9.33,3,2,5,8,7,73,1,1,Startup,8.44,29.333333333333332,78.3,8,8
692,Female,24,BTech,AI,9.76,2,2,2,8,1,48,1,0,,0.0,19.0,87.6,5,5
693,Male,24,BSc,Electrical,7.03,1,1,0,3,3,57,2,0,,0.0,21.0,65.3,3,3
694,Female,24,BE,AI,6.76,1,1,1,6,7,83,1,1,Product,8.48,32.0,62.599999999999994,3,3
695,Female,20,BE,IT,6.44,0,1,0,6,8,81,0,0,,0.0,31.666666666666668,64.4,1,1
696,Female,21,BE,AI,9.04,2,3,2,7,2,78,1,1,Product,13.41,29.0,80.39999999999999,6,6
697,Male,23,BSc,IT,6.4,2,3,1,3,5,69,5,0,,0.0,25.666666666666668,54.0,9,9
698,Female,20,BE,IT,9.47,3,3,5,10,5,42,0,0,,0.0,19.0,79.7,8,8
699,Female,23,BSc,IT,8.37,1,2,1,1,9,89,0,0,,0.0,33.0,78.69999999999999,3,3
700,Male,20,BSc,AI,9.36,2,0,1,9,3,95,4,1,Startup,7.33,35.666666666666664,83.6,5,5
701,Female,24,BCA,IT,7.88,2,3,3,6,5,99,4,1,Startup,7.22,36.666666666666664,68.8,10,10
702,Female,23,BTech,AI,8.47,2,3,1,5,8,41,5,0,,0.0,18.0,74.7,9,9
703,Male,24,BCA,Mechanical,8.16,3,1,1,2,3,96,4,0,,0.0,33.666666666666664,66.6,6,6
704,Female,23,BE,IT,9.07,1,3,5,4,6,42,5,0,,0.0,17.333333333333332,85.7,13,13
705,Male,22,BE,AI,9.09,2,0,2,5,9,54,4,0,,0.0,22.666666666666668,80.9,6,6
706,Male,20,BSc,AI,8.04,2,2,2,10,10,80,2,1,Startup,6.47,33.333333333333336,70.39999999999999,6,6
707,Female,22,BCA,AI,8.22,3,3,3,4,4,42,2,0,,0.0,16.666666666666668,67.2,8,8
708,Female,20,BSc,CS,9.46,0,2,1,10,7,96,3,1,Service,9.65,37.666666666666664,94.60000000000001,6,6
709,Female,21,BCA,CS,9.5,3,3,4,4,8,77,0,0,,0.0,29.666666666666668,80.0,7,7
710,Female,23,BCA,IT,8.36,2,2,0,6,6,82,3,1,Service,12.44,31.333333333333332,73.6,5,5
711,Male,21,BCA,Electrical,5.53,1,2,5,4,1,73,2,0,,0.0,26.0,50.300000000000004,9,9
712,Female,21,BCA,Mechanical,5.95,1,3,1,9,6,56,5,0,,0.0,23.666666666666668,54.5,9,9
713,Male,20,BCA,Electrical,9.19,2,3,5,2,4,42,5,0,,0.0,16.0,81.89999999999999,13,13
714,Female,22,BTech,IT,5.86,0,2,3,5,3,46,3,0,,0.0,18.0,58.6,8,8
715,Female,24,BE,DS,6.42,3,0,4,3,3,70,0,0,,0.0,25.333333333333332,49.2,4,4
716,Female,20,BCA,DS,6.49,2,0,2,8,3,49,4,0,,0.0,20.0,54.900000000000006,6,6
717,Male,24,BCA,Mechanical,8.08,2,0,0,3,1,90,1,0,,0.0,31.333333333333332,70.8,1,1
718,Female,21,BSc,Mechanical,7.98,2,0,3,8,10,74,2,1,Service,4.89,30.666666666666668,69.80000000000001,5,5
719,Female,24,BE,Mechanical,6.74,3,3,2,8,10,67,5,1,Service,8.54,28.333333333333332,52.400000000000006,10,10
720,Female,22,BE,CS,6.39,1,1,1,2,1,94,0,0,,0.0,32.333333333333336,58.9,2,2
721,Female,20,BE,CS,8.79,3,2,3,10,2,94,1,1,Product,10.36,35.333333333333336,72.89999999999999,6,6
722,Male,22,BCA,DS,9.52,2,0,1,7,5,59,2,0,,0.0,23.666666666666668,85.19999999999999,3,3
723,Female,22,BSc,Mechanical,5.73,1,0,3,6,7,40,0,0,,0.0,17.666666666666668,52.300000000000004,3,3
724,Male,20,BE,AI,6.07,0,1,3,1,5,81,2,0,,0.0,29.0,60.7,6,6
725,Male,22,BSc,Electrical,8.26,2,1,1,2,3,52,0,0,,0.0,19.0,72.6,2,2
726,Male,23,BTech,DS,8.96,1,3,3,4,5,47,2,0,,0.0,18.666666666666668,84.60000000000001,8,8
727,Male,23,BTech,Mechanical,8.9,1,2,5,2,6,63,2,0,,0.0,23.666666666666668,84.0,9,9
728,Male,23,BSc,AI,8.59,1,2,2,5,4,61,5,1,Service,7.3,23.333333333333332,80.9,9,9
729,Male,24,BCA,Mechanical,9.32,2,1,5,3,4,66,4,0,,0.0,24.333333333333332,83.2,10,10
730,Female,22,BE,IT,6.43,0,1,5,6,1,86,0,0,,0.0,31.0,64.3,6,6
731,Male,20,BTech,AI,5.96,1,1,2,9,7,72,3,0,,0.0,29.333333333333332,54.6,6,6
732,Male,20,BTech,Electrical,8.15,2,3,0,10,8,99,1,1,Product,6.2,39.0,71.5,4,4
733,Male,24,BSc,IT,9.04,1,2,0,7,4,65,2,1,Startup,13.56,25.333333333333332,85.39999999999999,4,4
734,Female,20,BCA,CS,8.0,3,1,3,5,6,83,4,1,Product,3.36,31.333333333333332,65.0,8,8
735,Female,23,BSc,DS,9.64,1,0,2,1,6,42,5,0,,0.0,16.333333333333332,91.4,7,7
736,Male,22,BSc,Mechanical,8.92,2,2,5,1,1,99,3,0,,0.0,33.666666666666664,79.2,10,10
737,Female,20,BSc,DS,8.51,1,2,1,1,10,69,2,0,,0.0,26.666666666666668,80.1,5,5
738,Male,20,BSc,Electrical,5.76,1,0,3,3,4,99,0,0,,0.0,35.333333333333336,52.599999999999994,3,3
739,Male,21,BSc,Mechanical,5.96,3,0,5,7,6,77,1,0,,0.0,30.0,44.6,6,6
740,Female,21,BCA,IT,8.87,3,2,1,9,9,49,3,0,,0.0,22.333333333333332,73.69999999999999,6,6
741,Male,21,BSc,AI,6.35,2,2,4,6,4,45,1,0,,0.0,18.333333333333332,53.5,7,7
742,Female,22,BCA,AI,5.62,0,1,0,7,9,56,2,0,,0.0,24.0,56.2,3,3
743,Female,23,BE,Mechanical,9.42,0,3,3,3,4,98,4,0,,0.0,35.0,94.2,10,10
744,Male,23,BE,IT,9.33,0,3,3,8,7,46,5,0,,0.0,20.333333333333332,93.3,11,11
745,Male,23,BE,Mechanical,6.44,0,1,1,10,7,98,5,0,,0.0,38.333333333333336,64.4,7,7
746,Female,22,BE,Mechanical,8.85,2,0,0,6,8,53,3,0,,0.0,22.333333333333332,78.5,3,3
747,Male,22,BTech,Mechanical,5.71,2,0,1,3,7,73,2,0,,0.0,27.666666666666668,47.1,3,3
748,Male,21,BCA,AI,6.73,3,0,1,2,6,95,5,0,,0.0,34.333333333333336,52.30000000000001,6,6
749,Male,20,BE,Electrical,8.18,3,0,0,9,3,85,2,1,Service,13.5,32.333333333333336,66.8,2,2
750,Female,24,BTech,Mechanical,8.78,0,1,4,7,10,45,5,0,,0.0,20.666666666666668,87.8,10,10
751,Female,24,BCA,AI,5.54,3,2,2,10,7,72,1,0,,0.0,29.666666666666668,40.4,5,5
752,Male,20,BTech,CS,6.9,2,1,5,10,6,57,4,0,,0.0,24.333333333333332,59.0,10,10
753,Female,21,BTech,IT,6.42,0,0,2,9,10,45,3,0,,0.0,21.333333333333332,64.2,5,5
754,Female,20,BSc,CS,9.79,1,1,4,4,8,57,1,0,,0.0,23.0,92.89999999999999,6,6
755,Female,20,BTech,Mechanical,8.39,1,3,0,4,4,69,1,0,,0.0,25.666666666666668,78.9,4,4
756,Female,24,BTech,AI,7.24,1,3,3,6,7,43,2,0,,0.0,18.666666666666668,67.4,8,8
757,Female,21,BCA,IT,5.83,3,0,0,2,7,64,2,0,,0.0,24.333333333333332,43.3,2,2
758,Male,22,BTech,DS,8.07,0,1,5,10,3,85,2,1,Product,5.82,32.666666666666664,80.7,8,8
759,Male,24,BSc,IT,8.26,1,3,1,1,8,42,0,0,,0.0,17.0,77.6,4,4
760,Male,22,BE,IT,9.01,0,2,5,10,10,85,3,1,Product,9.6,35.0,90.1,10,10
761,Female,21,BE,Mechanical,6.74,2,0,0,3,2,44,3,0,,0.0,16.333333333333332,57.400000000000006,3,3
762,Female,20,BCA,CS,9.72,1,1,2,5,3,85,5,1,Startup,6.11,31.0,92.2,8,8
763,Male,23,BCA,CS,7.39,1,0,3,2,1,90,5,0,,0.0,31.0,68.89999999999999,8,8
764,Female,23,BTech,DS,6.77,1,3,5,9,2,79,4,1,Startup,9.41,30.0,62.69999999999999,12,12
765,Male,21,BCA,Mechanical,7.0,2,2,4,1,1,97,0,0,,0.0,33.0,60.0,6,6
766,Male,23,BTech,IT,7.73,0,3,0,3,6,44,4,0,,0.0,17.666666666666668,77.30000000000001,7,7
767,Male,22,BCA,Electrical,9.53,1,0,3,5,5,49,4,0,,0.0,19.666666666666668,90.3,7,7
768,Female,23,BE,CS,8.66,1,2,5,1,6,84,0,0,,0.0,30.333333333333332,81.6,7,7
769,Female,21,BE,CS,7.98,0,1,3,4,3,77,0,0,,0.0,28.0,79.80000000000001,4,4
770,Male,21,BE,AI,6.2,3,3,2,10,7,93,0,0,,0.0,36.666666666666664,47.0,5,5
771,Male,22,BE,IT,6.14,3,2,1,1,4,59,4,0,,0.0,21.333333333333332,46.4,7,7
772,Male,23,BTech,Mechanical,7.66,1,0,3,7,1,81,3,1,Startup,12.81,29.666666666666668,71.6,6,6
773,Male,23,BTech,CS,8.63,1,1,3,1,3,52,4,0,,0.0,18.666666666666668,81.30000000000001,8,8
774,Female,20,BTech,Mechanical,8.73,3,0,0,3,5,98,1,0,,0.0,35.333333333333336,72.30000000000001,1,1
775,Female,24,BE,IT,6.47,3,0,4,4,7,91,5,0,,0.0,34.0,49.7,9,9
776,Male,21,BSc,IT,5.93,1,1,0,4,9,81,2,0,,0.0,31.333333333333332,54.3,3,3
777,Male,20,BE,CS,7.15,0,2,2,7,5,40,3,0,,0.0,17.333333333333332,71.5,7,7
778,Female,21,BE,DS,9.45,3,2,3,5,1,93,1,1,Product,4.92,33.0,79.5,6,6
779,Female,20,BSc,Mechanical,7.85,1,1,1,8,5,69,3,1,Product,6.06,27.333333333333332,73.5,5,5
780,Male,24,BSc,Mechanical,6.88,2,1,3,3,1,75,1,0,,0.0,26.333333333333332,58.8,5,5
781,Male,20,BCA,AI,6.89,0,0,1,8,7,84,2,1,Service,11.29,33.0,68.89999999999999,3,3
782,Male,21,BE,IT,6.07,1,0,1,9,9,77,2,0,,0.0,31.666666666666668,55.7,3,3
783,Female,23,BSc,IT,7.53,2,3,5,9,6,47,3,0,,0.0,20.666666666666668,65.3,11,11
784,Female,21,BCA,CS,8.9,3,1,5,9,4,48,4,0,,0.0,20.333333333333332,74.0,10,10
785,Female,22,BSc,CS,9.66,2,3,1,1,6,80,1,0,,0.0,29.0,86.6,5,5
786,Male,22,BSc,CS,7.66,2,1,4,9,1,85,5,1,Service,10.67,31.666666666666668,66.6,10,10
787,Male,22,BCA,AI,6.22,2,3,0,8,4,72,2,0,,0.0,28.0,52.199999999999996,5,5
788,Female,22,BE,DS,8.44,3,0,5,2,6,76,1,0,,0.0,28.0,69.39999999999999,6,6
789,Female,24,BCA,CS,8.75,2,0,2,3,2,99,0,0,,0.0,34.666666666666664,77.5,2,2
790,Male,23,BE,CS,5.81,3,2,5,7,3,94,4,0,,0.0,34.666666666666664,43.099999999999994,11,11
791,Female,23,BSc,Electrical,9.16,1,3,4,3,4,88,4,0,,0.0,31.666666666666668,86.6,11,11
792,Female,21,BCA,CS,9.07,2,1,4,2,6,45,3,0,,0.0,17.666666666666668,80.7,8,8
793,Male,20,BTech,AI,7.53,0,3,1,4,3,56,1,0,,0.0,21.0,75.3,5,5
794,Female,21,BSc,Mechanical,7.91,1,0,4,9,1,93,1,1,Service,14.24,34.333333333333336,74.1,5,5
795,Male,21,BCA,DS,8.57,3,2,2,2,6,62,2,0,,0.0,23.333333333333332,70.7,6,6
796,Male,21,BSc,Mechanical,8.41,1,3,2,1,8,76,0,0,,0.0,28.333333333333332,79.1,5,5
797,Male,21,BCA,Electrical,5.57,2,0,3,10,8,41,5,0,,0.0,19.666666666666668,45.7,8,8
798,Male,23,BE,IT,6.03,3,1,4,7,4,57,5,0,,0.0,22.666666666666668,45.300000000000004,10,10
799,Male,20,BTech,IT,6.2,2,2,5,1,6,77,0,0,,0.0,28.0,52.0,7,7
800,Male,21,BSc,CS,8.75,1,0,3,6,1,67,1,1,Startup,12.42,24.666666666666668,82.5,4,4
801,Male,23,BTech,Electrical,7.39,0,1,5,5,6,53,2,0,,0.0,21.333333333333332,73.89999999999999,8,8
802,Female,21,BE,Mechanical,7.85,1,3,2,8,1,61,4,1,Service,14.04,23.333333333333332,73.5,9,9
803,Male,22,BCA,AI,8.82,1,1,4,3,4,40,3,0,,0.0,15.666666666666666,83.2,8,8
804,Male,21,BTech,DS,6.97,2,1,1,3,9,82,4,0,,0.0,31.333333333333332,59.7,6,6
805,Female,21,BCA,Mechanical,8.72,0,1,1,1,6,81,0,0,,0.0,29.333333333333332,87.2,2,2
806,Female,24,BE,Electrical,7.4,2,2,4,4,4,86,0,0,,0.0,31.333333333333332,64.0,6,6
807,Female,22,BSc,Electrical,7.12,2,0,5,10,10,80,1,1,Startup,10.04,33.333333333333336,61.2,6,6
808,Male,20,BE,Mechanical,6.93,2,0,3,10,4,78,0,1,Product,10.01,30.666666666666668,59.3,3,3
809,Female,21,BTech,DS,9.65,3,1,3,6,4,83,2,1,Product,3.33,31.0,81.5,6,6
810,Male,20,BTech,Mechanical,8.82,2,3,1,5,10,47,4,0,,0.0,20.666666666666668,78.2,8,8
811,Male,22,BTech,Mechanical,5.59,0,3,3,7,7,66,1,0,,0.0,26.666666666666668,55.9,7,7
812,Male,21,BCA,DS,9.62,2,0,1,10,9,49,2,0,,0.0,22.666666666666668,86.19999999999999,3,3
813,Male,24,BSc,AI,8.83,2,3,0,1,6,73,2,0,,0.0,26.666666666666668,78.3,5,5
814,Female,23,BTech,Electrical,6.14,0,1,1,3,7,93,3,0,,0.0,34.333333333333336,61.4,5,5
815,Female,24,BTech,DS,5.83,1,0,0,4,4,85,0,0,,0.0,31.0,53.3,0,0
816,Male,24,BTech,CS,6.83,2,0,4,6,5,80,0,1,Product,9.93,30.333333333333332,58.3,4,4
817,Male,23,BE,CS,8.18,1,3,0,4,9,72,2,0,,0.0,28.333333333333332,76.8,5,5
818,Male,23,BTech,CS,8.15,2,0,2,7,8,87,5,1,Startup,11.42,34.0,71.5,7,7
819,Female,23,BE,CS,6.69,2,2,5,10,10,98,1,1,Startup,13.14,39.333333333333336,56.900000000000006,8,8
820,Male,21,BTech,IT,7.42,3,1,3,10,2,76,5,1,Service,5.03,29.333333333333332,59.2,9,9
821,Male,20,BE,AI,6.41,0,2,0,3,8,47,2,0,,0.0,19.333333333333332,64.1,4,4
822,Female,20,BCA,IT,5.72,0,0,2,8,3,69,2,0,,0.0,26.666666666666668,57.199999999999996,4,4
823,Female,23,BCA,Mechanical,7.72,1,3,2,7,2,59,0,0,,0.0,22.666666666666668,72.2,5,5
824,Male,24,BE,Mechanical,6.99,3,2,3,3,2,40,4,0,,0.0,15.0,54.900000000000006,9,9
825,Female,22,BSc,DS,7.83,2,2,1,9,4,94,0,1,Service,11.9,35.666666666666664,68.3,3,3
826,Female,23,BSc,CS,9.57,3,2,2,10,1,88,3,1,Product,4.54,33.0,80.7,7,7
827,Male,24,BE,DS,6.12,0,3,5,5,5,46,3,0,,0.0,18.666666666666668,61.2,11,11
828,Female,24,BCA,Mechanical,5.51,2,3,0,2,7,97,1,0,,0.0,35.333333333333336,45.099999999999994,4,4
829,Male,21,BE,CS,5.83,2,0,3,9,2,50,4,0,,0.0,20.333333333333332,48.3,7,7
830,Female,21,BSc,Electrical,7.49,1,3,0,8,5,78,2,1,Product,3.49,30.333333333333332,69.9,5,5
831,Male,20,BE,AI,8.54,3,2,1,8,4,46,5,0,,0.0,19.333333333333332,70.39999999999999,8,8
832,Male,20,BCA,Mechanical,8.0,2,0,3,1,6,92,4,0,,0.0,33.0,70.0,7,7
833,Male,22,BSc,Electrical,7.63,0,3,2,4,1,75,0,0,,0.0,26.666666666666668,76.3,5,5
834,Female,22,BSc,DS,7.02,1,1,0,7,1,59,0,0,,0.0,22.333333333333332,65.19999999999999,1,1
835,Male,22,BTech,Electrical,6.83,0,3,5,6,2,72,2,1,Service,10.19,26.666666666666668,68.3,10,10
836,Female,22,BTech,DS,7.12,1,3,0,9,4,86,5,1,Product,5.49,33.0,66.2,8,8
837,Male,24,BSc,Mechanical,8.13,3,0,5,8,1,98,2,1,Startup,13.74,35.666666666666664,66.30000000000001,7,7
838,Male,24,BSc,IT,6.22,1,0,2,9,5,73,3,0,,0.0,29.0,57.199999999999996,5,5
839,Female,20,BE,AI,8.82,3,0,2,4,6,99,0,0,,0.0,36.333333333333336,73.2,2,2
840,Male,21,BCA,Electrical,7.97,3,1,1,8,10,62,5,1,Startup,6.48,26.666666666666668,64.7,7,7
841,Male,21,BSc,Electrical,6.66,2,1,1,6,4,95,0,1,Service,7.49,35.0,56.599999999999994,2,2
842,Female,23,BCA,Mechanical,7.65,3,3,2,9,7,63,3,1,Product,9.58,26.333333333333332,61.5,8,8
843,Male,24,BSc,Mechanical,9.64,1,3,3,10,5,48,1,0,,0.0,21.0,91.4,7,7
844,Male,22,BCA,DS,5.59,1,0,2,1,9,62,5,0,,0.0,24.0,50.9,7,7
845,Male,22,BTech,CS,6.36,2,0,2,6,9,85,1,0,,0.0,33.333333333333336,53.6,3,3
846,Male,23,BSc,CS,7.43,1,1,4,10,4,87,3,1,Product,6.55,33.666666666666664,69.3,8,8
847,Female,21,BE,CS,8.25,3,1,3,10,10,56,0,0,,0.0,25.333333333333332,67.5,4,4
848,Female,22,BCA,DS,6.41,1,0,3,2,6,95,0,0,,0.0,34.333333333333336,59.099999999999994,3,3
849,Male,21,BSc,CS,9.51,0,3,5,3,2,78,5,0,,0.0,27.666666666666668,95.1,13,13
850,Female,23,BTech,Mechanical,8.26,0,1,1,9,2,73,1,1,Startup,13.16,28.0,82.6,3,3
851,Male,21,BTech,IT,9.27,2,0,1,5,3,45,2,0,,0.0,17.666666666666668,82.69999999999999,3,3
852,Female,21,BTech,IT,6.92,3,0,1,5,10,42,2,0,,0.0,19.0,54.2,3,3
853,Male,21,BTech,IT,9.06,1,0,0,1,2,92,3,0,,0.0,31.666666666666668,85.60000000000001,3,3
854,Male,22,BSc,CS,7.13,2,1,3,10,9,77,2,1,Product,7.88,32.0,61.3,6,6
855,Male,20,BE,IT,6.59,2,3,4,2,4,77,1,0,,0.0,27.666666666666668,55.900000000000006,8,8
856,Male,24,BCA,Electrical,9.42,3,1,1,9,5,47,4,0,,0.0,20.333333333333332,79.2,6,6
857,Male,21,BE,CS,5.9,2,3,1,7,2,79,3,0,,0.0,29.333333333333332,49.0,7,7
858,Male,21,BCA,Electrical,9.55,0,1,1,4,8,48,0,0,,0.0,20.0,95.5,2,2
859,Female,21,BE,Mechanical,7.47,2,0,1,7,8,54,4,0,,0.0,23.0,64.7,5,5
860,Male,20,BSc,Electrical,9.77,1,0,1,10,7,69,1,1,Startup,13.46,28.666666666666668,92.69999999999999,2,2
861,Female,23,BSc,Mechanical,7.82,0,2,0,2,7,88,0,0,,0.0,32.333333333333336,78.2,2,2
862,Male,22,BCA,DS,8.76,0,0,4,5,7,43,2,0,,0.0,18.333333333333332,87.6,6,6
863,Female,20,BSc,DS,5.53,0,3,3,9,8,68,3,0,,0.0,28.333333333333332,55.300000000000004,9,9
864,Female,21,BCA,Electrical,7.64,1,0,4,2,4,97,2,0,,0.0,34.333333333333336,71.39999999999999,6,6
865,Female,20,BE,AI,8.67,3,2,2,3,6,72,3,0,,0.0,27.0,71.7,7,7
866,Male,20,BSc,Mechanical,8.87,2,0,5,5,8,45,1,0,,0.0,19.333333333333332,78.69999999999999,6,6
867,Male,20,BSc,CS,6.18,2,0,3,5,8,68,5,0,,0.0,27.0,51.8,8,8
868,Female,23,BCA,AI,7.3,0,1,1,8,4,58,5,0,,0.0,23.333333333333332,73.0,7,7
869,Male,24,BCA,Mechanical,7.3,0,3,2,7,1,76,1,1,Startup,11.58,28.0,73.0,6,6
870,Female,22,BCA,CS,5.95,2,2,5,3,2,66,0,0,,0.0,23.666666666666668,49.5,7,7
871,Male,23,BCA,Mechanical,7.41,1,1,2,5,4,50,3,0,,0.0,19.666666666666668,69.1,6,6
872,Female,23,BTech,Mechanical,8.97,0,2,2,8,9,81,4,1,Startup,5.21,32.666666666666664,89.7,8,8
873,Female,24,BCA,CS,6.79,0,0,2,5,3,48,2,0,,0.0,18.666666666666668,67.9,4,4
874,Male,23,BTech,Mechanical,7.36,1,2,1,2,5,55,3,0,,0.0,20.666666666666668,68.60000000000001,6,6
875,Female,20,BE,Mechanical,9.63,3,1,5,10,1,90,4,1,Startup,14.99,33.666666666666664,81.30000000000001,10,10
876,Male,20,BCA,Mechanical,5.64,0,0,2,2,5,57,2,0,,0.0,21.333333333333332,56.4,4,4
877,Female,21,BTech,DS,8.04,3,1,4,1,1,95,1,0,,0.0,32.333333333333336,65.39999999999999,6,6
878,Female,23,BTech,IT,8.7,1,3,1,6,6,52,1,0,,0.0,21.333333333333332,82.0,5,5
879,Male,21,BTech,Mechanical,8.77,2,3,2,1,1,46,0,0,,0.0,16.0,77.69999999999999,5,5
880,Male,22,BSc,CS,8.58,2,3,2,8,2,56,1,0,,0.0,22.0,75.8,6,6
881,Male,20,BTech,Electrical,8.62,3,2,4,1,9,48,1,0,,0.0,19.333333333333332,71.19999999999999,7,7
882,Female,22,BCA,Mechanical,5.75,0,3,5,8,3,71,1,0,,0.0,27.333333333333332,57.5,9,9
883,Male,24,BCA,DS,7.8,2,2,0,6,9,65,3,1,Startup,7.64,26.666666666666668,68.0,5,5
884,Female,20,BCA,DS,8.87,1,2,0,9,4,81,0,1,Service,7.63,31.333333333333332,83.69999999999999,2,2
885,Female,22,BTech,Electrical,5.9,0,1,4,3,5,91,3,0,,0.0,33.0,59.0,8,8
886,Male,24,BTech,Mechanical,5.55,3,0,5,7,7,61,4,0,,0.0,25.0,40.5,9,9
887,Male,22,BSc,AI,9.0,3,0,0,2,4,84,5,0,,0.0,30.0,75.0,5,5
888,Female,24,BE,Electrical,8.56,3,1,3,5,10,67,1,1,Product,6.94,27.333333333333332,70.60000000000001,5,5
889,Female,24,BSc,IT,7.27,3,3,5,1,10,94,4,0,,0.0,35.0,57.69999999999999,12,12
890,Male,20,BCA,CS,9.54,1,1,3,5,6,95,4,1,Product,14.59,35.333333333333336,90.39999999999999,8,8
891,Male,21,BCA,CS,8.8,2,1,5,8,9,55,3,0,,0.0,24.0,78.0,9,9
892,Male,24,BCA,CS,9.66,3,0,3,10,8,75,1,1,Startup,6.22,31.0,81.6,4,4
893,Male,24,BSc,CS,9.5,2,2,0,3,1,64,3,0,,0.0,22.666666666666668,85.0,5,5
894,Male,20,BCA,DS,7.57,2,1,3,6,6,67,2,1,Service,3.75,26.333333333333332,65.7,6,6
895,Female,21,BCA,IT,8.75,3,1,3,4,9,68,2,0,,0.0,27.0,72.5,6,6
896,Female,23,BCA,Mechanical,8.38,0,2,0,8,3,81,5,1,Startup,7.39,30.666666666666668,83.80000000000001,7,7
897,Female,23,BTech,Mechanical,8.99,3,0,4,2,3,40,1,0,,0.0,15.0,74.9,5,5
898,Female,21,BE,AI,8.89,1,3,5,5,10,70,5,1,Product,5.9,28.333333333333332,83.9,13,13
899,Male,22,BTech,Mechanical,6.16,0,1,1,6,5,69,5,0,,0.0,26.666666666666668,61.6,7,7
900,Male,20,BTech,IT,6.51,3,3,3,8,9,79,4,1,Product,13.28,32.0,50.099999999999994,10,10
901,Male,21,BE,Mechanical,6.64,2,3,5,2,3,64,3,0,,0.0,23.0,56.39999999999999,11,11
902,Female,23,BE,DS,9.02,2,1,0,9,5,91,4,1,Product,5.84,35.0,80.19999999999999,5,5
903,Female,24,BSc,Electrical,8.99,0,3,1,7,5,92,5,1,Startup,11.54,34.666666666666664,89.9,9,9
904,Male,23,BE,Mechanical,7.63,1,1,1,10,8,57,5,0,,0.0,25.0,71.3,7,7
905,Male,24,BSc,CS,8.0,2,2,5,4,2,76,2,0,,0.0,27.333333333333332,70.0,9,9
906,Female,20,BSc,CS,9.06,1,2,2,10,8,82,3,1,Product,3.13,33.333333333333336,85.60000000000001,7,7
907,Female,24,BTech,Electrical,6.84,2,2,1,2,1,90,3,0,,0.0,31.0,58.400000000000006,6,6
908,Male,21,BCA,CS,5.72,0,2,3,8,5,48,3,0,,0.0,20.333333333333332,57.199999999999996,8,8
909,Male,24,BTech,CS,7.58,3,0,4,2,3,54,1,0,,0.0,19.666666666666668,60.8,5,5
910,Female,22,BTech,DS,9.43,2,2,5,2,5,68,1,0,,0.0,25.0,84.3,8,8
911,Male,21,BE,DS,8.9,0,1,3,9,9,76,1,1,Startup,7.19,31.333333333333332,89.0,5,5
912,Male,20,BE,DS,7.08,0,1,2,4,1,44,3,0,,0.0,16.333333333333332,70.8,6,6
913,Male,21,BSc,Mechanical,5.78,3,1,1,7,6,94,4,0,,0.0,35.666666666666664,42.800000000000004,6,6
914,Female,22,BSc,Electrical,8.24,3,3,5,10,10,83,0,1,Product,12.51,34.333333333333336,67.4,8,8
915,Female,20,BSc,CS,9.09,0,1,2,4,6,48,4,0,,0.0,19.333333333333332,90.9,7,7
916,Female,23,BE,AI,8.36,2,0,3,5,7,76,5,1,Product,14.55,29.333333333333332,73.6,8,8
917,Female,22,BSc,Electrical,7.33,1,0,3,1,10,49,2,0,,0.0,20.0,68.3,5,5
918,Female,20,BSc,AI,6.03,1,0,3,10,10,64,5,0,,0.0,28.0,55.300000000000004,8,8
919,Female,24,BE,CS,9.42,3,0,4,1,5,94,5,0,,0.0,33.333333333333336,79.2,9,9
920,Female,21,BCA,IT,6.69,2,0,3,10,7,77,2,1,Startup,11.69,31.333333333333332,56.900000000000006,5,5
921,Male,20,BTech,Electrical,6.46,0,0,3,10,2,49,1,0,,0.0,20.333333333333332,64.6,4,4
922,Male,21,BE,Mechanical,9.01,1,2,1,3,2,77,0,0,,0.0,27.333333333333332,85.1,3,3
923,Male,24,BSc,AI,9.72,1,0,5,6,10,59,1,0,,0.0,25.0,92.2,6,6
924,Male,20,BTech,Electrical,8.34,2,3,5,1,8,81,4,0,,0.0,30.0,73.4,12,12
925,Male,23,BE,Electrical,8.19,0,0,5,4,6,48,1,0,,0.0,19.333333333333332,81.89999999999999,6,6
926,Male,22,BTech,DS,6.87,3,1,4,9,5,96,2,1,Service,3.45,36.666666666666664,53.7,7,7
927,Male,20,BTech,IT,5.59,1,1,5,2,3,42,5,0,,0.0,15.666666666666666,50.9,11,11
928,Female,24,BCA,DS,6.32,2,3,1,2,4,82,2,0,,0.0,29.333333333333332,53.2,6,6
929,Female,20,BSc,IT,8.01,3,0,2,2,8,50,1,0,,0.0,20.0,65.1,3,3
930,Male,21,BE,IT,6.15,2,2,0,10,10,43,4,0,,0.0,21.0,51.5,6,6
931,Male,20,BSc,Mechanical,9.3,0,2,5,10,7,88,5,1,Startup,10.89,35.0,93.0,12,12
932,Female,23,BCA,Electrical,6.31,2,2,1,7,9,67,3,0,,0.0,27.666666666666668,53.099999999999994,6,6
933,Male,20,BCA,DS,7.75,3,2,5,7,3,80,4,1,Startup,5.57,30.0,62.5,11,11
934,Male,22,BE,DS,7.7,0,0,4,6,6,77,1,1,Product,7.2,29.666666666666668,77.0,5,5
935,Female,20,BE,AI,8.1,1,3,1,2,7,50,4,0,,0.0,19.666666666666668,76.0,8,8
936,Male,21,BCA,Electrical,6.91,3,2,0,5,2,90,2,1,Service,11.14,32.333333333333336,54.099999999999994,4,4
937,Female,20,BE,CS,9.26,2,0,1,6,4,71,0,1,Product,5.08,27.0,82.6,1,1
938,Male,23,BTech,CS,7.41,1,0,5,6,1,57,2,0,,0.0,21.333333333333332,69.1,7,7
939,Female,24,BTech,AI,8.51,0,0,5,10,4,79,2,1,Product,3.15,31.0,85.1,7,7
940,Female,20,BCA,IT,8.23,3,0,0,6,2,93,3,1,Startup,4.35,33.666666666666664,67.30000000000001,3,3
941,Female,20,BSc,AI,6.0,0,0,4,6,7,85,1,0,,0.0,32.666666666666664,60.0,5,5
942,Male,22,BE,AI,8.18,0,1,1,1,1,58,3,0,,0.0,20.0,81.8,5,5
943,Female,23,BE,DS,7.87,2,0,4,4,6,55,3,0,,0.0,21.666666666666668,68.7,7,7
944,Male,24,BTech,AI,9.36,2,0,4,1,3,42,1,0,,0.0,15.333333333333334,83.6,5,5
945,Male,21,BE,IT,9.29,2,0,2,3,8,52,4,0,,0.0,21.0,82.89999999999999,6,6
946,Male,20,BSc,CS,6.15,1,1,2,2,8,95,5,0,,0.0,35.0,56.5,8,8
947,Male,24,BE,Mechanical,5.85,1,1,1,2,7,88,0,0,,0.0,32.333333333333336,53.5,2,2
948,Female,21,BE,Electrical,6.77,2,3,1,6,7,90,3,1,Startup,4.08,34.333333333333336,57.69999999999999,7,7
949,Female,23,BTech,AI,9.74,1,3,5,1,1,76,3,0,,0.0,26.0,92.4,11,11
950,Male,23,BE,Electrical,5.59,3,0,5,4,9,92,4,0,,0.0,35.0,40.9,9,9
951,Male,24,BCA,AI,8.39,0,2,4,9,3,87,1,1,Startup,6.75,33.0,83.9,7,7
952,Female,21,BCA,Electrical,8.12,2,0,2,3,8,69,2,0,,0.0,26.666666666666668,71.19999999999999,4,4
953,Male,23,BSc,DS,8.28,0,3,1,8,2,53,4,0,,0.0,21.0,82.8,8,8
954,Female,24,BSc,DS,6.44,0,2,1,9,1,95,2,0,,0.0,35.0,64.4,5,5
955,Male,23,BSc,Electrical,6.47,0,2,1,2,1,93,0,0,,0.0,32.0,64.7,3,3
956,Male,23,BSc,AI,7.35,3,3,2,5,8,90,5,1,Product,5.95,34.333333333333336,58.5,10,10
957,Female,23,BTech,AI,5.91,3,0,1,6,9,91,3,0,,0.0,35.333333333333336,44.1,4,4
958,Male,22,BE,IT,5.82,1,3,4,5,3,75,0,0,,0.0,27.666666666666668,53.2,7,7
959,Female,21,BTech,CS,5.88,0,2,1,6,7,45,2,0,,0.0,19.333333333333332,58.8,5,5
960,Male,24,BSc,CS,7.96,1,1,3,5,2,71,2,1,Startup,13.92,26.0,74.6,6,6
961,Male,24,BE,Mechanical,7.21,0,0,5,7,8,80,2,1,Startup,3.75,31.666666666666668,72.1,7,7
962,Male,21,BCA,CS,6.76,2,3,0,5,3,79,3,1,Startup,7.7,29.0,57.599999999999994,6,6
963,Female,21,BTech,Mechanical,6.86,0,3,4,5,10,71,1,1,Product,6.45,28.666666666666668,68.60000000000001,8,8
964,Male,21,BE,DS,6.39,0,3,1,7,10,51,1,0,,0.0,22.666666666666668,63.9,5,5
965,Male,21,BCA,Mechanical,7.27,3,1,3,3,5,82,5,0,,0.0,30.0,57.69999999999999,9,9
966,Male,20,BCA,Mechanical,6.37,2,1,2,10,7,78,5,0,,0.0,31.666666666666668,53.7,8,8
967,Male,24,BSc,CS,8.5,1,0,4,7,9,64,3,1,Service,14.53,26.666666666666668,80.0,7,7
968,Female,20,BCA,AI,6.03,2,0,4,8,1,64,1,0,,0.0,24.333333333333332,50.300000000000004,5,5
969,Female,23,BCA,DS,9.58,3,0,1,5,5,93,1,1,Service,5.61,34.333333333333336,80.8,2,2
970,Male,23,BSc,IT,5.89,3,3,2,4,1,96,5,0,,0.0,33.666666666666664,43.9,10,10
971,Female,24,BE,Mechanical,9.56,0,1,1,2,2,47,3,0,,0.0,17.0,95.60000000000001,5,5
972,Male,23,BE,Mechanical,9.08,3,0,3,5,10,81,1,1,Startup,3.77,32.0,75.8,4,4
973,Male,21,BSc,Electrical,8.43,3,1,0,6,4,74,5,1,Product,7.23,28.0,69.3,6,6
974,Male,20,BTech,Mechanical,9.42,0,2,5,9,10,45,5,0,,0.0,21.333333333333332,94.2,12,12
975,Female,21,BSc,AI,6.1,3,0,5,6,3,82,1,0,,0.0,30.333333333333332,46.0,6,6
976,Female,23,BE,IT,6.26,3,1,2,6,10,43,4,0,,0.0,19.666666666666668,47.599999999999994,7,7
977,Female,20,BTech,Electrical,6.58,1,0,0,6,5,83,5,1,Service,6.26,31.333333333333332,60.8,5,5
978,Female,21,BSc,CS,6.55,0,1,3,8,6,74,0,1,Startup,13.78,29.333333333333332,65.5,4,4
979,Female,24,BE,DS,6.84,0,1,4,6,1,65,0,1,Startup,6.53,24.0,68.4,5,5
980,Female,21,BE,AI,7.98,1,3,3,1,9,70,0,0,,0.0,26.666666666666668,74.80000000000001,6,6
981,Female,23,BE,IT,5.62,1,2,5,1,10,60,4,0,,0.0,23.666666666666668,51.2,11,11
982,Female,20,BCA,DS,7.14,1,0,0,10,2,63,0,1,Product,15.0,25.0,66.39999999999999,0,0
983,Female,24,BCA,CS,6.56,1,1,2,2,8,94,2,0,,0.0,34.666666666666664,60.599999999999994,5,5
984,Male,20,BTech,DS,8.11,0,0,1,1,9,49,0,0,,0.0,19.666666666666668,81.1,1,1
985,Female,24,BTech,Electrical,9.74,1,1,0,3,1,46,3,0,,0.0,16.666666666666668,92.4,4,4
986,Female,20,BTech,Mechanical,7.73,1,2,2,3,2,65,0,0,,0.0,23.333333333333332,72.30000000000001,4,4
987,Female,23,BCA,Mechanical,7.33,3,1,0,4,3,67,2,0,,0.0,24.666666666666668,58.3,3,3
988,Female,24,BTech,AI,7.08,0,1,5,6,9,41,0,0,,0.0,18.666666666666668,70.8,6,6
989,Female,22,BE,DS,8.88,1,0,4,10,3,99,1,1,Service,11.92,37.333333333333336,83.80000000000001,5,5
990,Female,20,BE,Mechanical,5.81,3,2,5,7,6,83,2,0,,0.0,32.0,43.099999999999994,9,9
991,Female,20,BTech,AI,9.63,0,1,4,9,9,53,3,0,,0.0,23.666666666666668,96.30000000000001,8,8
992,Female,21,BTech,AI,7.3,1,0,1,8,7,46,1,0,,0.0,20.333333333333332,68.0,2,2
993,Female,24,BCA,Electrical,6.85,1,1,4,6,10,56,1,0,,0.0,24.0,63.5,6,6
994,Female,22,BE,AI,9.69,3,0,3,9,6,54,4,0,,0.0,23.0,81.89999999999999,7,7
995,Female,23,BSc,CS,9.52,2,2,5,4,2,61,1,0,,0.0,22.333333333333332,85.19999999999999,8,8
996,Male,21,BSc,Mechanical,8.26,0,3,5,6,6,71,0,1,Service,14.6,27.666666666666668,82.6,8,8
997,Male,22,BCA,Mechanical,5.58,3,2,5,7,10,65,1,0,,0.0,27.333333333333332,40.8,8,8
998,Female,24,BCA,IT,8.72,1,0,1,2,1,62,1,0,,0.0,21.666666666666668,82.2,2,2
999,Female,22,BCA,CS,6.94,2,2,5,1,7,65,4,0,,0.0,24.333333333333332,59.400000000000006,11,11
1000,Male,20,BE,Mechanical,7.17,2,0,0,10,6,89,0,1,Product,10.68,35.0,61.7,0,0
1001,Female,20,BTech,Electrical,6.18,3,0,5,8,8,95,0,0,,0.0,37.0,46.8,5,5
1002,Male,21,BTech,Mechanical,7.75,3,2,3,8,2,63,1,1,Product,11.41,24.333333333333332,62.5,6,6
1003,Male,24,BCA,IT,8.7,3,3,2,7,1,61,3,1,Service,13.13,23.0,72.0,8,8
1004,Male,24,BE,DS,6.67,0,2,0,9,9,94,3,1,Startup,7.74,37.333333333333336,66.7,5,5
1005,Male,22,BSc,DS,9.54,2,0,5,9,9,66,0,1,Product,8.06,28.0,85.39999999999999,5,5
1006,Male,21,BCA,CS,6.34,0,3,5,3,10,60,3,0,,0.0,24.333333333333332,63.4,11,11
1007,Female,24,BE,AI,5.78,2,0,5,1,7,76,0,0,,0.0,28.0,47.800000000000004,5,5
1008,Male,20,BCA,IT,8.27,0,3,4,9,1,82,0,1,Product,7.82,30.666666666666668,82.69999999999999,7,7
1009,Female,22,BE,IT,9.15,3,2,0,1,2,47,2,0,,0.0,16.666666666666668,76.5,4,4
1010,Female,23,BE,Mechanical,9.6,1,2,4,1,9,53,0,0,,0.0,21.0,91.0,6,6
1011,Male,20,BCA,Electrical,8.8,3,0,3,5,5,41,2,0,,0.0,17.0,73.0,5,5
1012,Male,21,BTech,Mechanical,6.36,0,3,5,2,2,91,1,0,,0.0,31.666666666666668,63.6,9,9
1013,Female,24,BCA,Electrical,9.7,3,0,3,2,5,46,4,0,,0.0,17.666666666666668,82.0,7,7
1014,Male,20,BTech,IT,9.45,2,3,3,5,1,66,5,1,Startup,5.65,24.0,84.5,11,11
1015,Male,23,BTech,AI,6.2,0,0,5,7,10,47,0,0,,0.0,21.333333333333332,62.0,5,5
1016,Female,23,BSc,DS,7.9,3,2,1,6,5,43,1,0,,0.0,18.0,64.0,4,4
1017,Female,21,BE,CS,7.89,3,1,4,5,7,98,0,1,Product,11.43,36.666666666666664,63.89999999999999,5,5
1018,Male,20,BCA,Electrical,7.4,1,0,0,3,8,49,0,0,,0.0,20.0,69.0,0,0
1019,Female,22,BE,DS,9.73,1,1,5,9,3,85,5,1,Service,10.83,32.333333333333336,92.30000000000001,11,11
1020,Male,20,BSc,CS,5.76,3,2,0,8,4,93,4,0,,0.0,35.0,42.599999999999994,6,6
1021,Male,23,BTech,AI,8.2,2,1,0,3,2,86,2,0,,0.0,30.333333333333332,72.0,3,3
1022,Male,21,BCA,IT,6.38,2,3,1,7,1,49,5,0,,0.0,19.0,53.8,9,9
1023,Female,21,BE,AI,7.77,2,1,1,3,10,55,0,0,,0.0,22.666666666666668,67.69999999999999,2,2
1024,Female,22,BSc,Electrical,8.85,3,0,4,6,8,42,0,0,,0.0,18.666666666666668,73.5,4,4
1025,Female,21,BTech,IT,6.56,1,1,1,3,7,62,2,0,,0.0,24.0,60.599999999999994,4,4
1026,Female,21,BTech,Mechanical,7.19,3,3,5,8,8,41,3,0,,0.0,19.0,56.900000000000006,11,11
1027,Female,21,BE,CS,9.59,1,2,3,3,5,40,4,0,,0.0,16.0,90.9,9,9
1028,Male,21,BTech,Mechanical,8.77,2,3,0,5,5,50,4,0,,0.0,20.0,77.69999999999999,7,7
1029,Male,21,BSc,IT,7.96,1,0,3,3,1,87,0,0,,0.0,30.333333333333332,74.6,3,3
1030,Male,23,BTech,CS,6.45,3,3,1,8,9,97,5,0,,0.0,38.0,49.5,9,9
1031,Male,20,BCA,CS,7.33,3,1,0,10,3,83,4,1,Service,7.96,32.0,58.3,5,5
1032,Female,24,BCA,Mechanical,8.83,3,1,2,9,1,76,5,1,Startup,11.28,28.666666666666668,73.3,8,8
1033,Male,21,BE,CS,9.03,1,3,3,6,4,97,3,1,Service,8.5,35.666666666666664,85.3,9,9
1034,Female,24,BSc,IT,6.55,2,1,2,10,4,59,0,0,,0.0,24.333333333333332,55.5,3,3
1035,Male,24,BTech,Electrical,8.35,3,1,4,4,8,99,2,0,,0.0,37.0,68.5,7,7
1036,Female,23,BTech,Electrical,5.91,3,0,5,10,10,60,2,0,,0.0,26.666666666666668,44.1,7,7
1037,Female,21,BTech,IT,5.6,1,0,3,4,10,69,0,0,,0.0,27.666666666666668,51.0,3,3
1038,Male,24,BCA,Mechanical,7.86,2,0,0,5,5,64,2,1,Product,4.2,24.666666666666668,68.60000000000001,2,2
1039,Male,21,BSc,AI,6.46,1,2,0,3,10,86,2,0,,0.0,33.0,59.599999999999994,4,4
1040,Male,22,BTech,IT,5.84,0,2,5,4,5,56,0,0,,0.0,21.666666666666668,58.4,7,7
1041,Male,22,BE,Electrical,8.64,0,0,2,4,1,79,1,0,,0.0,28.0,86.4,3,3
1042,Female,22,BSc,IT,7.64,3,3,0,1,4,90,5,0,,0.0,31.666666666666668,61.39999999999999,8,8
1043,Male,24,BSc,CS,8.92,1,3,5,1,8,62,5,0,,0.0,23.666666666666668,84.2,13,13
1044,Male,22,BTech,CS,8.35,1,3,3,9,8,58,4,0,,0.0,25.0,78.5,10,10
1045,Female,23,BCA,IT,8.64,3,0,1,3,4,83,4,0,,0.0,30.0,71.4,5,5
1046,Male,23,BSc,Mechanical,6.82,0,2,1,5,3,60,1,1,Service,9.89,22.666666666666668,68.2,4,4
1047,Male,24,BE,AI,6.63,2,1,5,2,4,46,2,0,,0.0,17.333333333333332,56.3,8,8
1048,Male,21,BSc,CS,8.08,2,3,0,1,6,45,4,0,,0.0,17.333333333333332,70.8,7,7
1049,Male,20,BCA,Electrical,6.36,0,0,4,7,3,41,3,0,,0.0,17.0,63.6,7,7
1050,Male,21,BE,CS,9.01,3,0,3,10,3,42,5,0,,0.0,18.333333333333332,75.1,8,8
1051,Female,21,BCA,Electrical,7.75,3,1,4,9,9,80,1,1,Service,5.28,32.666666666666664,62.5,6,6
1052,Male,21,BTech,AI,6.48,2,2,2,4,3,99,2,0,,0.0,35.333333333333336,54.80000000000001,6,6
1053,Male,21,BSc,CS,8.19,2,2,5,4,1,50,3,0,,0.0,18.333333333333332,71.89999999999999,10,10
1054,Male,20,BE,Mechanical,9.56,0,0,0,3,3,99,5,0,,0.0,35.0,95.60000000000001,5,5
1055,Male,22,BCA,Electrical,5.85,0,1,5,3,8,61,1,0,,0.0,24.0,58.5,7,7
1056,Male,21,BTech,CS,5.97,1,2,2,2,9,89,2,0,,0.0,33.333333333333336,54.699999999999996,6,6
1057,Female,23,BE,CS,9.13,0,1,4,3,4,98,0,0,,0.0,35.0,91.30000000000001,5,5
1058,Male,24,BSc,IT,5.97,0,1,3,5,6,87,5,0,,0.0,32.666666666666664,59.699999999999996,9,9
1059,Female,24,BSc,Mechanical,5.67,2,0,4,8,10,92,2,0,,0.0,36.666666666666664,46.7,6,6
1060,Female,23,BCA,Mechanical,7.0,2,1,1,8,8,81,3,1,Product,8.97,32.333333333333336,60.0,5,5
1061,Male,21,BE,IT,7.51,1,1,4,5,7,87,4,1,Startup,8.95,33.0,70.1,9,9
1062,Male,20,BTech,Electrical,7.95,2,1,4,1,8,48,5,0,,0.0,19.0,69.5,10,10
1063,Male,22,BTech,DS,7.68,2,3,4,10,3,59,1,0,,0.0,24.0,66.8,8,8
1064,Male,24,BTech,AI,9.43,2,1,4,2,4,41,5,0,,0.0,15.666666666666666,84.3,10,10
1065,Female,22,BCA,Mechanical,8.81,0,1,3,8,1,89,5,1,Startup,5.0,32.666666666666664,88.10000000000001,9,9
1066,Male,20,BTech,DS,9.73,2,0,0,10,4,55,5,0,,0.0,23.0,87.30000000000001,5,5
1067,Male,24,BE,Electrical,7.55,3,2,3,9,5,65,0,1,Product,7.72,26.333333333333332,60.5,5,5
1068,Male,22,BCA,AI,5.86,0,2,5,7,2,91,1,0,,0.0,33.333333333333336,58.6,8,8
1069,Male,20,BSc,Mechanical,9.61,2,1,2,9,1,62,2,1,Service,10.37,24.0,86.1,5,5
1070,Male,22,BCA,CS,5.52,0,0,1,9,5,53,5,0,,0.0,22.333333333333332,55.199999999999996,6,6
1071,Male,21,BCA,Mechanical,8.84,2,0,0,6,8,60,0,1,Startup,7.12,24.666666666666668,78.4,0,0
1072,Female,20,BCA,AI,5.63,1,1,5,6,8,62,4,0,,0.0,25.333333333333332,51.3,10,10
1073,Female,22,BE,DS,8.77,1,1,5,7,9,51,1,0,,0.0,22.333333333333332,82.69999999999999,7,7
1074,Male,21,BSc,CS,9.53,1,2,1,1,8,43,1,0,,0.0,17.333333333333332,90.3,4,4
1075,Male,21,BSc,AI,7.17,2,2,1,9,7,56,3,0,,0.0,24.0,61.7,6,6
1076,Male,20,BCA,Electrical,6.54,1,2,0,1,1,70,2,0,,0.0,24.0,60.400000000000006,4,4
1077,Female,23,BCA,AI,6.47,0,1,5,8,10,67,5,0,,0.0,28.333333333333332,64.7,11,11
1078,Male,24,BCA,Mechanical,7.61,1,2,5,10,1,91,3,1,Product,3.15,34.0,71.10000000000001,10,10
1079,Female,20,BE,Electrical,6.23,1,0,0,2,8,92,0,0,,0.0,34.0,57.300000000000004,0,0
1080,Male,21,BE,IT,8.39,1,3,5,10,5,93,1,1,Service,5.24,36.0,78.9,9,9
1081,Male,21,BTech,IT,7.08,1,3,2,7,6,91,0,1,Service,10.06,34.666666666666664,65.8,5,5
1082,Male,20,BSc,CS,6.89,0,3,3,5,4,78,4,1,Startup,14.05,29.0,68.89999999999999,10,10
1083,Male,23,BTech,AI,7.48,3,0,0,8,4,99,4,1,Startup,6.79,37.0,59.80000000000001,4,4
1084,Female,24,BTech,DS,7.83,1,3,5,10,10,75,5,1,Startup,12.52,31.666666666666668,73.3,13,13
1085,Female,22,BCA,CS,6.11,2,1,2,7,9,86,5,0,,0.0,34.0,51.1,8,8
1086,Male,20,BE,Electrical,8.54,3,1,4,8,8,53,3,0,,0.0,23.0,70.39999999999999,8,8
1087,Male,24,BTech,CS,9.3,1,3,0,2,4,91,3,0,,0.0,32.333333333333336,88.0,6,6
1088,Female,24,BTech,Mechanical,6.7,3,3,3,10,7,93,3,1,Service,7.88,36.666666666666664,52.0,9,9
1089,Female,21,BTech,Electrical,6.28,2,2,4,9,8,70,5,0,,0.0,29.0,52.800000000000004,11,11
1090,Female,22,BCA,DS,8.77,2,0,4,6,7,72,1,1,Product,5.71,28.333333333333332,77.69999999999999,5,5
1091,Female,20,BCA,AI,6.29,1,2,4,6,5,48,4,0,,0.0,19.666666666666668,57.9,10,10
1092,Male,21,BE,Electrical,5.68,1,0,4,6,10,61,4,0,,0.0,25.666666666666668,51.8,8,8
1093,Female,21,BTech,AI,8.16,2,2,1,1,1,75,5,0,,0.0,25.666666666666668,71.6,8,8
1094,Male,23,BTech,AI,6.53,0,1,3,7,6,69,3,1,Service,12.41,27.333333333333332,65.3,7,7
1095,Female,24,BE,CS,6.24,3,0,2,2,8,91,4,0,,0.0,33.666666666666664,47.400000000000006,6,6
1096,Female,20,BE,Mechanical,9.72,0,3,0,2,6,48,5,0,,0.0,18.666666666666668,97.2,8,8
1097,Female,20,BE,CS,6.76,1,0,2,5,8,48,1,0,,0.0,20.333333333333332,62.599999999999994,3,3
1098,Female,20,BSc,IT,9.38,0,0,1,6,6,93,2,1,Service,14.24,35.0,93.80000000000001,3,3
1099,Female,21,BE,IT,6.27,0,2,4,1,2,51,1,0,,0.0,18.0,62.699999999999996,7,7
1100,Male,23,BCA,AI,9.02,3,3,5,1,6,67,0,0,,0.0,24.666666666666668,75.19999999999999,8,8
1101,Male,22,BSc,Mechanical,7.66,1,2,0,1,9,55,0,0,,0.0,21.666666666666668,71.6,2,2
1102,Female,21,BE,Electrical,5.84,3,3,3,7,2,76,3,0,,0.0,28.333333333333332,43.4,9,9
1103,Female,22,BCA,AI,8.65,2,2,0,1,3,88,0,0,,0.0,30.666666666666668,76.5,2,2
1104,Male,23,BE,Electrical,9.34,3,3,0,9,9,96,3,1,Product,11.86,38.0,78.4,6,6
1105,Female,24,BE,AI,6.2,3,0,2,3,7,45,5,0,,0.0,18.333333333333332,47.0,7,7
1106,Female,20,BSc,CS,8.62,2,1,5,10,1,48,2,0,,0.0,19.666666666666668,76.19999999999999,8,8
1107,Male,22,BCA,AI,7.41,0,3,4,2,4,82,1,0,,0.0,29.333333333333332,74.1,8,8
1108,Female,21,BTech,AI,8.74,3,2,3,6,4,73,5,1,Service,8.79,27.666666666666668,72.4,10,10
1109,Female,22,BE,Mechanical,8.57,2,0,0,2,10,70,5,0,,0.0,27.333333333333332,75.7,5,5
1110,Male,24,BSc,Mechanical,5.61,1,2,1,5,5,95,4,0,,0.0,35.0,51.1,7,7
1111,Male,20,BCA,Electrical,6.27,0,0,1,5,7,46,0,0,,0.0,19.333333333333332,62.699999999999996,1,1
1112,Male,22,BE,Mechanical,7.53,2,0,5,9,5,71,2,1,Service,6.07,28.333333333333332,65.3,7,7
1113,Female,24,BTech,AI,9.51,0,3,4,4,10,88,1,0,,0.0,34.0,95.1,8,8
1114,Male,21,BCA,Mechanical,6.97,2,2,5,8,6,82,5,1,Startup,8.08,32.0,59.7,12,12
1115,Male,23,BCA,Mechanical,8.2,3,0,0,7,9,93,2,1,Product,14.08,36.333333333333336,67.0,2,2
1116,Male,21,BSc,DS,5.55,0,2,4,7,2,63,5,0,,0.0,24.0,55.5,11,11
1117,Male,20,BE,DS,8.56,3,0,0,1,6,69,5,0,,0.0,25.333333333333332,70.60000000000001,5,5
1118,Male,21,BE,IT,8.09,2,3,3,6,6,81,1,1,Service,12.9,31.0,70.9,7,7
1119,Male,21,BCA,CS,8.58,3,1,1,6,1,65,0,1,Service,10.56,24.0,70.8,2,2
1120,Female,21,BE,CS,9.39,3,1,5,10,6,72,3,1,Service,3.19,29.333333333333332,78.9,9,9
1121,Female,21,BCA,Mechanical,6.13,2,1,2,8,7,65,5,0,,0.0,26.666666666666668,51.3,8,8
1122,Male,20,BTech,IT,6.62,3,1,5,6,7,58,1,0,,0.0,23.666666666666668,51.2,7,7
1123,Male,24,BSc,IT,9.78,3,3,4,8,3,40,1,0,,0.0,17.0,82.8,8,8
1124,Male,22,BE,Electrical,6.17,3,3,3,6,8,91,2,0,,0.0,35.0,46.7,8,8
1125,Female,23,BE,DS,8.6,1,3,1,8,7,59,0,0,,0.0,24.666666666666668,81.0,4,4
1126,Female,22,BSc,IT,8.62,1,2,3,5,4,77,2,1,Startup,13.18,28.666666666666668,81.19999999999999,7,7
1127,Female,22,BTech,AI,8.44,1,0,5,9,4,87,5,1,Service,4.48,33.333333333333336,79.39999999999999,10,10
1128,Female,23,BTech,Electrical,6.48,0,0,5,4,10,51,3,0,,0.0,21.666666666666668,64.80000000000001,8,8
1129,Female,20,BTech,Mechanical,6.43,3,1,2,6,7,98,4,0,,0.0,37.0,49.3,7,7
1130,Female,23,BTech,AI,8.37,3,1,0,2,2,82,2,0,,0.0,28.666666666666668,68.69999999999999,3,3
1131,Female,20,BTech,CS,6.3,3,0,0,3,5,61,5,0,,0.0,23.0,48.0,5,5
1132,Female,22,BCA,DS,8.34,0,0,3,4,6,89,5,0,,0.0,33.0,83.4,8,8
1133,Female,20,BE,AI,7.62,0,0,3,3,4,94,4,0,,0.0,33.666666666666664,76.2,7,7
1134,Male,24,BE,Mechanical,7.16,2,3,4,7,1,46,2,0,,0.0,18.0,61.599999999999994,9,9
1135,Male,23,BE,AI,6.79,3,3,3,9,1,61,1,1,Startup,3.36,23.666666666666668,52.900000000000006,7,7
1136,Male,24,BCA,AI,9.57,2,3,0,6,3,66,3,1,Product,14.18,25.0,85.7,6,6
1137,Male,22,BSc,IT,7.68,2,1,5,3,9,53,4,0,,0.0,21.666666666666668,66.8,10,10
1138,Female,23,BTech,DS,7.91,0,3,3,9,2,96,4,1,Product,12.5,35.666666666666664,79.1,10,10
1139,Female,22,BSc,CS,9.58,1,0,1,1,5,52,2,0,,0.0,19.333333333333332,90.8,3,3
1140,Male,24,BTech,Mechanical,8.31,0,1,1,5,7,59,3,0,,0.0,23.666666666666668,83.10000000000001,5,5
1141,Female,22,BTech,Electrical,9.62,0,1,0,10,2,47,2,0,,0.0,19.666666666666668,96.19999999999999,3,3
1142,Male,23,BSc,Electrical,5.96,1,3,3,10,1,85,4,0,,0.0,32.0,54.6,10,10
1143,Female,23,BE,Mechanical,9.14,1,1,5,5,7,57,3,0,,0.0,23.0,86.4,9,9
1144,Male,22,BCA,CS,6.94,0,0,3,2,5,97,2,0,,0.0,34.666666666666664,69.4,5,5
1145,Female,23,BSc,Mechanical,8.99,3,1,3,5,7,43,1,0,,0.0,18.333333333333332,74.9,5,5
1146,Female,23,BE,IT,9.18,2,2,1,1,1,62,5,0,,0.0,21.333333333333332,81.8,8,8
1147,Male,22,BTech,Electrical,6.67,3,0,0,1,6,62,3,0,,0.0,23.0,51.7,3,3
1148,Female,24,BE,Electrical,7.26,2,0,4,4,6,43,1,0,,0.0,17.666666666666668,62.599999999999994,5,5
1149,Male,23,BTech,AI,8.62,3,3,5,6,7,80,5,1,Service,14.54,31.0,71.19999999999999,13,13
1150,Male,23,BTech,IT,5.93,1,0,1,2,8,41,3,0,,0.0,17.0,54.3,4,4
1151,Male,23,BE,Electrical,8.75,3,0,0,5,9,85,5,1,Service,12.04,33.0,72.5,5,5
1152,Male,23,BTech,IT,5.98,0,1,0,10,10,83,5,0,,0.0,34.333333333333336,59.800000000000004,6,6
1153,Female,22,BCA,IT,9.43,2,2,4,5,5,61,5,1,Product,9.39,23.666666666666668,84.3,11,11
1154,Female,24,BE,CS,6.69,2,1,2,3,4,90,4,0,,0.0,32.333333333333336,56.900000000000006,7,7
1155,Female,24,BSc,Electrical,7.98,3,2,4,4,5,89,3,0,,0.0,32.666666666666664,64.80000000000001,9,9
1156,Male,20,BTech,DS,6.0,1,0,4,2,10,98,1,0,,0.0,36.666666666666664,55.0,5,5
1157,Female,23,BTech,CS,6.66,0,1,0,7,5,83,5,1,Product,13.48,31.666666666666668,66.6,6,6
1158,Male,23,BCA,CS,7.24,1,1,2,3,9,40,2,0,,0.0,17.333333333333332,67.4,5,5
1159,Female,20,BCA,IT,7.59,0,3,2,6,7,49,5,0,,0.0,20.666666666666668,75.9,10,10
1160,Female,24,BSc,DS,5.5,0,1,3,9,2,95,4,0,,0.0,35.333333333333336,55.0,8,8
1161,Female,21,BTech,CS,9.32,0,2,4,7,2,73,1,1,Startup,4.92,27.333333333333332,93.2,7,7
1162,Male,21,BSc,DS,5.53,3,2,4,4,1,70,0,0,,0.0,25.0,40.300000000000004,6,6
1163,Female,24,BSc,Electrical,8.83,0,0,2,2,2,53,3,0,,0.0,19.0,88.3,5,5
1164,Female,23,BTech,IT,7.52,0,3,2,7,2,91,0,1,Service,5.2,33.333333333333336,75.19999999999999,5,5
1165,Male,21,BSc,CS,7.75,0,3,5,8,5,87,1,1,Startup,8.23,33.333333333333336,77.5,9,9
1166,Female,22,BSc,DS,6.4,2,1,2,3,9,58,0,0,,0.0,23.333333333333332,54.0,3,3
1167,Male,22,BCA,Mechanical,8.11,2,0,0,7,7,85,1,1,Service,6.72,33.0,71.1,1,1
1168,Female,20,BCA,CS,7.81,3,2,0,1,5,68,4,0,,0.0,24.666666666666668,63.099999999999994,6,6
1169,Male,24,BSc,CS,6.21,3,3,0,8,10,95,2,0,,0.0,37.666666666666664,47.1,5,5
1170,Male,24,BTech,CS,6.52,2,0,5,7,4,85,2,1,Startup,3.48,32.0,55.19999999999999,7,7
1171,Female,21,BCA,DS,5.79,2,1,4,6,6,94,3,0,,0.0,35.333333333333336,47.9,8,8
1172,Male,23,BSc,AI,5.79,0,3,5,3,4,75,4,0,,0.0,27.333333333333332,57.9,12,12
1173,Male,24,BE,Electrical,5.56,2,1,5,4,10,69,0,0,,0.0,27.666666666666668,45.599999999999994,6,6
1174,Male,21,BE,CS,6.45,3,2,2,8,7,50,4,0,,0.0,21.666666666666668,49.5,8,8
1175,Male,21,BSc,Mechanical,8.42,3,2,0,1,3,69,0,0,,0.0,24.333333333333332,69.2,2,2
1176,Male,24,BE,Mechanical,6.86,0,0,3,2,8,98,4,0,,0.0,36.0,68.60000000000001,7,7
1177,Male,21,BCA,IT,6.97,1,1,2,1,8,61,5,0,,0.0,23.333333333333332,64.7,8,8
1178,Female,20,BTech,AI,6.07,1,0,5,4,3,92,2,0,,0.0,33.0,55.7,7,7
1179,Male,20,BSc,AI,7.97,2,2,2,6,7,41,5,0,,0.0,18.0,69.7,9,9
1180,Male,24,BCA,DS,6.97,0,3,5,5,1,78,3,1,Startup,13.65,28.0,69.7,11,11
1181,Female,23,BTech,IT,8.41,2,2,2,6,5,64,2,1,Product,9.46,25.0,74.1,6,6
1182,Female,20,BE,DS,8.69,0,0,0,2,9,84,2,0,,0.0,31.666666666666668,86.89999999999999,2,2
1183,Female,20,BE,IT,8.01,2,1,1,5,2,47,5,0,,0.0,18.0,70.1,7,7
1184,Female,24,BE,Electrical,6.69,3,2,3,1,3,71,4,0,,0.0,25.0,51.900000000000006,9,9
1185,Female,22,BE,AI,7.69,3,0,3,6,4,83,0,1,Startup,13.75,31.0,61.900000000000006,3,3
1186,Female,21,BCA,Electrical,6.58,1,1,1,4,2,46,4,0,,0.0,17.333333333333332,60.8,6,6
1187,Female,20,BCA,DS,9.38,1,0,3,10,10,98,0,1,Startup,11.14,39.333333333333336,88.80000000000001,3,3
1188,Male,22,BTech,IT,8.8,2,2,0,9,6,61,1,1,Service,8.78,25.333333333333332,78.0,3,3
1189,Male,23,BSc,AI,7.62,3,1,2,3,5,68,3,0,,0.0,25.333333333333332,61.2,6,6
1190,Female,22,BTech,AI,9.65,2,2,1,3,5,98,0,0,,0.0,35.333333333333336,86.5,3,3
1191,Male,24,BSc,CS,7.85,3,2,2,9,8,41,1,0,,0.0,19.333333333333332,63.5,5,5
1192,Male,23,BE,DS,6.91,0,2,5,4,6,77,3,0,,0.0,29.0,69.1,10,10
1193,Male,23,BE,CS,5.91,3,2,3,7,1,82,0,0,,0.0,30.0,44.1,5,5
1194,Female,22,BE,AI,7.84,1,2,4,10,1,88,2,1,Startup,13.67,33.0,73.4,8,8
1195,Female,24,BE,DS,9.2,3,0,3,2,10,54,3,0,,0.0,22.0,77.0,6,6
1196,Male,20,BCA,DS,9.23,2,3,3,1,10,93,3,0,,0.0,34.666666666666664,82.30000000000001,9,9
1197,Female,22,BTech,Electrical,8.1,0,3,1,10,5,94,4,1,Product,8.17,36.333333333333336,81.0,8,8
1198,Male,20,BSc,Mechanical,7.19,1,2,2,1,3,59,5,0,,0.0,21.0,66.9,9,9
1199,Male,22,BSc,IT,8.3,0,2,1,6,8,65,3,1,Service,11.5,26.333333333333332,83.0,6,6
1200,Male,20,BCA,Mechanical,8.78,1,2,0,4,2,50,4,0,,0.0,18.666666666666668,82.8,6,6
1201,Male,22,BE,Mechanical,7.27,1,1,2,2,5,62,1,0,,0.0,23.0,67.69999999999999,4,4
1202,Female,23,BTech,AI,7.55,0,2,0,7,6,80,5,1,Service,8.19,31.0,75.5,7,7
1203,Female,21,BE,Electrical,8.43,0,1,0,8,3,88,3,1,Product,4.36,33.0,84.3,4,4
1204,Female,23,BCA,IT,9.27,3,0,1,7,8,91,0,1,Product,12.21,35.333333333333336,77.69999999999999,1,1
1205,Male,20,BSc,Mechanical,8.9,3,3,3,10,8,81,3,1,Product,14.86,33.0,74.0,9,9
1206,Female,24,BCA,Mechanical,5.6,1,2,5,9,6,43,3,0,,0.0,19.333333333333332,51.0,10,10
1207,Male,23,BSc,DS,6.03,3,3,4,1,9,43,0,0,,0.0,17.666666666666668,45.300000000000004,7,7
1208,Female,21,BTech,AI,9.17,3,0,5,10,3,87,3,1,Service,5.6,33.333333333333336,76.7,8,8
1209,Male,20,BSc,Mechanical,9.09,1,3,3,6,3,40,4,0,,0.0,16.333333333333332,85.9,10,10
1210,Male,23,BTech,IT,7.17,3,0,3,8,8,62,5,1,Product,5.43,26.0,56.7,8,8
1211,Male,22,BE,CS,8.01,0,2,2,9,10,63,5,1,Product,6.62,27.333333333333332,80.1,9,9
1212,Female,24,BE,CS,9.4,2,0,1,8,4,66,0,1,Startup,10.47,26.0,84.0,1,1
1213,Female,20,BCA,AI,9.42,0,2,2,6,10,46,2,0,,0.0,20.666666666666668,94.2,6,6
1214,Female,23,BTech,CS,8.87,2,3,4,8,1,73,3,1,Product,7.58,27.333333333333332,78.69999999999999,10,10
1215,Female,20,BE,DS,6.4,0,0,1,8,8,43,5,0,,0.0,19.666666666666668,64.0,6,6
1216,Male,22,BTech,DS,8.64,2,1,5,1,8,41,3,0,,0.0,16.666666666666668,76.4,9,9
1217,Female,21,BE,IT,5.93,2,1,5,8,5,62,4,0,,0.0,25.0,49.3,10,10
1218,Female,23,BE,Electrical,9.34,3,1,5,7,2,87,0,1,Service,12.31,32.0,78.4,6,6
1219,Male,20,BSc,AI,6.14,1,2,3,8,7,75,3,0,,0.0,30.0,56.4,8,8
1220,Male,20,BCA,AI,8.35,0,0,0,8,4,94,4,1,Service,5.13,35.333333333333336,83.5,4,4
1221,Male,20,BSc,CS,8.12,3,1,3,10,8,61,2,1,Service,6.08,26.333333333333332,66.19999999999999,6,6
1222,Female,21,BTech,Mechanical,8.84,0,2,3,10,10,49,5,0,,0.0,23.0,88.4,10,10
1223,Male,20,BE,Mechanical,7.87,0,1,1,6,6,81,2,1,Product,4.47,31.0,78.7,4,4
1224,Male,24,BCA,Electrical,5.76,2,3,3,9,7,74,4,0,,0.0,30.0,47.599999999999994,10,10
1225,Male,24,BE,Mechanical,8.54,2,3,4,3,10,80,0,0,,0.0,31.0,75.39999999999999,7,7
1226,Female,20,BE,Electrical,7.15,1,3,3,10,2,66,3,1,Service,10.53,26.0,66.5,9,9
1227,Male,24,BSc,IT,6.88,2,1,0,1,5,63,4,0,,0.0,23.0,58.8,5,5
1228,Female,23,BTech,AI,9.76,0,2,1,9,4,46,4,0,,0.0,19.666666666666668,97.6,7,7
1229,Female,24,BCA,CS,8.04,2,1,5,10,3,90,4,1,Service,14.18,34.333333333333336,70.39999999999999,10,10
1230,Male,20,BCA,IT,8.56,3,2,4,10,7,60,5,1,Startup,14.49,25.666666666666668,70.60000000000001,11,11
1231,Male,22,BCA,DS,7.76,3,1,5,2,1,98,1,0,,0.0,33.666666666666664,62.599999999999994,7,7
1232,Female,23,BTech,DS,8.81,2,2,1,3,6,47,5,0,,0.0,18.666666666666668,78.10000000000001,8,8
1233,Male,21,BCA,DS,8.73,1,1,0,4,3,89,2,0,,0.0,32.0,82.30000000000001,3,3
1234,Male,20,BTech,Electrical,8.33,2,0,2,8,7,75,5,1,Startup,14.81,30.0,73.3,7,7
1235,Female,21,BCA,Electrical,9.79,3,0,4,9,9,44,1,0,,0.0,20.666666666666668,82.89999999999999,5,5
1236,Female,22,BE,AI,7.48,0,2,0,3,3,55,4,0,,0.0,20.333333333333332,74.80000000000001,6,6
1237,Male,21,BTech,DS,8.54,0,3,5,2,1,57,5,0,,0.0,20.0,85.39999999999999,13,13
1238,Female,20,BSc,Electrical,8.93,0,3,2,2,3,77,2,0,,0.0,27.333333333333332,89.3,7,7
1239,Male,20,BCA,Electrical,7.12,3,3,5,9,9,62,3,1,Service,5.23,26.666666666666668,56.2,11,11
1240,Male,22,BSc,Mechanical,7.47,3,2,0,8,10,95,3,1,Service,10.16,37.666666666666664,59.7,5,5
1241,Male,20,BTech,Electrical,9.67,0,0,2,2,4,83,5,0,,0.0,29.666666666666668,96.7,7,7
1242,Female,22,BE,DS,5.64,1,2,2,8,3,91,1,0,,0.0,34.0,51.4,5,5
1243,Male,22,BSc,IT,6.94,1,1,1,4,7,76,1,0,,0.0,29.0,64.4,3,3
1244,Male,20,BSc,DS,7.59,0,1,3,6,7,90,5,1,Startup,7.29,34.333333333333336,75.9,9,9
1245,Male,24,BE,Mechanical,5.51,0,1,3,5,4,60,2,0,,0.0,23.0,55.099999999999994,6,6
1246,Female,22,BE,DS,9.37,3,1,0,5,9,84,3,1,Service,9.6,32.666666666666664,78.69999999999999,4,4
1247,Female,20,BTech,CS,6.73,2,1,2,10,9,61,1,1,Startup,8.25,26.666666666666668,57.30000000000001,4,4
1248,Female,24,BCA,Mechanical,6.61,3,1,3,10,2,52,5,0,,0.0,21.333333333333332,51.10000000000001,9,9
1249,Female,22,BSc,AI,9.03,2,3,0,7,7,75,4,1,Service,8.14,29.666666666666668,80.3,7,7
1250,Female,24,BSc,DS,6.7,2,3,0,8,8,50,4,0,,0.0,22.0,57.0,7,7
1251,Male,23,BTech,Electrical,8.33,2,1,4,5,8,45,5,0,,0.0,19.333333333333332,73.3,10,10
1252,Female,23,BCA,IT,9.03,2,2,1,4,10,48,1,0,,0.0,20.666666666666668,80.3,4,4
1253,Female,24,BTech,DS,8.91,0,0,1,2,1,59,5,0,,0.0,20.666666666666668,89.1,6,6
1254,Female,22,BSc,IT,8.86,2,1,5,5,2,78,5,1,Product,6.4,28.333333333333332,78.6,11,11
1255,Male,20,BSc,CS,5.88,2,1,2,8,8,63,5,0,,0.0,26.333333333333332,48.8,8,8
1256,Female,21,BE,AI,5.84,2,2,3,1,7,51,0,0,,0.0,19.666666666666668,48.4,5,5
1257,Female,20,BE,Electrical,6.82,3,3,2,6,7,81,1,1,Startup,10.16,31.333333333333332,53.2,6,6
1258,Male,21,BCA,Mechanical,5.65,3,2,3,2,1,74,0,0,,0.0,25.666666666666668,41.5,5,5
1259,Female,21,BSc,Mechanical,7.65,3,0,3,2,2,78,3,0,,0.0,27.333333333333332,61.5,6,6
1260,Male,22,BSc,AI,7.2,1,0,3,8,2,64,1,1,Startup,7.78,24.666666666666668,67.0,4,4
1261,Male,24,BE,CS,7.9,3,2,5,6,3,66,3,1,Startup,5.27,25.0,64.0,10,10
1262,Male,20,BTech,CS,6.78,1,1,3,6,3,81,1,1,Service,13.67,30.0,62.8,5,5
1263,Male,24,BTech,DS,7.59,3,3,3,6,3,40,1,0,,0.0,16.333333333333332,60.900000000000006,7,7
1264,Male,23,BSc,CS,6.94,1,1,4,9,4,51,4,0,,0.0,21.333333333333332,64.4,9,9
1265,Female,22,BSc,DS,6.34,3,1,4,3,4,40,4,0,,0.0,15.666666666666666,48.4,9,9
1266,Male,22,BCA,IT,8.29,0,1,3,2,9,52,0,0,,0.0,21.0,82.89999999999999,4,4
1267,Male,23,BCA,AI,8.4,3,1,5,5,3,78,5,1,Product,13.17,28.666666666666668,69.0,11,11
1268,Female,20,BE,IT,9.07,1,3,0,6,3,89,3,1,Product,5.73,32.666666666666664,85.7,6,6
1269,Male,23,BSc,IT,9.26,2,2,0,9,9,79,2,1,Product,10.39,32.333333333333336,82.6,4,4
1270,Female,20,BTech,IT,8.53,3,0,1,9,4,45,0,0,,0.0,19.333333333333332,70.3,1,1
1271,Female,21,BCA,IT,8.46,2,0,3,2,6,68,5,0,,0.0,25.333333333333332,74.60000000000001,8,8
1272,Female,22,BE,Mechanical,5.74,2,3,0,9,10,86,1,0,,0.0,35.0,47.400000000000006,4,4
1273,Male,20,BE,CS,5.97,3,2,1,9,5,89,1,0,,0.0,34.333333333333336,44.699999999999996,4,4
1274,Male,24,BTech,AI,8.99,3,3,0,6,10,43,4,0,,0.0,19.666666666666668,74.9,7,7
1275,Male,24,BCA,AI,6.5,0,1,1,1,3,62,5,0,,0.0,22.0,65.0,7,7
1276,Female,22,BTech,Electrical,7.03,1,3,2,8,8,83,5,1,Product,3.45,33.0,65.3,10,10
1277,Male,23,BE,IT,6.12,3,2,0,8,5,47,0,0,,0.0,20.0,46.2,2,2
1278,Male,23,BSc,AI,6.34,1,0,3,8,8,76,1,0,,0.0,30.666666666666668,58.4,4,4
1279,Male,20,BTech,DS,8.83,3,3,3,8,6,41,5,0,,0.0,18.333333333333332,73.3,11,11
1280,Female,23,BE,AI,6.63,2,0,4,10,9,89,3,1,Service,6.69,36.0,56.3,7,7
1281,Female,22,BSc,IT,7.43,2,0,2,5,2,43,2,0,,0.0,16.666666666666668,64.3,4,4
1282,Male,20,BSc,AI,6.15,3,0,2,2,7,90,5,0,,0.0,33.0,46.5,7,7
1283,Male,21,BCA,CS,8.42,1,2,0,9,10,62,2,1,Service,10.43,27.0,79.2,4,4
1284,Male,23,BCA,IT,8.63,1,1,1,6,4,60,3,1,Startup,12.57,23.333333333333332,81.30000000000001,5,5
1285,Male,23,BE,Mechanical,7.06,2,1,5,3,10,92,0,0,,0.0,35.0,60.599999999999994,6,6
1286,Female,20,BTech,CS,8.87,1,2,4,1,7,65,0,0,,0.0,24.333333333333332,83.69999999999999,6,6
1287,Female,24,BSc,AI,6.53,1,1,2,5,9,79,2,1,Product,14.01,31.0,60.3,5,5
1288,Female,23,BCA,Mechanical,8.48,0,1,2,4,10,69,5,0,,0.0,27.666666666666668,84.80000000000001,8,8
1289,Female,22,BCA,Electrical,8.64,2,1,5,4,1,72,5,0,,0.0,25.666666666666668,76.4,11,11
1290,Male,23,BTech,CS,9.67,1,3,3,9,5,61,2,1,Service,6.95,25.0,91.7,8,8
1291,Male,21,BCA,Electrical,6.5,0,1,5,6,6,51,3,0,,0.0,21.0,65.0,9,9
1292,Male,23,BE,DS,5.9,3,3,3,8,4,45,2,0,,0.0,19.0,44.0,8,8
1293,Female,24,BTech,CS,6.63,0,0,1,9,10,59,3,0,,0.0,26.0,66.3,4,4
1294,Male,23,BSc,Mechanical,6.03,0,3,0,1,6,46,3,0,,0.0,17.666666666666668,60.300000000000004,6,6
1295,Female,20,BE,Electrical,6.23,0,1,1,7,1,69,4,0,,0.0,25.666666666666668,62.300000000000004,6,6
1296,Female,23,BSc,DS,6.94,0,2,0,7,8,82,5,1,Product,12.31,32.333333333333336,69.4,7,7
1297,Male,24,BSc,Electrical,7.28,0,0,4,9,6,80,5,1,Product,8.59,31.666666666666668,72.8,9,9
1298,Male,20,BCA,AI,9.39,0,0,5,1,10,96,4,0,,0.0,35.666666666666664,93.9,9,9
1299,Male,22,BE,IT,6.34,3,3,2,2,4,47,1,0,,0.0,17.666666666666668,48.4,6,6
1300,Female,20,BE,Electrical,9.68,3,2,1,6,5,56,3,0,,0.0,22.333333333333332,81.8,6,6
1301,Male,21,BTech,AI,8.98,2,1,0,4,8,82,3,0,,0.0,31.333333333333332,79.80000000000001,4,4
1302,Female,20,BE,IT,9.29,2,3,5,5,2,67,1,1,Startup,5.31,24.666666666666668,82.89999999999999,9,9
1303,Male,22,BTech,IT,9.5,3,3,4,5,4,71,4,1,Startup,14.65,26.666666666666668,80.0,11,11
1304,Female,23,BE,Mechanical,8.74,3,0,1,10,7,87,3,1,Product,7.4,34.666666666666664,72.4,4,4
1305,Female,20,BSc,DS,8.89,2,3,2,1,2,48,0,0,,0.0,17.0,78.9,5,5
1306,Male,20,BTech,DS,7.38,0,2,4,1,6,83,5,0,,0.0,30.0,73.8,11,11
1307,Female,20,BE,CS,7.69,1,3,3,7,9,43,2,0,,0.0,19.666666666666668,71.9,8,8
1308,Female,20,BTech,AI,9.51,0,3,2,3,2,42,2,0,,0.0,15.666666666666666,95.1,7,7
1309,Male,22,BCA,Mechanical,7.13,3,2,3,5,4,83,1,1,Service,9.98,30.666666666666668,56.3,6,6
1310,Female,24,BCA,Electrical,5.68,2,3,4,8,10,89,4,0,,0.0,35.666666666666664,46.8,11,11
1311,Male,24,BTech,AI,8.78,2,1,4,5,10,75,2,1,Product,14.2,30.0,77.8,7,7
1312,Female,20,BTech,Electrical,7.96,0,3,3,10,5,87,1,1,Startup,10.2,34.0,79.6,7,7
1313,Male,22,BSc,Electrical,9.0,2,1,0,9,10,46,1,0,,0.0,21.666666666666668,80.0,2,2
1314,Male,22,BE,Electrical,5.82,3,2,5,4,8,49,4,0,,0.0,20.333333333333332,43.2,11,11
1315,Female,20,BCA,CS,8.17,3,1,4,7,5,72,4,1,Service,7.04,28.0,66.7,9,9
1316,Female,21,BCA,CS,6.57,1,2,1,8,5,53,0,0,,0.0,22.0,60.7,3,3
1317,Female,20,BE,Mechanical,9.38,3,1,5,7,10,57,1,0,,0.0,24.666666666666668,78.80000000000001,7,7
1318,Female,21,BCA,CS,5.97,1,1,1,4,9,72,1,0,,0.0,28.333333333333332,54.699999999999996,3,3
1319,Female,20,BCA,Mechanical,9.13,1,2,4,8,10,93,0,1,Startup,5.39,37.0,86.30000000000001,6,6
1320,Male,21,BTech,CS,5.88,0,2,5,10,6,65,3,0,,0.0,27.0,58.8,10,10
1321,Female,21,BCA,DS,5.61,2,1,3,10,5,78,5,0,,0.0,31.0,46.1,9,9
1322,Male,20,BCA,Mechanical,6.51,3,2,3,10,3,95,4,1,Startup,11.96,36.0,50.099999999999994,9,9
1323,Male,21,BCA,DS,6.93,2,0,2,4,1,89,0,0,,0.0,31.333333333333332,59.3,2,2
1324,Female,23,BE,DS,8.19,1,3,3,10,6,56,5,0,,0.0,24.0,76.89999999999999,11,11
1325,Male,24,BSc,Mechanical,6.07,3,1,0,8,10,82,2,0,,0.0,33.333333333333336,45.7,3,3
1326,Male,22,BTech,AI,7.38,2,0,0,8,9,67,1,1,Product,4.21,28.0,63.8,1,1
1327,Male,21,BSc,IT,6.38,3,0,1,4,4,41,1,0,,0.0,16.333333333333332,48.8,2,2
1328,Male,21,BCA,CS,9.18,0,0,4,5,8,79,4,1,Product,10.03,30.666666666666668,91.8,8,8
1329,Female,22,BCA,Electrical,5.69,3,2,1,5,2,76,3,0,,0.0,27.666666666666668,41.900000000000006,6,6
1330,Male,21,BCA,CS,7.03,1,3,4,5,2,71,3,1,Startup,11.68,26.0,65.3,10,10
1331,Female,22,BSc,Electrical,8.21,3,1,1,3,4,66,4,0,,0.0,24.333333333333332,67.10000000000001,6,6
1332,Female,20,BE,AI,9.43,0,3,4,2,2,70,4,0,,0.0,24.666666666666668,94.3,11,11
1333,Male,23,BE,IT,9.23,0,1,4,1,6,93,3,0,,0.0,33.333333333333336,92.30000000000001,8,8
1334,Female,23,BTech,AI,9.35,2,3,1,3,8,43,4,0,,0.0,18.0,83.5,8,8
1335,Female,24,BSc,IT,5.77,0,3,2,9,3,74,5,0,,0.0,28.666666666666668,57.699999999999996,10,10
1336,Female,21,BE,Mechanical,9.12,1,0,0,7,3,71,3,1,Service,13.2,27.0,86.19999999999999,3,3
1337,Male,24,BTech,Mechanical,8.85,0,2,3,2,4,50,5,0,,0.0,18.666666666666668,88.5,10,10
1338,Female,20,BCA,Electrical,9.38,2,1,0,8,5,96,0,1,Product,7.02,36.333333333333336,83.80000000000001,1,1
1339,Female,23,BCA,DS,6.84,0,1,3,8,3,92,1,1,Product,9.39,34.333333333333336,68.4,5,5
1340,Female,20,BTech,DS,9.42,0,1,4,7,6,62,4,1,Product,8.4,25.0,94.2,9,9
1341,Male,20,BE,Electrical,7.23,3,0,5,6,5,86,2,1,Startup,8.1,32.333333333333336,57.30000000000001,7,7
1342,Female,21,BSc,Mechanical,8.23,2,0,1,2,8,99,5,0,,0.0,36.333333333333336,72.30000000000001,6,6
1343,Male,20,BTech,Electrical,7.32,3,0,1,4,10,62,2,0,,0.0,25.333333333333332,58.2,3,3
1344,Male,23,BE,DS,7.34,2,0,3,1,4,78,2,0,,0.0,27.666666666666668,63.400000000000006,5,5
1345,Male,24,BTech,Electrical,7.85,2,0,1,7,6,95,5,1,Product,12.46,36.0,68.5,6,6
1346,Male,23,BE,Mechanical,7.03,2,3,1,2,9,74,3,0,,0.0,28.333333333333332,60.3,7,7
1347,Male,21,BCA,AI,8.91,2,1,1,6,6,56,0,0,,0.0,22.666666666666668,79.1,2,2
1348,Male,23,BTech,CS,8.22,2,3,0,9,10,91,5,1,Product,4.62,36.666666666666664,72.2,8,8
1349,Female,22,BSc,Mechanical,8.47,2,0,1,5,5,88,0,1,Service,14.04,32.666666666666664,74.7,1,1
1350,Male,24,BTech,Electrical,6.49,0,2,2,5,8,59,4,0,,0.0,24.0,64.9,8,8
1351,Female,22,BCA,Mechanical,9.67,0,0,3,4,4,82,5,0,,0.0,30.0,96.7,8,8
1352,Female,22,BCA,Mechanical,8.34,0,0,0,1,6,89,0,0,,0.0,32.0,83.4,0,0
1353,Male,21,BE,DS,6.35,1,0,0,4,7,71,2,0,,0.0,27.333333333333332,58.5,2,2
1354,Female,20,BCA,Electrical,8.73,2,1,4,9,10,95,5,1,Service,3.56,38.0,77.30000000000001,10,10
1355,Female,22,BE,DS,6.25,0,1,4,9,6,77,0,0,,0.0,30.666666666666668,62.5,5,5
1356,Female,23,BCA,Electrical,5.77,2,2,1,7,8,85,4,0,,0.0,33.333333333333336,47.699999999999996,7,7
1357,Female,20,BE,DS,7.77,3,1,0,4,2,44,1,0,,0.0,16.666666666666668,62.69999999999999,2,2
1358,Male,23,BSc,DS,7.88,1,0,5,9,5,54,5,0,,0.0,22.666666666666668,73.8,10,10
1359,Female,23,BE,AI,6.31,2,2,0,5,3,71,2,0,,0.0,26.333333333333332,53.099999999999994,4,4
1360,Male,20,BE,Mechanical,7.0,0,2,1,10,4,73,5,1,Product,5.33,29.0,70.0,8,8
1361,Female,20,BSc,AI,9.57,1,2,3,2,10,65,3,0,,0.0,25.666666666666668,90.7,8,8
1362,Female,23,BE,DS,6.73,3,0,0,9,8,90,2,1,Service,5.57,35.666666666666664,52.30000000000001,2,2
1363,Male,21,BE,AI,6.17,2,1,4,6,2,54,4,0,,0.0,20.666666666666668,51.7,9,9
1364,Female,24,BSc,Mechanical,9.77,1,3,1,5,9,48,2,0,,0.0,20.666666666666668,92.69999999999999,6,6
1365,Female,24,BCA,Mechanical,6.8,2,1,0,10,7,44,0,0,,0.0,20.333333333333332,58.0,1,1
1366,Female,21,BTech,DS,8.43,1,3,5,8,1,73,4,1,Startup,13.39,27.333333333333332,79.3,12,12
1367,Male,20,BE,Mechanical,6.5,0,0,5,2,3,72,4,0,,0.0,25.666666666666668,65.0,9,9
1368,Female,23,BCA,AI,7.87,2,1,4,5,8,60,1,1,Service,11.23,24.333333333333332,68.7,6,6
1369,Male,24,BTech,IT,7.16,2,0,2,10,2,42,2,0,,0.0,18.0,61.599999999999994,4,4
1370,Female,23,BSc,Mechanical,9.63,2,0,0,8,10,69,2,1,Startup,5.6,29.0,86.30000000000001,2,2
1371,Male,21,BE,AI,7.36,0,2,5,4,7,44,2,0,,0.0,18.333333333333332,73.60000000000001,9,9
1372,Male,23,BE,AI,8.01,1,1,1,10,1,63,4,1,Product,10.6,24.666666666666668,75.1,6,6
1373,Female,21,BSc,AI,9.56,0,2,4,10,3,91,0,1,Product,13.07,34.666666666666664,95.60000000000001,6,6
1374,Female,20,BE,Mechanical,9.75,3,1,0,9,10,55,1,0,,0.0,24.666666666666668,82.5,2,2
1375,Male,21,BTech,IT,5.94,3,0,4,7,2,45,1,0,,0.0,18.0,44.400000000000006,5,5
1376,Male,21,BTech,DS,9.09,3,2,1,7,2,79,3,1,Startup,3.7,29.333333333333332,75.9,6,6
1377,Female,24,BSc,DS,7.14,1,0,0,9,10,74,1,1,Startup,14.19,31.0,66.39999999999999,1,1
1378,Male,23,BE,Mechanical,8.06,2,3,5,3,2,65,2,0,,0.0,23.333333333333332,70.60000000000001,10,10
1379,Female,24,BCA,Mechanical,7.11,1,0,1,3,4,83,3,0,,0.0,30.0,66.10000000000001,4,4
1380,Female,22,BE,CS,7.22,3,3,3,10,6,95,3,1,Service,14.62,37.0,57.2,9,9
1381,Female,21,BSc,Electrical,6.18,1,3,0,7,1,40,0,0,,0.0,16.0,56.8,3,3
1382,Female,22,BCA,IT,7.96,2,2,0,2,10,97,1,0,,0.0,36.333333333333336,69.6,3,3
1383,Male,24,BTech,AI,7.85,2,2,5,10,7,59,5,0,,0.0,25.333333333333332,68.5,12,12
1384,Female,23,BTech,Electrical,6.31,1,1,4,3,7,93,1,0,,0.0,34.333333333333336,58.099999999999994,6,6
1385,Male,24,BCA,AI,7.83,3,1,0,6,1,85,2,1,Startup,3.25,30.666666666666668,63.3,3,3
1386,Female,23,BCA,Electrical,9.68,2,2,3,9,10,50,0,0,,0.0,23.0,86.8,5,5
1387,Male,23,BSc,DS,8.57,3,1,4,4,9,59,4,0,,0.0,24.0,70.7,9,9
1388,Female,20,BE,Electrical,7.57,2,0,4,5,8,78,4,1,Service,11.92,30.333333333333332,65.7,8,8
1389,Male,21,BTech,Mechanical,9.44,3,0,2,6,2,43,4,0,,0.0,17.0,79.39999999999999,6,6
1390,Male,24,BE,IT,7.97,1,0,0,3,7,77,3,0,,0.0,29.0,74.7,3,3
1391,Female,23,BTech,DS,6.08,0,0,2,2,2,85,5,0,,0.0,29.666666666666668,60.8,7,7
1392,Female,24,BE,Electrical,7.85,0,0,5,4,4,81,4,0,,0.0,29.666666666666668,78.5,9,9
1393,Female,24,BTech,IT,6.28,3,3,3,6,5,69,2,0,,0.0,26.666666666666668,47.800000000000004,8,8
1394,Female,23,BE,Mechanical,8.8,2,0,0,4,10,75,4,0,,0.0,29.666666666666668,78.0,4,4
1395,Male,22,BSc,AI,9.66,1,1,2,8,3,84,5,1,Product,9.02,31.666666666666668,91.6,8,8
1396,Female,21,BTech,CS,7.05,2,2,2,9,7,61,1,1,Product,10.35,25.666666666666668,60.5,5,5
1397,Male,21,BSc,IT,7.37,0,2,4,8,7,79,0,1,Product,4.42,31.333333333333332,73.7,6,6
1398,Male,20,BTech,AI,7.31,0,1,2,7,6,57,0,0,,0.0,23.333333333333332,73.1,3,3
1399,Female,20,BTech,IT,6.73,1,1,2,2,7,44,1,0,,0.0,17.666666666666668,62.30000000000001,4,4
1400,Male,20,BTech,IT,8.91,3,1,5,10,3,83,0,1,Startup,13.27,32.0,74.1,6,6
1401,Male,21,BE,IT,8.16,1,2,0,2,7,69,5,0,,0.0,26.0,76.6,7,7
1402,Male,22,BTech,Mechanical,5.78,0,1,0,10,7,94,0,0,,0.0,37.0,57.800000000000004,1,1
1403,Male,21,BSc,DS,9.11,1,1,4,5,9,44,1,0,,0.0,19.333333333333332,86.1,6,6
1404,Female,21,BE,IT,6.3,0,3,0,4,2,78,2,0,,0.0,28.0,63.0,5,5
1405,Female,21,BE,Mechanical,9.71,2,3,3,4,3,90,3,0,,0.0,32.333333333333336,87.10000000000001,9,9
1406,Female,21,BTech,CS,7.12,0,3,4,4,4,53,4,0,,0.0,20.333333333333332,71.2,11,11
1407,Female,22,BCA,DS,8.15,0,2,3,7,8,50,1,0,,0.0,21.666666666666668,81.5,6,6
1408,Male,20,BE,Mechanical,5.83,1,1,0,3,1,91,1,0,,0.0,31.666666666666668,53.3,2,2
1409,Male,24,BTech,CS,6.98,1,0,0,2,2,60,0,0,,0.0,21.333333333333332,64.80000000000001,0,0
1410,Female,20,BSc,DS,8.95,1,2,4,5,2,99,4,1,Startup,8.43,35.333333333333336,84.5,10,10
1411,Female,20,BCA,Mechanical,7.55,2,3,2,6,2,50,3,0,,0.0,19.333333333333332,65.5,8,8
1412,Female,24,BE,CS,9.39,1,3,1,8,2,71,3,1,Service,7.83,27.0,88.9,7,7
1413,Male,21,BCA,Mechanical,7.97,2,2,1,3,7,68,1,0,,0.0,26.0,69.7,4,4
1414,Female,22,BE,CS,9.49,3,2,0,4,6,42,5,0,,0.0,17.333333333333332,79.9,7,7
1415,Female,22,BCA,IT,9.73,1,1,3,4,7,52,2,0,,0.0,21.0,92.30000000000001,6,6
1416,Female,20,BCA,IT,7.45,1,2,4,4,6,45,2,0,,0.0,18.333333333333332,69.5,8,8
1417,Male,24,BSc,DS,7.93,3,0,2,7,10,97,1,1,Product,14.21,38.0,64.3,3,3
1418,Male,23,BCA,CS,9.09,3,0,5,4,1,87,5,0,,0.0,30.666666666666668,75.9,10,10
1419,Male,21,BSc,IT,6.45,3,2,0,7,6,67,2,0,,0.0,26.666666666666668,49.5,4,4
1420,Male,20,BTech,DS,9.21,0,0,3,4,4,70,5,0,,0.0,26.0,92.10000000000001,8,8
1421,Male,22,BE,AI,8.05,0,1,0,10,9,62,4,1,Product,6.21,27.0,80.5,5,5
1422,Male,24,BSc,IT,8.62,0,2,5,8,6,77,2,1,Product,7.63,30.333333333333332,86.19999999999999,9,9
1423,Male,24,BE,IT,5.84,3,0,1,5,9,77,4,0,,0.0,30.333333333333332,43.4,5,5
1424,Male,20,BSc,Electrical,8.79,2,3,0,2,8,92,5,0,,0.0,34.0,77.89999999999999,8,8
1425,Female,23,BE,Mechanical,6.84,1,1,3,9,5,45,2,0,,0.0,19.666666666666668,63.400000000000006,6,6
1426,Female,22,BSc,AI,8.96,0,2,1,9,10,61,5,1,Product,4.79,26.666666666666668,89.60000000000001,8,8
1427,Male,20,BE,CS,7.69,3,2,5,1,7,84,3,0,,0.0,30.666666666666668,61.900000000000006,10,10
1428,Male,23,BTech,DS,6.68,1,2,5,5,8,97,1,1,Service,8.16,36.666666666666664,61.8,8,8
1429,Female,24,BE,AI,9.6,0,3,0,3,5,79,5,0,,0.0,29.0,96.0,8,8
1430,Male,21,BTech,CS,8.79,3,0,1,10,8,88,5,1,Startup,8.15,35.333333333333336,72.89999999999999,6,6
1431,Male,22,BTech,IT,9.74,1,2,5,5,10,73,4,1,Service,5.98,29.333333333333332,92.4,11,11
1432,Male,22,BTech,Electrical,7.07,0,0,4,4,9,77,3,0,,0.0,30.0,70.7,7,7
1433,Female,23,BCA,DS,8.29,0,1,3,3,5,77,1,0,,0.0,28.333333333333332,82.89999999999999,5,5
1434,Female,20,BE,DS,8.13,0,3,3,7,8,46,3,0,,0.0,20.333333333333332,81.30000000000001,9,9
1435,Female,24,BCA,AI,8.46,0,3,4,5,9,40,4,0,,0.0,18.0,84.60000000000001,11,11
1436,Female,23,BCA,Mechanical,5.66,0,1,5,1,1,71,2,0,,0.0,24.333333333333332,56.6,8,8
1437,Female,21,BE,CS,6.75,3,1,5,4,7,61,1,0,,0.0,24.0,52.5,7,7
1438,Male,21,BTech,Electrical,9.41,1,2,3,1,7,79,5,0,,0.0,29.0,89.1,10,10
1439,Female,21,BCA,Electrical,7.32,0,1,3,3,2,42,5,0,,0.0,15.666666666666666,73.2,9,9
1440,Male,23,BCA,AI,9.63,1,3,0,10,2,43,3,0,,0.0,18.333333333333332,91.30000000000001,6,6
1441,Male,24,BSc,Mechanical,6.42,0,0,2,10,8,56,2,0,,0.0,24.666666666666668,64.2,4,4
1442,Female,22,BE,Mechanical,9.79,3,0,0,5,7,74,0,1,Startup,5.89,28.666666666666668,82.89999999999999,0,0
1443,Female,20,BCA,Mechanical,8.5,3,0,4,6,3,62,4,1,Product,10.78,23.666666666666668,70.0,8,8
1444,Male,22,BE,DS,8.84,1,0,4,1,10,68,4,0,,0.0,26.333333333333332,83.4,8,8
1445,Male,24,BE,CS,7.21,0,0,2,10,4,96,5,1,Startup,10.98,36.666666666666664,72.1,7,7
1446,Male,22,BCA,CS,9.4,3,0,0,9,3,41,2,0,,0.0,17.666666666666668,79.0,2,2
1447,Female,23,BE,AI,7.85,0,3,0,9,4,85,2,1,Product,12.41,32.666666666666664,78.5,5,5
1448,Female,21,BTech,IT,8.43,0,1,0,1,10,99,1,0,,0.0,36.666666666666664,84.3,2,2
1449,Female,24,BCA,AI,5.91,2,3,1,7,5,45,5,0,,0.0,19.0,49.1,9,9
1450,Female,24,BCA,CS,8.22,3,2,5,4,10,94,3,0,,0.0,36.0,67.2,10,10
1451,Female,22,BCA,DS,9.28,1,0,1,2,1,89,0,0,,0.0,30.666666666666668,87.8,1,1
1452,Male,23,BSc,AI,6.27,1,1,0,2,6,63,5,0,,0.0,23.666666666666668,57.699999999999996,6,6
1453,Female,22,BSc,IT,8.67,0,1,1,6,5,41,1,0,,0.0,17.333333333333332,86.7,3,3
1454,Male,22,BSc,Electrical,5.61,0,0,0,6,5,51,1,0,,0.0,20.666666666666668,56.1,1,1
1455,Male,24,BSc,AI,9.48,0,1,4,5,9,97,0,1,Service,3.07,37.0,94.80000000000001,5,5
1456,Male,22,BCA,Mechanical,9.73,2,0,0,3,3,44,5,0,,0.0,16.666666666666668,87.30000000000001,5,5
1457,Female,21,BTech,IT,7.02,0,2,1,7,3,81,4,1,Startup,12.33,30.333333333333332,70.19999999999999,7,7
1458,Female,22,BE,Mechanical,5.96,0,0,2,3,9,54,1,0,,0.0,22.0,59.6,3,3
1459,Female,21,BE,DS,8.33,1,2,4,7,8,52,5,0,,0.0,22.333333333333332,78.3,11,11
1460,Male,24,BCA,CS,5.63,2,1,3,2,9,49,4,0,,0.0,20.0,46.3,8,8
1461,Male,23,BTech,AI,7.57,1,3,2,8,10,61,3,1,Product,5.74,26.333333333333332,70.7,8,8
1462,Male,21,BE,AI,6.67,2,1,2,2,10,68,2,0,,0.0,26.666666666666668,56.7,5,5
1463,Male,23,BTech,Mechanical,7.54,2,3,5,2,8,88,3,0,,0.0,32.666666666666664,65.4,11,11
1464,Male,23,BCA,Mechanical,5.58,3,0,3,4,7,84,2,0,,0.0,31.666666666666668,40.8,5,5
1465,Male,21,BSc,CS,5.72,3,1,4,10,2,46,1,0,,0.0,19.333333333333332,42.199999999999996,6,6
1466,Female,24,BTech,AI,5.57,3,1,5,1,5,61,2,0,,0.0,22.333333333333332,40.7,8,8
1467,Female,20,BE,CS,8.16,1,2,3,7,10,43,0,0,,0.0,20.0,76.6,5,5
1468,Female,23,BE,Mechanical,7.91,3,0,4,2,7,41,0,0,,0.0,16.666666666666668,64.1,4,4
1469,Female,23,BE,Electrical,6.5,3,3,4,6,5,61,3,1,Product,11.98,24.0,50.0,10,10
1470,Male,24,BSc,Mechanical,8.28,1,0,5,5,1,96,0,1,Service,12.27,34.0,77.8,5,5
1471,Male,24,BTech,IT,9.3,2,2,4,5,10,63,3,1,Service,14.33,26.0,83.0,9,9
1472,Female,22,BTech,Mechanical,6.69,2,2,2,4,6,65,4,0,,0.0,25.0,56.900000000000006,8,8
1473,Male,24,BE,Mechanical,9.08,0,2,4,5,6,61,4,1,Startup,5.7,24.0,90.8,10,10
1474,Female,23,BTech,Electrical,8.35,0,0,5,9,6,44,3,0,,0.0,19.666666666666668,83.5,8,8
1475,Female,21,BE,CS,5.65,3,2,3,1,3,49,3,0,,0.0,17.666666666666668,41.5,8,8
1476,Female,20,BTech,IT,7.11,1,0,2,2,1,94,3,0,,0.0,32.333333333333336,66.10000000000001,5,5
1477,Male,22,BSc,IT,7.68,2,2,4,7,7,58,5,0,,0.0,24.0,66.8,11,11
1478,Female,21,BSc,AI,8.65,1,1,1,9,6,80,5,1,Startup,11.52,31.666666666666668,81.5,7,7
1479,Female,20,BCA,Electrical,6.73,0,3,1,3,5,61,2,0,,0.0,23.0,67.30000000000001,6,6
1480,Female,20,BCA,DS,9.73,3,0,4,6,3,66,5,1,Service,8.58,25.0,82.30000000000001,9,9
1481,Male,20,BCA,AI,8.44,0,3,1,5,6,41,5,0,,0.0,17.333333333333332,84.39999999999999,9,9
1482,Male,21,BTech,AI,7.1,0,0,0,9,10,60,0,1,Product,8.66,26.333333333333332,71.0,0,0
1483,Female,22,BSc,AI,5.92,2,0,5,9,9,64,2,0,,0.0,27.333333333333332,49.2,7,7
1484,Male,22,BSc,IT,6.28,1,1,2,10,8,61,2,0,,0.0,26.333333333333332,57.800000000000004,5,5
1485,Male,20,BSc,CS,7.6,2,1,0,3,8,48,2,0,,0.0,19.666666666666668,66.0,3,3
1486,Male,21,BE,Mechanical,7.63,2,0,2,10,8,70,4,1,Service,5.8,29.333333333333332,66.3,6,6
1487,Male,20,BTech,IT,8.8,0,2,3,10,1,84,4,1,Service,8.12,31.666666666666668,88.0,9,9
1488,Male,24,BTech,Mechanical,8.62,3,0,1,2,7,40,2,0,,0.0,16.333333333333332,71.19999999999999,3,3
1489,Male,22,BCA,Mechanical,6.37,0,0,1,10,1,54,1,0,,0.0,21.666666666666668,63.7,2,2
1490,Male,23,BE,DS,8.06,1,1,5,4,7,69,2,0,,0.0,26.666666666666668,75.60000000000001,8,8
1491,Male,20,BE,AI,5.59,3,1,1,9,2,52,1,0,,0.0,21.0,40.9,3,3
1492,Male,24,BSc,DS,7.21,2,3,4,3,3,53,1,0,,0.0,19.666666666666668,62.099999999999994,8,8
1493,Male,22,BCA,AI,8.79,1,3,2,4,10,82,0,0,,0.0,32.0,82.89999999999999,5,5
1494,Female,21,BTech,IT,7.22,1,2,4,2,2,73,3,0,,0.0,25.666666666666668,67.2,9,9
1495,Female,22,BE,Mechanical,9.09,1,3,1,1,10,64,2,0,,0.0,25.0,85.9,6,6
1496,Male,21,BSc,DS,9.7,1,3,3,5,1,96,2,1,Service,6.84,34.0,92.0,8,8
1497,Female,21,BTech,Electrical,8.11,0,3,1,4,5,72,2,0,,0.0,27.0,81.1,6,6
1498,Female,20,BSc,IT,6.12,1,2,5,10,8,82,3,0,,0.0,33.333333333333336,56.2,10,10
1499,Male,20,BTech,IT,7.13,0,0,4,2,6,60,1,0,,0.0,22.666666666666668,71.3,5,5
1500,Male,22,BSc,Electrical,5.54,3,0,1,6,4,93,2,0,,0.0,34.333333333333336,40.4,3,3
1501,Male,24,BTech,AI,8.09,1,2,0,5,10,71,2,1,Startup,14.0,28.666666666666668,75.9,4,4
1502,Female,22,BCA,Mechanical,9.03,0,0,0,1,1,55,3,0,,0.0,19.0,90.3,3,3
1503,Female,23,BTech,AI,8.21,1,3,4,10,10,44,4,0,,0.0,21.333333333333332,77.10000000000001,11,11
1504,Male,21,BTech,AI,8.88,3,3,0,3,2,66,3,0,,0.0,23.666666666666668,73.80000000000001,6,6
1505,Male,21,BTech,IT,8.94,2,3,2,4,2,65,5,0,,0.0,23.666666666666668,79.39999999999999,10,10
1506,Male,20,BSc,AI,9.16,3,3,5,1,3,58,3,0,,0.0,20.666666666666668,76.6,11,11
1507,Female,24,BE,CS,6.65,2,0,2,8,2,61,4,1,Service,4.36,23.666666666666668,56.5,6,6
1508,Female,20,BTech,Electrical,9.25,0,2,5,3,4,96,0,0,,0.0,34.333333333333336,92.5,7,7
1509,Female,23,BTech,Electrical,8.31,3,2,5,5,4,49,3,0,,0.0,19.333333333333332,68.10000000000001,10,10
1510,Female,22,BCA,Mechanical,6.75,0,2,4,3,5,91,3,0,,0.0,33.0,67.5,9,9
1511,Male,22,BTech,Electrical,9.75,3,1,0,4,9,54,5,0,,0.0,22.333333333333332,82.5,6,6
1512,Male,24,BCA,AI,9.59,1,2,2,9,3,73,2,1,Startup,5.77,28.333333333333332,90.9,6,6
1513,Male,20,BTech,AI,7.97,2,1,0,3,6,69,1,0,,0.0,26.0,69.7,2,2
1514,Male,20,BSc,DS,9.13,1,2,1,8,10,74,1,1,Service,7.08,30.666666666666668,86.30000000000001,4,4
1515,Female,23,BE,Mechanical,6.62,0,3,5,6,4,53,3,0,,0.0,21.0,66.2,11,11
1516,Female,22,BE,Mechanical,7.29,1,2,0,6,7,62,1,1,Service,3.16,25.0,67.9,3,3
1517,Male,20,BE,Electrical,6.29,2,1,0,1,4,88,2,0,,0.0,31.0,52.9,3,3
1518,Male,24,BSc,AI,7.74,2,3,4,7,7,46,3,0,,0.0,20.0,67.4,10,10
1519,Female,22,BCA,CS,7.63,2,1,1,4,1,85,3,0,,0.0,30.0,66.3,5,5
1520,Male,23,BE,DS,6.42,2,0,2,8,9,65,3,0,,0.0,27.333333333333332,54.2,5,5
1521,Female,24,BSc,CS,8.39,2,0,5,9,1,68,2,1,Product,12.81,26.0,73.9,7,7
1522,Male,21,BSc,AI,6.01,0,0,5,2,5,49,1,0,,0.0,18.666666666666668,60.099999999999994,6,6
1523,Male,23,BTech,Mechanical,5.77,1,3,5,8,8,99,3,0,,0.0,38.333333333333336,52.699999999999996,11,11
1524,Male,24,BCA,Mechanical,7.16,3,3,2,8,8,87,4,1,Startup,9.78,34.333333333333336,56.599999999999994,9,9
1525,Male,20,BSc,CS,7.26,1,1,5,6,6,69,3,1,Startup,13.9,27.0,67.6,9,9
1526,Male,21,BCA,IT,6.87,1,3,0,3,6,85,1,0,,0.0,31.333333333333332,63.7,4,4
1527,Male,23,BE,AI,6.61,0,2,3,5,2,85,0,1,Product,12.77,30.666666666666668,66.10000000000001,5,5
1528,Male,20,BE,Mechanical,6.96,0,1,3,2,4,62,0,0,,0.0,22.666666666666668,69.6,4,4
1529,Female,21,BE,Electrical,6.2,0,2,5,6,8,49,0,0,,0.0,21.0,62.0,7,7
1530,Female,22,BTech,IT,7.23,0,3,2,3,2,86,5,0,,0.0,30.333333333333332,72.30000000000001,10,10
1531,Female,20,BTech,Mechanical,9.39,1,2,0,4,6,65,4,0,,0.0,25.0,88.9,6,6
1532,Female,24,BCA,Electrical,6.47,2,3,0,9,3,93,0,0,,0.0,35.0,54.7,3,3
1533,Female,23,BCA,Mechanical,8.44,2,3,1,10,7,57,2,0,,0.0,24.666666666666668,74.39999999999999,6,6
1534,Male,21,BTech,IT,6.11,0,2,4,5,9,40,2,0,,0.0,18.0,61.1,8,8
1535,Male,20,BSc,CS,7.02,3,0,3,7,8,42,0,0,,0.0,19.0,55.19999999999999,3,3
1536,Female,22,BCA,AI,6.88,1,3,5,9,8,80,0,1,Service,7.53,32.333333333333336,63.8,8,8
1537,Male,23,BCA,IT,9.53,1,1,0,5,9,49,1,0,,0.0,21.0,90.3,2,2
1538,Female,23,BE,IT,7.34,3,1,2,1,2,68,2,0,,0.0,23.666666666666668,58.400000000000006,5,5
1539,Female,20,BCA,Mechanical,8.47,0,0,3,2,6,44,1,0,,0.0,17.333333333333332,84.7,4,4
1540,Male,22,BCA,Electrical,8.09,1,2,4,3,9,44,5,0,,0.0,18.666666666666668,75.9,11,11
1541,Male,21,BSc,IT,6.11,3,0,0,3,2,54,1,0,,0.0,19.666666666666668,46.1,1,1
1542,Male,20,BCA,AI,9.54,2,2,3,1,9,65,0,0,,0.0,25.0,85.39999999999999,5,5
1543,Female,21,BSc,CS,6.99,3,0,0,9,2,65,1,1,Service,4.32,25.333333333333332,54.900000000000006,1,1
1544,Male,23,BE,Electrical,5.69,3,3,5,9,9,75,5,0,,0.0,31.0,41.900000000000006,13,13
1545,Female,21,BTech,CS,6.79,0,1,4,4,1,43,0,0,,0.0,16.0,67.9,5,5
1546,Female,22,BE,CS,6.94,1,0,1,9,6,94,0,1,Service,7.09,36.333333333333336,64.4,1,1
1547,Female,24,BSc,AI,5.9,3,1,3,4,6,98,3,0,,0.0,36.0,44.0,7,7
1548,Male,22,BSc,Mechanical,8.17,1,2,4,8,2,65,2,1,Startup,6.14,25.0,76.7,8,8
1549,Male,21,BCA,Electrical,6.99,1,0,1,3,7,89,4,0,,0.0,33.0,64.9,5,5
1550,Female,20,BCA,Electrical,8.21,0,0,1,9,10,68,5,1,Product,12.99,29.0,82.10000000000001,6,6
1551,Male,23,BTech,AI,5.53,2,0,4,4,4,78,2,0,,0.0,28.666666666666668,45.300000000000004,6,6
1552,Male,24,BSc,Electrical,9.72,1,0,2,8,4,91,4,1,Service,4.13,34.333333333333336,92.2,6,6
1553,Male,20,BSc,IT,6.23,0,1,4,2,9,61,3,0,,0.0,24.0,62.300000000000004,8,8
1554,Female,20,BE,DS,8.34,0,3,0,7,2,40,3,0,,0.0,16.333333333333332,83.4,6,6
1555,Female,22,BTech,DS,8.58,3,1,2,2,9,67,2,0,,0.0,26.0,70.8,5,5
1556,Male,21,BE,DS,6.24,1,3,1,5,9,85,3,0,,0.0,33.0,57.400000000000006,7,7
1557,Female,22,BCA,CS,5.98,0,0,3,9,6,78,3,0,,0.0,31.0,59.800000000000004,6,6
1558,Male,21,BCA,Electrical,6.16,2,3,1,5,10,58,0,0,,0.0,24.333333333333332,51.6,4,4
1559,Male,22,BE,AI,6.56,3,1,3,4,7,80,3,0,,0.0,30.333333333333332,50.599999999999994,7,7
1560,Male,20,BCA,Electrical,6.22,2,0,3,8,4,92,1,0,,0.0,34.666666666666664,52.199999999999996,4,4
1561,Male,23,BE,AI,8.4,0,1,4,5,1,51,3,0,,0.0,19.0,84.0,8,8
1562,Female,21,BSc,Electrical,7.31,3,1,4,9,9,93,5,1,Product,9.41,37.0,58.099999999999994,10,10
1563,Female,24,BSc,CS,7.81,1,1,1,9,9,81,5,1,Service,5.07,33.0,73.1,7,7
1564,Female,24,BCA,IT,5.7,3,3,4,2,1,45,5,0,,0.0,16.0,42.0,12,12
1565,Male,20,BTech,DS,9.2,3,0,1,10,4,94,5,1,Product,6.28,36.0,77.0,6,6
1566,Male,22,BSc,DS,6.23,2,0,4,9,7,74,4,0,,0.0,30.0,52.300000000000004,8,8
1567,Male,22,BCA,Electrical,7.05,1,1,4,8,3,50,2,0,,0.0,20.333333333333332,65.5,7,7
1568,Female,20,BTech,CS,5.81,0,2,3,10,5,40,4,0,,0.0,18.333333333333332,58.099999999999994,9,9
1569,Male,24,BCA,DS,6.09,2,1,2,7,5,40,0,0,,0.0,17.333333333333332,50.9,3,3
1570,Female,24,BE,Electrical,8.36,1,3,4,6,8,46,3,0,,0.0,20.0,78.6,10,10
1571,Female,22,BCA,Mechanical,8.48,0,3,5,4,9,82,1,0,,0.0,31.666666666666668,84.80000000000001,9,9
1572,Female,21,BE,Electrical,8.41,3,0,5,7,1,99,5,1,Service,4.65,35.666666666666664,69.1,10,10
1573,Female,23,BSc,AI,7.87,1,2,5,6,2,81,0,1,Startup,12.02,29.666666666666668,73.7,7,7
1574,Female,21,BSc,DS,9.6,2,3,4,8,5,68,5,1,Startup,12.28,27.0,86.0,12,12
1575,Female,24,BCA,DS,7.68,0,0,1,1,1,73,2,0,,0.0,25.0,76.8,3,3
1576,Male,21,BTech,Mechanical,7.43,0,2,3,3,6,46,3,0,,0.0,18.333333333333332,74.3,8,8
1577,Male,23,BCA,IT,6.56,1,2,5,8,6,70,5,1,Service,5.99,28.0,60.599999999999994,12,12
1578,Female,21,BCA,Electrical,5.93,1,0,3,2,3,99,5,0,,0.0,34.666666666666664,54.3,8,8
1579,Female,21,BSc,IT,7.86,3,3,2,9,4,95,2,1,Product,6.82,36.0,63.60000000000001,7,7
1580,Male,21,BSc,Electrical,6.85,0,1,2,2,3,40,0,0,,0.0,15.0,68.5,3,3
1581,Female,21,BCA,Mechanical,7.75,3,3,2,9,5,76,1,1,Product,13.08,30.0,62.5,6,6
1582,Female,20,BSc,IT,6.39,3,3,4,7,9,65,2,0,,0.0,27.0,48.9,9,9
1583,Male,24,BE,CS,9.1,2,3,1,4,10,89,3,0,,0.0,34.333333333333336,81.0,7,7
1584,Female,23,BCA,Mechanical,9.8,2,0,5,3,3,68,4,0,,0.0,24.666666666666668,88.0,9,9
1585,Female,24,BSc,Electrical,6.89,1,0,0,8,2,74,4,1,Service,13.13,28.0,63.89999999999999,4,4
1586,Female,20,BCA,AI,9.12,1,1,5,10,6,76,2,1,Product,8.79,30.666666666666668,86.19999999999999,8,8
1587,Male,20,BSc,AI,9.25,1,3,5,7,10,49,1,0,,0.0,22.0,87.5,9,9
1588,Male,20,BE,AI,9.78,2,3,1,10,1,44,5,0,,0.0,18.333333333333332,87.8,9,9
1589,Male,20,BE,Electrical,6.97,3,1,3,1,9,69,0,0,,0.0,26.333333333333332,54.7,4,4
1590,Female,21,BCA,DS,8.75,3,2,2,7,10,89,3,1,Product,14.93,35.333333333333336,72.5,7,7
1591,Female,24,BE,Mechanical,6.48,2,2,0,1,3,85,2,0,,0.0,29.666666666666668,54.80000000000001,4,4
1592,Male,22,BE,Mechanical,8.19,1,1,3,1,3,43,3,0,,0.0,15.666666666666666,76.89999999999999,7,7
1593,Female,23,BSc,IT,8.53,1,3,2,5,8,46,1,0,,0.0,19.666666666666668,80.3,6,6
1594,Female,20,BCA,Mechanical,8.69,3,0,5,10,6,93,4,1,Product,14.97,36.333333333333336,71.89999999999999,9,9
1595,Female,24,BSc,Mechanical,6.39,0,3,0,5,3,90,0,0,,0.0,32.666666666666664,63.9,3,3
1596,Female,20,BSc,IT,9.15,0,1,1,2,6,59,4,0,,0.0,22.333333333333332,91.5,6,6
1597,Female,20,BTech,Mechanical,7.31,0,1,5,7,6,67,0,1,Service,3.49,26.666666666666668,73.1,6,6
1598,Male,20,BE,Mechanical,6.43,0,1,3,3,3,46,4,0,,0.0,17.333333333333332,64.3,8,8
1599,Female,20,BSc,CS,7.83,1,0,4,1,6,50,2,0,,0.0,19.0,73.3,6,6
1600,Male,20,BSc,Electrical,9.21,2,3,5,7,10,88,1,1,Service,4.72,35.0,82.10000000000001,9,9
1601,Female,23,BSc,IT,9.66,2,0,0,4,8,53,4,0,,0.0,21.666666666666668,86.6,4,4
1602,Male,24,BE,CS,8.72,0,2,0,4,9,47,1,0,,0.0,20.0,87.2,3,3
1603,Female,20,BE,DS,5.52,2,3,5,3,3,63,4,0,,0.0,23.0,45.199999999999996,12,12
1604,Male,20,BE,IT,6.08,3,1,5,7,2,90,3,0,,0.0,33.0,45.8,9,9
1605,Female,20,BCA,Electrical,5.83,0,3,1,2,10,93,4,0,,0.0,35.0,58.3,8,8
1606,Male,20,BSc,Mechanical,5.94,1,1,1,7,10,70,0,0,,0.0,29.0,54.400000000000006,2,2
1607,Female,21,BE,Mechanical,7.15,0,0,3,10,7,98,3,1,Startup,11.23,38.333333333333336,71.5,6,6
1608,Male,21,BSc,CS,6.96,3,3,4,8,8,41,2,0,,0.0,19.0,54.599999999999994,9,9
1609,Female,22,BCA,CS,5.99,2,1,2,2,9,47,2,0,,0.0,19.333333333333332,49.900000000000006,5,5
1610,Male,20,BTech,DS,9.29,2,0,5,8,1,66,2,1,Product,3.07,25.0,82.89999999999999,7,7
1611,Male,22,BCA,DS,8.15,2,3,0,7,1,82,1,1,Product,12.03,30.0,71.5,4,4
1612,Female,23,BE,Electrical,8.92,1,3,0,10,1,63,5,1,Service,14.79,24.666666666666668,84.2,8,8
1613,Female,22,BE,Mechanical,7.1,0,2,3,8,4,90,5,1,Product,13.73,34.0,71.0,10,10
1614,Male,24,BCA,AI,7.26,1,3,2,3,3,45,2,0,,0.0,17.0,67.6,7,7
1615,Female,21,BSc,DS,6.87,3,2,2,6,7,50,4,0,,0.0,21.0,53.7,8,8
1616,Male,21,BE,Mechanical,7.39,1,3,5,1,6,88,3,0,,0.0,31.666666666666668,68.89999999999999,11,11
1617,Male,20,BE,DS,8.12,0,2,2,7,3,55,0,0,,0.0,21.666666666666668,81.19999999999999,4,4
1618,Male,20,BCA,IT,7.62,2,0,3,4,3,91,5,0,,0.0,32.666666666666664,66.2,8,8
1619,Female,23,BSc,CS,9.1,2,3,0,4,5,68,2,0,,0.0,25.666666666666668,81.0,5,5
1620,Male,23,BCA,Mechanical,9.37,2,0,1,9,4,80,0,1,Product,10.68,31.0,83.69999999999999,1,1
1621,Male,24,BCA,DS,7.52,2,3,0,7,9,69,1,1,Startup,3.16,28.333333333333332,65.19999999999999,4,4
1622,Female,20,BSc,CS,6.53,1,3,1,8,1,84,5,1,Product,12.7,31.0,60.3,9,9
1623,Female,20,BSc,AI,9.56,0,3,1,6,1,46,5,0,,0.0,17.666666666666668,95.60000000000001,9,9
1624,Female,23,BTech,DS,8.66,0,3,3,2,5,55,1,0,,0.0,20.666666666666668,86.6,7,7
1625,Female,23,BCA,Mechanical,8.25,0,3,5,3,8,75,5,0,,0.0,28.666666666666668,82.5,13,13
1626,Male,23,BSc,IT,8.71,1,3,2,4,4,70,0,0,,0.0,26.0,82.10000000000001,5,5
1627,Male,21,BE,CS,5.83,2,1,5,2,9,50,4,0,,0.0,20.333333333333332,48.3,10,10
1628,Male,22,BTech,CS,5.79,2,3,3,1,7,58,0,0,,0.0,22.0,47.9,6,6
1629,Male,22,BCA,IT,6.16,0,2,5,9,3,53,3,0,,0.0,21.666666666666668,61.6,10,10
1630,Female,20,BSc,Mechanical,6.13,2,3,5,10,6,97,2,0,,0.0,37.666666666666664,51.3,10,10
1631,Male,21,BTech,Electrical,7.31,1,0,1,2,6,54,4,0,,0.0,20.666666666666668,68.1,5,5
1632,Male,23,BTech,AI,6.18,3,2,0,5,5,47,0,0,,0.0,19.0,46.8,2,2
1633,Female,20,BE,Electrical,9.17,2,2,1,7,8,51,3,0,,0.0,22.0,81.7,6,6
1634,Male,21,BTech,IT,7.99,3,2,3,2,1,82,0,0,,0.0,28.333333333333332,64.9,5,5
1635,Male,24,BCA,AI,7.08,3,1,5,6,10,63,2,1,Startup,14.17,26.333333333333332,55.8,8,8
1636,Male,21,BSc,Mechanical,5.8,3,3,5,10,4,77,1,0,,0.0,30.333333333333332,43.0,9,9
1637,Male,20,BTech,DS,8.04,2,0,0,8,7,94,0,1,Product,7.87,36.333333333333336,70.39999999999999,0,0
1638,Male,22,BTech,DS,6.0,3,0,2,7,6,52,3,0,,0.0,21.666666666666668,45.0,5,5
1639,Male,23,BCA,Electrical,8.7,2,0,3,6,7,57,5,0,,0.0,23.333333333333332,77.0,8,8
1640,Female,24,BE,Mechanical,8.95,0,1,5,8,3,74,5,1,Startup,5.04,28.333333333333332,89.5,11,11
1641,Female,21,BE,AI,7.84,1,1,5,2,3,68,0,0,,0.0,24.333333333333332,73.4,6,6
1642,Male,20,BSc,Electrical,6.14,3,1,4,4,1,59,5,0,,0.0,21.333333333333332,46.4,10,10
1643,Male,20,BCA,IT,8.88,3,3,5,4,7,93,2,0,,0.0,34.666666666666664,73.80000000000001,10,10
1644,Female,23,BE,Electrical,6.82,0,1,1,7,4,73,3,1,Startup,11.17,28.0,68.2,5,5
1645,Male,20,BSc,Mechanical,6.46,1,0,2,7,9,42,1,0,,0.0,19.333333333333332,59.599999999999994,3,3
1646,Male,20,BSc,Mechanical,7.52,0,1,2,3,5,79,2,0,,0.0,29.0,75.19999999999999,5,5
1647,Male,23,BE,DS,9.47,1,0,5,4,5,74,0,0,,0.0,27.666666666666668,89.7,5,5
1648,Female,24,BCA,IT,6.78,3,2,0,1,9,81,5,0,,0.0,30.333333333333332,52.8,7,7
1649,Male,22,BTech,DS,9.39,1,0,3,8,1,70,4,1,Service,4.35,26.333333333333332,88.9,7,7
1650,Female,22,BE,AI,5.73,0,2,5,4,6,95,0,0,,0.0,35.0,57.300000000000004,7,7
1651,Male,21,BTech,AI,5.86,3,3,5,5,8,46,1,0,,0.0,19.666666666666668,43.6,9,9
1652,Female,24,BTech,CS,8.5,0,1,1,5,1,48,5,0,,0.0,18.0,85.0,7,7
1653,Female,21,BCA,Mechanical,6.32,3,3,5,1,10,93,0,0,,0.0,34.666666666666664,48.2,8,8
1654,Male,22,BCA,IT,6.86,2,3,4,1,9,92,5,0,,0.0,34.0,58.60000000000001,12,12
1655,Female,23,BSc,IT,6.09,3,3,1,7,8,89,4,0,,0.0,34.666666666666664,45.9,8,8
1656,Male,20,BCA,DS,6.93,1,2,5,1,6,98,1,0,,0.0,35.0,64.3,8,8
1657,Female,22,BSc,Electrical,6.71,1,1,5,9,9,87,1,1,Startup,11.22,35.0,62.099999999999994,7,7
1658,Male,24,BE,Electrical,8.67,1,3,3,6,3,56,0,0,,0.0,21.666666666666668,81.7,6,6
1659,Male,22,BTech,DS,8.52,1,3,2,1,4,91,2,0,,0.0,32.0,80.19999999999999,7,7
1660,Female,24,BCA,Electrical,9.61,1,0,4,1,3,46,1,0,,0.0,16.666666666666668,91.1,5,5
1661,Male,24,BE,IT,8.62,2,0,0,5,5,90,3,1,Product,6.09,33.333333333333336,76.19999999999999,3,3
1662,Male,24,BSc,DS,8.49,3,1,3,3,1,44,1,0,,0.0,16.0,69.9,5,5
1663,Female,21,BCA,Electrical,8.49,3,0,1,8,1,63,5,1,Product,8.04,24.0,69.9,6,6
1664,Male,23,BTech,CS,9.3,2,2,3,8,2,54,3,0,,0.0,21.333333333333332,83.0,8,8
1665,Male,22,BE,Mechanical,6.77,2,2,0,10,1,41,2,0,,0.0,17.333333333333332,57.69999999999999,4,4
1666,Female,23,BCA,CS,6.79,1,2,1,8,3,96,4,1,Service,11.76,35.666666666666664,62.900000000000006,7,7
1667,Female,20,BCA,Electrical,8.69,0,3,4,6,2,54,5,0,,0.0,20.666666666666668,86.89999999999999,12,12
1668,Male,22,BE,AI,6.48,0,1,1,5,10,60,3,0,,0.0,25.0,64.80000000000001,5,5
1669,Male,23,BSc,IT,9.42,1,2,1,5,7,76,3,1,Product,11.26,29.333333333333332,89.2,6,6
1670,Female,23,BSc,CS,7.8,2,2,0,6,8,53,4,0,,0.0,22.333333333333332,68.0,6,6
1671,Female,20,BCA,CS,6.79,3,2,1,6,2,90,1,1,Startup,8.1,32.666666666666664,52.900000000000006,4,4
1672,Male,24,BSc,DS,8.84,0,2,3,10,4,41,3,0,,0.0,18.333333333333332,88.4,8,8
1673,Female,22,BSc,DS,6.84,0,2,2,9,8,64,3,1,Startup,13.55,27.0,68.4,7,7
1674,Male,22,BE,DS,9.64,2,2,0,7,10,66,4,1,Service,5.0,27.666666666666668,86.4,6,6
1675,Male,20,BSc,Electrical,9.73,1,1,0,6,1,91,1,1,Service,13.82,32.666666666666664,92.30000000000001,2,2
1676,Male,24,BSc,AI,8.37,3,2,0,10,8,92,0,1,Startup,12.95,36.666666666666664,68.69999999999999,2,2
1677,Male,22,BE,CS,5.99,1,1,3,7,8,90,5,0,,0.0,35.0,54.900000000000006,9,9
1678,Male,22,BCA,Mechanical,6.63,1,1,3,3,2,77,3,0,,0.0,27.333333333333332,61.3,7,7
1679,Female,22,BCA,DS,7.72,1,1,3,2,3,92,2,0,,0.0,32.333333333333336,72.2,6,6
1680,Female,24,BE,AI,9.16,1,2,5,10,9,58,4,0,,0.0,25.666666666666668,86.6,11,11
1681,Female,20,BTech,Electrical,6.3,0,2,3,7,10,81,3,0,,0.0,32.666666666666664,63.0,8,8
1682,Female,22,BE,AI,5.95,2,1,1,3,5,87,1,0,,0.0,31.666666666666668,49.5,3,3
1683,Male,23,BTech,DS,5.82,3,1,0,4,7,69,2,0,,0.0,26.666666666666668,43.2,3,3
1684,Male,24,BSc,IT,7.68,0,2,5,2,5,88,0,0,,0.0,31.666666666666668,76.8,7,7
1685,Male,21,BCA,CS,9.3,3,0,0,5,10,49,2,0,,0.0,21.333333333333332,78.0,2,2
1686,Male,20,BTech,DS,5.68,3,0,4,5,2,70,5,0,,0.0,25.666666666666668,41.8,9,9
1687,Female,23,BTech,Mechanical,6.41,0,0,2,10,2,52,5,0,,0.0,21.333333333333332,64.1,7,7
1688,Male,22,BSc,CS,8.48,0,2,1,10,1,52,3,0,,0.0,21.0,84.80000000000001,6,6
1689,Male,21,BCA,AI,9.05,3,1,2,1,6,66,2,0,,0.0,24.333333333333332,75.5,5,5
1690,Female,20,BSc,Mechanical,8.97,3,0,1,4,7,85,0,0,,0.0,32.0,74.7,1,1
1691,Female,24,BCA,CS,8.88,2,3,1,3,5,58,1,0,,0.0,22.0,78.80000000000001,5,5
1692,Female,21,BCA,Mechanical,6.06,0,3,1,7,3,58,0,0,,0.0,22.666666666666668,60.599999999999994,4,4
1693,Female,21,BSc,AI,7.21,0,1,0,5,10,76,5,1,Service,3.72,30.333333333333332,72.1,6,6
1694,Male,23,BTech,DS,9.73,3,3,2,6,10,80,5,1,Product,10.98,32.0,82.30000000000001,10,10
1695,Male,20,BE,Mechanical,9.75,3,2,2,2,9,54,0,0,,0.0,21.666666666666668,82.5,4,4
1696,Female,23,BCA,DS,8.09,1,3,3,1,8,67,4,0,,0.0,25.333333333333332,75.9,10,10
1697,Male,23,BCA,AI,8.55,3,1,2,3,2,83,4,0,,0.0,29.333333333333332,70.5,7,7
1698,Male,22,BE,AI,9.59,3,0,3,10,3,75,5,1,Product,10.99,29.333333333333332,80.9,8,8
1699,Male,24,BE,Mechanical,7.43,2,2,4,3,7,67,0,0,,0.0,25.666666666666668,64.3,6,6
1700,Female,21,BSc,Mechanical,6.09,3,1,3,10,9,89,2,0,,0.0,36.0,45.9,6,6
1701,Male,20,BCA,AI,8.38,1,2,5,7,2,72,2,1,Startup,3.64,27.0,78.80000000000001,9,9
1702,Female,24,BSc,Mechanical,9.63,1,0,1,7,10,83,0,1,Product,5.36,33.333333333333336,91.30000000000001,1,1
1703,Male,24,BE,Mechanical,8.5,0,0,0,10,7,94,2,1,Service,13.72,37.0,85.0,2,2
1704,Male,20,BSc,Mechanical,8.95,1,0,5,6,8,96,1,1,Startup,8.01,36.666666666666664,84.5,6,6
1705,Male,24,BCA,Electrical,7.32,0,2,1,4,6,61,2,0,,0.0,23.666666666666668,73.2,5,5
1706,Female,22,BTech,Mechanical,5.91,3,3,4,8,6,48,2,0,,0.0,20.666666666666668,44.1,9,9
1707,Male,24,BTech,CS,6.23,1,2,5,10,8,75,0,0,,0.0,31.0,57.300000000000004,7,7
1708,Female,22,BCA,AI,9.73,2,0,0,2,3,45,2,0,,0.0,16.666666666666668,87.30000000000001,2,2
1709,Female,21,BSc,AI,7.62,2,2,4,7,8,41,2,0,,0.0,18.666666666666668,66.2,8,8
1710,Female,21,BE,IT,5.55,1,2,5,1,10,82,4,0,,0.0,31.0,50.5,11,11
1711,Male,23,BE,DS,9.61,0,3,1,8,1,82,4,1,Product,13.29,30.333333333333332,96.1,8,8
1712,Male,22,BTech,IT,7.64,0,0,0,5,2,65,2,1,Service,13.84,24.0,76.39999999999999,2,2
1713,Male,21,BSc,Mechanical,9.1,0,3,4,6,6,44,2,0,,0.0,18.666666666666668,91.0,9,9
1714,Male,24,BE,Mechanical,7.86,1,0,5,6,2,62,5,1,Product,6.33,23.333333333333332,73.60000000000001,10,10
1715,Female,20,BE,CS,5.94,3,1,3,1,10,99,0,0,,0.0,36.666666666666664,44.400000000000006,4,4
1716,Female,20,BCA,CS,8.15,3,0,2,7,2,45,1,0,,0.0,18.0,66.5,3,3
1717,Female,22,BSc,CS,9.79,3,2,1,3,3,40,4,0,,0.0,15.333333333333334,82.89999999999999,7,7
1718,Male,23,BSc,CS,5.65,0,1,3,2,3,74,3,0,,0.0,26.333333333333332,56.5,7,7
1719,Female,24,BE,CS,9.12,1,2,4,7,4,92,2,1,Service,9.07,34.333333333333336,86.19999999999999,8,8
1720,Male,22,BSc,CS,6.51,2,1,4,10,9,80,3,1,Product,9.56,33.0,55.099999999999994,8,8
1721,Female,20,BSc,CS,7.19,3,2,5,9,9,72,0,1,Product,14.23,30.0,56.900000000000006,7,7
1722,Male,22,BSc,CS,7.1,3,1,5,4,2,65,3,0,,0.0,23.666666666666668,56.0,9,9
1723,Male,24,BCA,Electrical,9.36,0,1,0,7,2,64,1,1,Startup,6.83,24.333333333333332,93.6,2,2
1724,Female,21,BE,CS,7.67,3,2,3,5,6,52,1,0,,0.0,21.0,61.7,6,6
1725,Female,24,BTech,AI,7.42,1,1,4,10,5,56,5,0,,0.0,23.666666666666668,69.2,10,10
1726,Female,21,BSc,CS,9.02,3,2,0,10,5,55,0,0,,0.0,23.333333333333332,75.19999999999999,2,2
1727,Female,21,BE,DS,5.71,0,3,2,7,7,83,4,0,,0.0,32.333333333333336,57.1,9,9
1728,Male,21,BTech,CS,5.87,1,2,2,1,9,69,2,0,,0.0,26.333333333333332,53.7,6,6
1729,Female,22,BCA,Electrical,5.59,0,3,0,10,1,41,3,0,,0.0,17.333333333333332,55.9,6,6
1730,Female,20,BE,Mechanical,8.46,2,1,3,9,5,43,0,0,,0.0,19.0,74.60000000000001,4,4
1731,Female,22,BCA,Electrical,7.76,3,0,0,6,5,52,1,0,,0.0,21.0,62.599999999999994,1,1
1732,Male,20,BE,Electrical,9.27,1,3,5,8,5,77,5,1,Startup,6.96,30.0,87.69999999999999,13,13
1733,Male,24,BCA,Mechanical,7.64,1,0,0,9,9,56,1,0,,0.0,24.666666666666668,71.39999999999999,1,1
1734,Female,23,BE,CS,6.45,3,0,3,1,6,62,0,0,,0.0,23.0,49.5,3,3
1735,Male,24,BCA,CS,8.96,2,2,2,5,8,68,0,1,Startup,6.37,27.0,79.60000000000001,4,4
1736,Female,22,BTech,Mechanical,6.77,2,2,4,7,8,87,0,1,Service,8.04,34.0,57.69999999999999,6,6
1737,Male,22,BE,DS,9.52,3,0,2,8,6,96,3,1,Service,9.09,36.666666666666664,80.19999999999999,5,5
1738,Male,20,BTech,IT,6.58,3,2,5,3,6,96,1,0,,0.0,35.0,50.8,8,8
1739,Male,22,BSc,AI,6.22,3,0,3,8,10,48,0,0,,0.0,22.0,47.199999999999996,3,3
1740,Male,21,BTech,Mechanical,7.62,0,2,1,5,8,54,2,0,,0.0,22.333333333333332,76.2,5,5
1741,Female,22,BE,CS,5.72,1,2,3,1,1,41,0,0,,0.0,14.333333333333334,52.199999999999996,5,5
1742,Female,20,BTech,AI,5.66,1,2,2,4,9,68,0,0,,0.0,27.0,51.6,4,4
1743,Female,20,BE,CS,7.63,3,0,2,2,9,73,3,0,,0.0,28.0,61.3,5,5
1744,Male,21,BCA,IT,6.42,0,1,3,5,8,56,5,0,,0.0,23.0,64.2,9,9
1745,Female,20,BSc,IT,5.54,0,2,3,4,4,53,4,0,,0.0,20.333333333333332,55.4,9,9
1746,Female,23,BTech,Mechanical,6.77,1,2,3,2,1,54,1,0,,0.0,19.0,62.69999999999999,6,6
1747,Female,24,BSc,AI,7.55,2,0,2,7,2,65,5,1,Product,4.15,24.666666666666668,65.5,7,7
1748,Male,22,BTech,Electrical,7.2,3,3,5,2,1,73,0,0,,0.0,25.333333333333332,57.0,8,8
1749,Male,23,BE,AI,6.08,3,0,0,2,3,42,3,0,,0.0,15.666666666666666,45.8,3,3
1750,Male,22,BTech,Electrical,7.99,0,2,1,4,9,57,4,0,,0.0,23.333333333333332,79.9,7,7
1751,Female,23,BSc,IT,8.55,1,2,0,5,6,76,4,1,Service,7.36,29.0,80.5,6,6
1752,Female,22,BTech,CS,8.4,0,1,5,10,5,75,4,1,Startup,4.02,30.0,84.0,10,10
1753,Female,21,BSc,Electrical,7.19,2,2,2,3,8,78,0,0,,0.0,29.666666666666668,61.900000000000006,4,4
1754,Male,20,BSc,Electrical,6.09,1,3,0,9,10,46,5,0,,0.0,21.666666666666668,55.9,8,8
1755,Male,20,BE,Mechanical,7.65,3,2,3,10,3,62,0,1,Product,5.9,25.0,61.5,5,5
1756,Female,21,BCA,DS,9.33,1,2,4,6,10,76,3,1,Startup,5.45,30.666666666666668,88.3,9,9
1757,Male,23,BCA,IT,7.52,1,1,3,8,3,99,1,1,Service,9.36,36.666666666666664,70.19999999999999,5,5
1758,Male,24,BTech,Electrical,6.34,3,3,1,5,5,65,3,0,,0.0,25.0,48.4,7,7
1759,Male,23,BSc,IT,5.9,2,3,3,8,1,91,4,0,,0.0,33.333333333333336,49.0,10,10
1760,Male,20,BE,Mechanical,9.56,0,2,4,10,7,54,5,0,,0.0,23.666666666666668,95.60000000000001,11,11
1761,Female,24,BCA,CS,8.69,2,3,2,6,3,63,2,1,Service,13.97,24.0,76.89999999999999,7,7
1762,Male,22,BE,AI,6.85,2,1,0,7,2,59,1,0,,0.0,22.666666666666668,58.5,2,2
1763,Male,24,BE,IT,6.77,2,0,3,2,7,76,3,0,,0.0,28.333333333333332,57.69999999999999,6,6
1764,Male,23,BSc,Mechanical,9.35,1,2,5,6,1,63,1,1,Product,6.34,23.333333333333332,88.5,8,8
1765,Male,21,BTech,Mechanical,6.26,2,2,0,5,1,53,2,0,,0.0,19.666666666666668,52.599999999999994,4,4
1766,Female,22,BSc,Mechanical,7.8,1,3,1,8,9,71,4,1,Startup,13.26,29.333333333333332,73.0,8,8
1767,Female,23,BCA,AI,8.57,1,2,5,5,7,74,3,1,Product,8.92,28.666666666666668,80.7,10,10
1768,Male,22,BCA,IT,7.2,0,2,5,7,3,62,1,1,Service,9.57,24.0,72.0,8,8
1769,Male,24,BE,Electrical,5.67,0,1,0,4,5,72,1,0,,0.0,27.0,56.7,2,2
1770,Male,20,BSc,Mechanical,6.48,2,0,1,2,2,41,0,0,,0.0,15.0,54.80000000000001,1,1
1771,Male,23,BSc,AI,9.38,1,0,1,3,5,99,4,0,,0.0,35.666666666666664,88.80000000000001,5,5
1772,Male,21,BE,CS,7.75,3,3,5,10,9,52,5,0,,0.0,23.666666666666668,62.5,13,13
1773,Male,24,BTech,DS,9.01,1,1,3,4,10,69,3,0,,0.0,27.666666666666668,85.1,7,7
1774,Female,23,BE,IT,7.89,0,1,5,3,5,73,4,0,,0.0,27.0,78.89999999999999,10,10
1775,Male,21,BE,AI,9.56,3,1,5,7,1,50,5,0,,0.0,19.333333333333332,80.60000000000001,11,11
1776,Female,23,BCA,DS,9.41,1,1,5,5,8,76,0,1,Product,7.98,29.666666666666668,89.1,6,6
1777,Female,24,BSc,DS,7.58,2,2,4,3,6,51,5,0,,0.0,20.0,65.8,11,11
1778,Male,23,BCA,AI,6.87,1,3,0,3,2,57,2,0,,0.0,20.666666666666668,63.7,5,5
1779,Female,22,BE,Electrical,8.09,3,3,1,9,6,59,5,0,,0.0,24.666666666666668,65.9,9,9
1780,Female,24,BSc,Electrical,8.4,2,2,1,9,9,88,4,1,Product,4.27,35.333333333333336,74.0,7,7
1781,Female,23,BE,AI,7.64,3,3,1,5,3,52,0,0,,0.0,20.0,61.39999999999999,4,4
1782,Female,20,BE,AI,9.04,0,1,2,2,5,45,2,0,,0.0,17.333333333333332,90.39999999999999,5,5
1783,Female,23,BTech,Mechanical,6.29,0,2,5,10,7,49,4,0,,0.0,22.0,62.9,11,11
1784,Female,22,BCA,CS,6.94,1,2,0,5,10,72,2,1,Product,14.68,29.0,64.4,4,4
1785,Male,21,BCA,Electrical,8.45,1,0,0,4,2,89,5,0,,0.0,31.666666666666668,79.5,5,5
1786,Female,21,BE,Mechanical,6.56,0,2,1,6,1,43,3,0,,0.0,16.666666666666668,65.6,6,6
1787,Female,21,BTech,DS,7.39,3,0,0,10,5,43,1,0,,0.0,19.333333333333332,58.89999999999999,1,1
1788,Female,20,BE,DS,9.64,3,2,0,6,4,80,5,1,Product,14.52,30.0,81.4,7,7
1789,Male,22,BE,DS,8.19,2,3,2,6,9,76,2,1,Product,8.33,30.333333333333332,71.89999999999999,7,7
1790,Female,24,BE,AI,9.58,2,0,1,7,10,81,1,1,Service,7.23,32.666666666666664,85.8,2,2
1791,Male,21,BTech,IT,8.61,2,0,0,2,4,51,3,0,,0.0,19.0,76.1,3,3
1792,Female,22,BSc,Mechanical,8.62,0,0,4,4,7,91,5,0,,0.0,34.0,86.19999999999999,9,9
1793,Male,23,BTech,IT,8.04,0,0,1,9,5,44,5,0,,0.0,19.333333333333332,80.39999999999999,6,6
1794,Male,20,BE,CS,6.11,0,1,0,5,5,94,2,0,,0.0,34.666666666666664,61.1,3,3
1795,Female,22,BSc,CS,7.73,1,2,2,1,6,64,1,0,,0.0,23.666666666666668,72.30000000000001,5,5
1796,Female,22,BE,Mechanical,6.59,3,1,5,6,8,64,2,1,Product,6.87,26.0,50.900000000000006,8,8
1797,Male,24,BTech,DS,9.79,0,3,4,5,4,72,0,1,Service,13.96,27.0,97.89999999999999,7,7
1798,Female,22,BTech,Electrical,6.65,2,2,3,2,9,91,2,0,,0.0,34.0,56.5,7,7
1799,Male,24,BSc,CS,6.49,2,1,3,3,6,54,2,0,,0.0,21.0,54.900000000000006,6,6
1800,Male,20,BTech,IT,8.18,0,2,5,3,8,59,5,0,,0.0,23.333333333333332,81.8,12,12
1801,Male,20,BE,IT,7.7,0,1,4,7,4,78,4,1,Service,14.4,29.666666666666668,77.0,9,9
1802,Male,23,BSc,Electrical,5.59,3,3,3,5,9,51,4,0,,0.0,21.666666666666668,40.9,10,10
1803,Male,24,BCA,AI,6.06,2,1,4,9,9,53,3,0,,0.0,23.666666666666668,50.599999999999994,8,8
1804,Female,24,BE,DS,8.99,3,3,5,1,1,61,3,0,,0.0,21.0,74.9,11,11
1805,Male,21,BCA,AI,7.58,0,0,5,3,1,63,3,0,,0.0,22.333333333333332,75.8,8,8
1806,Male,21,BSc,Mechanical,6.13,3,1,0,10,7,51,1,0,,0.0,22.666666666666668,46.3,2,2
1807,Female,23,BSc,CS,7.5,1,0,3,8,3,59,3,0,,0.0,23.333333333333332,70.0,6,6
1808,Male,20,BE,Electrical,6.59,0,3,3,3,7,87,3,0,,0.0,32.333333333333336,65.9,9,9
1809,Female,21,BTech,Electrical,6.46,2,0,4,3,1,67,4,0,,0.0,23.666666666666668,54.599999999999994,8,8
1810,Female,22,BE,Electrical,9.62,2,1,0,8,1,95,2,1,Startup,7.59,34.666666666666664,86.19999999999999,3,3
1811,Female,20,BTech,AI,7.06,3,2,0,10,7,50,5,0,,0.0,22.333333333333332,55.599999999999994,7,7
1812,Male,22,BTech,AI,5.7,0,1,1,3,4,61,3,0,,0.0,22.666666666666668,57.0,5,5
1813,Male,24,BE,Mechanical,9.67,2,0,1,2,2,89,3,0,,0.0,31.0,86.7,4,4
1814,Male,20,BSc,IT,8.92,3,0,0,3,5,72,2,0,,0.0,26.666666666666668,74.2,2,2
1815,Female,23,BE,IT,6.59,3,1,5,2,5,97,4,0,,0.0,34.666666666666664,50.900000000000006,10,10
1816,Male,24,BCA,Mechanical,7.26,0,1,5,8,4,53,5,0,,0.0,21.666666666666668,72.6,11,11
1817,Female,24,BSc,Electrical,9.21,2,1,5,5,9,52,4,0,,0.0,22.0,82.10000000000001,10,10
1818,Male,22,BTech,IT,7.04,2,1,4,3,2,64,2,0,,0.0,23.0,60.400000000000006,7,7
1819,Female,24,BSc,Mechanical,7.94,2,3,2,8,4,79,4,1,Service,7.56,30.333333333333332,69.4,9,9
1820,Male,21,BE,IT,7.8,0,2,2,8,2,55,5,0,,0.0,21.666666666666668,78.0,9,9
1821,Male,20,BSc,Mechanical,7.23,0,0,1,4,10,69,4,0,,0.0,27.666666666666668,72.30000000000001,5,5
1822,Male,21,BTech,IT,8.25,0,3,3,9,4,40,0,0,,0.0,17.666666666666668,82.5,6,6
1823,Female,22,BTech,Electrical,7.54,1,1,2,1,6,67,1,0,,0.0,24.666666666666668,70.4,4,4
1824,Female,22,BSc,AI,5.59,3,1,3,7,5,70,2,0,,0.0,27.333333333333332,40.9,6,6
1825,Male,20,BCA,AI,9.0,1,3,3,5,10,75,1,1,Product,8.65,30.0,85.0,7,7
1826,Male,24,BTech,Electrical,5.99,1,1,5,7,10,87,2,0,,0.0,34.666666666666664,54.900000000000006,8,8
1827,Female,23,BCA,IT,7.5,2,0,5,10,6,84,0,1,Startup,9.69,33.333333333333336,65.0,5,5
1828,Female,22,BTech,Electrical,7.99,2,0,5,8,2,89,5,1,Product,6.84,33.0,69.9,10,10
1829,Female,20,BSc,Mechanical,8.53,3,0,0,3,1,41,2,0,,0.0,15.0,70.3,2,2
1830,Male,23,BTech,AI,7.27,3,3,2,3,5,94,2,0,,0.0,34.0,57.69999999999999,7,7
1831,Female,24,BCA,CS,8.66,0,1,2,1,3,81,2,0,,0.0,28.333333333333332,86.6,5,5
1832,Male,22,BCA,IT,6.06,2,3,3,5,3,76,0,0,,0.0,28.0,50.599999999999994,6,6
1833,Female,20,BSc,CS,8.31,1,0,3,8,10,82,5,1,Product,13.26,33.333333333333336,78.10000000000001,8,8
1834,Male,20,BCA,CS,9.05,3,3,5,1,5,41,4,0,,0.0,15.666666666666666,75.5,12,12
1835,Female,20,BCA,DS,9.32,3,1,0,2,3,72,3,0,,0.0,25.666666666666668,78.2,4,4
1836,Female,22,BSc,CS,7.99,1,1,5,2,6,88,5,0,,0.0,32.0,74.9,11,11
1837,Female,23,BTech,CS,6.85,0,2,4,10,7,75,1,1,Service,12.82,30.666666666666668,68.5,7,7
1838,Female,20,BSc,Electrical,6.2,2,2,2,2,6,69,1,0,,0.0,25.666666666666668,52.0,5,5
1839,Female,24,BTech,DS,6.99,2,2,5,5,10,91,1,1,Service,8.33,35.333333333333336,59.900000000000006,8,8
1840,Male,20,BTech,DS,7.82,1,0,5,10,8,73,3,1,Startup,13.6,30.333333333333332,73.2,8,8
1841,Female,23,BTech,DS,6.34,0,2,2,7,4,57,4,0,,0.0,22.666666666666668,63.4,8,8
1842,Female,22,BE,Mechanical,9.6,1,0,0,3,6,75,0,0,,0.0,28.0,91.0,0,0
1843,Female,20,BTech,DS,9.36,2,3,0,1,3,63,2,0,,0.0,22.333333333333332,83.6,5,5
1844,Male,20,BSc,Electrical,5.64,1,1,4,9,10,93,2,0,,0.0,37.333333333333336,51.4,7,7
1845,Female,24,BSc,Mechanical,7.92,1,3,3,9,7,40,4,0,,0.0,18.666666666666668,74.2,10,10
1846,Male,24,BSc,IT,8.89,2,2,2,4,6,85,0,0,,0.0,31.666666666666668,78.9,4,4
1847,Female,20,BE,Mechanical,6.56,2,2,3,5,6,63,5,1,Service,14.67,24.666666666666668,55.599999999999994,10,10
1848,Female,20,BCA,IT,7.75,2,0,2,4,3,60,2,0,,0.0,22.333333333333332,67.5,4,4
1849,Male,24,BE,DS,7.25,1,0,0,8,1,68,5,1,Service,3.42,25.666666666666668,67.5,5,5
1850,Female,23,BSc,DS,6.35,1,3,5,1,2,52,0,0,,0.0,18.333333333333332,58.5,8,8
1851,Male,21,BSc,IT,8.14,1,3,0,4,10,49,4,0,,0.0,21.0,76.4,7,7
1852,Male,21,BCA,AI,9.77,0,2,0,4,10,52,4,0,,0.0,22.0,97.69999999999999,6,6
1853,Female,20,BE,Electrical,7.07,3,0,4,3,3,50,4,0,,0.0,18.666666666666668,55.7,8,8
1854,Male,24,BSc,Mechanical,7.88,0,0,2,4,1,77,2,0,,0.0,27.333333333333332,78.8,4,4
1855,Female,22,BTech,Electrical,6.91,3,3,0,7,8,94,0,1,Service,6.74,36.333333333333336,54.099999999999994,3,3
1856,Female,22,BTech,Electrical,9.27,2,0,5,5,9,97,1,1,Product,11.67,37.0,82.69999999999999,6,6
1857,Male,21,BSc,CS,9.22,3,3,4,3,7,45,1,0,,0.0,18.333333333333332,77.2,8,8
1858,Male,23,BTech,DS,6.27,0,1,3,6,7,90,2,0,,0.0,34.333333333333336,62.699999999999996,6,6
1859,Male,21,BCA,Mechanical,9.37,2,2,4,10,3,49,3,0,,0.0,20.666666666666668,83.69999999999999,9,9
1860,Male,20,BSc,Electrical,6.15,3,0,4,9,9,89,3,0,,0.0,35.666666666666664,46.5,7,7
1861,Female,23,BE,Mechanical,5.91,3,0,1,3,9,52,4,0,,0.0,21.333333333333332,44.1,5,5
1862,Female,22,BSc,Electrical,8.31,3,1,3,2,5,87,0,0,,0.0,31.333333333333332,68.10000000000001,4,4
1863,Male,24,BCA,DS,7.16,1,1,1,9,7,89,1,1,Service,7.7,35.0,66.6,3,3
1864,Female,24,BE,Electrical,7.78,2,1,5,5,1,74,4,1,Product,12.17,26.666666666666668,67.8,10,10
1865,Female,20,BCA,IT,8.31,1,3,2,10,6,86,5,1,Service,7.33,34.0,78.10000000000001,10,10
1866,Female,21,BTech,DS,5.73,2,3,4,5,10,61,5,0,,0.0,25.333333333333332,47.300000000000004,12,12
1867,Female,20,BTech,Mechanical,6.76,3,1,4,7,1,56,2,0,,0.0,21.333333333333332,52.599999999999994,7,7
1868,Male,24,BTech,AI,7.48,3,2,4,2,10,42,3,0,,0.0,18.0,59.80000000000001,9,9
1869,Male,22,BCA,Electrical,6.65,0,2,4,10,6,99,2,1,Product,13.05,38.333333333333336,66.5,8,8
1870,Female,24,BCA,IT,5.71,3,0,1,5,6,69,0,0,,0.0,26.666666666666668,42.1,1,1
1871,Male,23,BSc,DS,5.87,1,3,2,8,7,73,0,0,,0.0,29.333333333333332,53.7,5,5
1872,Male,24,BE,CS,8.95,1,2,1,8,7,66,0,1,Startup,8.74,27.0,84.5,3,3
1873,Male,24,BE,DS,9.42,3,0,4,10,10,84,3,1,Product,7.49,34.666666666666664,79.2,7,7
1874,Female,23,BCA,Mechanical,6.15,1,2,2,7,3,43,3,0,,0.0,17.666666666666668,56.5,7,7
1875,Female,21,BCA,Mechanical,6.57,3,3,3,5,7,72,4,1,Startup,3.95,28.0,50.7,10,10
1876,Female,24,BTech,CS,8.3,0,2,1,4,10,82,2,0,,0.0,32.0,83.0,5,5
1877,Male,20,BCA,IT,9.6,0,2,0,2,2,70,1,0,,0.0,24.666666666666668,96.0,3,3
1878,Female,24,BTech,Mechanical,6.79,3,3,3,2,2,58,1,0,,0.0,20.666666666666668,52.900000000000006,7,7
1879,Female,20,BCA,IT,9.18,0,0,3,3,1,50,1,0,,0.0,18.0,91.8,4,4
1880,Male,23,BE,IT,7.68,3,0,4,3,2,91,3,0,,0.0,32.0,61.8,7,7
1881,Female,24,BSc,DS,9.61,1,1,4,7,2,76,4,1,Service,4.66,28.333333333333332,91.1,9,9
1882,Female,23,BCA,IT,6.09,3,0,3,6,9,54,0,0,,0.0,23.0,45.9,3,3
1883,Male,23,BTech,Electrical,9.69,2,1,1,1,3,59,0,0,,0.0,21.0,86.89999999999999,2,2
1884,Male,21,BSc,Mechanical,7.4,2,3,2,6,1,76,4,1,Startup,11.76,27.666666666666668,64.0,9,9
1885,Male,24,BTech,Mechanical,9.6,3,0,1,5,2,88,3,1,Service,11.36,31.666666666666668,81.0,4,4
1886,Female,20,BTech,AI,7.47,3,3,1,6,10,47,1,0,,0.0,21.0,59.7,5,5
1887,Female,20,BSc,IT,7.78,3,0,3,8,8,41,2,0,,0.0,19.0,62.8,5,5
1888,Female,24,BSc,AI,8.96,0,2,1,1,10,77,5,0,,0.0,29.333333333333332,89.60000000000001,8,8
1889,Male,21,BSc,DS,8.61,2,0,2,6,2,89,5,1,Service,4.94,32.333333333333336,76.1,7,7
1890,Male,21,BCA,AI,8.16,3,2,3,4,4,66,5,0,,0.0,24.666666666666668,66.6,10,10
1891,Female,21,BSc,IT,7.29,3,0,1,9,9,89,3,1,Product,4.19,35.666666666666664,57.900000000000006,4,4
1892,Female,20,BCA,Mechanical,8.91,1,3,4,10,9,53,1,0,,0.0,24.0,84.1,8,8
1893,Male,23,BE,DS,9.58,1,1,5,8,7,63,0,1,Service,5.63,26.0,90.8,6,6
1894,Male,21,BE,IT,5.54,0,0,1,7,1,74,4,0,,0.0,27.333333333333332,55.4,5,5
1895,Male,20,BTech,DS,8.03,0,3,5,3,10,67,4,0,,0.0,26.666666666666668,80.3,12,12
1896,Male,20,BTech,CS,9.22,2,2,5,9,5,95,1,1,Service,11.42,36.333333333333336,82.2,8,8
1897,Female,23,BCA,IT,8.31,2,2,5,3,5,73,3,0,,0.0,27.0,73.10000000000001,10,10
1898,Male,24,BTech,CS,8.94,3,2,3,6,2,56,1,0,,0.0,21.333333333333332,74.39999999999999,6,6
1899,Female,24,BE,AI,9.35,2,2,3,2,7,72,3,0,,0.0,27.0,83.5,8,8
1900,Female,21,BCA,IT,8.73,3,3,5,8,1,62,0,1,Startup,14.92,23.666666666666668,72.30000000000001,8,8
1901,Female,21,BCA,CS,8.58,0,0,4,1,1,47,4,0,,0.0,16.333333333333332,85.8,8,8
1902,Male,23,BSc,Electrical,9.65,0,2,3,1,10,72,5,0,,0.0,27.666666666666668,96.5,10,10
1903,Male,21,BCA,Mechanical,9.21,0,2,5,8,1,99,3,1,Product,3.8,36.0,92.10000000000001,10,10
1904,Male,23,BTech,AI,9.01,1,0,5,9,10,58,0,0,,0.0,25.666666666666668,85.1,5,5
1905,Male,20,BE,IT,5.87,2,3,0,10,7,51,2,0,,0.0,22.666666666666668,48.7,5,5
1906,Female,21,BTech,IT,6.53,0,2,3,9,4,43,1,0,,0.0,18.666666666666668,65.3,6,6
1907,Male,20,BE,Mechanical,7.89,0,1,1,8,4,70,3,1,Startup,11.79,27.333333333333332,78.89999999999999,5,5
1908,Male,22,BSc,Mechanical,8.55,0,3,2,10,9,83,1,1,Startup,9.21,34.0,85.5,6,6
1909,Female,23,BE,CS,6.8,2,1,1,8,4,95,1,1,Service,5.16,35.666666666666664,58.0,3,3
1910,Male,22,BSc,CS,5.9,2,3,3,4,8,94,4,0,,0.0,35.333333333333336,49.0,10,10
1911,Female,21,BTech,CS,6.84,1,2,5,8,1,60,5,1,Service,6.39,23.0,63.400000000000006,12,12
1912,Female,20,BSc,DS,8.82,1,3,0,7,3,51,1,0,,0.0,20.333333333333332,83.2,4,4
1913,Female,21,BCA,AI,9.27,1,3,1,9,1,46,2,0,,0.0,18.666666666666668,87.69999999999999,6,6
1914,Female,22,BCA,IT,9.43,1,1,2,10,1,57,4,0,,0.0,22.666666666666668,89.3,7,7
1915,Female,21,BE,AI,7.13,0,3,5,8,3,78,1,1,Startup,3.4,29.666666666666668,71.3,9,9
1916,Female,24,BTech,Mechanical,7.1,3,3,1,10,4,50,2,0,,0.0,21.333333333333332,56.0,6,6
1917,Female,22,BTech,Electrical,7.25,1,2,4,2,6,72,3,0,,0.0,26.666666666666668,67.5,9,9
1918,Female,21,BE,AI,7.12,3,0,0,8,3,61,0,1,Service,14.53,24.0,56.2,0,0
1919,Male,20,BCA,AI,8.36,0,1,3,8,8,47,2,0,,0.0,21.0,83.6,6,6
1920,Male,21,BSc,CS,7.04,0,1,1,10,8,78,3,1,Startup,6.0,32.0,70.4,5,5
1921,Male,20,BE,Mechanical,5.59,2,0,1,10,3,70,3,0,,0.0,27.666666666666668,45.9,4,4
1922,Male,24,BSc,AI,7.39,3,1,1,9,3,92,3,1,Service,5.03,34.666666666666664,58.89999999999999,5,5
1923,Female,21,BSc,IT,6.46,3,2,1,3,6,66,0,0,,0.0,25.0,49.599999999999994,3,3
1924,Male,24,BTech,CS,5.62,0,3,2,8,1,90,1,0,,0.0,33.0,56.2,6,6
1925,Female,22,BCA,AI,7.52,2,3,4,8,1,67,1,1,Product,6.73,25.333333333333332,65.19999999999999,8,8
1926,Male,20,BSc,Mechanical,6.39,1,2,5,10,5,62,1,0,,0.0,25.666666666666668,58.9,8,8
1927,Male,22,BCA,Electrical,7.45,1,1,4,4,10,80,5,0,,0.0,31.333333333333332,69.5,10,10
1928,Male,20,BTech,IT,6.69,2,3,0,5,7,66,2,1,Service,10.32,26.0,56.900000000000006,5,5
1929,Female,24,BE,Electrical,8.1,2,0,0,2,1,49,0,0,,0.0,17.333333333333332,71.0,0,0
1930,Male,23,BE,Mechanical,9.76,1,3,2,6,2,62,4,1,Service,8.37,23.333333333333332,92.6,9,9
1931,Female,21,BTech,Mechanical,7.85,0,2,4,10,9,72,0,1,Startup,6.16,30.333333333333332,78.5,6,6
1932,Female,24,BTech,Mechanical,8.28,0,3,0,9,1,65,5,1,Product,12.93,25.0,82.8,8,8
1933,Male,20,BSc,Electrical,9.45,2,2,3,3,3,52,4,0,,0.0,19.333333333333332,84.5,9,9
1934,Male,20,BTech,DS,7.11,0,1,4,6,8,70,3,1,Product,3.89,28.0,71.10000000000001,8,8
1935,Male,20,BE,IT,6.22,0,0,1,8,2,66,1,0,,0.0,25.333333333333332,62.199999999999996,2,2
1936,Female,20,BCA,Mechanical,6.72,3,2,4,2,10,52,4,0,,0.0,21.333333333333332,52.2,10,10
1937,Male,21,BCA,DS,7.23,1,0,3,10,7,87,1,1,Product,5.6,34.666666666666664,67.30000000000001,4,4
1938,Female,22,BCA,CS,8.27,2,1,1,1,2,94,0,0,,0.0,32.333333333333336,72.69999999999999,2,2
1939,Female,23,BCA,DS,5.52,1,1,4,6,3,97,1,0,,0.0,35.333333333333336,50.199999999999996,6,6
1940,Male,21,BTech,CS,9.17,3,2,1,3,10,86,5,0,,0.0,33.0,76.7,8,8
1941,Male,20,BTech,Electrical,5.83,0,3,1,2,9,73,1,0,,0.0,28.0,58.3,5,5
1942,Female,21,BCA,DS,9.37,0,0,2,10,4,86,5,1,Product,3.15,33.333333333333336,93.69999999999999,7,7
1943,Female,24,BTech,Electrical,9.58,3,3,3,8,7,46,2,0,,0.0,20.333333333333332,80.8,8,8
1944,Female,20,BSc,Mechanical,9.76,1,0,2,9,6,83,4,1,Startup,9.13,32.666666666666664,92.6,6,6
1945,Male,23,BTech,DS,8.98,3,1,4,7,7,51,2,0,,0.0,21.666666666666668,74.80000000000001,7,7
1946,Female,20,BSc,DS,6.11,0,1,5,9,7,44,0,0,,0.0,20.0,61.1,6,6
1947,Male,23,BSc,Mechanical,8.54,0,1,1,7,2,77,5,1,Service,4.61,28.666666666666668,85.39999999999999,7,7
1948,Female,23,BTech,CS,6.37,1,3,4,3,1,45,5,0,,0.0,16.333333333333332,58.7,12,12
1949,Female,22,BCA,Mechanical,9.36,0,1,4,1,10,65,3,0,,0.0,25.333333333333332,93.6,8,8
1950,Male,22,BSc,IT,6.86,1,3,5,1,6,58,3,0,,0.0,21.666666666666668,63.60000000000001,11,11
1951,Female,21,BTech,DS,6.91,2,1,2,5,7,54,1,0,,0.0,22.0,59.099999999999994,4,4
1952,Male,21,BE,IT,9.45,0,3,4,9,2,48,3,0,,0.0,19.666666666666668,94.5,10,10
1953,Male,23,BCA,Mechanical,5.56,0,2,3,10,2,52,2,0,,0.0,21.333333333333332,55.599999999999994,7,7
1954,Female,20,BE,Electrical,6.33,1,2,1,6,9,74,5,0,,0.0,29.666666666666668,58.3,8,8
1955,Male,24,BSc,Mechanical,7.31,2,0,0,2,5,86,5,0,,0.0,31.0,63.099999999999994,5,5
1956,Male,24,BE,AI,8.51,0,3,5,6,7,73,1,1,Startup,7.01,28.666666666666668,85.1,9,9
1957,Female,20,BTech,IT,8.28,0,3,3,4,1,73,1,0,,0.0,26.0,82.8,7,7
1958,Male,20,BCA,AI,8.38,2,2,0,9,4,68,4,1,Service,8.46,27.0,73.80000000000001,6,6
1959,Male,22,BSc,IT,9.28,0,2,5,10,2,78,1,1,Service,4.53,30.0,92.8,8,8
1960,Male,24,BTech,Electrical,6.02,1,2,0,3,5,66,3,0,,0.0,24.666666666666668,55.199999999999996,5,5
1961,Female,23,BCA,AI,7.75,2,0,2,7,1,85,4,1,Startup,9.06,31.0,67.5,6,6
1962,Male,21,BSc,AI,8.62,2,2,0,10,10,84,5,1,Product,10.2,34.666666666666664,76.19999999999999,7,7
1963,Female,22,BSc,IT,8.24,3,0,1,8,7,51,2,0,,0.0,22.0,67.4,3,3
1964,Female,24,BSc,Mechanical,7.43,0,0,2,2,2,78,3,0,,0.0,27.333333333333332,74.3,5,5
1965,Male,20,BSc,CS,5.57,2,2,3,10,3,41,3,0,,0.0,18.0,45.7,8,8
1966,Male,24,BE,Mechanical,5.76,2,2,3,7,5,86,5,0,,0.0,32.666666666666664,47.599999999999994,10,10
1967,Male,23,BE,CS,6.01,2,2,3,5,9,75,3,0,,0.0,29.666666666666668,50.099999999999994,8,8
1968,Female,22,BE,IT,6.98,3,3,5,1,10,92,2,0,,0.0,34.333333333333336,54.80000000000001,10,10
1969,Male,20,BSc,DS,6.01,0,1,4,7,4,57,4,0,,0.0,22.666666666666668,60.099999999999994,9,9
1970,Male,23,BE,Mechanical,7.33,2,3,2,10,8,95,4,1,Startup,5.93,37.666666666666664,63.3,9,9
1971,Male,21,BCA,AI,6.27,0,0,2,8,8,45,3,0,,0.0,20.333333333333332,62.699999999999996,5,5
1972,Male,22,BSc,Mechanical,8.85,2,0,2,1,10,69,1,0,,0.0,26.666666666666668,78.5,3,3
1973,Male,23,BCA,IT,9.25,1,1,1,4,4,60,1,0,,0.0,22.666666666666668,87.5,3,3
1974,Female,23,BCA,DS,7.18,2,1,2,4,4,95,5,0,,0.0,34.333333333333336,61.8,8,8
1975,Female,20,BE,DS,7.7,2,2,1,5,2,61,3,1,Startup,11.12,22.666666666666668,67.0,6,6
1976,Male,21,BSc,Mechanical,9.6,3,3,5,5,8,96,1,1,Startup,13.19,36.333333333333336,81.0,9,9
1977,Male,23,BE,Mechanical,7.8,2,3,3,4,1,50,2,0,,0.0,18.333333333333332,68.0,8,8
1978,Male,22,BE,Electrical,9.78,1,3,4,1,5,78,4,0,,0.0,28.0,92.8,11,11
1979,Male,23,BE,Mechanical,6.11,2,1,0,9,8,79,2,0,,0.0,32.0,51.1,3,3
1980,Female,24,BSc,IT,9.21,1,3,4,5,6,81,3,1,Startup,5.97,30.666666666666668,87.10000000000001,10,10
1981,Male,22,BSc,CS,7.64,1,1,4,1,10,46,1,0,,0.0,19.0,71.39999999999999,6,6
1982,Female,22,BE,Electrical,5.6,1,3,5,3,4,46,3,0,,0.0,17.666666666666668,51.0,11,11
1983,Female,23,BCA,CS,9.68,3,1,4,1,9,70,2,0,,0.0,26.666666666666668,81.8,7,7
1984,Male,20,BCA,AI,9.65,0,3,0,7,3,95,4,1,Startup,7.15,35.0,96.5,7,7
1985,Female,22,BSc,IT,7.15,0,0,1,10,9,45,0,0,,0.0,21.333333333333332,71.5,1,1
1986,Female,24,BTech,Electrical,9.6,1,1,3,10,1,65,3,1,Service,8.68,25.333333333333332,91.0,7,7
1987,Female,20,BE,DS,6.11,3,2,5,10,4,75,3,0,,0.0,29.666666666666668,46.1,10,10
1988,Female,20,BE,Electrical,8.42,3,0,0,7,10,48,3,0,,0.0,21.666666666666668,69.2,3,3
1989,Male,20,BTech,AI,6.33,0,0,3,6,3,95,3,0,,0.0,34.666666666666664,63.3,6,6
1990,Male,22,BSc,DS,6.56,1,1,1,9,2,75,4,1,Product,14.27,28.666666666666668,60.599999999999994,6,6
1991,Female,20,BCA,Electrical,8.85,0,3,3,7,4,42,4,0,,0.0,17.666666666666668,88.5,10,10
1992,Male,23,BSc,DS,7.12,0,3,1,5,4,96,2,1,Startup,10.69,35.0,71.2,6,6
1993,Male,20,BCA,Mechanical,5.53,3,1,0,7,9,83,0,0,,0.0,33.0,40.300000000000004,1,1
1994,Male,24,BCA,DS,7.28,3,3,0,10,10,70,3,1,Service,5.23,30.0,57.8,6,6
1995,Male,21,BSc,Electrical,6.48,2,3,3,4,6,92,2,0,,0.0,34.0,54.80000000000001,8,8
1996,Male,24,BE,DS,8.44,3,3,5,10,6,69,4,1,Product,11.86,28.333333333333332,69.39999999999999,12,12
1997,Female,22,BE,IT,6.34,3,1,3,9,6,70,1,0,,0.0,28.333333333333332,48.4,5,5
1998,Male,20,BE,Mechanical,9.12,0,1,4,6,6,82,5,1,Product,14.24,31.333333333333332,91.19999999999999,10,10
1999,Male,20,BCA,Mechanical,6.65,3,2,4,4,8,82,4,0,,0.0,31.333333333333332,51.5,10,10
2000,Male,23,BE,AI,7.19,3,3,3,5,4,79,4,1,Product,3.47,29.333333333333332,56.900000000000006,10,10
2001,Male,20,BCA,Mechanical,6.78,0,3,4,8,1,69,1,1,Startup,6.13,26.0,67.8,8,8
2002,Female,24,BE,CS,8.27,3,1,3,7,3,48,1,0,,0.0,19.333333333333332,67.69999999999999,5,5
2003,Female,22,BSc,IT,5.94,3,2,2,6,8,45,2,0,,0.0,19.666666666666668,44.400000000000006,6,6
2004,Female,21,BTech,AI,7.56,2,1,4,2,1,64,0,0,,0.0,22.333333333333332,65.6,5,5
2005,Female,20,BCA,CS,6.94,1,1,3,3,5,69,0,0,,0.0,25.666666666666668,64.4,4,4
2006,Male,21,BSc,DS,9.3,2,2,2,1,2,65,4,0,,0.0,22.666666666666668,83.0,8,8
2007,Female,20,BCA,CS,5.82,3,1,4,3,10,42,1,0,,0.0,18.333333333333332,43.2,6,6
2008,Male,22,BCA,AI,9.07,0,0,0,2,4,61,4,0,,0.0,22.333333333333332,90.7,4,4
2009,Male,24,BSc,Mechanical,6.22,0,2,3,10,3,81,0,0,,0.0,31.333333333333332,62.199999999999996,5,5
2010,Male,22,BE,IT,5.88,1,3,0,6,1,84,0,0,,0.0,30.333333333333332,53.8,3,3
2011,Male,21,BCA,AI,6.37,0,3,5,4,5,48,3,0,,0.0,19.0,63.7,11,11
2012,Male,20,BTech,CS,5.94,3,2,4,10,9,89,0,0,,0.0,36.0,44.400000000000006,6,6
2013,Female,21,BTech,CS,7.74,2,3,5,3,3,74,5,0,,0.0,26.666666666666668,67.4,13,13
2014,Female,24,BSc,AI,9.75,1,0,2,8,1,46,3,0,,0.0,18.333333333333332,92.5,5,5
2015,Female,22,BTech,Electrical,5.65,2,3,3,5,1,76,4,0,,0.0,27.333333333333332,46.5,10,10
2016,Female,21,BSc,Electrical,7.48,0,2,2,4,1,87,2,0,,0.0,30.666666666666668,74.80000000000001,6,6
2017,Male,21,BSc,AI,7.16,3,1,0,6,4,48,0,0,,0.0,19.333333333333332,56.599999999999994,1,1
2018,Female,24,BCA,Electrical,6.96,1,2,3,4,5,66,3,0,,0.0,25.0,64.6,8,8
2019,Male,20,BSc,AI,6.93,0,2,5,10,8,67,2,1,Product,3.68,28.333333333333332,69.3,9,9
2020,Female,21,BSc,Mechanical,9.35,0,0,0,10,10,84,2,1,Product,14.28,34.666666666666664,93.5,2,2
2021,Male,24,BE,AI,5.58,2,3,0,5,7,83,4,0,,0.0,31.666666666666668,45.8,7,7
2022,Male,20,BCA,DS,8.83,0,2,2,4,10,72,1,0,,0.0,28.666666666666668,88.3,5,5
2023,Female,20,BTech,IT,6.59,2,3,5,9,4,95,2,1,Service,5.93,36.0,55.900000000000006,10,10
2024,Male,22,BE,IT,7.15,0,1,4,2,2,98,4,0,,0.0,34.0,71.5,9,9
2025,Male,24,BE,DS,7.31,2,2,5,1,2,93,1,0,,0.0,32.0,63.099999999999994,8,8
2026,Female,20,BCA,CS,6.81,2,2,0,7,2,89,5,1,Service,8.05,32.666666666666664,58.099999999999994,7,7
2027,Male,22,BCA,CS,5.9,3,3,0,9,1,45,2,0,,0.0,18.333333333333332,44.0,5,5
2028,Female,23,BE,CS,5.99,1,0,1,9,6,56,4,0,,0.0,23.666666666666668,54.900000000000006,5,5
2029,Female,24,BCA,CS,6.78,1,0,2,4,4,62,4,0,,0.0,23.333333333333332,62.8,6,6
2030,Female,23,BCA,Mechanical,9.03,3,3,0,4,3,64,3,0,,0.0,23.666666666666668,75.3,6,6
2031,Male,20,BSc,DS,6.08,0,2,5,1,1,58,4,0,,0.0,20.0,60.8,11,11
2032,Male,24,BCA,IT,8.69,0,1,1,1,7,91,2,0,,0.0,33.0,86.89999999999999,4,4
2033,Male,22,BSc,DS,6.74,1,0,2,1,9,68,2,0,,0.0,26.0,62.400000000000006,4,4
2034,Female,20,BE,IT,9.3,2,0,3,6,4,70,0,1,Product,7.67,26.666666666666668,83.0,3,3
2035,Male,24,BE,CS,7.34,2,1,4,6,1,45,2,0,,0.0,17.333333333333332,63.400000000000006,7,7
2036,Female,24,BTech,Mechanical,6.24,1,0,2,5,3,76,1,0,,0.0,28.0,57.400000000000006,3,3
2037,Female,23,BCA,AI,9.74,1,3,0,10,9,73,0,1,Product,14.03,30.666666666666668,92.4,3,3
2038,Male,20,BE,AI,6.26,3,2,1,10,1,63,4,0,,0.0,24.666666666666668,47.599999999999994,7,7
2039,Female,22,BSc,Electrical,7.94,0,0,1,2,1,97,0,0,,0.0,33.333333333333336,79.4,1,1
2040,Male,22,BE,CS,7.95,2,1,3,6,5,49,1,0,,0.0,20.0,69.5,5,5
2041,Male,20,BCA,CS,7.1,3,3,1,1,5,97,0,0,,0.0,34.333333333333336,56.0,4,4
2042,Male,20,BTech,DS,9.59,1,3,0,3,8,98,1,0,,0.0,36.333333333333336,90.9,4,4
2043,Male,21,BTech,Mechanical,9.13,3,3,2,5,1,50,4,0,,0.0,18.666666666666668,76.30000000000001,9,9
2044,Male,23,BE,Mechanical,9.07,3,3,3,10,8,63,0,1,Startup,13.51,27.0,75.7,6,6
2045,Female,20,BTech,DS,9.69,2,2,4,5,2,41,2,0,,0.0,16.0,86.89999999999999,8,8
2046,Female,20,BCA,Mechanical,7.47,3,3,4,7,1,89,2,1,Product,13.56,32.333333333333336,59.7,9,9
2047,Female,21,BCA,Mechanical,5.92,2,3,0,5,8,97,1,0,,0.0,36.666666666666664,49.2,4,4
2048,Male,21,BTech,AI,8.79,1,3,3,10,10,68,1,1,Service,5.06,29.333333333333332,82.89999999999999,7,7
2049,Male,24,BSc,Mechanical,7.14,2,1,3,6,2,55,1,0,,0.0,21.0,61.39999999999999,5,5
2050,Male,22,BTech,CS,6.32,0,1,0,7,5,62,5,0,,0.0,24.666666666666668,63.2,6,6
2051,Female,23,BTech,AI,7.58,1,1,5,2,10,74,4,0,,0.0,28.666666666666668,70.8,10,10
2052,Male,24,BE,CS,9.48,2,1,3,3,6,96,5,0,,0.0,35.0,84.80000000000001,9,9
2053,Female,20,BSc,CS,6.24,1,0,1,3,3,82,1,0,,0.0,29.333333333333332,57.400000000000006,2,2
2054,Female,21,BTech,DS,9.15,3,3,1,1,9,61,2,0,,0.0,23.666666666666668,76.5,6,6
2055,Male,22,BE,Electrical,7.3,1,0,0,9,9,74,2,1,Startup,13.45,30.666666666666668,68.0,2,2
2056,Male,24,BE,Mechanical,6.09,2,0,0,10,8,45,1,0,,0.0,21.0,50.9,1,1
2057,Female,22,BE,Mechanical,9.15,3,0,1,9,7,95,3,1,Product,4.24,37.0,76.5,4,4
2058,Male,21,BCA,Mechanical,9.67,0,2,2,9,5,62,5,1,Service,4.52,25.333333333333332,96.7,9,9
2059,Female,24,BE,Mechanical,6.75,1,3,0,9,10,62,1,1,Product,5.68,27.0,62.5,4,4
2060,Male,24,BE,AI,6.81,2,3,1,8,2,69,3,1,Service,13.8,26.333333333333332,58.099999999999994,7,7
2061,Male,22,BCA,IT,7.18,1,0,2,5,3,76,0,1,Product,11.7,28.0,66.8,2,2
2062,Female,21,BCA,CS,9.0,1,1,2,9,5,81,0,1,Service,13.82,31.666666666666668,85.0,3,3
2063,Male,20,BE,Electrical,5.54,2,2,5,7,8,59,2,0,,0.0,24.666666666666668,45.4,9,9
2064,Female,24,BTech,Electrical,6.46,0,0,1,2,1,50,0,0,,0.0,17.666666666666668,64.6,1,1
2065,Male,20,BSc,IT,8.54,2,0,5,7,1,99,0,1,Product,3.61,35.666666666666664,75.39999999999999,5,5
2066,Female,21,BCA,IT,7.24,1,2,1,4,7,63,0,0,,0.0,24.666666666666668,67.4,3,3
2067,Female,24,BSc,IT,6.92,0,0,3,7,1,96,4,1,Startup,10.4,34.666666666666664,69.2,7,7
2068,Male,24,BCA,AI,9.25,0,3,2,7,3,57,4,0,,0.0,22.333333333333332,92.5,9,9
2069,Female,20,BE,IT,9.44,0,1,4,3,8,66,5,0,,0.0,25.666666666666668,94.39999999999999,10,10
2070,Male,23,BCA,AI,9.58,0,1,3,3,9,92,1,0,,0.0,34.666666666666664,95.8,5,5
2071,Male,20,BE,DS,6.67,1,1,3,10,5,46,3,0,,0.0,20.333333333333332,61.7,7,7
2072,Male,20,BSc,DS,9.42,2,1,2,10,6,87,2,1,Startup,12.31,34.333333333333336,84.2,5,5
2073,Female,23,BTech,Electrical,8.67,2,0,2,6,8,60,5,1,Product,4.52,24.666666666666668,76.7,7,7
2074,Female,21,BE,DS,6.16,3,1,2,2,3,95,5,0,,0.0,33.333333333333336,46.6,8,8
2075,Male,21,BSc,AI,8.12,3,0,0,8,1,54,4,0,,0.0,21.0,66.19999999999999,4,4
2076,Male,24,BSc,AI,5.61,3,3,1,8,9,47,4,0,,0.0,21.333333333333332,41.1,8,8
2077,Female,22,BCA,CS,8.55,0,0,5,4,2,67,5,0,,0.0,24.333333333333332,85.5,10,10
2078,Male,22,BE,IT,8.65,0,0,1,2,9,60,2,0,,0.0,23.666666666666668,86.5,3,3
2079,Male,24,BSc,Mechanical,8.89,2,0,1,9,2,47,5,0,,0.0,19.333333333333332,78.9,6,6
2080,Female,22,BTech,Mechanical,6.24,0,2,2,9,8,67,4,0,,0.0,28.0,62.400000000000006,8,8
2081,Male,20,BCA,IT,8.2,2,2,3,2,3,73,2,0,,0.0,26.0,72.0,7,7
2082,Female,20,BCA,Mechanical,6.27,3,2,2,10,9,86,1,0,,0.0,35.0,47.699999999999996,5,5
2083,Male,23,BSc,Mechanical,9.57,2,3,2,4,10,54,1,0,,0.0,22.666666666666668,85.7,6,6
2084,Female,23,BE,Mechanical,8.4,0,1,3,1,4,83,5,0,,0.0,29.333333333333332,84.0,9,9
2085,Male,24,BCA,Electrical,5.91,2,0,4,6,8,82,0,0,,0.0,32.0,49.1,4,4
2086,Male,24,BE,AI,6.3,2,0,5,1,4,76,2,0,,0.0,27.0,53.0,7,7
2087,Female,24,BSc,AI,8.35,2,1,0,7,3,92,2,1,Service,8.75,34.0,73.5,3,3
2088,Male,20,BSc,AI,7.55,0,2,4,9,1,66,1,1,Service,3.13,25.333333333333332,75.5,7,7
2089,Female,22,BE,IT,8.67,1,3,2,9,4,80,4,1,Product,14.74,31.0,81.7,9,9
2090,Male,24,BTech,DS,6.71,3,0,1,2,2,65,2,0,,0.0,23.0,52.099999999999994,3,3
2091,Female,24,BCA,Electrical,8.33,1,1,1,8,9,51,5,0,,0.0,22.666666666666668,78.3,7,7
2092,Female,20,BSc,Electrical,6.26,1,2,3,3,2,73,2,0,,0.0,26.0,57.599999999999994,7,7
2093,Female,20,BTech,Mechanical,7.84,1,3,2,5,8,70,4,1,Startup,3.8,27.666666666666668,73.4,9,9
2094,Female,20,BTech,CS,9.62,1,1,3,4,10,42,1,0,,0.0,18.666666666666668,91.19999999999999,5,5
2095,Male,22,BE,AI,8.2,0,1,3,6,10,65,2,1,Service,12.58,27.0,82.0,6,6
2096,Male,24,BE,Electrical,5.71,0,0,0,7,7,96,2,0,,0.0,36.666666666666664,57.1,2,2
2097,Female,21,BE,Electrical,9.75,1,3,3,9,6,93,4,1,Service,4.36,36.0,92.5,10,10
2098,Female,21,BTech,CS,6.17,1,3,2,10,4,45,0,0,,0.0,19.666666666666668,56.7,5,5
2099,Female,24,BCA,Mechanical,8.59,2,2,0,5,3,97,4,1,Startup,12.42,35.0,75.9,6,6
2100,Male,24,BE,Electrical,7.79,2,2,1,2,10,59,5,0,,0.0,23.666666666666668,67.9,8,8
2101,Male,24,BCA,Electrical,6.77,3,0,0,4,5,90,4,0,,0.0,33.0,52.69999999999999,4,4
2102,Male,24,BE,DS,6.26,3,3,2,2,2,79,0,0,,0.0,27.666666666666668,47.599999999999994,5,5
2103,Male,22,BTech,CS,6.26,3,2,5,1,2,56,2,0,,0.0,19.666666666666668,47.599999999999994,9,9
2104,Female,21,BCA,Mechanical,9.19,2,3,4,2,8,80,0,0,,0.0,30.0,81.89999999999999,7,7
2105,Female,23,BCA,Mechanical,9.25,1,1,0,7,3,40,3,0,,0.0,16.666666666666668,87.5,4,4
2106,Female,21,BTech,AI,7.5,1,1,5,2,7,52,0,0,,0.0,20.333333333333332,70.0,6,6
2107,Male,21,BCA,DS,5.95,3,1,4,4,6,57,1,0,,0.0,22.333333333333332,44.5,6,6
2108,Male,20,BTech,Mechanical,9.3,3,3,0,5,8,91,2,1,Startup,5.67,34.666666666666664,78.0,5,5
2109,Male,24,BTech,DS,7.59,0,0,0,3,3,60,3,0,,0.0,22.0,75.9,3,3
2110,Female,24,BSc,AI,7.39,3,2,3,4,1,91,3,0,,0.0,32.0,58.89999999999999,8,8
2111,Female,24,BE,CS,7.25,2,0,4,10,6,51,0,0,,0.0,22.333333333333332,62.5,4,4
2112,Male,20,BSc,Electrical,7.07,2,0,5,3,6,83,3,0,,0.0,30.666666666666668,60.7,8,8
2113,Female,22,BTech,Electrical,7.76,3,0,4,8,8,51,5,0,,0.0,22.333333333333332,62.599999999999994,9,9
2114,Male,22,BTech,IT,8.1,3,0,0,10,10,65,2,1,Product,11.25,28.333333333333332,66.0,2,2
2115,Male,23,BCA,IT,7.51,0,2,2,8,3,81,2,1,Service,4.4,30.666666666666668,75.1,6,6
2116,Female,22,BTech,IT,9.36,0,1,2,3,9,79,4,0,,0.0,30.333333333333332,93.6,7,7
2117,Male,22,BTech,Electrical,6.87,0,1,4,9,6,67,4,1,Service,10.04,27.333333333333332,68.7,9,9
2118,Female,24,BTech,DS,7.99,2,1,3,9,1,83,5,1,Service,9.68,31.0,69.9,9,9
2119,Male,21,BE,IT,6.79,0,3,3,7,3,64,1,1,Service,9.36,24.666666666666668,67.9,7,7
2120,Female,22,BSc,CS,8.74,1,3,2,1,4,60,5,0,,0.0,21.666666666666668,82.4,10,10
2121,Female,22,BSc,Mechanical,5.94,1,2,3,10,3,87,0,0,,0.0,33.333333333333336,54.400000000000006,5,5
2122,Female,20,BE,DS,6.31,1,2,0,3,6,89,3,0,,0.0,32.666666666666664,58.099999999999994,5,5
2123,Male,23,BE,Electrical,8.95,0,2,0,8,7,88,4,1,Startup,13.51,34.333333333333336,89.5,6,6
2124,Male,20,BE,CS,6.29,2,1,4,6,2,50,2,0,,0.0,19.333333333333332,52.9,7,7
2125,Female,24,BSc,Electrical,8.19,2,2,5,9,6,48,5,0,,0.0,21.0,71.89999999999999,12,12
2126,Female,21,BSc,DS,9.67,0,1,1,10,4,92,3,1,Startup,12.84,35.333333333333336,96.7,5,5
2127,Male,23,BTech,DS,7.75,3,1,2,9,1,74,0,1,Startup,10.8,28.0,62.5,3,3
2128,Male,20,BSc,DS,6.31,3,0,2,1,2,75,3,0,,0.0,26.0,48.099999999999994,5,5
2129,Male,22,BCA,AI,6.88,0,3,1,6,5,88,3,1,Product,11.2,33.0,68.8,7,7
2130,Female,22,BSc,Mechanical,9.04,2,3,3,3,9,68,1,0,,0.0,26.666666666666668,80.39999999999999,7,7
2131,Male,23,BE,IT,7.01,1,2,0,5,5,79,0,1,Startup,6.44,29.666666666666668,65.1,2,2
2132,Male,22,BSc,AI,8.61,3,0,0,1,8,56,3,0,,0.0,21.666666666666668,71.1,3,3
2133,Female,20,BTech,Mechanical,8.84,1,2,2,7,10,76,2,1,Startup,14.97,31.0,83.4,6,6
2134,Male,20,BSc,Electrical,7.66,2,2,2,6,2,87,2,1,Service,12.15,31.666666666666668,66.6,6,6
2135,Male,22,BE,IT,8.87,3,3,3,10,5,88,1,1,Product,6.73,34.333333333333336,73.69999999999999,7,7
2136,Male,22,BCA,AI,6.86,0,0,3,5,1,47,4,0,,0.0,17.666666666666668,68.60000000000001,7,7
2137,Female,24,BE,AI,7.72,1,2,2,2,2,92,0,0,,0.0,32.0,72.2,4,4
2138,Female,21,BCA,CS,8.45,1,2,3,8,3,83,3,1,Product,4.4,31.333333333333332,79.5,8,8
2139,Female,23,BTech,AI,6.22,1,2,1,5,8,86,1,0,,0.0,33.0,57.199999999999996,4,4
2140,Female,20,BTech,DS,6.68,0,1,0,2,10,44,2,0,,0.0,18.666666666666668,66.8,3,3
2141,Female,23,BSc,Electrical,8.3,0,3,2,4,3,62,5,0,,0.0,23.0,83.0,10,10
2142,Female,24,BTech,AI,8.32,1,1,1,10,4,93,3,1,Service,6.78,35.666666666666664,78.2,5,5
2143,Female,20,BTech,DS,7.62,0,2,1,8,4,49,2,0,,0.0,20.333333333333332,76.2,5,5
2144,Male,24,BE,Mechanical,8.92,3,0,5,8,9,86,5,1,Startup,8.24,34.333333333333336,74.2,10,10
2145,Male,24,BE,Mechanical,7.57,2,1,4,3,4,80,3,0,,0.0,29.0,65.7,8,8
2146,Female,22,BSc,DS,9.29,3,1,2,10,9,86,0,1,Service,10.75,35.0,77.89999999999999,3,3
2147,Male,23,BSc,CS,8.66,0,2,4,8,8,54,2,0,,0.0,23.333333333333332,86.6,8,8
2148,Male,23,BSc,CS,6.85,2,1,1,10,4,55,1,0,,0.0,23.0,58.5,3,3
2149,Female,22,BSc,Mechanical,7.2,1,0,2,9,3,66,1,1,Product,10.27,26.0,67.0,3,3
2150,Male,23,BE,Electrical,8.37,1,0,4,2,2,98,1,0,,0.0,34.0,78.69999999999999,5,5
2151,Male,22,BSc,AI,9.35,2,3,0,6,8,71,5,1,Service,5.41,28.333333333333332,83.5,8,8
2152,Male,20,BSc,Mechanical,6.27,3,3,2,3,8,95,1,0,,0.0,35.333333333333336,47.699999999999996,6,6
2153,Male,24,BTech,Mechanical,7.71,1,0,4,5,1,79,4,1,Product,11.42,28.333333333333332,72.1,8,8
2154,Male,24,BSc,DS,6.01,1,0,3,4,7,90,5,0,,0.0,33.666666666666664,55.099999999999994,8,8
2155,Female,23,BCA,CS,6.7,1,1,2,8,8,84,3,1,Service,11.52,33.333333333333336,62.0,6,6
2156,Female,21,BTech,Electrical,8.45,0,3,5,7,7,85,5,1,Product,13.32,33.0,84.5,13,13
2157,Female,24,BE,DS,5.83,3,1,3,7,3,74,3,0,,0.0,28.0,43.3,7,7
2158,Male,22,BCA,Mechanical,8.35,0,0,2,1,4,76,3,0,,0.0,27.0,83.5,5,5
2159,Female,21,BSc,IT,9.37,2,3,4,6,5,63,4,1,Startup,5.01,24.666666666666668,83.69999999999999,11,11
2160,Male,21,BTech,AI,9.67,2,1,4,2,1,70,5,0,,0.0,24.333333333333332,86.7,10,10
2161,Male,24,BSc,Mechanical,6.43,0,3,5,8,10,90,1,0,,0.0,36.0,64.3,9,9
2162,Male,24,BTech,DS,8.72,1,2,2,6,3,74,0,1,Product,4.56,27.666666666666668,82.2,4,4
2163,Male,24,BSc,IT,9.48,0,2,1,9,6,55,1,0,,0.0,23.333333333333332,94.80000000000001,4,4
2164,Female,22,BCA,IT,5.89,3,2,4,10,3,79,4,0,,0.0,30.666666666666668,43.9,10,10
2165,Female,21,BE,Mechanical,7.28,1,2,5,1,5,75,0,0,,0.0,27.0,67.8,7,7
2166,Male,23,BCA,Electrical,9.45,2,2,2,8,4,51,4,0,,0.0,21.0,84.5,8,8
2167,Female,22,BCA,CS,6.37,3,3,2,2,2,99,2,0,,0.0,34.333333333333336,48.7,7,7
2168,Male,20,BE,IT,9.52,2,0,0,7,4,55,3,0,,0.0,22.0,85.19999999999999,3,3
2169,Female,24,BTech,AI,7.77,3,1,3,3,4,88,3,0,,0.0,31.666666666666668,62.69999999999999,7,7
2170,Female,21,BTech,DS,5.93,3,0,0,7,3,44,4,0,,0.0,18.0,44.3,4,4
2171,Male,22,BE,DS,7.43,3,0,3,1,8,86,0,0,,0.0,31.666666666666668,59.3,3,3
2172,Female,20,BSc,DS,6.9,2,0,3,10,6,44,2,0,,0.0,20.0,59.0,5,5
2173,Male,22,BTech,Mechanical,6.71,0,1,0,9,1,59,2,0,,0.0,23.0,67.1,3,3
2174,Female,22,BCA,DS,7.83,0,2,5,6,9,87,1,1,Product,5.17,34.0,78.3,8,8
2175,Male,23,BE,DS,7.58,1,3,1,7,3,77,1,1,Startup,6.48,29.0,70.8,5,5
2176,Male,23,BCA,AI,7.57,2,3,2,9,4,75,0,1,Service,10.47,29.333333333333332,65.7,5,5
2177,Female,22,BTech,CS,5.88,1,0,4,10,10,94,1,0,,0.0,38.0,53.8,5,5
2178,Female,20,BE,Electrical,8.95,1,3,2,1,10,71,3,0,,0.0,27.333333333333332,84.5,8,8
2179,Male,21,BE,Mechanical,7.57,3,1,5,8,7,79,4,1,Product,5.43,31.333333333333332,60.7,10,10
2180,Female,21,BTech,Mechanical,9.03,3,0,5,7,5,50,3,0,,0.0,20.666666666666668,75.3,8,8
2181,Female,24,BTech,DS,9.05,0,1,0,2,4,50,2,0,,0.0,18.666666666666668,90.5,3,3
2182,Male,24,BE,AI,6.86,0,0,1,1,2,82,2,0,,0.0,28.333333333333332,68.60000000000001,3,3
2183,Male,21,BSc,IT,5.52,1,2,4,10,5,88,4,0,,0.0,34.333333333333336,50.199999999999996,10,10
2184,Female,22,BE,DS,9.42,1,3,4,1,8,67,0,0,,0.0,25.333333333333332,89.2,7,7
2185,Male,22,BSc,DS,8.77,1,3,5,4,2,51,2,0,,0.0,19.0,82.69999999999999,10,10
2186,Male,23,BCA,Mechanical,5.96,0,1,1,5,1,85,0,0,,0.0,30.333333333333332,59.6,2,2
2187,Male,23,BSc,Mechanical,8.52,1,3,4,7,6,70,3,1,Service,3.06,27.666666666666668,80.19999999999999,10,10
2188,Female,24,BSc,DS,5.59,0,0,4,8,1,79,5,0,,0.0,29.333333333333332,55.9,9,9
2189,Female,21,BTech,Mechanical,5.62,2,2,1,2,9,69,5,0,,0.0,26.666666666666668,46.2,8,8
2190,Male,22,BE,AI,7.76,2,3,0,9,8,59,1,0,,0.0,25.333333333333332,67.6,4,4
2191,Female,21,BCA,IT,5.91,1,2,0,7,4,66,4,0,,0.0,25.666666666666668,54.1,6,6
2192,Male,20,BE,IT,9.65,0,1,5,6,7,64,1,1,Service,10.35,25.666666666666668,96.5,7,7
2193,Female,21,BSc,IT,9.34,2,2,4,8,10,89,0,1,Product,5.49,35.666666666666664,83.4,6,6
2194,Male,20,BSc,DS,8.29,0,3,0,2,4,73,5,0,,0.0,26.333333333333332,82.89999999999999,8,8
2195,Male,23,BSc,Electrical,5.77,0,3,0,1,6,74,0,0,,0.0,27.0,57.699999999999996,3,3
2196,Female,23,BE,DS,6.9,2,1,4,5,10,82,3,1,Product,7.34,32.333333333333336,59.0,8,8
2197,Male,24,BSc,DS,7.1,1,1,4,9,7,93,3,1,Startup,14.5,36.333333333333336,66.0,8,8
2198,Female,21,BE,AI,7.57,1,2,5,7,9,91,0,1,Service,4.14,35.666666666666664,70.7,7,7
2199,Female,21,BCA,IT,6.23,2,2,5,7,2,44,3,0,,0.0,17.666666666666668,52.300000000000004,10,10
2200,Male,20,BCA,Mechanical,7.98,3,1,0,9,10,79,4,1,Product,13.28,32.666666666666664,64.80000000000001,5,5
2201,Male,23,BE,Mechanical,7.37,0,3,5,5,8,78,2,1,Product,6.0,30.333333333333332,73.7,10,10
2202,Female,20,BCA,CS,9.57,3,2,3,5,9,47,4,0,,0.0,20.333333333333332,80.7,9,9
2203,Male,23,BTech,CS,9.53,1,1,1,7,4,58,0,0,,0.0,23.0,90.3,2,2
2204,Male,20,BSc,Electrical,7.93,0,2,0,6,8,82,5,1,Product,5.02,32.0,79.3,7,7
2205,Male,23,BSc,Mechanical,8.27,2,1,0,10,10,57,2,0,,0.0,25.666666666666668,72.69999999999999,3,3
2206,Male,20,BSc,IT,6.09,1,3,3,6,5,93,0,0,,0.0,34.666666666666664,55.9,6,6
2207,Male,23,BTech,DS,6.46,1,2,2,8,9,55,5,0,,0.0,24.0,59.599999999999994,9,9
2208,Female,20,BSc,Mechanical,9.37,1,2,5,4,2,58,4,0,,0.0,21.333333333333332,88.69999999999999,11,11
2209,Female,21,BE,Electrical,8.51,2,0,2,2,1,54,5,0,,0.0,19.0,75.1,7,7
2210,Male,24,BSc,Electrical,6.31,2,0,5,3,10,68,0,0,,0.0,27.0,53.099999999999994,5,5
2211,Male,20,BE,Mechanical,7.95,3,3,1,10,6,54,3,0,,0.0,23.333333333333332,64.5,7,7
2212,Male,24,BCA,CS,9.52,2,1,4,4,4,99,0,0,,0.0,35.666666666666664,85.19999999999999,5,5
2213,Female,21,BE,IT,6.98,3,0,0,5,6,68,4,1,Product,9.0,26.333333333333332,54.80000000000001,4,4
2214,Male,21,BE,Mechanical,6.3,0,0,3,2,7,56,5,0,,0.0,21.666666666666668,63.0,8,8
2215,Female,23,BE,DS,9.55,0,3,4,8,9,54,3,0,,0.0,23.666666666666668,95.5,10,10
2216,Female,24,BSc,DS,7.48,0,1,4,5,1,79,2,1,Service,4.49,28.333333333333332,74.80000000000001,7,7
2217,Female,22,BTech,AI,7.29,1,3,2,7,3,50,4,0,,0.0,20.0,67.9,9,9
2218,Male,23,BTech,DS,6.65,1,2,0,9,2,42,1,0,,0.0,17.666666666666668,61.5,3,3
2219,Female,24,BE,Mechanical,9.33,1,2,1,7,5,52,1,0,,0.0,21.333333333333332,88.3,4,4
2220,Male,20,BSc,Mechanical,9.14,2,1,3,4,10,77,4,0,,0.0,30.333333333333332,81.4,8,8
2221,Female,20,BTech,DS,7.23,2,0,0,3,8,48,4,0,,0.0,19.666666666666668,62.30000000000001,4,4
2222,Male,21,BCA,CS,5.63,3,3,4,8,5,94,1,0,,0.0,35.666666666666664,41.3,8,8
2223,Female,22,BCA,IT,7.42,1,3,4,9,8,59,1,0,,0.0,25.333333333333332,69.2,8,8
2224,Male,20,BSc,Electrical,6.28,2,2,1,5,3,93,5,0,,0.0,33.666666666666664,52.800000000000004,8,8
2225,Female,24,BCA,Mechanical,6.11,0,3,2,6,10,87,1,0,,0.0,34.333333333333336,61.1,6,6
2226,Male,24,BCA,DS,7.19,0,0,1,10,1,65,4,1,Service,9.05,25.333333333333332,71.9,5,5
2227,Male,20,BCA,Electrical,5.93,2,1,1,10,4,96,5,0,,0.0,36.666666666666664,49.3,7,7
2228,Male,24,BTech,DS,9.62,0,3,0,6,3,51,3,0,,0.0,20.0,96.19999999999999,6,6
2229,Male,24,BCA,Mechanical,5.7,0,0,5,3,8,88,0,0,,0.0,33.0,57.0,5,5
2230,Female,21,BE,AI,7.23,3,1,2,4,8,70,5,0,,0.0,27.333333333333332,57.30000000000001,8,8
2231,Female,22,BE,IT,6.2,0,3,4,9,8,41,5,0,,0.0,19.333333333333332,62.0,12,12
2232,Male,21,BCA,Mechanical,8.46,1,3,2,6,3,72,0,1,Startup,4.17,27.0,79.60000000000001,5,5
2233,Female,22,BE,Electrical,5.84,2,1,0,5,8,55,3,0,,0.0,22.666666666666668,48.4,4,4
2234,Male,24,BTech,DS,7.85,2,3,0,9,6,44,0,0,,0.0,19.666666666666668,68.5,3,3
2235,Male,22,BSc,AI,8.82,1,3,5,8,8,92,5,1,Product,14.16,36.0,83.2,13,13
2236,Female,24,BE,Mechanical,9.59,0,3,1,9,9,56,3,0,,0.0,24.666666666666668,95.9,7,7
2237,Male,24,BCA,IT,8.5,3,2,5,9,1,98,3,1,Startup,8.27,36.0,70.0,10,10
2238,Male,21,BSc,AI,5.93,3,1,0,4,1,88,0,0,,0.0,31.0,44.3,1,1
2239,Female,21,BSc,Electrical,5.88,1,2,2,8,4,95,0,0,,0.0,35.666666666666664,53.8,4,4
2240,Male,23,BCA,DS,8.65,0,1,1,10,1,79,0,1,Startup,8.26,30.0,86.5,2,2
2241,Male,20,BE,CS,6.43,1,2,1,9,9,71,2,0,,0.0,29.666666666666668,59.3,5,5
2242,Male,23,BTech,IT,7.42,3,3,1,5,9,54,0,0,,0.0,22.666666666666668,59.2,4,4
2243,Male,23,BE,AI,9.7,0,0,2,4,7,51,4,0,,0.0,20.666666666666668,97.0,6,6
2244,Female,22,BE,Mechanical,9.03,1,1,1,10,2,56,4,0,,0.0,22.666666666666668,85.3,6,6
2245,Female,24,BTech,Mechanical,9.14,1,0,3,1,4,49,2,0,,0.0,18.0,86.4,5,5
2246,Female,24,BSc,AI,9.2,0,1,3,3,4,65,4,0,,0.0,24.0,92.0,8,8
2247,Male,24,BTech,Mechanical,8.16,3,1,2,10,10,83,0,1,Startup,4.38,34.333333333333336,66.6,3,3
2248,Male,20,BTech,AI,8.7,0,3,4,2,5,67,2,0,,0.0,24.666666666666668,87.0,9,9
2249,Female,22,BCA,IT,7.04,3,1,5,7,5,67,5,1,Startup,5.52,26.333333333333332,55.400000000000006,11,11
2250,Male,22,BCA,Mechanical,9.79,2,3,4,4,8,62,1,0,,0.0,24.666666666666668,87.89999999999999,8,8
2251,Male,24,BE,IT,6.7,3,3,1,9,3,59,5,0,,0.0,23.666666666666668,52.0,9,9
2252,Male,23,BCA,DS,8.04,3,3,2,9,7,56,1,0,,0.0,24.0,65.39999999999999,6,6
2253,Male,20,BTech,DS,6.71,2,2,1,2,1,91,3,0,,0.0,31.333333333333332,57.099999999999994,6,6
2254,Female,23,BTech,DS,5.98,1,2,1,3,1,83,0,0,,0.0,29.0,54.800000000000004,3,3
2255,Female,21,BCA,DS,7.94,1,3,3,8,3,47,3,0,,0.0,19.333333333333332,74.4,9,9
2256,Female,22,BCA,Mechanical,7.02,3,0,0,10,1,98,1,1,Startup,12.82,36.333333333333336,55.19999999999999,1,1
2257,Male,22,BCA,AI,8.01,2,0,2,3,1,89,4,0,,0.0,31.0,70.1,6,6
2258,Female,23,BTech,Mechanical,7.9,2,1,0,4,3,54,2,0,,0.0,20.333333333333332,69.0,3,3
2259,Female,20,BSc,Electrical,7.83,0,0,3,3,9,80,1,0,,0.0,30.666666666666668,78.3,4,4
2260,Male,22,BSc,Mechanical,6.03,3,1,0,2,5,62,3,0,,0.0,23.0,45.300000000000004,4,4
2261,Male,23,BCA,IT,7.39,2,1,5,1,4,92,4,0,,0.0,32.333333333333336,63.89999999999999,10,10
2262,Female,20,BE,AI,8.99,1,1,3,3,7,53,2,0,,0.0,21.0,84.9,6,6
2263,Female,23,BE,CS,6.86,2,2,5,9,2,79,5,1,Product,9.71,30.0,58.60000000000001,12,12
2264,Female,20,BSc,CS,7.41,2,3,4,8,6,85,4,1,Service,4.01,33.0,64.1,11,11
2265,Female,24,BCA,AI,7.62,2,0,3,9,10,66,1,1,Product,5.53,28.333333333333332,66.2,4,4
2266,Male,20,BTech,CS,9.21,2,3,2,10,1,82,4,1,Service,13.17,31.0,82.10000000000001,9,9
2267,Female,21,BE,AI,8.32,1,3,4,5,4,52,4,0,,0.0,20.333333333333332,78.2,11,11
2268,Female,24,BE,IT,5.93,2,2,1,5,6,78,3,0,,0.0,29.666666666666668,49.3,6,6
2269,Male,23,BTech,IT,9.22,3,1,2,8,10,82,4,1,Product,9.46,33.333333333333336,77.2,7,7
2270,Female,24,BTech,Mechanical,9.08,2,3,2,5,4,64,2,1,Service,8.92,24.333333333333332,80.8,7,7
2271,Male,24,BCA,CS,8.74,1,1,5,4,7,65,1,0,,0.0,25.333333333333332,82.4,7,7
2272,Male,23,BTech,AI,7.5,3,2,2,9,3,83,0,1,Service,13.99,31.666666666666668,60.0,4,4
2273,Male,23,BTech,IT,8.76,2,3,0,1,3,50,4,0,,0.0,18.0,77.6,7,7
2274,Female,21,BTech,Mechanical,7.56,1,0,0,6,10,77,5,1,Startup,10.81,31.0,70.6,5,5
2275,Female,23,BSc,CS,8.67,3,3,1,7,8,48,1,0,,0.0,21.0,71.7,5,5
2276,Male,22,BTech,CS,9.28,2,2,0,6,2,82,4,1,Product,11.12,30.0,82.8,6,6
2277,Female,22,BE,CS,9.33,2,2,2,10,1,72,4,1,Service,4.45,27.666666666666668,83.3,8,8
2278,Female,21,BCA,IT,7.45,2,3,5,8,5,90,5,1,Startup,7.07,34.333333333333336,64.5,13,13
2279,Male,20,BCA,IT,9.2,3,0,3,8,7,55,3,0,,0.0,23.333333333333332,77.0,6,6
2280,Male,20,BCA,CS,5.94,0,1,1,5,4,88,1,0,,0.0,32.333333333333336,59.400000000000006,3,3
2281,Female,22,BSc,IT,5.94,2,3,1,4,8,59,2,0,,0.0,23.666666666666668,49.400000000000006,6,6
2282,Male,23,BE,CS,7.86,1,3,2,7,1,46,0,0,,0.0,18.0,73.60000000000001,5,5
2283,Female,21,BTech,DS,8.3,0,0,4,9,5,72,4,1,Service,7.8,28.666666666666668,83.0,8,8
2284,Female,20,BE,IT,6.16,2,0,0,2,2,52,1,0,,0.0,18.666666666666668,51.6,1,1
2285,Female,20,BCA,AI,7.53,1,2,4,7,3,86,1,1,Startup,9.66,32.0,70.3,7,7
2286,Female,24,BTech,IT,5.91,2,1,2,6,6,74,4,0,,0.0,28.666666666666668,49.1,7,7
2287,Male,22,BCA,CS,8.09,1,1,4,3,2,43,0,0,,0.0,16.0,75.9,5,5
2288,Male,23,BCA,AI,9.18,2,3,2,2,8,70,4,0,,0.0,26.666666666666668,81.8,9,9
2289,Male,21,BCA,Mechanical,8.67,1,1,0,1,4,69,0,0,,0.0,24.666666666666668,81.7,1,1
2290,Male,20,BE,AI,7.13,1,2,0,2,10,42,1,0,,0.0,18.0,66.3,3,3
2291,Female,24,BE,AI,9.77,0,2,1,5,7,80,4,1,Product,3.99,30.666666666666668,97.69999999999999,7,7
2292,Female,22,BCA,IT,8.35,0,0,4,1,5,66,1,0,,0.0,24.0,83.5,5,5
2293,Male,22,BCA,Electrical,9.01,3,0,4,8,7,71,4,1,Product,9.08,28.666666666666668,75.1,8,8
2294,Female,21,BTech,AI,8.38,1,2,4,4,7,86,4,0,,0.0,32.333333333333336,78.80000000000001,10,10
2295,Female,20,BCA,AI,9.75,1,0,4,3,10,77,2,0,,0.0,30.0,92.5,6,6
2296,Female,21,BCA,CS,9.03,0,2,5,10,2,97,3,1,Product,6.8,36.333333333333336,90.3,10,10
2297,Male,21,BCA,IT,7.73,3,0,3,2,6,45,4,0,,0.0,17.666666666666668,62.30000000000001,7,7
2298,Male,24,BCA,CS,7.08,1,3,1,1,8,96,5,0,,0.0,35.0,65.8,9,9
2299,Male,22,BE,IT,8.43,2,1,1,8,8,47,4,0,,0.0,21.0,74.3,6,6
2300,Female,23,BCA,Mechanical,8.04,2,2,3,9,9,93,1,1,Service,10.06,37.0,70.39999999999999,6,6
2301,Male,22,BSc,Electrical,8.21,3,0,5,3,5,63,0,0,,0.0,23.666666666666668,67.10000000000001,5,5
2302,Male,22,BCA,AI,6.97,1,2,4,3,10,54,1,0,,0.0,22.333333333333332,64.7,7,7
2303,Male,24,BE,IT,7.34,1,3,3,9,3,64,5,1,Product,4.32,25.333333333333332,68.4,11,11
2304,Male,23,BSc,AI,7.9,0,2,5,7,5,66,3,1,Product,3.02,26.0,79.0,10,10
2305,Male,20,BSc,AI,9.11,0,0,4,9,6,83,4,1,Product,4.61,32.666666666666664,91.1,8,8
2306,Male,23,BCA,DS,8.78,1,0,3,2,9,52,1,0,,0.0,21.0,82.8,4,4
2307,Female,20,BCA,CS,6.01,2,2,1,7,9,59,5,0,,0.0,25.0,50.099999999999994,8,8
2308,Female,23,BE,Electrical,6.56,0,2,3,8,4,44,0,0,,0.0,18.666666666666668,65.6,5,5
2309,Male,21,BSc,IT,5.61,2,0,5,4,10,77,3,0,,0.0,30.333333333333332,46.1,8,8
2310,Male,23,BSc,Mechanical,5.53,2,3,2,10,5,46,3,0,,0.0,20.333333333333332,45.300000000000004,8,8
2311,Female,24,BE,Electrical,6.46,2,3,4,4,8,97,4,0,,0.0,36.333333333333336,54.599999999999994,11,11
2312,Female,20,BCA,DS,8.94,2,3,3,2,9,44,3,0,,0.0,18.333333333333332,79.39999999999999,9,9
2313,Male,22,BTech,CS,9.39,3,1,4,2,1,67,0,0,,0.0,23.333333333333332,78.9,5,5
2314,Male,24,BTech,Mechanical,7.18,3,1,0,4,3,76,1,0,,0.0,27.666666666666668,56.8,2,2
2315,Male,20,BSc,Mechanical,7.92,0,1,4,4,4,68,3,0,,0.0,25.333333333333332,79.2,8,8
2316,Male,20,BSc,AI,8.54,1,2,3,5,9,81,5,1,Startup,14.57,31.666666666666668,80.39999999999999,10,10
2317,Female,22,BCA,CS,9.6,3,1,4,10,1,76,2,1,Product,10.56,29.0,81.0,7,7
2318,Male,21,BTech,DS,9.43,1,2,5,10,10,98,1,1,Product,4.98,39.333333333333336,89.3,8,8
2319,Male,24,BSc,IT,5.75,0,3,2,10,8,46,0,0,,0.0,21.333333333333332,57.5,5,5
2320,Male,22,BCA,IT,6.57,2,0,2,9,2,85,0,1,Service,8.17,32.0,55.7,2,2
2321,Male,22,BTech,DS,5.71,1,1,3,9,1,65,4,0,,0.0,25.0,52.1,8,8
2322,Female,21,BE,AI,8.15,3,0,3,7,10,86,5,1,Service,4.68,34.333333333333336,66.5,8,8
2323,Female,24,BSc,AI,8.56,1,1,4,6,7,97,3,1,Startup,5.34,36.666666666666664,80.60000000000001,8,8
2324,Female,22,BE,Mechanical,6.83,3,1,1,10,4,58,4,0,,0.0,24.0,53.3,6,6
2325,Male,21,BTech,CS,9.17,1,0,2,5,2,49,3,0,,0.0,18.666666666666668,86.7,5,5
2326,Male,24,BCA,Mechanical,7.45,3,3,2,4,4,95,5,0,,0.0,34.333333333333336,59.5,10,10
2327,Female,23,BCA,IT,9.79,2,3,0,2,10,81,5,0,,0.0,31.0,87.89999999999999,8,8
2328,Male,20,BTech,DS,5.5,1,3,0,4,2,59,1,0,,0.0,21.666666666666668,50.0,4,4
2329,Male,21,BE,CS,5.97,0,0,1,7,4,85,4,0,,0.0,32.0,59.699999999999996,5,5
2330,Female,20,BCA,DS,6.8,1,2,2,1,2,70,4,0,,0.0,24.333333333333332,63.0,8,8
2331,Female,23,BSc,CS,5.61,3,0,3,3,7,75,4,0,,0.0,28.333333333333332,41.1,7,7
2332,Female,22,BE,Electrical,8.86,1,2,2,4,3,85,4,0,,0.0,30.666666666666668,83.6,8,8
2333,Female,22,BE,IT,5.73,0,3,3,7,7,45,2,0,,0.0,19.666666666666668,57.300000000000004,8,8
2334,Male,24,BSc,IT,8.72,2,2,3,3,2,54,2,0,,0.0,19.666666666666668,77.2,7,7
2335,Male,21,BTech,Electrical,5.73,1,3,1,4,4,63,5,0,,0.0,23.666666666666668,52.300000000000004,9,9
2336,Female,21,BCA,CS,6.59,2,3,2,1,7,69,4,0,,0.0,25.666666666666668,55.900000000000006,9,9
2337,Male,24,BE,AI,9.12,2,3,4,1,6,48,3,0,,0.0,18.333333333333332,81.19999999999999,10,10
2338,Female,20,BCA,CS,9.59,2,3,2,10,3,40,4,0,,0.0,17.666666666666668,85.9,9,9
2339,Female,22,BCA,IT,7.28,3,0,2,3,8,89,2,0,,0.0,33.333333333333336,57.8,4,4
2340,Male,22,BE,DS,9.67,1,1,5,7,9,86,2,1,Product,3.93,34.0,91.7,8,8
2341,Female,21,BTech,Mechanical,8.2,1,1,0,6,4,54,4,0,,0.0,21.333333333333332,77.0,5,5
2342,Male,21,BE,DS,7.29,0,1,1,5,9,97,4,1,Startup,14.22,37.0,72.9,6,6
2343,Male,24,BTech,IT,8.95,2,0,4,8,3,45,3,0,,0.0,18.666666666666668,79.5,7,7
2344,Male,23,BSc,DS,6.77,3,3,4,8,2,54,5,0,,0.0,21.333333333333332,52.69999999999999,12,12
2345,Male,20,BTech,AI,6.64,3,3,4,4,8,98,5,0,,0.0,36.666666666666664,51.39999999999999,12,12
2346,Female,23,BTech,AI,8.32,0,3,3,10,10,46,5,0,,0.0,22.0,83.2,11,11
2347,Male,23,BE,CS,7.18,1,1,1,6,6,85,2,1,Service,10.4,32.333333333333336,66.8,4,4
2348,Female,21,BCA,DS,6.08,1,3,0,1,8,66,4,0,,0.0,25.0,55.8,7,7
2349,Female,21,BCA,DS,5.79,3,2,3,10,3,49,0,0,,0.0,20.666666666666668,42.9,5,5
2350,Female,21,BTech,IT,8.89,3,0,4,10,8,71,4,1,Startup,7.11,29.666666666666668,73.9,8,8
2351,Female,23,BTech,CS,8.41,0,3,3,9,10,60,2,1,Startup,8.43,26.333333333333332,84.1,8,8
2352,Male,20,BE,CS,7.27,3,3,3,5,10,83,0,1,Service,13.21,32.666666666666664,57.69999999999999,6,6
2353,Male,21,BTech,DS,9.35,3,3,5,8,2,76,0,1,Product,4.42,28.666666666666668,78.5,8,8
2354,Female,22,BE,Mechanical,7.27,0,2,4,10,7,93,0,1,Product,8.19,36.666666666666664,72.69999999999999,6,6
2355,Female,20,BSc,DS,8.55,2,3,4,10,2,77,3,1,Startup,4.1,29.666666666666668,75.5,10,10
2356,Male,22,BTech,DS,9.41,3,1,0,1,2,75,4,0,,0.0,26.0,79.1,5,5
2357,Female,20,BSc,DS,9.12,1,3,1,4,5,53,5,0,,0.0,20.666666666666668,86.19999999999999,9,9
2358,Male,21,BTech,AI,7.7,2,1,2,2,9,81,0,0,,0.0,30.666666666666668,67.0,3,3
2359,Female,24,BTech,Electrical,8.43,3,1,2,2,2,78,3,0,,0.0,27.333333333333332,69.3,6,6
2360,Male,21,BSc,CS,7.28,2,3,5,2,9,99,2,0,,0.0,36.666666666666664,62.8,10,10
2361,Female,23,BSc,Electrical,8.28,3,2,2,2,8,80,0,0,,0.0,30.0,67.8,4,4
2362,Female,23,BE,AI,6.61,1,1,0,8,10,87,5,1,Product,14.22,35.0,61.10000000000001,6,6
2363,Male,20,BE,Mechanical,7.37,3,3,3,6,4,53,4,0,,0.0,21.0,58.7,10,10
2364,Female,23,BSc,IT,6.4,1,3,4,9,5,41,0,0,,0.0,18.333333333333332,59.0,7,7
2365,Female,21,BTech,Mechanical,5.66,3,2,1,2,6,63,2,0,,0.0,23.666666666666668,41.6,5,5
2366,Male,22,BE,CS,8.03,3,3,2,1,9,49,2,0,,0.0,19.666666666666668,65.3,7,7
2367,Female,21,BTech,IT,9.22,2,0,5,8,10,81,0,1,Service,14.72,33.0,82.2,5,5
2368,Male,20,BCA,Electrical,5.61,0,0,1,10,6,45,4,0,,0.0,20.333333333333332,56.1,5,5
2369,Male,23,BE,Mechanical,6.34,1,0,1,3,6,42,3,0,,0.0,17.0,58.4,4,4
2370,Female,22,BE,CS,7.48,2,3,4,3,6,73,0,0,,0.0,27.333333333333332,64.80000000000001,7,7
2371,Female,24,BE,Mechanical,8.36,0,1,5,8,10,65,2,1,Product,9.12,27.666666666666668,83.6,8,8
2372,Female,22,BCA,IT,6.24,2,2,0,5,1,49,3,0,,0.0,18.333333333333332,52.400000000000006,5,5
2373,Female,22,BSc,IT,5.74,1,3,4,8,1,77,4,0,,0.0,28.666666666666668,52.400000000000006,11,11
2374,Female,21,BTech,Mechanical,7.73,0,1,5,2,9,93,0,0,,0.0,34.666666666666664,77.30000000000001,6,6
2375,Female,24,BCA,AI,9.02,0,3,0,10,10,60,2,1,Product,12.89,26.666666666666668,90.19999999999999,5,5
2376,Female,20,BSc,Mechanical,5.65,0,0,5,9,2,91,3,0,,0.0,34.0,56.5,8,8
2377,Male,20,BE,Electrical,7.0,1,0,3,2,5,64,1,0,,0.0,23.666666666666668,65.0,4,4
2378,Female,22,BSc,Mechanical,8.35,1,1,1,9,9,41,3,0,,0.0,19.666666666666668,78.5,5,5
2379,Male,22,BSc,Mechanical,6.06,2,1,2,10,6,75,2,0,,0.0,30.333333333333332,50.599999999999994,5,5
2380,Female,23,BSc,AI,6.51,3,1,1,6,9,40,2,0,,0.0,18.333333333333332,50.099999999999994,4,4
2381,Female,24,BTech,DS,7.8,3,2,4,5,2,83,1,1,Startup,14.53,30.0,63.0,7,7
2382,Male,22,BSc,IT,9.6,3,1,5,7,10,81,1,1,Product,12.8,32.666666666666664,81.0,7,7
2383,Female,23,BSc,Electrical,6.74,3,0,5,7,1,99,5,1,Product,7.35,35.666666666666664,52.400000000000006,10,10
2384,Female,24,BSc,CS,7.6,2,0,0,4,2,75,5,0,,0.0,27.0,66.0,5,5
2385,Male,20,BSc,IT,7.22,1,2,3,7,2,83,1,1,Service,6.04,30.666666666666668,67.2,6,6
2386,Female,23,BCA,IT,9.36,2,3,3,3,5,63,4,0,,0.0,23.666666666666668,83.6,10,10
2387,Female,24,BCA,DS,5.81,0,1,0,3,1,49,2,0,,0.0,17.666666666666668,58.099999999999994,3,3
2388,Female,23,BSc,IT,7.93,1,2,0,7,2,90,0,1,Startup,5.06,33.0,74.3,2,2
2389,Male,22,BSc,IT,9.14,1,3,0,1,5,74,4,0,,0.0,26.666666666666668,86.4,7,7
2390,Female,21,BSc,AI,9.75,3,3,3,8,5,99,2,1,Startup,8.1,37.333333333333336,82.5,8,8
2391,Female,20,BE,AI,8.5,2,1,1,2,7,61,3,0,,0.0,23.333333333333332,75.0,5,5
2392,Female,22,BSc,AI,7.13,3,0,1,1,4,85,1,0,,0.0,30.0,56.3,2,2
2393,Female,22,BSc,AI,7.27,1,1,5,6,6,86,3,1,Startup,11.65,32.666666666666664,67.69999999999999,9,9
2394,Male,24,BCA,AI,7.01,3,1,5,4,6,73,5,0,,0.0,27.666666666666668,55.099999999999994,11,11
2395,Male,23,BCA,Electrical,8.1,0,0,3,7,9,71,0,1,Service,11.55,29.0,81.0,3,3
2396,Female,20,BCA,CS,8.68,1,0,2,3,3,55,4,0,,0.0,20.333333333333332,81.8,6,6
2397,Female,22,BTech,DS,9.02,0,0,4,2,9,69,3,0,,0.0,26.666666666666668,90.19999999999999,7,7
2398,Male,24,BE,Mechanical,7.29,1,3,3,4,9,75,0,0,,0.0,29.333333333333332,67.9,6,6
2399,Male,20,BSc,Electrical,8.58,3,3,2,4,2,98,3,0,,0.0,34.666666666666664,70.8,8,8
2400,Female,23,BCA,AI,9.44,1,1,4,4,2,70,5,0,,0.0,25.333333333333332,89.39999999999999,10,10
2401,Male,22,BTech,DS,9.46,1,2,1,3,7,69,2,0,,0.0,26.333333333333332,89.60000000000001,5,5
2402,Female,22,BSc,Mechanical,8.53,2,1,0,7,8,44,5,0,,0.0,19.666666666666668,75.3,6,6
2403,Male,22,BSc,IT,8.24,2,2,5,5,3,63,3,1,Product,5.63,23.666666666666668,72.4,10,10
2404,Male,20,BCA,Electrical,7.79,0,1,4,4,7,85,5,0,,0.0,32.0,77.9,10,10
2405,Male,20,BSc,IT,6.29,2,1,5,5,7,75,1,0,,0.0,29.0,52.9,7,7
2406,Male,20,BSc,DS,6.03,1,1,0,7,7,66,1,0,,0.0,26.666666666666668,55.300000000000004,2,2
2407,Female,20,BSc,CS,7.59,2,3,2,4,2,53,2,0,,0.0,19.666666666666668,65.9,7,7
2408,Male,24,BCA,CS,6.19,3,1,5,10,8,76,5,0,,0.0,31.333333333333332,46.900000000000006,11,11
2409,Male,21,BTech,DS,7.98,2,2,3,5,10,52,4,0,,0.0,22.333333333333332,69.80000000000001,9,9
2410,Female,24,BSc,CS,8.28,0,3,3,6,8,59,1,0,,0.0,24.333333333333332,82.8,7,7
2411,Male,22,BTech,CS,7.76,1,1,0,6,5,67,3,1,Product,5.81,26.0,72.6,4,4
2412,Male,24,BSc,IT,5.66,3,0,4,7,7,90,1,0,,0.0,34.666666666666664,41.6,5,5
2413,Female,23,BCA,CS,5.75,3,3,4,10,7,45,5,0,,0.0,20.666666666666668,42.5,12,12
2414,Male,20,BTech,CS,5.99,0,0,5,3,10,48,2,0,,0.0,20.333333333333332,59.900000000000006,7,7
2415,Female,23,BCA,DS,6.16,2,1,2,8,4,61,5,0,,0.0,24.333333333333332,51.6,8,8
2416,Female,23,BE,CS,9.76,1,2,3,5,5,62,5,1,Startup,13.46,24.0,92.6,10,10
2417,Female,22,BSc,Electrical,6.98,0,0,0,1,6,47,4,0,,0.0,18.0,69.80000000000001,4,4
2418,Female,20,BE,AI,6.76,3,0,1,4,6,40,5,0,,0.0,16.666666666666668,52.599999999999994,6,6
2419,Male,23,BE,AI,5.72,3,3,5,4,10,46,5,0,,0.0,20.0,42.199999999999996,13,13
2420,Female,22,BE,DS,8.23,3,0,3,8,9,95,2,1,Service,4.31,37.333333333333336,67.30000000000001,5,5
2421,Male,20,BSc,AI,8.3,0,1,3,10,3,51,3,0,,0.0,21.333333333333332,83.0,7,7
2422,Male,21,BCA,IT,6.25,3,3,2,9,5,78,1,0,,0.0,30.666666666666668,47.5,6,6
2423,Male,22,BE,Electrical,9.45,1,0,3,3,1,56,3,0,,0.0,20.0,89.5,6,6
2424,Male,24,BTech,Electrical,8.94,3,2,2,10,1,89,1,1,Startup,6.13,33.333333333333336,74.39999999999999,5,5
2425,Male,20,BSc,DS,6.49,0,3,2,1,10,55,1,0,,0.0,22.0,64.9,6,6
2426,Male,23,BCA,CS,7.59,0,2,1,8,5,43,0,0,,0.0,18.666666666666668,75.9,3,3
2427,Male,23,BCA,AI,7.47,3,2,5,9,1,76,5,1,Product,11.45,28.666666666666668,59.7,12,12
2428,Male,24,BE,IT,7.0,0,3,4,4,7,48,2,0,,0.0,19.666666666666668,70.0,9,9
2429,Male,24,BSc,DS,9.02,2,0,3,5,10,48,0,0,,0.0,21.0,80.19999999999999,3,3
2430,Male,23,BE,DS,5.97,0,0,2,4,8,66,5,0,,0.0,26.0,59.699999999999996,7,7
2431,Female,20,BTech,CS,7.29,2,2,2,4,10,51,3,0,,0.0,21.666666666666668,62.900000000000006,7,7
2432,Female,22,BCA,Mechanical,7.34,0,0,4,3,2,73,3,0,,0.0,26.0,73.4,7,7
2433,Female,24,BCA,AI,7.52,0,3,4,10,3,62,4,1,Service,3.11,25.0,75.19999999999999,11,11
2434,Male,24,BSc,IT,9.2,0,2,2,4,10,74,5,0,,0.0,29.333333333333332,92.0,9,9
2435,Female,24,BCA,DS,6.44,3,1,3,9,8,79,1,0,,0.0,32.0,49.400000000000006,5,5
2436,Female,21,BSc,AI,5.94,0,1,5,7,1,48,0,0,,0.0,18.666666666666668,59.400000000000006,6,6
2437,Female,20,BE,IT,8.16,1,1,3,6,9,82,4,1,Startup,5.09,32.333333333333336,76.6,8,8
2438,Male,20,BTech,Electrical,6.25,3,0,5,9,5,52,0,0,,0.0,22.0,47.5,5,5
2439,Male,20,BSc,Electrical,5.82,2,1,3,2,10,91,3,0,,0.0,34.333333333333336,48.2,7,7
2440,Male,20,BE,IT,7.33,1,1,4,4,1,89,4,0,,0.0,31.333333333333332,68.3,9,9
2441,Male,20,BTech,Electrical,6.44,1,2,3,9,10,85,2,0,,0.0,34.666666666666664,59.400000000000006,7,7
2442,Female,23,BCA,DS,7.05,1,3,5,8,8,97,4,1,Product,4.0,37.666666666666664,65.5,12,12
2443,Female,24,BTech,AI,6.62,1,2,3,1,9,96,1,0,,0.0,35.333333333333336,61.2,6,6
2444,Female,23,BTech,IT,5.9,0,2,3,9,9,82,3,0,,0.0,33.333333333333336,59.0,8,8
2445,Female,21,BTech,DS,7.91,0,1,4,10,9,41,2,0,,0.0,20.0,79.1,7,7
2446,Male,22,BCA,AI,5.62,1,2,0,2,6,86,3,0,,0.0,31.333333333333332,51.2,5,5
2447,Male,24,BSc,AI,9.66,3,1,0,1,7,41,1,0,,0.0,16.333333333333332,81.6,2,2
2448,Male,21,BSc,DS,6.97,1,0,3,2,7,68,3,0,,0.0,25.666666666666668,64.7,6,6
2449,Female,23,BTech,AI,8.49,2,1,0,10,4,84,5,1,Service,5.23,32.666666666666664,74.9,6,6
2450,Male,22,BE,Mechanical,8.98,1,3,3,6,3,96,2,1,Service,4.91,35.0,84.80000000000001,8,8
2451,Male,21,BE,IT,6.7,0,2,4,2,9,61,4,0,,0.0,24.0,67.0,10,10
2452,Female,22,BTech,IT,8.72,2,3,3,1,3,82,4,0,,0.0,28.666666666666668,77.2,10,10
2453,Female,21,BTech,AI,9.08,3,3,1,5,3,60,5,1,Service,6.7,22.666666666666668,75.8,9,9
2454,Male,23,BE,DS,6.54,1,2,2,2,4,98,4,0,,0.0,34.666666666666664,60.400000000000006,8,8
2455,Male,22,BTech,CS,9.77,2,2,4,4,10,86,2,0,,0.0,33.333333333333336,87.69999999999999,8,8
2456,Male,21,BTech,Electrical,5.59,1,2,5,8,10,45,5,0,,0.0,21.0,50.9,12,12
2457,Male,23,BSc,AI,6.43,3,3,1,10,10,86,4,0,,0.0,35.333333333333336,49.3,8,8
2458,Male,24,BSc,CS,8.85,3,0,1,6,3,96,0,1,Startup,7.48,35.0,73.5,1,1
2459,Male,23,BTech,AI,6.33,2,3,2,8,2,67,5,0,,0.0,25.666666666666668,53.3,10,10
2460,Female,23,BTech,CS,8.5,3,0,1,5,5,55,0,0,,0.0,21.666666666666668,70.0,1,1
2461,Female,24,BCA,AI,9.18,2,1,2,2,1,40,4,0,,0.0,14.333333333333334,81.8,7,7
2462,Female,23,BSc,DS,9.62,3,2,3,1,1,62,5,0,,0.0,21.333333333333332,81.19999999999999,10,10
2463,Male,24,BTech,Electrical,7.54,0,3,4,8,6,47,1,0,,0.0,20.333333333333332,75.4,8,8
2464,Female,24,BCA,CS,9.68,2,0,4,1,4,91,2,0,,0.0,32.0,86.8,6,6
2465,Male,24,BCA,Mechanical,7.27,1,0,4,10,8,47,5,0,,0.0,21.666666666666668,67.69999999999999,9,9
2466,Male,21,BCA,DS,6.44,2,0,2,9,1,81,1,0,,0.0,30.333333333333332,54.400000000000006,3,3
2467,Female,22,BCA,Electrical,7.71,3,2,2,4,10,40,5,0,,0.0,18.0,62.099999999999994,9,9
2468,Male,21,BSc,AI,8.29,3,0,1,6,5,50,3,0,,0.0,20.333333333333332,67.89999999999999,4,4
2469,Male,24,BCA,CS,7.47,3,2,4,6,6,47,5,0,,0.0,19.666666666666668,59.7,11,11
2470,Female,22,BSc,Electrical,7.94,1,3,1,3,5,86,1,0,,0.0,31.333333333333332,74.4,5,5
2471,Female,22,BCA,IT,7.29,1,0,3,1,10,90,1,0,,0.0,33.666666666666664,67.9,4,4
2472,Female,24,BCA,DS,7.76,3,0,1,6,6,70,1,1,Service,11.31,27.333333333333332,62.599999999999994,2,2
2473,Male,22,BE,CS,9.6,0,2,4,10,3,85,4,1,Startup,11.07,32.666666666666664,96.0,10,10
2474,Female,22,BSc,DS,7.65,2,2,2,5,9,75,3,1,Service,9.34,29.666666666666668,66.5,7,7
2475,Female,21,BE,CS,6.59,3,3,1,4,7,47,3,0,,0.0,19.333333333333332,50.900000000000006,7,7
2476,Male,22,BE,IT,8.76,0,2,1,9,10,63,4,1,Startup,12.4,27.333333333333332,87.6,7,7
2477,Female,24,BCA,Mechanical,6.95,1,3,2,4,1,66,0,0,,0.0,23.666666666666668,64.5,5,5
2478,Female,20,BSc,IT,9.01,3,3,2,1,5,68,0,0,,0.0,24.666666666666668,75.1,5,5
2479,Female,20,BTech,AI,5.74,2,0,4,10,10,83,3,0,,0.0,34.333333333333336,47.400000000000006,7,7
2480,Male,20,BCA,DS,6.93,2,1,3,6,1,57,5,0,,0.0,21.333333333333332,59.3,9,9
2481,Male,24,BSc,Mechanical,5.91,1,1,5,7,3,48,5,0,,0.0,19.333333333333332,54.1,11,11
2482,Male,20,BE,DS,5.87,3,2,4,1,6,75,2,0,,0.0,27.333333333333332,43.7,8,8
2483,Male,21,BSc,Electrical,8.33,3,2,1,9,2,77,4,1,Service,7.64,29.333333333333332,68.3,7,7
2484,Female,24,BCA,CS,7.16,3,1,4,10,5,53,1,0,,0.0,22.666666666666668,56.599999999999994,6,6
2485,Male,24,BSc,AI,9.25,0,3,4,2,7,52,2,0,,0.0,20.333333333333332,92.5,9,9
2486,Male,24,BE,AI,7.72,0,1,2,7,9,79,0,1,Service,4.53,31.666666666666668,77.2,3,3
2487,Female,22,BSc,DS,6.77,3,3,3,8,1,91,3,1,Product,8.72,33.333333333333336,52.69999999999999,9,9
2488,Female,22,BSc,AI,8.6,2,3,5,8,7,63,0,1,Startup,8.35,26.0,76.0,8,8
2489,Female,22,BE,DS,8.18,0,2,3,1,8,78,3,0,,0.0,29.0,81.8,8,8
2490,Male,23,BCA,CS,8.94,2,2,4,10,3,53,4,0,,0.0,22.0,79.39999999999999,10,10
2491,Male,21,BTech,CS,8.27,0,2,2,1,2,47,5,0,,0.0,16.666666666666668,82.69999999999999,9,9
2492,Male,24,BE,DS,6.22,1,1,2,10,8,51,3,0,,0.0,23.0,57.199999999999996,6,6
2493,Female,24,BE,IT,8.38,1,1,1,4,7,91,2,0,,0.0,34.0,78.80000000000001,4,4
2494,Female,22,BCA,IT,7.18,1,1,0,2,1,70,2,0,,0.0,24.333333333333332,66.8,3,3
2495,Male,24,BCA,CS,7.49,2,3,1,10,2,73,2,1,Product,9.83,28.333333333333332,64.9,6,6
2496,Female,24,BSc,Mechanical,9.46,2,2,5,4,4,75,2,0,,0.0,27.666666666666668,84.60000000000001,9,9
2497,Female,20,BE,IT,7.05,3,0,1,6,3,60,1,1,Service,14.74,23.0,55.5,2,2
2498,Female,24,BSc,DS,8.13,3,1,1,3,2,43,0,0,,0.0,16.0,66.30000000000001,2,2
2499,Male,23,BSc,CS,7.06,1,0,0,10,5,50,4,0,,0.0,21.666666666666668,65.6,4,4
2500,Female,22,BCA,AI,5.91,1,0,2,3,6,95,4,0,,0.0,34.666666666666664,54.1,6,6
2501,Female,21,BCA,AI,7.45,0,1,2,1,6,81,4,0,,0.0,29.333333333333332,74.5,7,7
2502,Male,21,BSc,IT,8.07,1,1,3,5,7,76,0,1,Startup,11.22,29.333333333333332,75.7,4,4
2503,Male,20,BE,Mechanical,7.25,1,1,3,7,6,80,3,1,Startup,3.12,31.0,67.5,7,7
2504,Female,21,BE,Electrical,7.18,1,2,4,6,6,46,4,0,,0.0,19.333333333333332,66.8,10,10
2505,Female,21,BSc,IT,9.03,2,0,5,4,8,94,4,0,,0.0,35.333333333333336,80.3,9,9
2506,Male,22,BTech,Mechanical,5.63,2,3,4,6,5,51,5,0,,0.0,20.666666666666668,46.3,12,12
2507,Male,22,BTech,IT,6.77,1,0,4,3,5,44,1,0,,0.0,17.333333333333332,62.69999999999999,5,5
2508,Female,23,BCA,AI,8.99,0,3,3,3,7,42,5,0,,0.0,17.333333333333332,89.9,11,11
2509,Female,20,BE,Mechanical,9.46,0,0,3,7,10,71,4,1,Product,3.94,29.333333333333332,94.60000000000001,7,7
2510,Female,21,BSc,AI,7.27,3,0,1,9,7,79,4,1,Product,8.12,31.666666666666668,57.69999999999999,5,5
2511,Female,23,BSc,DS,9.32,1,2,2,1,3,91,3,0,,0.0,31.666666666666668,88.2,7,7
2512,Male,20,BE,DS,6.36,2,3,3,4,1,74,4,0,,0.0,26.333333333333332,53.6,10,10
2513,Female,21,BCA,CS,6.45,1,1,0,10,5,75,4,0,,0.0,30.0,59.5,5,5
2514,Female,21,BCA,AI,9.14,0,1,1,5,10,51,0,0,,0.0,22.0,91.4,2,2
2515,Male,22,BTech,AI,9.38,2,2,0,2,4,69,1,0,,0.0,25.0,83.80000000000001,3,3
2516,Female,24,BE,CS,6.46,2,1,0,10,1,72,0,0,,0.0,27.666666666666668,54.599999999999994,1,1
2517,Male,20,BE,DS,5.76,2,0,2,3,5,79,4,0,,0.0,29.0,47.599999999999994,6,6
2518,Female,21,BSc,DS,5.89,3,2,0,5,6,80,1,0,,0.0,30.333333333333332,43.9,3,3
2519,Female,20,BE,Mechanical,6.62,1,3,0,8,7,42,5,0,,0.0,19.0,61.2,8,8
2520,Male,23,BTech,Mechanical,8.77,1,2,5,3,10,65,3,0,,0.0,26.0,82.69999999999999,10,10
2521,Male,23,BE,Electrical,7.69,1,0,0,3,9,77,0,0,,0.0,29.666666666666668,71.9,0,0
2522,Female,24,BSc,DS,7.46,0,2,0,6,4,91,3,1,Service,12.4,33.666666666666664,74.6,5,5
2523,Female,21,BTech,Electrical,8.01,2,0,1,8,1,80,4,1,Product,6.6,29.666666666666668,70.1,5,5
2524,Female,22,BSc,IT,9.33,2,2,1,1,4,73,4,0,,0.0,26.0,83.3,7,7
2525,Male,21,BE,AI,5.89,0,3,2,7,7,42,1,0,,0.0,18.666666666666668,58.9,6,6
2526,Female,20,BCA,Mechanical,8.49,3,3,2,7,1,53,5,0,,0.0,20.333333333333332,69.9,10,10
2527,Male,23,BE,IT,9.49,0,1,5,3,9,84,3,0,,0.0,32.0,94.9,9,9
2528,Male,20,BE,Mechanical,6.42,2,0,0,3,6,85,4,0,,0.0,31.333333333333332,54.2,4,4
2529,Female,24,BSc,CS,9.1,3,1,4,9,10,53,3,0,,0.0,24.0,76.0,8,8
2530,Male,23,BCA,AI,8.5,3,2,0,10,8,56,3,0,,0.0,24.666666666666668,70.0,5,5
2531,Female,22,BE,Electrical,5.56,2,2,0,1,6,54,1,0,,0.0,20.333333333333332,45.599999999999994,3,3
2532,Female,23,BTech,Electrical,6.5,0,2,5,1,7,51,1,0,,0.0,19.666666666666668,65.0,8,8
2533,Female,21,BTech,Mechanical,8.11,1,2,2,2,3,78,4,0,,0.0,27.666666666666668,76.1,8,8
2534,Female,21,BSc,DS,7.66,1,3,3,6,8,80,4,1,Product,5.22,31.333333333333332,71.6,10,10
2535,Female,23,BSc,Electrical,7.77,1,2,2,8,5,83,3,1,Product,8.49,32.0,72.69999999999999,7,7
2536,Male,24,BCA,CS,6.5,0,3,1,10,7,69,5,1,Product,11.44,28.666666666666668,65.0,9,9
2537,Male,21,BSc,CS,8.4,2,1,2,1,7,88,0,0,,0.0,32.0,74.0,3,3
2538,Female,21,BCA,DS,6.65,0,3,5,1,6,98,4,0,,0.0,35.0,66.5,12,12
2539,Female,22,BE,CS,7.17,1,3,3,2,3,90,3,0,,0.0,31.666666666666668,66.7,9,9
2540,Male,23,BTech,AI,7.09,1,0,0,7,1,46,5,0,,0.0,18.0,65.9,5,5
2541,Male,21,BTech,Mechanical,8.39,1,2,3,4,6,87,3,0,,0.0,32.333333333333336,78.9,8,8
2542,Male,24,BTech,CS,5.89,0,2,5,1,9,74,2,0,,0.0,28.0,58.9,9,9
2543,Male,20,BSc,AI,6.38,0,2,5,8,2,90,5,0,,0.0,33.333333333333336,63.8,12,12
2544,Female,23,BSc,DS,6.36,1,1,2,4,2,90,2,0,,0.0,32.0,58.6,5,5
2545,Female,22,BE,Mechanical,5.97,3,2,4,7,10,91,5,0,,0.0,36.0,44.699999999999996,11,11
2546,Male,21,BSc,DS,6.39,1,2,5,8,1,70,0,0,,0.0,26.333333333333332,58.9,7,7
2547,Female,24,BCA,Mechanical,8.11,2,2,1,1,1,91,1,0,,0.0,31.0,71.1,4,4
2548,Male,23,BTech,CS,8.65,0,0,5,2,2,79,0,0,,0.0,27.666666666666668,86.5,5,5
2549,Female,24,BE,CS,8.34,3,3,3,2,1,76,0,0,,0.0,26.333333333333332,68.4,6,6
2550,Male,24,BCA,Mechanical,7.54,3,0,5,5,6,53,4,0,,0.0,21.333333333333332,60.400000000000006,9,9
2551,Female,22,BCA,AI,5.73,2,2,2,5,5,90,3,0,,0.0,33.333333333333336,47.300000000000004,7,7
2552,Male,23,BSc,AI,9.62,1,3,0,6,8,97,5,1,Service,8.97,37.0,91.19999999999999,8,8
2553,Male,21,BSc,AI,6.22,1,0,2,2,10,99,0,0,,0.0,37.0,57.199999999999996,2,2
2554,Female,22,BTech,IT,8.37,1,2,5,8,7,67,5,1,Startup,12.32,27.333333333333332,78.69999999999999,12,12
2555,Male,21,BE,Electrical,9.43,2,2,5,1,4,92,1,0,,0.0,32.333333333333336,84.3,8,8
2556,Female,20,BCA,Electrical,8.5,0,0,0,9,9,51,3,0,,0.0,23.0,85.0,3,3
2557,Female,24,BSc,Electrical,6.44,0,3,4,5,4,80,5,0,,0.0,29.666666666666668,64.4,12,12
2558,Male,20,BSc,AI,6.86,2,3,1,10,9,45,4,0,,0.0,21.333333333333332,58.60000000000001,8,8
2559,Female,24,BE,CS,5.63,0,0,3,8,4,43,2,0,,0.0,18.333333333333332,56.3,5,5
2560,Female,22,BE,IT,8.13,2,2,2,8,2,72,0,1,Service,10.55,27.333333333333332,71.30000000000001,4,4
2561,Female,21,BSc,AI,8.14,2,3,2,2,2,95,5,0,,0.0,33.0,71.4,10,10
2562,Female,21,BSc,CS,8.62,3,0,3,9,6,44,3,0,,0.0,19.666666666666668,71.19999999999999,6,6
2563,Female,22,BTech,IT,5.55,3,0,5,6,6,48,2,0,,0.0,20.0,40.5,7,7
2564,Male,23,BE,CS,9.02,0,0,0,3,7,78,5,0,,0.0,29.333333333333332,90.19999999999999,5,5
2565,Female,20,BCA,Mechanical,8.68,3,3,1,1,7,57,4,0,,0.0,21.666666666666668,71.8,8,8
2566,Female,20,BSc,CS,6.11,0,1,4,9,3,71,1,0,,0.0,27.666666666666668,61.1,6,6
2567,Female,21,BSc,IT,6.99,2,1,3,3,10,70,5,0,,0.0,27.666666666666668,59.900000000000006,9,9
2568,Female,21,BSc,AI,8.25,0,1,1,1,7,99,4,0,,0.0,35.666666666666664,82.5,6,6
2569,Female,21,BSc,Electrical,7.63,3,1,2,5,9,73,1,1,Product,13.79,29.0,61.3,4,4
2570,Male,22,BTech,IT,5.99,0,1,1,8,9,79,1,0,,0.0,32.0,59.900000000000006,3,3
2571,Female,23,BE,AI,5.88,3,2,5,7,7,66,1,0,,0.0,26.666666666666668,43.8,8,8
2572,Male,20,BSc,AI,8.86,2,0,4,5,4,76,4,1,Product,7.32,28.333333333333332,78.6,8,8
2573,Male,24,BE,DS,6.17,1,1,1,2,8,76,0,0,,0.0,28.666666666666668,56.7,2,2
2574,Male,22,BCA,Mechanical,6.24,2,3,5,2,2,99,2,0,,0.0,34.333333333333336,52.400000000000006,10,10
2575,Male,20,BCA,DS,9.07,3,0,2,3,8,93,3,0,,0.0,34.666666666666664,75.7,5,5
2576,Female,23,BCA,Electrical,8.13,0,3,4,6,3,78,0,1,Product,11.84,29.0,81.30000000000001,7,7
2577,Male,22,BCA,IT,8.1,3,3,4,4,5,83,0,0,,0.0,30.666666666666668,66.0,7,7
2578,Male,20,BE,DS,7.56,3,3,4,9,3,52,3,0,,0.0,21.333333333333332,60.599999999999994,10,10
2579,Female,22,BCA,Electrical,7.95,1,2,2,3,6,43,3,0,,0.0,17.333333333333332,74.5,7,7
2580,Female,20,BCA,AI,8.09,0,3,0,6,6,48,2,0,,0.0,20.0,80.9,5,5
2581,Female,20,BSc,IT,9.66,3,0,2,4,8,47,5,0,,0.0,19.666666666666668,81.6,7,7
2582,Male,23,BSc,DS,6.46,2,0,0,1,1,85,0,0,,0.0,29.0,54.599999999999994,0,0
2583,Female,24,BSc,CS,6.42,2,2,5,1,5,45,2,0,,0.0,17.0,54.2,9,9
2584,Female,23,BTech,Electrical,5.75,3,2,0,8,5,72,0,0,,0.0,28.333333333333332,42.5,2,2
2585,Male,20,BSc,Electrical,8.33,3,0,2,3,9,45,5,0,,0.0,19.0,68.3,7,7
2586,Female,22,BCA,Mechanical,7.86,3,0,5,2,10,87,5,0,,0.0,33.0,63.60000000000001,10,10
2587,Female,23,BE,CS,5.98,3,3,1,1,4,56,3,0,,0.0,20.333333333333332,44.800000000000004,7,7
2588,Female,24,BCA,IT,7.07,2,3,2,8,6,76,1,1,Startup,8.12,30.0,60.7,6,6
2589,Female,20,BE,DS,6.27,1,2,4,9,10,52,2,0,,0.0,23.666666666666668,57.699999999999996,8,8
2590,Male,23,BCA,AI,6.93,3,1,1,1,7,61,2,0,,0.0,23.0,54.3,4,4
2591,Female,23,BTech,DS,9.59,0,3,3,8,3,89,1,1,Service,11.73,33.333333333333336,95.9,7,7
2592,Female,23,BSc,IT,8.44,1,3,5,1,6,58,5,0,,0.0,21.666666666666668,79.39999999999999,13,13
2593,Male,23,BCA,IT,5.53,2,1,3,10,3,67,0,0,,0.0,26.666666666666668,45.300000000000004,4,4
2594,Female,22,BSc,IT,6.59,3,3,3,2,6,94,1,0,,0.0,34.0,50.900000000000006,7,7
2595,Male,24,BTech,IT,5.54,3,1,4,1,1,92,5,0,,0.0,31.333333333333332,40.4,10,10
2596,Female,24,BTech,Electrical,8.57,3,1,5,2,9,97,1,0,,0.0,36.0,70.7,7,7
2597,Male,20,BSc,DS,7.52,3,0,5,2,6,82,4,0,,0.0,30.0,60.19999999999999,9,9
2598,Male,21,BSc,CS,9.77,0,1,4,5,6,64,0,1,Service,10.12,25.0,97.69999999999999,5,5
2599,Male,22,BE,AI,8.65,3,1,0,10,4,83,1,1,Startup,7.32,32.333333333333336,71.5,2,2
2600,Male,20,BSc,AI,7.73,2,2,5,3,5,47,5,0,,0.0,18.333333333333332,67.30000000000001,12,12
2601,Female,20,BSc,Mechanical,8.96,0,2,4,1,4,84,5,0,,0.0,29.666666666666668,89.60000000000001,11,11
2602,Male,23,BE,Electrical,8.53,1,2,5,10,6,97,1,1,Service,8.88,37.666666666666664,80.3,8,8
2603,Female,21,BCA,IT,6.55,1,3,0,2,7,71,4,0,,0.0,26.666666666666668,60.5,7,7
2604,Male,21,BE,IT,7.78,1,2,3,4,1,86,4,0,,0.0,30.333333333333332,72.8,9,9
2605,Male,22,BCA,IT,7.89,3,0,2,7,3,96,4,1,Service,9.51,35.333333333333336,63.89999999999999,6,6
2606,Male,21,BCA,Electrical,7.44,1,0,2,1,2,50,3,0,,0.0,17.666666666666668,69.4,5,5
2607,Female,20,BCA,CS,6.27,0,0,5,5,5,77,2,0,,0.0,29.0,62.699999999999996,7,7
2608,Male,21,BE,IT,6.46,0,3,4,2,8,57,4,0,,0.0,22.333333333333332,64.6,11,11
2609,Female,21,BE,Mechanical,6.71,1,1,5,8,5,87,0,1,Product,10.43,33.333333333333336,62.099999999999994,6,6
2610,Female,24,BTech,Mechanical,5.54,1,1,3,2,9,66,3,0,,0.0,25.666666666666668,50.4,7,7
2611,Female,20,BCA,CS,9.44,0,0,5,4,1,77,2,0,,0.0,27.333333333333332,94.39999999999999,7,7
2612,Female,21,BE,Electrical,8.45,2,1,3,6,6,76,3,1,Service,11.43,29.333333333333332,74.5,7,7
2613,Female,21,BTech,IT,8.47,1,1,0,9,3,85,4,1,Startup,9.35,32.333333333333336,79.7,5,5
2614,Female,23,BCA,DS,7.96,0,1,0,10,2,81,1,1,Product,6.13,31.0,79.6,2,2
2615,Female,21,BE,DS,8.46,1,3,3,4,4,75,1,0,,0.0,27.666666666666668,79.60000000000001,7,7
2616,Female,21,BE,AI,9.72,0,1,5,4,3,80,5,0,,0.0,29.0,97.2,11,11
2617,Female,24,BE,CS,7.16,3,1,4,7,9,73,3,1,Service,4.28,29.666666666666668,56.599999999999994,8,8
2618,Male,20,BSc,DS,8.56,1,3,4,1,9,54,2,0,,0.0,21.333333333333332,80.60000000000001,9,9
2619,Male,22,BTech,AI,7.05,1,2,3,5,8,52,2,0,,0.0,21.666666666666668,65.5,7,7
2620,Male,20,BE,Mechanical,9.17,2,0,5,5,7,66,0,1,Service,12.64,26.0,81.7,5,5
2621,Male,23,BSc,AI,9.19,2,3,5,1,10,58,4,0,,0.0,23.0,81.89999999999999,12,12
2622,Male,20,BTech,IT,9.38,2,3,2,6,3,75,1,1,Startup,3.35,28.0,83.80000000000001,6,6
2623,Female,21,BTech,IT,5.52,2,0,2,9,3,52,2,0,,0.0,21.333333333333332,45.199999999999996,4,4
2624,Female,23,BSc,Mechanical,6.78,1,1,0,7,7,46,0,0,,0.0,20.0,62.8,1,1
2625,Female,20,BTech,CS,6.08,1,1,5,2,4,84,3,0,,0.0,30.0,55.8,9,9
2626,Female,23,BSc,Electrical,7.45,2,3,3,4,8,40,5,0,,0.0,17.333333333333332,64.5,11,11
2627,Female,22,BCA,IT,7.63,2,2,2,8,1,80,0,1,Service,10.54,29.666666666666668,66.3,4,4
2628,Female,20,BE,IT,6.6,1,0,4,1,1,60,1,0,,0.0,20.666666666666668,61.0,5,5
2629,Female,21,BSc,AI,8.61,3,2,1,6,7,55,5,0,,0.0,22.666666666666668,71.1,8,8
2630,Male,23,BTech,AI,6.66,0,3,1,3,9,88,4,0,,0.0,33.333333333333336,66.6,8,8
2631,Male,24,BTech,AI,9.17,2,2,5,3,2,68,5,0,,0.0,24.333333333333332,81.7,12,12
2632,Male,23,BCA,DS,6.26,0,3,3,1,5,63,0,0,,0.0,23.0,62.599999999999994,6,6
2633,Male,24,BCA,Mechanical,7.08,3,0,0,8,2,58,3,0,,0.0,22.666666666666668,55.8,3,3
2634,Female,21,BCA,CS,8.18,3,2,1,5,9,66,0,1,Product,10.22,26.666666666666668,66.8,3,3
2635,Female,22,BCA,AI,8.1,3,2,4,1,9,87,3,0,,0.0,32.333333333333336,66.0,9,9
2636,Female,24,BCA,CS,5.84,1,0,4,5,1,86,0,0,,0.0,30.666666666666668,53.4,4,4
2637,Male,22,BE,AI,9.14,0,0,4,5,7,40,1,0,,0.0,17.333333333333332,91.4,5,5
2638,Female,23,BSc,IT,8.07,3,3,1,9,1,66,2,1,Startup,4.36,25.333333333333332,65.7,6,6
2639,Female,21,BCA,CS,9.24,2,3,2,10,7,53,4,0,,0.0,23.333333333333332,82.4,9,9
2640,Female,24,BCA,DS,9.23,3,3,4,3,8,50,3,0,,0.0,20.333333333333332,77.30000000000001,10,10
2641,Male,23,BE,AI,7.85,2,3,0,9,1,62,1,1,Service,9.51,24.0,68.5,4,4
2642,Female,20,BSc,Electrical,9.42,2,3,3,8,3,86,3,1,Service,11.81,32.333333333333336,84.2,9,9
2643,Male,23,BCA,Mechanical,9.15,3,0,3,10,10,99,2,1,Startup,10.59,39.666666666666664,76.5,5,5
2644,Male,22,BSc,IT,9.62,2,2,3,2,5,59,3,0,,0.0,22.0,86.19999999999999,8,8
2645,Male,21,BSc,AI,9.16,2,1,2,9,10,92,2,1,Product,8.9,37.0,81.6,5,5
2646,Male,21,BE,CS,9.03,1,1,3,5,7,65,2,1,Service,11.86,25.666666666666668,85.3,6,6
2647,Female,23,BE,AI,7.52,0,3,3,8,5,57,3,0,,0.0,23.333333333333332,75.19999999999999,9,9
2648,Male,20,BCA,IT,6.41,1,1,1,8,3,75,1,0,,0.0,28.666666666666668,59.099999999999994,3,3
2649,Male,22,BTech,Mechanical,9.42,1,2,2,4,8,69,0,0,,0.0,27.0,89.2,4,4
2650,Female,23,BE,Mechanical,8.61,1,2,2,1,6,92,5,0,,0.0,33.0,81.1,9,9
2651,Female,23,BSc,Mechanical,6.71,0,3,1,9,1,43,5,0,,0.0,17.666666666666668,67.1,9,9
2652,Male,21,BSc,Electrical,6.97,0,1,0,6,7,58,1,0,,0.0,23.666666666666668,69.7,2,2
2653,Female,22,BCA,IT,8.45,3,0,3,2,9,44,5,0,,0.0,18.333333333333332,69.5,8,8
2654,Male,20,BCA,Electrical,7.55,1,0,0,4,1,41,1,0,,0.0,15.333333333333334,70.5,1,1
2655,Male,21,BCA,Electrical,5.85,0,3,1,10,7,49,1,0,,0.0,22.0,58.5,5,5
2656,Male,23,BSc,AI,6.11,3,2,1,5,2,97,3,0,,0.0,34.666666666666664,46.1,6,6
2657,Male,21,BE,IT,8.71,1,1,1,6,1,88,5,1,Service,10.06,31.666666666666668,82.10000000000001,7,7
2658,Female,21,BTech,IT,6.91,1,2,1,5,1,82,0,1,Product,6.23,29.333333333333332,64.1,3,3
2659,Male,24,BE,AI,7.68,2,3,5,9,3,94,0,1,Startup,8.46,35.333333333333336,66.8,8,8
2660,Female,21,BTech,DS,8.8,0,2,4,10,1,82,2,1,Startup,7.64,31.0,88.0,8,8
2661,Female,21,BE,Electrical,8.73,2,1,1,2,10,50,0,0,,0.0,20.666666666666668,77.30000000000001,2,2
2662,Female,22,BCA,Mechanical,6.22,1,2,0,3,2,90,1,0,,0.0,31.666666666666668,57.199999999999996,3,3
2663,Female,21,BSc,CS,5.92,1,3,1,10,7,61,3,0,,0.0,26.0,54.2,7,7
2664,Male,20,BTech,Electrical,8.04,1,0,0,3,8,82,0,0,,0.0,31.0,75.39999999999999,0,0
2665,Female,23,BE,CS,8.69,3,0,1,3,3,47,2,0,,0.0,17.666666666666668,71.89999999999999,3,3
2666,Male,22,BSc,AI,6.14,2,1,1,6,7,42,0,0,,0.0,18.333333333333332,51.4,2,2
2667,Female,21,BTech,CS,7.1,2,3,4,8,7,80,3,1,Startup,10.79,31.666666666666668,61.0,10,10
2668,Female,20,BTech,DS,9.24,1,3,1,5,10,92,1,1,Product,9.0,35.666666666666664,87.4,5,5
2669,Male,23,BSc,IT,9.56,2,2,3,6,4,79,0,1,Service,5.26,29.666666666666668,85.60000000000001,5,5
2670,Male,22,BCA,Mechanical,7.45,1,0,4,1,1,97,3,0,,0.0,33.0,69.5,7,7
2671,Male,20,BSc,CS,5.84,1,1,4,10,4,57,2,0,,0.0,23.666666666666668,53.4,7,7
2672,Female,21,BCA,CS,6.61,2,1,3,3,1,89,1,0,,0.0,31.0,56.10000000000001,5,5
2673,Female,24,BE,AI,6.5,0,1,5,4,10,61,5,0,,0.0,25.0,65.0,11,11
2674,Male,24,BE,AI,6.53,1,2,4,7,4,50,2,0,,0.0,20.333333333333332,60.3,8,8
2675,Male,22,BSc,IT,7.62,1,3,1,5,5,41,4,0,,0.0,17.0,71.2,8,8
2676,Male,20,BCA,Mechanical,8.01,2,1,3,1,9,61,5,0,,0.0,23.666666666666668,70.1,9,9
2677,Male,23,BE,CS,6.03,2,2,1,3,7,80,2,0,,0.0,30.0,50.300000000000004,5,5
2678,Female,20,BCA,IT,9.32,2,1,4,2,9,90,2,0,,0.0,33.666666666666664,83.2,7,7
2679,Male,24,BCA,Mechanical,8.17,1,2,2,6,9,54,0,0,,0.0,23.0,76.7,4,4
2680,Male,22,BCA,IT,8.07,0,0,3,5,8,47,0,0,,0.0,20.0,80.7,3,3
2681,Male,21,BSc,CS,9.75,0,2,0,3,2,58,2,0,,0.0,21.0,97.5,4,4
2682,Male,20,BCA,AI,8.2,0,3,4,2,5,48,3,0,,0.0,18.333333333333332,82.0,10,10
2683,Female,24,BSc,AI,9.49,1,0,2,1,4,44,4,0,,0.0,16.333333333333332,89.9,6,6
2684,Male,23,BE,AI,6.73,2,0,4,2,1,47,0,0,,0.0,16.666666666666668,57.30000000000001,4,4
2685,Female,22,BE,DS,6.53,0,1,1,5,6,72,1,1,Startup,7.48,27.666666666666668,65.3,3,3
2686,Male,21,BTech,IT,7.72,0,0,5,5,5,88,3,1,Service,5.15,32.666666666666664,77.2,8,8
2687,Male,20,BTech,CS,7.69,0,2,5,9,10,54,0,0,,0.0,24.333333333333332,76.9,7,7
2688,Female,23,BE,IT,6.47,1,3,1,6,10,54,1,0,,0.0,23.333333333333332,59.7,5,5
2689,Male,21,BCA,AI,8.51,2,0,5,3,7,80,1,0,,0.0,30.0,75.1,6,6
2690,Female,24,BCA,Electrical,5.63,3,3,1,10,1,46,2,0,,0.0,19.0,41.3,6,6
2691,Female,24,BE,Electrical,8.47,2,2,2,3,5,60,4,0,,0.0,22.666666666666668,74.7,8,8
2692,Male,23,BE,IT,7.47,2,2,1,3,3,85,5,0,,0.0,30.333333333333332,64.7,8,8
2693,Female,24,BTech,Mechanical,8.46,2,3,4,8,4,65,0,1,Product,6.3,25.666666666666668,74.60000000000001,7,7
2694,Female,22,BCA,Electrical,7.55,0,2,4,9,4,40,2,0,,0.0,17.666666666666668,75.5,8,8
2695,Female,23,BE,Electrical,9.7,2,3,5,3,6,90,2,0,,0.0,33.0,87.0,10,10
2696,Female,24,BTech,IT,6.94,0,1,4,1,4,65,4,0,,0.0,23.333333333333332,69.4,9,9
2697,Female,20,BTech,DS,9.73,1,2,3,8,7,65,3,1,Product,3.75,26.666666666666668,92.30000000000001,8,8
2698,Female,24,BCA,DS,5.78,3,1,4,10,3,67,2,0,,0.0,26.666666666666668,42.800000000000004,7,7
2699,Female,22,BTech,AI,8.44,1,0,1,2,8,48,3,0,,0.0,19.333333333333332,79.39999999999999,4,4
2700,Female,21,BTech,CS,7.45,1,0,3,7,2,65,4,1,Product,13.76,24.666666666666668,69.5,7,7
2701,Male,21,BSc,Mechanical,9.04,3,1,3,7,2,90,2,1,Service,11.22,33.0,75.39999999999999,6,6
2702,Male,24,BE,CS,8.9,2,0,3,9,1,52,0,0,,0.0,20.666666666666668,79.0,3,3
2703,Female,21,BCA,CS,8.94,2,0,3,8,6,44,3,0,,0.0,19.333333333333332,79.39999999999999,6,6
2704,Male,24,BE,Mechanical,5.91,0,0,5,9,6,85,4,0,,0.0,33.333333333333336,59.1,9,9
2705,Female,22,BSc,DS,9.04,2,0,2,1,6,57,5,0,,0.0,21.333333333333332,80.39999999999999,7,7
2706,Female,21,BCA,Electrical,6.42,3,2,5,3,1,92,1,0,,0.0,32.0,49.2,8,8
2707,Male,20,BE,AI,5.61,1,0,4,4,4,62,2,0,,0.0,23.333333333333332,51.1,6,6
2708,Female,24,BTech,IT,6.44,2,2,2,3,1,67,2,0,,0.0,23.666666666666668,54.400000000000006,6,6
2709,Female,21,BCA,DS,7.56,0,3,5,8,2,76,2,1,Service,10.06,28.666666666666668,75.6,10,10
2710,Female,22,BSc,AI,8.69,1,0,0,7,8,44,0,0,,0.0,19.666666666666668,81.89999999999999,0,0
2711,Female,22,BTech,Electrical,6.44,1,3,2,5,8,66,0,0,,0.0,26.333333333333332,59.400000000000006,5,5
2712,Male,20,BSc,DS,5.99,0,1,5,5,1,59,1,0,,0.0,21.666666666666668,59.900000000000006,7,7
2713,Female,22,BTech,Mechanical,8.28,1,1,5,4,1,75,5,0,,0.0,26.666666666666668,77.8,11,11
2714,Female,22,BE,CS,9.73,0,2,3,5,3,76,2,1,Product,8.99,28.0,97.30000000000001,7,7
2715,Female,21,BE,Mechanical,8.08,0,1,4,5,7,73,4,1,Startup,9.53,28.333333333333332,80.8,9,9
2716,Male,24,BE,Electrical,8.47,3,2,5,4,6,53,0,0,,0.0,21.0,69.7,7,7
2717,Female,23,BSc,IT,7.91,3,3,4,5,3,86,0,1,Startup,7.36,31.333333333333332,64.1,7,7
2718,Male,22,BCA,Mechanical,8.86,2,3,1,7,8,45,5,0,,0.0,20.0,78.6,9,9
2719,Male,22,BE,Electrical,9.7,3,0,5,9,8,66,1,1,Product,13.6,27.666666666666668,82.0,6,6
2720,Female,23,BSc,CS,7.84,1,3,2,7,6,41,4,0,,0.0,18.0,73.4,9,9
2721,Female,22,BTech,DS,7.29,2,1,4,1,1,48,3,0,,0.0,16.666666666666668,62.900000000000006,8,8
2722,Male,21,BE,AI,9.2,2,2,0,9,8,50,0,0,,0.0,22.333333333333332,82.0,2,2
2723,Female,21,BTech,Electrical,9.67,0,2,0,3,5,93,4,0,,0.0,33.666666666666664,96.7,6,6
2724,Male,23,BE,Electrical,6.06,3,0,5,2,9,44,3,0,,0.0,18.333333333333332,45.599999999999994,8,8
2725,Male,22,BTech,IT,7.99,0,0,2,10,9,50,0,0,,0.0,23.0,79.9,2,2
2726,Female,22,BSc,DS,8.91,2,1,5,9,2,42,0,0,,0.0,17.666666666666668,79.1,6,6
2727,Female,24,BE,Electrical,7.79,0,2,5,2,6,65,5,0,,0.0,24.333333333333332,77.9,12,12
2728,Male,22,BSc,Electrical,7.26,1,0,1,10,4,53,4,0,,0.0,22.333333333333332,67.6,5,5
2729,Male,21,BSc,AI,8.32,1,3,5,9,7,48,5,0,,0.0,21.333333333333332,78.2,13,13
2730,Male,20,BTech,CS,6.66,2,1,5,5,6,95,5,1,Startup,13.16,35.333333333333336,56.599999999999994,11,11
2731,Male,20,BE,Mechanical,7.0,1,3,0,6,7,58,5,0,,0.0,23.666666666666668,65.0,8,8
2732,Female,20,BCA,DS,9.77,3,2,1,7,5,56,0,0,,0.0,22.666666666666668,82.69999999999999,3,3
2733,Female,20,BCA,AI,8.24,2,0,2,7,9,88,3,1,Product,7.41,34.666666666666664,72.4,5,5
2734,Female,22,BSc,AI,9.25,3,1,5,4,1,97,0,0,,0.0,34.0,77.5,6,6
2735,Female,22,BTech,Mechanical,8.97,1,1,4,4,7,85,5,0,,0.0,32.0,84.7,10,10
2736,Female,24,BTech,DS,8.3,0,0,1,5,9,63,5,1,Product,6.0,25.666666666666668,83.0,6,6
2737,Male,22,BTech,DS,9.12,3,0,5,9,8,53,2,0,,0.0,23.333333333333332,76.19999999999999,7,7
2738,Female,20,BE,CS,6.73,3,2,0,10,1,49,3,0,,0.0,20.0,52.30000000000001,5,5
2739,Female,23,BE,DS,8.24,1,3,1,1,8,94,4,0,,0.0,34.333333333333336,77.4,8,8
2740,Female,23,BTech,Electrical,8.04,3,3,4,8,3,46,5,0,,0.0,19.0,65.39999999999999,12,12
2741,Female,21,BCA,Mechanical,8.18,3,3,5,8,10,52,4,0,,0.0,23.333333333333332,66.8,12,12
2742,Female,21,BCA,DS,6.23,0,2,4,7,6,74,0,0,,0.0,29.0,62.300000000000004,6,6
2743,Male,22,BE,CS,6.69,2,0,0,6,9,70,3,1,Service,8.2,28.333333333333332,56.900000000000006,3,3
2744,Male,23,BTech,AI,6.73,1,1,1,3,7,77,5,0,,0.0,29.0,62.30000000000001,7,7
2745,Male,20,BCA,Electrical,8.09,0,3,1,8,5,81,4,1,Product,4.4,31.333333333333332,80.9,8,8
2746,Female,20,BCA,DS,9.68,0,0,3,7,8,76,2,1,Startup,9.21,30.333333333333332,96.8,5,5
2747,Male,20,BE,Mechanical,9.6,2,3,0,8,8,92,5,1,Startup,14.71,36.0,86.0,8,8
2748,Male,22,BE,DS,6.48,2,2,1,2,6,68,1,0,,0.0,25.333333333333332,54.80000000000001,4,4
2749,Female,22,BCA,IT,6.81,1,2,2,8,6,45,2,0,,0.0,19.666666666666668,63.099999999999994,6,6
2750,Female,24,BTech,CS,5.66,1,0,3,7,9,47,5,0,,0.0,21.0,51.6,8,8
2751,Female,20,BCA,AI,7.21,1,2,0,6,4,64,2,1,Product,3.38,24.666666666666668,67.1,4,4
2752,Male,20,BCA,IT,9.09,0,1,4,9,3,44,3,0,,0.0,18.666666666666668,90.9,8,8
2753,Male,22,BTech,Mechanical,9.44,3,2,0,8,8,49,0,0,,0.0,21.666666666666668,79.39999999999999,2,2
2754,Female,22,BE,DS,6.52,2,1,2,5,9,62,4,1,Startup,5.75,25.333333333333332,55.19999999999999,7,7
2755,Female,24,BTech,CS,6.64,1,3,2,5,4,40,0,0,,0.0,16.333333333333332,61.39999999999999,5,5
2756,Male,24,BTech,Electrical,6.45,1,2,4,9,2,52,3,0,,0.0,21.0,59.5,9,9
2757,Male,21,BTech,DS,7.01,0,1,4,8,6,76,3,1,Startup,5.71,30.0,70.1,8,8
2758,Female,23,BTech,DS,8.96,1,3,4,4,9,65,4,0,,0.0,26.0,84.60000000000001,11,11
2759,Female,20,BE,DS,8.28,0,3,3,9,2,58,2,0,,0.0,23.0,82.8,8,8
2760,Male,20,BCA,Electrical,8.88,3,3,2,6,9,65,3,1,Product,14.43,26.666666666666668,73.80000000000001,8,8
2761,Female,24,BSc,DS,8.01,0,3,4,5,5,99,4,1,Startup,5.85,36.333333333333336,80.1,11,11
2762,Male,24,BE,CS,6.61,2,0,2,10,4,87,5,1,Product,12.78,33.666666666666664,56.10000000000001,7,7
2763,Male,21,BTech,Electrical,6.48,0,1,3,7,8,89,2,0,,0.0,34.666666666666664,64.80000000000001,6,6
2764,Male,23,BCA,Electrical,5.54,3,0,5,9,2,90,5,0,,0.0,33.666666666666664,40.4,10,10
2765,Male,21,BCA,IT,8.86,3,3,3,1,7,81,1,0,,0.0,29.666666666666668,73.6,7,7
2766,Female,23,BTech,Mechanical,9.14,2,2,5,9,10,96,1,1,Startup,5.5,38.333333333333336,81.4,8,8
2767,Female,20,BE,Electrical,8.8,0,1,2,10,7,96,5,1,Startup,5.38,37.666666666666664,88.0,8,8
2768,Male,21,BTech,IT,5.82,2,1,4,5,1,41,3,0,,0.0,15.666666666666666,48.2,8,8
2769,Male,24,BCA,CS,8.78,3,3,5,9,10,80,4,1,Product,6.18,33.0,72.8,12,12
2770,Male,21,BCA,Mechanical,5.7,0,2,0,5,8,58,5,0,,0.0,23.666666666666668,57.0,7,7
2771,Male,21,BE,Electrical,5.95,1,2,1,7,1,51,1,0,,0.0,19.666666666666668,54.5,4,4
2772,Male,20,BSc,AI,7.39,3,1,2,7,9,83,0,1,Service,6.68,33.0,58.89999999999999,3,3
2773,Female,24,BTech,IT,7.55,3,0,5,9,2,74,0,1,Product,7.39,28.333333333333332,60.5,5,5
2774,Female,24,BSc,CS,9.01,2,2,3,5,10,71,4,1,Service,11.82,28.666666666666668,80.1,9,9
2775,Female,22,BCA,CS,8.42,3,1,4,7,7,92,0,1,Product,12.88,35.333333333333336,69.2,5,5
2776,Female,22,BSc,CS,6.16,2,2,5,5,5,52,3,0,,0.0,20.666666666666668,51.6,10,10
2777,Male,22,BTech,Mechanical,6.47,0,3,1,4,5,75,1,0,,0.0,28.0,64.7,5,5
2778,Male,20,BTech,DS,6.73,1,2,2,1,5,40,1,0,,0.0,15.333333333333334,62.30000000000001,5,5
2779,Male,21,BCA,AI,6.03,1,0,0,5,9,72,4,0,,0.0,28.666666666666668,55.300000000000004,4,4
2780,Male,24,BE,Mechanical,6.74,2,0,0,4,10,92,2,0,,0.0,35.333333333333336,57.400000000000006,2,2
2781,Male,24,BE,Mechanical,8.63,1,0,3,1,2,43,1,0,,0.0,15.333333333333334,81.30000000000001,4,4
2782,Female,21,BCA,Electrical,6.54,1,1,3,10,9,95,2,1,Startup,13.11,38.0,60.400000000000006,6,6
2783,Male,24,BTech,IT,9.09,3,2,3,1,7,41,2,0,,0.0,16.333333333333332,75.9,7,7
2784,Female,21,BE,AI,7.52,3,0,2,5,3,47,4,0,,0.0,18.333333333333332,60.19999999999999,6,6
2785,Female,20,BSc,CS,6.89,0,3,0,9,3,55,2,0,,0.0,22.333333333333332,68.89999999999999,5,5
2786,Female,20,BCA,Mechanical,7.27,3,3,0,1,2,61,2,0,,0.0,21.333333333333332,57.69999999999999,5,5
2787,Female,20,BSc,AI,8.55,3,3,3,8,10,49,4,0,,0.0,22.333333333333332,70.5,10,10
2788,Male,21,BTech,IT,7.72,3,1,3,9,5,48,4,0,,0.0,20.666666666666668,62.2,8,8
2789,Female,21,BE,DS,5.53,3,0,4,10,3,98,4,0,,0.0,37.0,40.300000000000004,8,8
2790,Female,23,BTech,AI,9.47,1,0,0,4,2,93,4,0,,0.0,33.0,89.7,4,4
2791,Female,24,BSc,CS,5.78,1,2,3,8,4,46,4,0,,0.0,19.333333333333332,52.800000000000004,9,9
2792,Male,24,BTech,Mechanical,9.54,1,1,3,1,9,79,0,0,,0.0,29.666666666666668,90.39999999999999,4,4
2793,Male,23,BTech,DS,5.62,3,3,3,4,1,56,3,0,,0.0,20.333333333333332,41.2,9,9
2794,Male,23,BCA,IT,8.82,1,2,5,10,9,69,1,1,Startup,11.72,29.333333333333332,83.2,8,8
2795,Female,20,BCA,CS,7.8,0,3,4,2,7,50,5,0,,0.0,19.666666666666668,78.0,12,12
2796,Female,23,BTech,DS,7.67,0,3,0,10,2,82,4,1,Startup,10.54,31.333333333333332,76.7,7,7
2797,Male,21,BCA,Electrical,5.81,3,0,0,4,2,94,2,0,,0.0,33.333333333333336,43.099999999999994,2,2
2798,Female,22,BTech,Electrical,6.53,1,2,0,2,5,54,1,0,,0.0,20.333333333333332,60.3,3,3
2799,Male,21,BSc,IT,8.84,0,1,4,3,3,46,4,0,,0.0,17.333333333333332,88.4,9,9
2800,Male,23,BCA,CS,9.33,2,3,2,1,1,42,0,0,,0.0,14.666666666666666,83.3,5,5
2801,Female,24,BTech,Mechanical,7.78,3,0,4,10,8,62,2,1,Service,3.29,26.666666666666668,62.8,6,6
2802,Female,21,BCA,IT,7.02,0,0,5,3,5,66,0,0,,0.0,24.666666666666668,70.19999999999999,5,5
2803,Female,24,BTech,DS,5.76,0,3,1,7,5,69,5,0,,0.0,27.0,57.599999999999994,9,9
2804,Female,21,BCA,CS,8.43,0,0,5,8,6,87,3,1,Product,9.36,33.666666666666664,84.3,8,8
2805,Male,24,BE,Electrical,6.7,2,0,4,6,8,55,3,0,,0.0,23.0,57.0,7,7
2806,Male,21,BTech,Electrical,5.74,2,3,1,1,4,53,4,0,,0.0,19.333333333333332,47.400000000000006,8,8
2807,Male,24,BE,AI,8.36,2,1,5,7,3,91,3,1,Service,3.15,33.666666666666664,73.6,9,9
2808,Male,22,BTech,CS,7.59,0,3,3,3,7,61,4,0,,0.0,23.666666666666668,75.9,10,10
2809,Male,20,BE,DS,5.55,2,2,1,9,1,89,4,0,,0.0,33.0,45.5,7,7
2810,Female,21,BTech,DS,5.98,3,3,4,2,2,59,3,0,,0.0,21.0,44.800000000000004,10,10
2811,Male,22,BCA,AI,8.51,2,3,2,9,3,49,3,0,,0.0,20.333333333333332,75.1,8,8
2812,Male,20,BE,DS,5.77,3,1,0,10,5,97,0,0,,0.0,37.333333333333336,42.699999999999996,1,1
2813,Male,21,BCA,CS,9.22,0,3,4,2,10,68,0,0,,0.0,26.666666666666668,92.2,7,7
2814,Female,22,BTech,Electrical,6.84,1,3,0,2,4,43,5,0,,0.0,16.333333333333332,63.400000000000006,8,8
2815,Female,22,BCA,IT,5.88,3,0,5,4,3,70,0,0,,0.0,25.666666666666668,43.8,5,5
2816,Female,22,BTech,Electrical,8.77,3,3,1,2,10,53,2,0,,0.0,21.666666666666668,72.69999999999999,6,6
2817,Female,23,BCA,Electrical,7.76,3,1,3,7,4,44,2,0,,0.0,18.333333333333332,62.599999999999994,6,6
2818,Male,24,BE,CS,6.82,0,0,3,3,10,77,1,0,,0.0,30.0,68.2,4,4
2819,Male,20,BTech,DS,7.25,3,3,4,4,7,43,4,0,,0.0,18.0,57.5,11,11
2820,Female,24,BCA,AI,5.59,0,0,1,1,7,50,4,0,,0.0,19.333333333333332,55.9,5,5
2821,Female,24,BTech,AI,8.35,3,2,1,10,5,93,2,1,Startup,13.93,36.0,68.5,5,5
2822,Male,24,BTech,Mechanical,7.07,0,3,0,4,5,64,2,0,,0.0,24.333333333333332,70.7,5,5
2823,Male,22,BTech,AI,8.57,1,3,5,4,7,51,4,0,,0.0,20.666666666666668,80.7,12,12
2824,Female,24,BSc,AI,8.2,0,0,5,4,4,91,1,0,,0.0,33.0,82.0,6,6
2825,Female,23,BTech,DS,8.3,0,3,1,9,1,70,3,1,Service,11.84,26.666666666666668,83.0,7,7
2826,Female,21,BCA,IT,8.91,1,3,2,3,4,50,1,0,,0.0,19.0,84.1,6,6
2827,Female,22,BSc,IT,8.21,0,1,3,7,9,78,2,1,Service,8.77,31.333333333333332,82.10000000000001,6,6
2828,Male,20,BCA,DS,7.3,0,3,5,4,10,71,2,0,,0.0,28.333333333333332,73.0,10,10
2829,Male,21,BSc,AI,7.18,3,1,2,1,10,50,3,0,,0.0,20.333333333333332,56.8,6,6
2830,Male,21,BTech,CS,6.01,0,2,5,10,10,46,3,0,,0.0,22.0,60.099999999999994,10,10
2831,Female,21,BE,Electrical,8.85,3,2,2,3,2,95,5,0,,0.0,33.333333333333336,73.5,9,9
2832,Female,24,BE,Electrical,8.77,1,0,0,9,1,41,1,0,,0.0,17.0,82.69999999999999,1,1
2833,Male,24,BTech,IT,6.56,0,0,1,10,9,40,4,0,,0.0,19.666666666666668,65.6,5,5
2834,Male,22,BSc,DS,9.21,1,0,0,6,6,64,4,1,Startup,5.29,25.333333333333332,87.10000000000001,4,4
2835,Male,24,BCA,CS,8.03,1,0,5,8,2,48,0,0,,0.0,19.333333333333332,75.3,5,5
2836,Male,24,BE,AI,7.56,2,3,3,9,7,85,1,1,Service,5.9,33.666666666666664,65.6,7,7
2837,Female,24,BTech,DS,5.58,0,1,0,8,4,91,2,0,,0.0,34.333333333333336,55.8,3,3
2838,Male,22,BTech,IT,7.15,0,0,5,5,9,75,0,1,Service,3.97,29.666666666666668,71.5,5,5
2839,Male,22,BSc,CS,8.25,3,2,2,6,6,68,1,1,Service,14.16,26.666666666666668,67.5,5,5
2840,Male,23,BE,CS,5.89,3,3,0,10,7,49,4,0,,0.0,22.0,43.9,7,7
2841,Male,23,BTech,IT,7.48,2,1,1,2,3,66,3,0,,0.0,23.666666666666668,64.80000000000001,5,5
2842,Male,23,BE,CS,9.77,2,1,0,9,6,58,5,0,,0.0,24.333333333333332,87.69999999999999,6,6
2843,Male,23,BCA,Electrical,8.58,0,0,1,6,1,58,2,0,,0.0,21.666666666666668,85.8,3,3
2844,Male,21,BTech,IT,7.85,0,0,2,8,5,92,0,1,Service,5.37,35.0,78.5,2,2
2845,Female,21,BTech,Electrical,7.79,2,1,1,7,10,92,3,1,Product,7.22,36.333333333333336,67.9,5,5
2846,Female,23,BCA,DS,5.69,0,2,1,10,5,59,2,0,,0.0,24.666666666666668,56.900000000000006,5,5
2847,Female,23,BTech,Mechanical,9.62,0,0,5,2,2,68,5,0,,0.0,24.0,96.19999999999999,10,10
2848,Female,20,BSc,AI,9.49,0,1,1,2,6,92,5,0,,0.0,33.333333333333336,94.9,7,7
2849,Male,21,BCA,DS,8.43,2,3,5,5,3,42,4,0,,0.0,16.666666666666668,74.3,12,12
2850,Female,20,BSc,Electrical,5.93,2,1,1,3,4,61,4,0,,0.0,22.666666666666668,49.3,6,6
2851,Female,20,BCA,AI,6.39,1,0,3,1,3,95,4,0,,0.0,33.0,58.9,7,7
2852,Male,24,BCA,AI,6.29,3,3,4,10,1,61,1,0,,0.0,24.0,47.9,8,8
2853,Male,22,BSc,Electrical,7.73,1,2,5,3,1,68,2,0,,0.0,24.0,72.30000000000001,9,9
2854,Female,21,BCA,Electrical,6.39,0,1,3,7,5,62,1,0,,0.0,24.666666666666668,63.9,5,5
2855,Female,23,BE,IT,8.49,0,1,0,10,10,79,4,1,Product,9.29,33.0,84.9,5,5
2856,Male,23,BSc,Mechanical,7.84,1,1,3,9,6,94,5,1,Product,9.18,36.333333333333336,73.4,9,9
2857,Female,22,BCA,Electrical,5.58,1,3,3,4,5,65,2,0,,0.0,24.666666666666668,50.8,8,8
2858,Male,21,BSc,AI,8.7,1,0,1,8,4,86,2,1,Service,12.53,32.666666666666664,82.0,3,3
2859,Male,23,BCA,AI,6.31,0,1,0,6,6,92,4,0,,0.0,34.666666666666664,63.099999999999994,5,5
2860,Male,23,BCA,DS,9.05,0,3,0,4,9,61,1,0,,0.0,24.666666666666668,90.5,4,4
2861,Male,24,BE,Mechanical,7.03,1,1,2,3,4,77,0,0,,0.0,28.0,65.3,3,3
2862,Female,20,BE,Mechanical,6.96,2,0,1,5,9,48,4,0,,0.0,20.666666666666668,59.599999999999994,5,5
2863,Male,23,BE,AI,5.55,3,3,3,3,10,60,4,0,,0.0,24.333333333333332,40.5,10,10
2864,Male,21,BCA,Mechanical,9.75,3,2,2,8,7,75,0,1,Product,10.35,30.0,82.5,4,4
2865,Female,22,BE,DS,8.13,1,1,2,6,4,89,5,1,Startup,9.08,33.0,76.30000000000001,8,8
2866,Male,24,BSc,IT,7.32,2,0,5,6,10,87,0,1,Startup,3.07,34.333333333333336,63.2,5,5
2867,Female,21,BCA,AI,5.92,3,2,3,7,4,75,2,0,,0.0,28.666666666666668,44.2,7,7
2868,Female,24,BSc,CS,8.51,2,0,0,7,3,71,0,1,Service,13.99,27.0,75.1,0,0
2869,Female,20,BE,AI,6.72,3,2,1,8,7,71,2,1,Service,9.23,28.666666666666668,52.2,5,5
2870,Male,23,BCA,AI,9.75,3,0,1,5,4,73,5,1,Service,5.05,27.333333333333332,82.5,6,6
2871,Female,21,BSc,IT,9.59,0,2,3,5,10,62,0,1,Startup,8.51,25.666666666666668,95.9,5,5
2872,Female,22,BTech,Electrical,8.66,2,3,1,6,4,65,1,1,Startup,3.04,25.0,76.6,5,5
2873,Male,20,BSc,Electrical,9.68,3,2,4,4,7,93,2,0,,0.0,34.666666666666664,81.8,8,8
2874,Female,20,BCA,CS,5.95,2,0,2,2,7,55,1,0,,0.0,21.333333333333332,49.5,3,3
2875,Female,24,BTech,CS,6.7,1,1,2,2,2,77,0,0,,0.0,27.0,62.0,3,3
2876,Female,20,BE,CS,6.59,1,2,4,2,8,88,1,0,,0.0,32.666666666666664,60.900000000000006,7,7
2877,Female,21,BE,Electrical,5.81,2,0,1,2,7,42,4,0,,0.0,17.0,48.099999999999994,5,5
2878,Female,24,BSc,IT,9.68,3,1,0,5,1,84,0,1,Startup,6.27,30.0,81.8,1,1
2879,Male,20,BE,Mechanical,5.76,1,3,5,2,10,41,2,0,,0.0,17.666666666666668,52.599999999999994,10,10
2880,Female,22,BSc,CS,9.18,1,3,4,7,9,75,5,1,Service,7.43,30.333333333333332,86.8,12,12
2881,Female,21,BSc,Mechanical,8.8,3,1,4,4,8,48,0,0,,0.0,20.0,73.0,5,5
2882,Male,22,BSc,DS,7.12,1,0,2,10,1,98,5,1,Product,8.49,36.333333333333336,66.2,7,7
2883,Male,22,BSc,IT,5.58,1,0,0,5,5,67,3,0,,0.0,25.666666666666668,50.8,3,3
2884,Male,24,BCA,Mechanical,5.53,3,2,0,2,6,63,5,0,,0.0,23.666666666666668,40.300000000000004,7,7
2885,Female,23,BCA,Electrical,6.38,2,3,1,1,8,88,4,0,,0.0,32.333333333333336,53.8,8,8
2886,Male,24,BTech,Electrical,7.62,2,3,0,9,10,84,2,1,Service,7.89,34.333333333333336,66.2,5,5
2887,Female,21,BTech,CS,7.47,3,3,1,6,7,67,0,1,Startup,10.28,26.666666666666668,59.7,4,4
2888,Female,21,BE,CS,8.02,3,3,3,5,5,46,4,0,,0.0,18.666666666666668,65.19999999999999,10,10
2889,Male,24,BCA,Mechanical,8.82,2,0,4,5,1,65,2,1,Startup,13.85,23.666666666666668,78.2,6,6
2890,Male,23,BTech,Electrical,7.12,3,3,5,2,4,85,4,0,,0.0,30.333333333333332,56.2,12,12
2891,Female,24,BCA,Mechanical,6.19,2,1,5,8,9,40,2,0,,0.0,19.0,51.900000000000006,8,8
2892,Male,21,BCA,DS,8.94,2,0,4,4,8,80,4,0,,0.0,30.666666666666668,79.39999999999999,8,8
2893,Female,23,BE,IT,6.93,0,1,1,4,10,84,2,0,,0.0,32.666666666666664,69.3,4,4
2894,Male,21,BE,Electrical,6.73,1,1,1,8,10,80,2,1,Service,14.55,32.666666666666664,62.30000000000001,4,4
2895,Male,23,BSc,AI,8.79,3,0,1,4,2,74,3,0,,0.0,26.666666666666668,72.89999999999999,4,4
2896,Male,23,BCA,Electrical,9.52,0,1,4,1,2,57,2,0,,0.0,20.0,95.19999999999999,7,7
2897,Female,24,BSc,DS,9.43,2,1,1,4,8,95,3,0,,0.0,35.666666666666664,84.3,5,5
2898,Male,24,BSc,Electrical,6.09,3,2,4,10,3,61,0,0,,0.0,24.666666666666668,45.9,6,6
2899,Female,24,BSc,DS,7.66,1,3,5,1,5,52,5,0,,0.0,19.333333333333332,71.6,13,13
2900,Female,23,BCA,Electrical,5.9,2,1,4,6,9,55,0,0,,0.0,23.333333333333332,49.0,5,5
2901,Female,23,BCA,DS,9.63,0,2,5,2,2,86,4,0,,0.0,30.0,96.30000000000001,11,11
2902,Female,21,BSc,CS,6.43,2,2,2,9,8,90,1,0,,0.0,35.666666666666664,54.3,5,5
2903,Male,22,BCA,Mechanical,6.35,3,3,5,10,2,68,1,0,,0.0,26.666666666666668,48.5,9,9
2904,Female,24,BSc,Electrical,9.32,1,2,2,4,3,60,5,0,,0.0,22.333333333333332,88.2,9,9
2905,Female,21,BTech,IT,9.66,2,2,3,8,7,81,0,1,Product,11.18,32.0,86.6,5,5
2906,Male,21,BCA,CS,8.5,3,1,3,2,7,48,3,0,,0.0,19.0,70.0,7,7
2907,Female,20,BE,DS,6.02,3,3,5,5,5,68,2,0,,0.0,26.0,45.199999999999996,10,10
2908,Male,24,BE,IT,7.59,2,3,0,8,1,51,5,0,,0.0,20.0,65.9,8,8
2909,Female,21,BSc,CS,9.01,1,1,1,1,2,47,4,0,,0.0,16.666666666666668,85.1,6,6
2910,Male,20,BTech,AI,7.96,3,0,5,6,7,49,5,0,,0.0,20.666666666666668,64.6,10,10
2911,Female,24,BCA,Electrical,6.07,0,2,5,2,8,73,2,0,,0.0,27.666666666666668,60.7,9,9
2912,Male,23,BSc,Electrical,6.24,0,1,4,5,6,86,2,0,,0.0,32.333333333333336,62.400000000000006,7,7
2913,Female,20,BTech,DS,9.22,1,2,0,1,3,59,1,0,,0.0,21.0,87.2,3,3
2914,Female,23,BTech,CS,7.77,1,3,2,4,3,55,0,0,,0.0,20.666666666666668,72.69999999999999,5,5
2915,Male,22,BCA,CS,8.54,0,3,4,3,9,81,3,0,,0.0,31.0,85.39999999999999,10,10
2916,Male,22,BE,DS,7.1,1,2,5,10,3,84,1,1,Startup,5.8,32.333333333333336,66.0,8,8
2917,Male,22,BE,AI,7.79,0,3,0,5,6,50,2,0,,0.0,20.333333333333332,77.9,5,5
2918,Male,22,BTech,Electrical,9.7,2,3,5,8,3,96,2,1,Product,7.56,35.666666666666664,87.0,10,10
2919,Female,21,BE,Mechanical,6.92,0,0,2,9,10,87,0,1,Product,3.12,35.333333333333336,69.2,2,2
2920,Female,22,BTech,AI,8.4,1,3,3,5,3,53,3,0,,0.0,20.333333333333332,79.0,9,9
2921,Male,21,BTech,DS,6.24,2,3,1,9,9,70,5,0,,0.0,29.333333333333332,52.400000000000006,9,9
2922,Female,21,BTech,Mechanical,6.02,1,2,1,10,8,79,0,0,,0.0,32.333333333333336,55.199999999999996,3,3
2923,Male,24,BE,CS,8.87,0,1,0,4,7,90,4,0,,0.0,33.666666666666664,88.69999999999999,5,5
2924,Male,21,BSc,AI,9.13,2,3,2,5,3,73,4,1,Service,13.78,27.0,81.30000000000001,9,9
2925,Female,21,BE,AI,8.37,3,3,0,9,5,43,1,0,,0.0,19.0,68.69999999999999,4,4
2926,Female,22,BSc,Electrical,6.18,0,1,2,9,1,89,5,0,,0.0,33.0,61.8,8,8
2927,Female,21,BE,Electrical,6.53,2,1,2,2,2,97,5,0,,0.0,33.666666666666664,55.3,8,8
2928,Female,23,BCA,Mechanical,9.42,3,1,1,5,9,87,0,1,Service,11.37,33.666666666666664,79.2,2,2
2929,Female,22,BCA,CS,6.74,1,2,3,8,3,46,2,0,,0.0,19.0,62.400000000000006,7,7
2930,Female,20,BE,AI,9.02,0,3,3,1,5,81,4,0,,0.0,29.0,90.19999999999999,10,10
2931,Female,22,BCA,Mechanical,6.73,2,3,4,4,4,77,1,0,,0.0,28.333333333333332,57.30000000000001,8,8
2932,Male,21,BCA,AI,9.54,3,1,2,8,8,40,4,0,,0.0,18.666666666666668,80.39999999999999,7,7
2933,Male,23,BCA,Electrical,9.43,2,0,1,10,1,89,4,1,Service,12.87,33.333333333333336,84.3,5,5
2934,Male,22,BCA,CS,5.69,2,2,2,2,6,97,4,0,,0.0,35.0,46.900000000000006,8,8
2935,Male,23,BSc,CS,8.81,0,1,5,1,6,85,4,0,,0.0,30.666666666666668,88.10000000000001,10,10
2936,Male,20,BTech,IT,6.23,1,1,4,6,8,63,0,0,,0.0,25.666666666666668,57.300000000000004,5,5
2937,Female,20,BSc,Mechanical,6.43,3,3,5,6,1,81,2,0,,0.0,29.333333333333332,49.3,10,10
2938,Male,24,BTech,Electrical,7.48,1,0,1,1,4,67,0,0,,0.0,24.0,69.80000000000001,1,1
2939,Male,24,BTech,Electrical,7.98,3,2,2,3,1,63,1,0,,0.0,22.333333333333332,64.80000000000001,5,5
2940,Male,22,BE,Electrical,6.9,2,0,3,10,9,52,5,0,,0.0,23.666666666666668,59.0,8,8
2941,Male,24,BE,DS,7.97,3,0,3,8,6,77,5,1,Product,4.14,30.333333333333332,64.7,8,8
2942,Male,23,BE,AI,6.23,3,3,4,9,7,49,1,0,,0.0,21.666666666666668,47.300000000000004,8,8
2943,Male,24,BE,CS,5.6,1,1,5,8,1,65,1,0,,0.0,24.666666666666668,51.0,7,7
2944,Male,23,BE,AI,7.96,3,1,3,1,10,94,2,0,,0.0,35.0,64.6,6,6
2945,Female,24,BSc,AI,7.72,0,0,2,4,4,41,0,0,,0.0,16.333333333333332,77.2,2,2
2946,Female,24,BSc,DS,8.47,1,2,4,9,7,72,1,1,Startup,13.08,29.333333333333332,79.7,7,7
2947,Male,24,BCA,CS,8.29,1,2,5,1,4,67,0,0,,0.0,24.0,77.89999999999999,7,7
2948,Female,21,BSc,IT,9.36,0,3,0,4,5,66,2,0,,0.0,25.0,93.6,5,5
2949,Female,21,BSc,Electrical,7.48,0,2,4,10,1,45,2,0,,0.0,18.666666666666668,74.80000000000001,8,8
2950,Female,24,BE,Mechanical,5.54,1,3,3,7,3,97,1,0,,0.0,35.666666666666664,50.4,7,7
2951,Female,23,BCA,AI,8.21,1,0,1,7,8,98,0,1,Startup,11.68,37.666666666666664,77.10000000000001,1,1
2952,Male,22,BSc,DS,8.4,1,2,4,7,9,90,3,1,Startup,11.41,35.333333333333336,79.0,9,9
2953,Female,20,BSc,DS,7.74,2,1,2,10,8,56,2,0,,0.0,24.666666666666668,67.4,5,5
2954,Female,21,BCA,Mechanical,8.46,3,0,5,4,4,72,1,0,,0.0,26.666666666666668,69.60000000000001,6,6
2955,Female,24,BTech,Mechanical,6.89,0,3,4,8,10,54,5,0,,0.0,24.0,68.89999999999999,12,12
2956,Male,20,BE,CS,6.14,2,0,3,3,1,85,2,0,,0.0,29.666666666666668,51.4,5,5
2957,Male,21,BSc,AI,8.36,2,0,4,9,4,42,0,0,,0.0,18.333333333333332,73.6,4,4
2958,Male,22,BSc,AI,6.55,2,3,2,6,6,49,5,0,,0.0,20.333333333333332,55.5,10,10
2959,Male,23,BCA,Mechanical,7.46,3,2,2,7,2,68,5,1,Startup,13.51,25.666666666666668,59.599999999999994,9,9
2960,Male,24,BSc,Electrical,7.61,2,2,3,9,7,46,3,0,,0.0,20.666666666666668,66.10000000000001,8,8
2961,Male,22,BE,IT,7.55,1,1,2,4,3,89,5,0,,0.0,32.0,70.5,8,8
2962,Male,21,BSc,AI,8.07,0,2,3,5,8,75,3,1,Startup,7.08,29.333333333333332,80.7,8,8
2963,Female,24,BTech,DS,5.63,3,3,4,1,4,91,3,0,,0.0,32.0,41.3,10,10
2964,Female,20,BE,Electrical,9.76,3,3,4,10,9,83,3,1,Service,11.9,34.0,82.6,10,10
2965,Female,23,BTech,Mechanical,8.58,1,3,0,8,1,61,4,1,Product,3.45,23.333333333333332,80.8,7,7
2966,Male,21,BCA,AI,7.33,0,2,3,2,10,70,0,0,,0.0,27.333333333333332,73.3,5,5
2967,Male,23,BE,CS,6.32,2,3,1,5,1,78,3,0,,0.0,28.0,53.2,7,7
2968,Male,24,BSc,Mechanical,5.84,3,2,3,5,5,53,5,0,,0.0,21.0,43.4,10,10
2969,Male,22,BE,DS,8.39,0,3,4,10,9,41,0,0,,0.0,20.0,83.9,7,7
2970,Male,23,BE,CS,6.86,3,3,5,4,6,88,5,0,,0.0,32.666666666666664,53.60000000000001,13,13
2971,Female,20,BE,Mechanical,6.49,0,2,4,4,2,45,4,0,,0.0,17.0,64.9,10,10
2972,Female,21,BTech,Mechanical,7.13,0,1,2,2,9,58,1,0,,0.0,23.0,71.3,4,4
2973,Male,20,BCA,AI,8.05,0,1,0,3,7,66,4,0,,0.0,25.333333333333332,80.5,5,5
2974,Male,23,BE,CS,8.39,1,1,1,10,5,45,5,0,,0.0,20.0,78.9,7,7
2975,Male,22,BSc,Mechanical,8.27,3,2,0,2,7,41,2,0,,0.0,16.666666666666668,67.69999999999999,4,4
2976,Male,22,BE,Electrical,9.21,2,3,3,1,9,97,5,0,,0.0,35.666666666666664,82.10000000000001,11,11
2977,Female,20,BE,DS,6.44,1,2,5,4,8,52,0,0,,0.0,21.333333333333332,59.400000000000006,7,7
2978,Male,24,BCA,CS,8.24,2,0,3,9,8,94,5,1,Startup,12.11,37.0,72.4,8,8
2979,Male,24,BSc,Electrical,5.93,1,0,4,6,9,86,1,0,,0.0,33.666666666666664,54.3,5,5
2980,Male,22,BSc,AI,7.86,1,2,2,8,3,99,3,1,Product,12.35,36.666666666666664,73.60000000000001,7,7
2981,Male,20,BTech,IT,8.01,1,0,1,2,1,49,5,0,,0.0,17.333333333333332,75.1,6,6
2982,Female,20,BSc,Mechanical,6.43,0,1,5,2,4,79,5,0,,0.0,28.333333333333332,64.3,11,11
2983,Male,20,BSc,IT,7.18,3,1,2,2,9,44,1,0,,0.0,18.333333333333332,56.8,4,4
2984,Male,23,BSc,Mechanical,9.06,0,1,1,8,10,53,4,0,,0.0,23.666666666666668,90.60000000000001,6,6
2985,Female,24,BE,Electrical,6.14,0,0,5,1,1,70,5,0,,0.0,24.0,61.4,10,10
2986,Female,24,BTech,AI,7.37,0,1,0,5,10,64,3,1,Product,14.07,26.333333333333332,73.7,4,4
2987,Female,23,BSc,AI,9.51,1,1,4,4,1,45,4,0,,0.0,16.666666666666668,90.1,9,9
2988,Male,21,BSc,AI,7.67,1,1,2,1,6,51,5,0,,0.0,19.333333333333332,71.7,8,8
2989,Male,23,BSc,AI,8.62,2,2,3,10,4,42,2,0,,0.0,18.666666666666668,76.19999999999999,7,7
2990,Female,20,BE,CS,9.06,3,3,4,7,1,86,3,1,Product,13.66,31.333333333333332,75.60000000000001,10,10
2991,Female,23,BE,CS,6.38,0,3,1,1,4,89,0,0,,0.0,31.333333333333332,63.8,4,4
2992,Female,20,BTech,Mechanical,6.44,0,2,5,6,6,62,3,0,,0.0,24.666666666666668,64.4,10,10
2993,Female,22,BCA,CS,8.76,0,1,4,1,8,40,1,0,,0.0,16.333333333333332,87.6,6,6
2994,Female,20,BTech,Mechanical,8.74,3,1,3,9,9,54,1,0,,0.0,24.0,72.4,5,5
2995,Female,24,BE,CS,5.76,3,2,3,3,10,88,3,0,,0.0,33.666666666666664,42.599999999999994,8,8
2996,Male,23,BSc,CS,6.89,3,2,1,2,6,79,1,0,,0.0,29.0,53.89999999999999,4,4
2997,Male,20,BSc,CS,7.21,0,0,4,7,2,52,4,0,,0.0,20.333333333333332,72.1,8,8
2998,Male,21,BTech,DS,9.06,3,2,2,1,6,77,0,0,,0.0,28.0,75.60000000000001,4,4
2999,Female,22,BSc,AI,7.31,0,1,4,7,1,53,2,0,,0.0,20.333333333333332,73.1,7,7
3000,Female,21,BE,DS,9.48,0,2,3,9,1,58,4,0,,0.0,22.666666666666668,94.80000000000001,9,9
3001,Female,21,BTech,CS,9.79,3,1,5,4,1,48,2,0,,0.0,17.666666666666668,82.89999999999999,8,8
3002,Female,21,BCA,CS,8.86,1,0,1,10,6,67,0,1,Product,14.78,27.666666666666668,83.6,1,1
3003,Female,22,BE,DS,8.37,0,2,0,2,7,72,3,0,,0.0,27.0,83.69999999999999,5,5
3004,Female,22,BE,Electrical,7.19,0,0,0,4,1,92,1,0,,0.0,32.333333333333336,71.9,1,1
3005,Male,22,BSc,Mechanical,5.79,1,1,5,9,3,72,3,0,,0.0,28.0,52.9,9,9
3006,Male,22,BE,AI,7.96,3,1,4,8,3,84,3,1,Service,9.93,31.666666666666668,64.6,8,8
3007,Female,21,BE,Mechanical,7.06,2,1,3,5,7,78,5,1,Product,9.56,30.0,60.599999999999994,9,9
3008,Male,24,BCA,Electrical,7.01,1,1,4,8,4,72,5,1,Service,9.1,28.0,65.1,10,10
3009,Female,24,BSc,AI,8.46,3,0,1,7,9,43,0,0,,0.0,19.666666666666668,69.60000000000001,1,1
3010,Male,22,BE,IT,7.49,0,2,2,4,9,57,4,0,,0.0,23.333333333333332,74.9,8,8
3011,Female,23,BSc,AI,8.73,1,2,0,3,10,65,0,0,,0.0,26.0,82.30000000000001,2,2
3012,Female,20,BE,Mechanical,7.21,0,1,4,1,4,64,5,0,,0.0,23.0,72.1,10,10
3013,Male,23,BCA,AI,6.15,1,1,3,3,3,74,3,0,,0.0,26.666666666666668,56.5,7,7
3014,Male,23,BSc,IT,7.48,2,0,5,8,6,93,2,1,Product,14.97,35.666666666666664,64.80000000000001,7,7
3015,Female,23,BSc,IT,9.59,0,0,0,9,9,78,0,1,Service,10.11,32.0,95.9,0,0
3016,Female,24,BCA,CS,8.95,3,1,0,9,10,57,4,0,,0.0,25.333333333333332,74.5,5,5
3017,Male,20,BTech,IT,6.38,1,1,2,5,8,72,0,0,,0.0,28.333333333333332,58.8,3,3
3018,Male,23,BE,DS,7.18,1,2,4,4,7,57,1,0,,0.0,22.666666666666668,66.8,7,7
3019,Female,22,BE,Mechanical,9.49,1,2,2,6,7,95,4,1,Product,7.16,36.0,89.9,8,8
3020,Male,24,BTech,DS,6.03,0,2,3,7,5,68,1,0,,0.0,26.666666666666668,60.300000000000004,6,6
3021,Female,22,BSc,Electrical,6.59,3,1,3,6,9,80,2,1,Product,3.46,31.666666666666668,50.900000000000006,6,6
3022,Female,22,BSc,DS,6.63,1,3,4,5,2,47,3,0,,0.0,18.0,61.3,10,10
3023,Female,23,BCA,Mechanical,7.96,0,0,0,2,5,88,1,0,,0.0,31.666666666666668,79.6,1,1
3024,Female,22,BCA,Electrical,7.27,0,0,1,3,5,41,1,0,,0.0,16.333333333333332,72.69999999999999,2,2
3025,Male,20,BCA,DS,5.84,2,0,2,9,5,43,5,0,,0.0,19.0,48.4,7,7
3026,Male,22,BTech,DS,8.21,3,1,0,7,8,54,3,0,,0.0,23.0,67.10000000000001,4,4
3027,Male,23,BTech,Electrical,5.93,2,1,5,10,1,47,2,0,,0.0,19.333333333333332,49.3,8,8
3028,Male,22,BSc,DS,8.11,1,0,3,2,4,69,5,0,,0.0,25.0,76.1,8,8
3029,Male,24,BCA,IT,7.68,0,0,3,1,1,86,3,0,,0.0,29.333333333333332,76.8,6,6
3030,Male,24,BSc,Mechanical,7.62,1,0,0,1,5,96,1,0,,0.0,34.0,71.2,1,1
3031,Male,24,BTech,Mechanical,5.79,0,1,0,1,7,78,0,0,,0.0,28.666666666666668,57.9,1,1
3032,Female,21,BE,Mechanical,8.25,0,3,5,6,2,63,1,1,Product,11.12,23.666666666666668,82.5,9,9
3033,Male,24,BSc,DS,7.35,3,3,3,5,2,80,3,1,Product,5.73,29.0,58.5,9,9
3034,Male,24,BTech,IT,7.27,1,3,2,7,7,91,4,1,Startup,7.29,35.0,67.69999999999999,9,9
3035,Female,21,BCA,Mechanical,8.06,3,2,2,5,2,51,4,0,,0.0,19.333333333333332,65.60000000000001,8,8
3036,Male,24,BE,AI,8.11,0,2,0,9,2,75,3,1,Startup,6.64,28.666666666666668,81.1,5,5
3037,Male,23,BE,Mechanical,5.56,1,1,4,1,6,53,4,0,,0.0,20.0,50.599999999999994,9,9
3038,Female,24,BE,CS,6.04,0,3,3,9,5,82,3,0,,0.0,32.0,60.4,9,9
3039,Male,24,BCA,AI,6.52,1,3,1,4,1,71,0,0,,0.0,25.333333333333332,60.19999999999999,4,4
3040,Male,21,BE,Mechanical,8.42,1,2,3,10,7,90,3,1,Startup,7.0,35.666666666666664,79.2,8,8
3041,Male,23,BTech,DS,7.98,2,3,2,7,2,94,0,1,Startup,8.21,34.333333333333336,69.80000000000001,5,5
3042,Female,22,BSc,Mechanical,8.76,2,0,2,2,2,53,4,0,,0.0,19.0,77.6,6,6
3043,Male,20,BE,IT,8.68,3,2,1,3,3,67,2,0,,0.0,24.333333333333332,71.8,5,5
3044,Male,23,BE,IT,9.17,0,0,2,4,9,82,4,0,,0.0,31.666666666666668,91.7,6,6
3045,Female,22,BTech,Mechanical,7.12,3,3,1,5,1,59,3,0,,0.0,21.666666666666668,56.2,7,7
3046,Male,23,BCA,DS,6.98,1,1,2,2,8,52,4,0,,0.0,20.666666666666668,64.80000000000001,7,7
3047,Female,22,BE,DS,9.07,3,3,5,7,2,85,2,1,Service,8.1,31.333333333333332,75.7,10,10
3048,Female,22,BTech,DS,6.52,1,1,1,6,9,84,4,1,Service,5.23,33.0,60.19999999999999,6,6
3049,Male,23,BTech,Mechanical,7.48,3,0,4,9,5,56,2,0,,0.0,23.333333333333332,59.80000000000001,6,6
3050,Female,21,BCA,Mechanical,6.34,3,0,3,7,9,69,1,0,,0.0,28.333333333333332,48.4,4,4
3051,Female,23,BCA,CS,9.43,1,3,2,10,10,87,3,1,Startup,8.16,35.666666666666664,89.3,8,8
3052,Male,23,BSc,IT,7.25,1,2,0,10,9,79,3,1,Product,10.38,32.666666666666664,67.5,5,5
3053,Female,22,BE,AI,6.41,3,0,1,2,5,56,2,0,,0.0,21.0,49.099999999999994,3,3
3054,Female,20,BSc,AI,8.48,1,1,1,3,2,71,0,0,,0.0,25.333333333333332,79.80000000000001,2,2
3055,Male,22,BTech,IT,6.55,3,1,1,3,9,83,2,0,,0.0,31.666666666666668,50.5,4,4
3056,Male,24,BE,Electrical,9.56,0,2,2,8,8,99,1,1,Service,9.84,38.333333333333336,95.60000000000001,5,5
3057,Male,23,BTech,CS,7.08,2,3,3,8,3,58,3,0,,0.0,23.0,60.8,9,9
3058,Female,23,BTech,IT,8.36,1,0,0,3,1,48,3,0,,0.0,17.333333333333332,78.6,3,3
3059,Male,21,BTech,CS,6.98,1,3,1,8,5,82,4,1,Service,14.14,31.666666666666668,64.80000000000001,8,8
3060,Female,22,BCA,Electrical,8.97,3,0,1,5,2,65,2,1,Service,7.79,24.0,74.7,3,3
3061,Female,21,BCA,CS,9.36,1,3,1,4,9,99,1,0,,0.0,37.333333333333336,88.6,5,5
3062,Female,23,BE,DS,8.89,0,2,5,4,5,40,4,0,,0.0,16.333333333333332,88.9,11,11
3063,Female,22,BTech,IT,9.15,2,1,1,4,7,88,0,0,,0.0,33.0,81.5,2,2
3064,Female,22,BTech,AI,5.94,2,3,0,1,1,58,4,0,,0.0,20.0,49.400000000000006,7,7
3065,Female,24,BE,Mechanical,9.47,1,3,1,7,1,84,1,1,Service,14.37,30.666666666666668,89.7,5,5
3066,Female,24,BSc,Electrical,8.18,0,0,5,10,8,51,2,0,,0.0,23.0,81.8,7,7
3067,Male,20,BTech,Electrical,9.24,2,3,0,10,8,94,0,1,Service,4.56,37.333333333333336,82.4,3,3
3068,Male,24,BCA,Mechanical,8.44,2,3,0,4,8,83,5,0,,0.0,31.666666666666668,74.39999999999999,8,8
3069,Female,22,BSc,IT,6.37,0,2,1,2,7,67,3,0,,0.0,25.333333333333332,63.7,6,6
3070,Female,24,BSc,Mechanical,8.12,2,3,4,1,5,84,4,0,,0.0,30.0,71.19999999999999,11,11
3071,Male,20,BSc,CS,5.89,3,2,0,3,1,77,1,0,,0.0,27.0,43.9,3,3
3072,Female,23,BSc,Mechanical,8.49,0,2,4,1,8,70,2,0,,0.0,26.333333333333332,84.9,8,8
3073,Male,24,BSc,CS,7.26,2,2,0,5,10,99,4,1,Product,4.92,38.0,62.599999999999994,6,6
3074,Male,22,BSc,CS,6.15,0,0,5,6,7,52,5,0,,0.0,21.666666666666668,61.5,10,10
3075,Male,23,BE,AI,9.71,1,2,2,6,3,92,1,1,Product,9.73,33.666666666666664,92.10000000000001,5,5
3076,Female,22,BE,Mechanical,9.37,2,0,1,6,7,82,5,1,Product,3.74,31.666666666666668,83.69999999999999,6,6
3077,Female,23,BSc,AI,9.34,2,1,2,7,5,91,0,1,Startup,12.99,34.333333333333336,83.4,3,3
3078,Male,22,BCA,Mechanical,8.89,3,2,0,1,10,92,4,0,,0.0,34.333333333333336,73.9,6,6
3079,Male,24,BE,CS,8.48,3,3,2,4,10,92,4,0,,0.0,35.333333333333336,69.80000000000001,9,9
3080,Male,24,BE,Mechanical,8.32,2,2,1,10,10,50,2,0,,0.0,23.333333333333332,73.2,5,5
3081,Male,20,BSc,Electrical,5.96,0,1,1,10,4,51,1,0,,0.0,21.666666666666668,59.6,3,3
3082,Male,23,BCA,Electrical,9.37,2,2,0,9,1,62,1,1,Product,12.64,24.0,83.69999999999999,3,3
3083,Female,20,BSc,AI,9.29,3,0,0,10,10,97,3,1,Product,8.75,39.0,77.89999999999999,3,3
3084,Male,21,BCA,DS,8.72,3,1,4,2,2,93,3,0,,0.0,32.333333333333336,72.2,8,8
3085,Female,24,BCA,Electrical,9.49,2,1,3,8,2,86,1,1,Product,7.25,32.0,84.9,5,5
3086,Male,23,BTech,AI,7.88,0,0,2,7,10,68,5,1,Product,4.31,28.333333333333332,78.8,7,7
3087,Female,20,BE,DS,7.42,2,0,4,7,2,48,4,0,,0.0,19.0,64.2,8,8
3088,Female,20,BSc,IT,9.66,2,3,2,3,9,53,0,0,,0.0,21.666666666666668,86.6,5,5
3089,Female,21,BE,AI,7.5,0,1,1,2,6,71,3,0,,0.0,26.333333333333332,75.0,5,5
3090,Female,20,BE,Electrical,8.26,0,2,0,2,5,42,3,0,,0.0,16.333333333333332,82.6,5,5
3091,Female,22,BCA,Electrical,7.1,0,0,2,3,10,46,0,0,,0.0,19.666666666666668,71.0,2,2
3092,Female,24,BE,Mechanical,8.24,2,3,3,3,4,45,2,0,,0.0,17.333333333333332,72.4,8,8
3093,Male,20,BTech,DS,8.6,1,0,1,10,9,74,4,1,Product,8.55,31.0,81.0,5,5
3094,Female,20,BSc,Electrical,8.19,0,0,5,2,9,66,5,0,,0.0,25.666666666666668,81.89999999999999,10,10
3095,Male,21,BE,Mechanical,7.71,2,3,1,7,10,94,3,1,Startup,9.63,37.0,67.1,7,7
3096,Female,22,BSc,DS,6.79,1,1,4,2,7,67,2,0,,0.0,25.333333333333332,62.900000000000006,7,7
3097,Female,20,BE,AI,8.27,3,2,3,6,5,62,1,1,Product,14.35,24.333333333333332,67.69999999999999,6,6
3098,Male,24,BSc,AI,9.41,1,0,1,5,6,49,3,0,,0.0,20.0,89.1,4,4
3099,Female,24,BSc,Mechanical,5.53,0,1,3,7,3,56,0,0,,0.0,22.0,55.300000000000004,4,4
3100,Male,20,BSc,AI,6.08,0,3,0,7,2,93,1,0,,0.0,34.0,60.8,4,4
3101,Male,22,BE,Mechanical,6.02,0,3,5,8,10,54,1,0,,0.0,24.0,60.199999999999996,9,9
3102,Male,24,BTech,CS,9.47,3,3,3,4,10,53,4,0,,0.0,22.333333333333332,79.7,10,10
3103,Male,24,BSc,DS,8.35,0,1,4,10,4,50,2,0,,0.0,21.333333333333332,83.5,7,7
3104,Female,22,BCA,Mechanical,9.59,0,2,4,5,3,94,4,1,Startup,5.66,34.0,95.9,10,10
3105,Female,22,BCA,DS,8.01,2,1,2,10,4,68,1,1,Service,6.06,27.333333333333332,70.1,4,4
3106,Male,20,BCA,CS,7.49,2,1,5,4,10,57,4,0,,0.0,23.666666666666668,64.9,10,10
3107,Female,23,BTech,DS,8.91,3,3,0,7,1,65,0,1,Startup,6.0,24.333333333333332,74.1,3,3
3108,Female,21,BSc,Mechanical,6.19,0,0,0,3,1,86,3,0,,0.0,30.0,61.900000000000006,3,3
3109,Male,23,BTech,AI,7.14,2,0,3,10,6,90,0,1,Product,12.68,35.333333333333336,61.39999999999999,3,3
3110,Female,23,BSc,DS,7.5,0,3,4,2,10,64,1,0,,0.0,25.333333333333332,75.0,8,8
3111,Male,24,BTech,DS,6.78,0,0,4,4,4,79,4,0,,0.0,29.0,67.8,8,8
3112,Male,22,BSc,Electrical,7.1,1,3,4,5,2,82,2,1,Product,11.72,29.666666666666668,66.0,9,9
3113,Female,24,BCA,Electrical,5.84,0,1,0,1,3,40,2,0,,0.0,14.666666666666666,58.4,3,3
3114,Female,21,BSc,CS,6.35,1,3,4,3,8,42,1,0,,0.0,17.666666666666668,58.5,8,8
3115,Female,20,BTech,IT,6.94,2,2,2,8,6,58,5,0,,0.0,24.0,59.400000000000006,9,9
3116,Male,21,BSc,AI,8.92,0,2,1,5,2,50,3,0,,0.0,19.0,89.2,6,6
3117,Male,24,BE,Mechanical,6.28,1,2,4,1,7,67,4,0,,0.0,25.0,57.800000000000004,10,10
3118,Female,24,BSc,CS,6.99,1,1,2,4,2,90,0,0,,0.0,32.0,64.9,3,3
3119,Female,24,BCA,Mechanical,5.78,2,0,2,8,1,57,0,0,,0.0,22.0,47.800000000000004,2,2
3120,Female,24,BSc,Mechanical,7.9,1,1,1,8,5,92,2,1,Startup,7.06,35.0,74.0,4,4
3121,Female,23,BE,DS,8.13,0,0,0,2,10,85,0,0,,0.0,32.333333333333336,81.30000000000001,0,0
3122,Male,20,BE,CS,9.22,0,1,4,9,9,53,3,0,,0.0,23.666666666666668,92.2,8,8
3123,Female,23,BE,CS,9.02,1,1,5,10,5,52,1,0,,0.0,22.333333333333332,85.19999999999999,7,7
3124,Male,24,BTech,Electrical,6.73,0,2,2,1,1,58,4,0,,0.0,20.0,67.30000000000001,8,8
3125,Male,22,BE,AI,6.09,0,1,2,10,2,83,0,0,,0.0,31.666666666666668,60.9,3,3
3126,Female,23,BTech,IT,6.17,3,2,1,8,4,90,1,0,,0.0,34.0,46.7,4,4
3127,Female,24,BE,Mechanical,9.67,1,1,5,8,5,71,5,1,Product,12.38,28.0,91.7,11,11
3128,Female,24,BTech,AI,8.39,2,3,2,6,2,82,4,1,Service,4.94,30.0,73.9,9,9
3129,Male,20,BE,Electrical,5.68,2,2,4,1,3,72,1,0,,0.0,25.333333333333332,46.8,7,7
3130,Female,21,BE,AI,6.09,0,3,0,9,6,45,0,0,,0.0,20.0,60.9,3,3
3131,Female,23,BSc,Mechanical,7.59,1,1,2,10,6,69,1,1,Product,7.32,28.333333333333332,70.9,4,4
3132,Male,23,BE,DS,6.39,0,1,0,3,10,49,3,0,,0.0,20.666666666666668,63.9,4,4
3133,Female,23,BSc,DS,8.96,0,3,2,1,1,69,2,0,,0.0,23.666666666666668,89.60000000000001,7,7
3134,Male,24,BE,Mechanical,7.96,1,0,2,7,10,48,4,0,,0.0,21.666666666666668,74.6,6,6
3135,Female,20,BE,Electrical,8.13,2,0,4,10,8,45,4,0,,0.0,21.0,71.30000000000001,8,8
3136,Male,24,BSc,Electrical,7.49,3,0,0,5,6,84,3,1,Startup,5.91,31.666666666666668,59.900000000000006,3,3
3137,Female,24,BSc,CS,6.6,3,1,5,2,3,45,1,0,,0.0,16.666666666666668,51.0,7,7
3138,Female,22,BTech,IT,8.03,0,0,3,1,2,59,4,0,,0.0,20.666666666666668,80.3,7,7
3139,Male,20,BCA,DS,8.58,3,0,4,6,9,56,2,0,,0.0,23.666666666666668,70.8,6,6
3140,Male,23,BSc,IT,7.1,2,1,0,1,8,41,0,0,,0.0,16.666666666666668,61.0,1,1
3141,Female,21,BTech,AI,7.67,0,1,0,6,3,41,4,0,,0.0,16.666666666666668,76.7,5,5
3142,Male,23,BE,AI,9.11,1,0,0,1,7,49,3,0,,0.0,19.0,86.1,3,3
3143,Male,24,BSc,Mechanical,6.14,3,0,3,7,7,40,5,0,,0.0,18.0,46.4,8,8
3144,Male,20,BSc,Mechanical,7.84,1,3,4,7,1,73,3,1,Startup,4.72,27.0,73.4,10,10
3145,Male,20,BE,Mechanical,7.0,2,1,3,10,6,86,2,1,Service,8.82,34.0,60.0,6,6
3146,Female,20,BE,Electrical,8.52,0,1,2,4,3,92,3,0,,0.0,33.0,85.19999999999999,6,6
3147,Female,22,BE,DS,5.58,1,3,1,7,10,75,1,0,,0.0,30.666666666666668,50.8,5,5
3148,Male,23,BE,IT,8.38,0,2,3,8,3,79,4,1,Startup,13.82,30.0,83.80000000000001,9,9
3149,Male,22,BCA,AI,5.94,3,2,2,8,5,90,4,0,,0.0,34.333333333333336,44.400000000000006,8,8
3150,Male,21,BSc,IT,5.78,0,1,3,3,6,59,4,0,,0.0,22.666666666666668,57.800000000000004,8,8
3151,Male,24,BE,DS,8.62,2,1,0,8,9,71,1,1,Service,4.7,29.333333333333332,76.19999999999999,2,2
3152,Female,22,BE,IT,8.25,0,0,1,3,5,95,1,0,,0.0,34.333333333333336,82.5,2,2
3153,Female,22,BCA,IT,9.35,0,2,1,5,3,56,4,0,,0.0,21.333333333333332,93.5,7,7
3154,Male,24,BSc,Electrical,7.73,3,0,5,1,1,99,4,0,,0.0,33.666666666666664,62.30000000000001,9,9
3155,Male,20,BTech,Mechanical,7.78,2,2,2,7,3,78,3,1,Startup,7.2,29.333333333333332,67.8,7,7
3156,Male,24,BSc,Electrical,8.54,1,3,5,10,4,61,0,1,Service,4.9,25.0,80.39999999999999,8,8
3157,Female,23,BTech,Electrical,6.89,0,0,3,8,10,44,1,0,,0.0,20.666666666666668,68.89999999999999,4,4
3158,Male,24,BCA,IT,5.66,0,3,3,4,7,40,3,0,,0.0,17.0,56.6,9,9
3159,Female,20,BE,IT,6.49,1,3,3,7,5,70,4,0,,0.0,27.333333333333332,59.900000000000006,10,10
3160,Male,24,BCA,Electrical,6.52,2,2,2,7,3,57,5,0,,0.0,22.333333333333332,55.19999999999999,9,9
3161,Female,22,BSc,IT,6.94,1,1,3,6,9,44,4,0,,0.0,19.666666666666668,64.4,8,8
3162,Male,21,BE,Electrical,9.56,0,1,1,5,10,64,4,1,Service,6.94,26.333333333333332,95.60000000000001,6,6
3163,Female,22,BSc,CS,8.96,0,3,1,10,6,46,0,0,,0.0,20.666666666666668,89.60000000000001,4,4
3164,Male,21,BTech,Electrical,9.52,2,1,4,4,5,53,1,0,,0.0,20.666666666666668,85.19999999999999,6,6
3165,Male,24,BSc,AI,9.79,3,0,3,5,7,46,5,0,,0.0,19.333333333333332,82.89999999999999,8,8
3166,Male,23,BCA,AI,7.37,2,2,3,7,10,69,5,1,Product,5.13,28.666666666666668,63.7,10,10
3167,Female,24,BCA,IT,6.48,1,0,5,8,1,56,4,0,,0.0,21.666666666666668,59.80000000000001,9,9
3168,Male,20,BCA,Electrical,7.91,2,1,1,4,8,52,3,0,,0.0,21.333333333333332,69.1,5,5
3169,Female,24,BE,Electrical,9.29,1,3,1,5,7,63,2,1,Startup,8.56,25.0,87.89999999999999,6,6
3170,Female,21,BSc,Mechanical,7.5,3,2,0,6,5,75,2,1,Startup,8.12,28.666666666666668,60.0,4,4
3171,Male,22,BE,Mechanical,7.67,3,3,0,9,6,51,0,0,,0.0,22.0,61.7,3,3
3172,Male,23,BSc,Mechanical,6.08,1,2,4,10,9,57,5,0,,0.0,25.333333333333332,55.8,11,11
3173,Male,24,BTech,Electrical,7.31,0,0,1,6,1,62,1,1,Startup,13.96,23.0,73.1,2,2
3174,Female,24,BSc,Electrical,7.16,1,1,4,7,3,61,1,1,Service,6.1,23.666666666666668,66.6,6,6
3175,Male,22,BSc,AI,7.01,1,0,3,8,9,64,0,1,Product,5.99,27.0,65.1,3,3
3176,Female,23,BSc,DS,9.32,2,3,3,3,3,83,5,0,,0.0,29.666666666666668,83.2,11,11
3177,Female,24,BSc,IT,5.75,3,0,1,5,6,64,2,0,,0.0,25.0,42.5,3,3
3178,Male,24,BTech,AI,9.68,2,1,2,4,10,75,2,0,,0.0,29.666666666666668,86.8,5,5
3179,Male,21,BE,Mechanical,5.54,0,1,4,1,2,60,4,0,,0.0,21.0,55.4,9,9
3180,Male,21,BCA,AI,9.57,0,0,2,4,9,87,3,0,,0.0,33.333333333333336,95.7,5,5
3181,Male,20,BSc,AI,7.86,0,2,3,2,5,85,4,0,,0.0,30.666666666666668,78.60000000000001,9,9
3182,Male,22,BCA,AI,8.52,1,1,5,4,8,68,5,0,,0.0,26.666666666666668,80.19999999999999,11,11
3183,Male,23,BCA,Mechanical,6.3,2,1,4,2,2,99,1,0,,0.0,34.333333333333336,53.0,6,6
3184,Female,24,BCA,DS,8.31,1,1,3,4,8,92,4,0,,0.0,34.666666666666664,78.10000000000001,8,8
3185,Female,24,BCA,CS,9.29,0,1,0,4,5,47,1,0,,0.0,18.666666666666668,92.89999999999999,2,2
3186,Female,20,BSc,IT,6.1,3,2,1,3,3,88,4,0,,0.0,31.333333333333332,46.0,7,7
3187,Male,24,BCA,IT,6.05,2,2,0,5,6,93,3,0,,0.0,34.666666666666664,50.5,5,5
3188,Female,22,BSc,AI,6.81,1,3,4,9,6,44,4,0,,0.0,19.666666666666668,63.099999999999994,11,11
3189,Female,20,BTech,DS,6.2,2,3,0,1,8,41,4,0,,0.0,16.666666666666668,52.0,7,7
3190,Female,22,BE,Mechanical,5.98,1,3,5,7,7,91,4,0,,0.0,35.0,54.800000000000004,12,12
3191,Female,20,BE,CS,8.42,3,0,4,10,9,62,1,1,Startup,5.73,27.0,69.2,5,5
3192,Female,24,BSc,CS,6.42,3,0,2,1,1,41,4,0,,0.0,14.333333333333334,49.2,6,6
3193,Male,20,BSc,AI,8.37,0,3,1,10,8,61,5,1,Startup,9.51,26.333333333333332,83.69999999999999,9,9
3194,Male,21,BE,AI,9.21,3,1,2,1,1,60,2,0,,0.0,20.666666666666668,77.10000000000001,5,5
3195,Female,23,BCA,Mechanical,8.3,1,3,5,2,9,83,2,0,,0.0,31.333333333333332,78.0,10,10
3196,Female,24,BSc,Mechanical,6.01,1,0,3,10,10,99,3,0,,0.0,39.666666666666664,55.099999999999994,6,6
3197,Female,23,BCA,Electrical,7.97,0,2,1,6,3,88,0,1,Product,9.39,32.333333333333336,79.7,3,3
3198,Male,24,BSc,Mechanical,7.19,0,1,0,9,3,56,4,0,,0.0,22.666666666666668,71.9,5,5
3199,Male,23,BSc,AI,6.98,3,1,4,3,3,79,4,0,,0.0,28.333333333333332,54.80000000000001,9,9
3200,Female,21,BTech,DS,6.87,3,1,1,5,1,70,1,1,Product,8.18,25.333333333333332,53.7,3,3
3201,Male,23,BTech,AI,9.5,1,0,3,8,7,64,0,1,Product,8.35,26.333333333333332,90.0,3,3
3202,Male,20,BE,AI,8.69,1,1,2,10,4,46,5,0,,0.0,20.0,81.89999999999999,8,8
3203,Female,23,BTech,CS,6.08,1,1,3,6,3,64,0,0,,0.0,24.333333333333332,55.8,4,4
3204,Male,24,BTech,Mechanical,7.55,0,2,0,3,5,57,4,0,,0.0,21.666666666666668,75.5,6,6
3205,Male,22,BE,IT,6.87,0,1,4,2,1,71,4,0,,0.0,24.666666666666668,68.7,9,9
3206,Female,23,BCA,Mechanical,9.71,0,0,4,3,5,97,4,0,,0.0,35.0,97.10000000000001,8,8
3207,Male,23,BTech,Electrical,9.71,2,1,0,6,2,97,0,1,Startup,7.39,35.0,87.10000000000001,1,1
3208,Male,23,BCA,DS,6.87,2,0,4,5,8,47,2,0,,0.0,20.0,58.7,6,6
3209,Female,24,BE,DS,7.01,0,2,1,8,9,86,5,1,Startup,5.75,34.333333333333336,70.1,8,8
3210,Male,23,BSc,Mechanical,8.08,3,2,1,10,9,53,1,0,,0.0,24.0,65.8,4,4
3211,Male,24,BCA,Mechanical,7.56,2,1,0,2,3,87,2,0,,0.0,30.666666666666668,65.6,3,3
3212,Female,24,BE,AI,6.42,3,3,0,2,8,45,5,0,,0.0,18.333333333333332,49.2,8,8
3213,Female,22,BCA,IT,8.34,2,2,3,4,2,94,5,0,,0.0,33.333333333333336,73.4,10,10
3214,Female,20,BE,AI,6.94,1,1,4,9,1,62,4,1,Product,8.43,24.0,64.4,9,9
3215,Male,24,BE,CS,8.31,1,2,5,5,1,54,0,0,,0.0,20.0,78.10000000000001,7,7
3216,Female,21,BSc,CS,7.15,1,2,2,7,7,61,2,1,Service,5.63,25.0,66.5,6,6
3217,Male,23,BCA,DS,8.51,3,0,0,7,1,75,0,1,Service,5.02,27.666666666666668,70.1,0,0
3218,Female,21,BSc,DS,8.37,2,3,3,6,6,42,4,0,,0.0,18.0,73.69999999999999,10,10
3219,Male,23,BSc,IT,7.69,2,0,0,6,8,84,2,1,Service,10.25,32.666666666666664,66.9,2,2
3220,Female,22,BCA,DS,8.53,3,1,0,9,10,83,0,1,Startup,6.85,34.0,70.3,1,1
3221,Female,24,BCA,Electrical,7.48,1,1,1,4,4,48,3,0,,0.0,18.666666666666668,69.80000000000001,5,5
3222,Female,20,BE,CS,6.0,3,0,5,2,2,44,2,0,,0.0,16.0,45.0,7,7
3223,Female,24,BCA,IT,6.28,1,3,4,7,4,51,1,0,,0.0,20.666666666666668,57.800000000000004,8,8
3224,Male,23,BE,CS,6.56,0,3,5,6,9,68,0,1,Startup,10.01,27.666666666666668,65.6,8,8
3225,Female,20,BE,Mechanical,5.77,2,3,0,4,2,40,5,0,,0.0,15.333333333333334,47.699999999999996,8,8
3226,Female,24,BE,Mechanical,8.56,3,2,4,1,5,72,4,0,,0.0,26.0,70.60000000000001,10,10
3227,Male,20,BE,IT,7.08,3,1,3,4,2,95,4,0,,0.0,33.666666666666664,55.8,8,8
3228,Female,23,BE,AI,5.9,1,2,0,6,1,60,2,0,,0.0,22.333333333333332,54.0,4,4
3229,Male,22,BE,Electrical,9.03,3,0,5,3,9,60,5,0,,0.0,24.0,75.3,10,10
3230,Female,22,BCA,Electrical,8.44,1,3,2,1,5,66,4,0,,0.0,24.0,79.39999999999999,9,9
3231,Female,24,BCA,DS,7.44,1,2,5,2,6,41,5,0,,0.0,16.333333333333332,69.4,12,12
3232,Female,21,BTech,IT,6.56,2,3,1,6,6,47,3,0,,0.0,19.666666666666668,55.599999999999994,7,7
3233,Male,23,BCA,Electrical,6.15,1,2,2,1,8,51,1,0,,0.0,20.0,56.5,5,5
3234,Female,24,BSc,DS,7.47,1,1,1,6,4,61,2,1,Service,5.25,23.666666666666668,69.7,4,4
3235,Female,24,BTech,CS,9.31,3,3,0,1,1,88,2,0,,0.0,30.0,78.10000000000001,5,5
3236,Female,22,BCA,AI,6.31,3,2,5,1,7,48,4,0,,0.0,18.666666666666668,48.099999999999994,11,11
3237,Male,20,BSc,DS,7.95,1,0,0,6,6,83,5,1,Service,5.64,31.666666666666668,74.5,5,5
3238,Male,23,BCA,Mechanical,9.64,1,2,4,1,7,77,0,0,,0.0,28.333333333333332,91.4,6,6
3239,Female,20,BE,Mechanical,8.24,1,0,1,9,8,68,4,1,Product,12.08,28.333333333333332,77.4,5,5
3240,Male,23,BTech,CS,7.39,0,0,3,2,5,42,0,0,,0.0,16.333333333333332,73.89999999999999,3,3
3241,Female,21,BE,IT,8.58,1,3,2,9,6,61,4,1,Startup,3.34,25.333333333333332,80.8,9,9
3242,Female,22,BTech,DS,9.05,0,1,5,5,2,43,0,0,,0.0,16.666666666666668,90.5,6,6
3243,Female,21,BTech,CS,8.04,3,0,3,5,5,68,5,1,Startup,6.34,26.0,65.39999999999999,8,8
3244,Female,24,BE,Mechanical,9.25,2,0,1,10,3,80,0,1,Startup,8.5,31.0,82.5,1,1
3245,Female,22,BTech,Mechanical,7.71,2,1,3,8,5,52,3,0,,0.0,21.666666666666668,67.1,7,7
3246,Female,24,BTech,Mechanical,9.07,2,1,1,1,9,63,5,0,,0.0,24.333333333333332,80.7,7,7
3247,Female,21,BCA,AI,9.59,2,1,4,9,3,41,3,0,,0.0,17.666666666666668,85.9,8,8
3248,Male,23,BSc,AI,7.66,3,0,4,1,3,42,3,0,,0.0,15.333333333333334,61.599999999999994,7,7
3249,Male,24,BE,Mechanical,8.1,2,1,3,5,1,54,4,0,,0.0,20.0,71.0,8,8
3250,Male,20,BCA,Electrical,8.12,3,0,3,8,1,63,5,1,Product,6.29,24.0,66.19999999999999,8,8
3251,Male,23,BCA,IT,8.86,3,0,5,1,7,89,1,0,,0.0,32.333333333333336,73.6,6,6
3252,Male,23,BE,AI,9.04,1,0,1,5,9,65,3,1,Product,14.21,26.333333333333332,85.39999999999999,4,4
3253,Male,21,BTech,DS,5.62,1,1,4,3,2,47,2,0,,0.0,17.333333333333332,51.2,7,7
3254,Male,21,BE,AI,8.65,2,0,5,8,2,79,1,1,Service,7.38,29.666666666666668,76.5,6,6
3255,Female,22,BSc,DS,8.87,1,3,3,3,1,92,2,0,,0.0,32.0,83.69999999999999,8,8
3256,Female,22,BSc,AI,8.51,0,0,5,8,5,86,3,1,Startup,4.39,33.0,85.1,8,8
3257,Female,20,BE,Mechanical,8.57,0,1,1,2,10,44,2,0,,0.0,18.666666666666668,85.7,4,4
3258,Female,23,BCA,DS,5.68,3,1,1,10,7,47,4,0,,0.0,21.333333333333332,41.8,6,6
3259,Male,20,BE,IT,7.4,1,0,3,3,1,85,2,0,,0.0,29.666666666666668,69.0,5,5
3260,Male,20,BSc,AI,9.02,2,0,2,1,8,78,1,0,,0.0,29.0,80.19999999999999,3,3
3261,Female,21,BE,AI,9.52,2,0,5,1,1,85,3,0,,0.0,29.0,85.19999999999999,8,8
3262,Female,20,BTech,Mechanical,6.49,0,3,0,4,1,71,2,0,,0.0,25.333333333333332,64.9,5,5
3263,Male,20,BE,DS,7.99,1,1,1,5,4,70,2,1,Product,4.54,26.333333333333332,74.9,4,4
3264,Female,24,BCA,Electrical,8.96,0,3,4,3,2,99,2,0,,0.0,34.666666666666664,89.60000000000001,9,9
3265,Female,22,BTech,Mechanical,8.74,1,1,5,2,9,47,5,0,,0.0,19.333333333333332,82.4,11,11
3266,Female,22,BSc,DS,8.16,2,2,0,1,10,56,2,0,,0.0,22.333333333333332,71.6,4,4
3267,Female,23,BE,AI,5.58,0,1,1,3,2,98,1,0,,0.0,34.333333333333336,55.8,3,3
3268,Male,22,BCA,AI,8.61,1,0,5,1,7,62,5,0,,0.0,23.333333333333332,81.1,10,10
3269,Female,23,BCA,AI,8.82,2,1,2,10,2,78,0,1,Product,10.15,30.0,78.2,3,3
3270,Female,24,BSc,AI,8.61,1,1,0,10,1,89,4,1,Product,13.99,33.333333333333336,81.1,5,5
3271,Male,22,BE,CS,8.79,2,2,4,6,9,52,3,0,,0.0,22.333333333333332,77.89999999999999,9,9
3272,Male,24,BCA,AI,7.35,3,2,0,3,4,96,0,0,,0.0,34.333333333333336,58.5,2,2
3273,Female,22,BTech,AI,9.77,3,3,5,4,7,83,5,0,,0.0,31.333333333333332,82.69999999999999,13,13
3274,Male,22,BE,Electrical,8.81,1,3,3,8,1,54,4,0,,0.0,21.0,83.10000000000001,10,10
3275,Female,24,BSc,Electrical,7.99,0,0,1,10,8,84,2,1,Service,8.02,34.0,79.9,3,3
3276,Female,20,BTech,DS,9.52,1,3,3,5,6,67,0,1,Startup,13.17,26.0,90.19999999999999,6,6
3277,Male,20,BE,AI,9.41,3,3,2,5,2,87,4,1,Startup,7.8,31.333333333333332,79.1,9,9
3278,Female,20,BCA,AI,9.0,0,2,0,8,9,69,4,1,Product,8.03,28.666666666666668,90.0,6,6
3279,Female,20,BSc,DS,7.92,3,0,3,10,1,54,0,0,,0.0,21.666666666666668,64.2,3,3
3280,Female,22,BSc,AI,7.77,3,0,2,10,9,77,2,1,Startup,8.56,32.0,62.69999999999999,4,4
3281,Female,21,BE,AI,6.91,0,3,3,10,10,47,2,0,,0.0,22.333333333333332,69.1,8,8
3282,Male,24,BSc,Mechanical,6.58,0,0,4,4,2,85,5,0,,0.0,30.333333333333332,65.8,9,9
3283,Male,21,BTech,CS,7.7,3,0,3,8,6,54,3,0,,0.0,22.666666666666668,62.0,6,6
3284,Female,21,BE,DS,7.98,2,2,1,10,9,77,4,1,Service,13.86,32.0,69.80000000000001,7,7
3285,Male,23,BTech,Mechanical,6.55,0,3,5,5,3,78,3,1,Startup,10.46,28.666666666666668,65.5,11,11
3286,Female,20,BSc,Electrical,9.47,3,0,3,6,3,90,5,1,Product,11.55,33.0,79.7,8,8
3287,Female,22,BSc,IT,7.9,0,3,3,1,3,73,2,0,,0.0,25.666666666666668,79.0,8,8
3288,Female,20,BSc,IT,7.76,0,3,3,9,9,75,5,1,Product,4.73,31.0,77.6,11,11
3289,Female,20,BTech,Electrical,7.37,3,0,3,4,2,59,4,0,,0.0,21.666666666666668,58.7,7,7
3290,Female,21,BSc,CS,5.75,2,1,3,1,4,83,3,0,,0.0,29.333333333333332,47.5,7,7
3291,Male,23,BE,IT,9.29,1,0,0,7,8,52,3,0,,0.0,22.333333333333332,87.89999999999999,3,3
3292,Female,20,BCA,CS,6.86,3,1,0,10,8,83,3,1,Product,10.07,33.666666666666664,53.60000000000001,4,4
3293,Male,24,BE,IT,8.26,2,2,5,4,5,84,5,0,,0.0,31.0,72.6,12,12
3294,Male,24,BCA,IT,8.11,3,3,4,5,2,86,4,1,Product,5.98,31.0,66.1,11,11
3295,Female,20,BSc,Mechanical,8.01,2,1,0,7,6,60,1,1,Service,12.2,24.333333333333332,70.1,2,2
3296,Female,21,BE,IT,7.76,1,3,2,7,8,86,1,1,Product,6.4,33.666666666666664,72.6,6,6
3297,Female,21,BTech,Electrical,6.28,1,2,1,9,2,62,2,0,,0.0,24.333333333333332,57.800000000000004,5,5
3298,Female,22,BCA,CS,6.71,0,2,3,9,4,85,4,1,Service,6.18,32.666666666666664,67.1,9,9
3299,Female,23,BTech,AI,7.75,0,1,3,7,4,42,4,0,,0.0,17.666666666666668,77.5,8,8
3300,Male,21,BCA,AI,8.89,1,2,3,10,9,61,0,1,Product,8.72,26.666666666666668,83.9,5,5
3301,Female,22,BSc,AI,7.36,3,3,4,9,10,68,3,1,Product,6.86,29.0,58.60000000000001,10,10
3302,Female,24,BE,CS,6.38,1,2,4,5,1,79,2,0,,0.0,28.333333333333332,58.8,8,8
3303,Male,24,BCA,CS,5.88,2,2,2,2,9,69,4,0,,0.0,26.666666666666668,48.8,8,8
3304,Male,24,BE,AI,8.35,2,1,3,9,8,63,0,1,Product,12.8,26.666666666666668,73.5,4,4
3305,Female,20,BCA,Electrical,7.32,2,2,4,6,1,64,0,1,Service,12.28,23.666666666666668,63.2,6,6
3306,Male,23,BCA,IT,6.04,1,0,3,6,10,51,4,0,,0.0,22.333333333333332,55.4,7,7
3307,Female,22,BSc,AI,8.4,0,3,0,9,6,89,2,1,Service,6.76,34.666666666666664,84.0,5,5
3308,Male,23,BCA,DS,6.39,2,1,3,1,10,59,2,0,,0.0,23.333333333333332,53.9,6,6
3309,Male,20,BTech,CS,7.69,2,0,2,2,2,72,1,0,,0.0,25.333333333333332,66.9,3,3
3310,Female,22,BCA,DS,6.82,1,1,2,3,3,78,1,0,,0.0,28.0,63.2,4,4
3311,Male,22,BCA,DS,9.51,2,0,4,1,5,61,2,0,,0.0,22.333333333333332,85.1,6,6
3312,Male,21,BCA,CS,6.48,1,2,3,4,8,85,0,0,,0.0,32.333333333333336,59.80000000000001,5,5
3313,Male,23,BSc,AI,7.31,0,0,2,2,6,58,5,0,,0.0,22.0,73.1,7,7
3314,Male,23,BE,Electrical,9.63,2,0,0,3,9,71,1,0,,0.0,27.666666666666668,86.30000000000001,1,1
3315,Male,21,BE,Mechanical,6.87,2,0,4,8,1,92,0,1,Product,7.08,33.666666666666664,58.7,4,4
3316,Male,24,BSc,DS,8.27,2,3,0,4,5,90,1,0,,0.0,33.0,72.69999999999999,4,4
3317,Female,20,BTech,AI,6.86,1,1,2,9,4,65,0,1,Product,6.61,26.0,63.60000000000001,3,3
3318,Female,23,BTech,Mechanical,5.98,1,2,5,6,8,83,3,0,,0.0,32.333333333333336,54.800000000000004,10,10
3319,Male,21,BSc,DS,8.2,3,2,4,1,5,46,4,0,,0.0,17.333333333333332,67.0,10,10
3320,Female,22,BE,AI,9.44,0,3,3,6,9,47,2,0,,0.0,20.666666666666668,94.39999999999999,8,8
3321,Female,21,BTech,DS,7.45,3,3,5,7,2,50,3,0,,0.0,19.666666666666668,59.5,11,11
3322,Female,24,BSc,AI,8.19,3,3,1,4,8,98,2,0,,0.0,36.666666666666664,66.89999999999999,6,6
3323,Male,20,BE,Electrical,8.12,3,0,3,8,1,79,5,1,Startup,3.01,29.333333333333332,66.19999999999999,8,8
3324,Female,24,BTech,IT,7.28,1,3,3,10,8,55,0,0,,0.0,24.333333333333332,67.8,6,6
3325,Male,22,BTech,IT,8.14,2,3,0,3,9,48,1,0,,0.0,20.0,71.4,4,4
3326,Female,22,BSc,CS,6.62,2,0,3,7,3,80,1,1,Product,10.11,30.0,56.2,4,4
3327,Male,22,BE,Mechanical,7.13,1,1,1,7,2,43,1,0,,0.0,17.333333333333332,66.3,3,3
3328,Male,22,BTech,DS,7.4,3,3,4,4,5,50,4,0,,0.0,19.666666666666668,59.0,11,11
3329,Female,21,BSc,DS,9.22,0,3,4,1,9,49,4,0,,0.0,19.666666666666668,92.2,11,11
3330,Female,22,BTech,AI,7.0,1,0,5,10,8,98,5,1,Service,11.7,38.666666666666664,65.0,10,10
3331,Male,22,BE,Mechanical,8.23,3,0,1,10,1,98,2,1,Product,14.81,36.333333333333336,67.30000000000001,3,3
3332,Female,21,BCA,DS,6.42,1,0,0,6,1,92,1,0,,0.0,33.0,59.2,1,1
3333,Female,22,BTech,Mechanical,6.59,2,1,5,10,8,68,3,1,Product,7.22,28.666666666666668,55.900000000000006,9,9
3334,Female,24,BE,Mechanical,8.29,2,3,1,7,3,80,2,1,Product,11.19,30.0,72.89999999999999,6,6
3335,Male,24,BTech,IT,8.78,2,3,4,3,1,44,4,0,,0.0,16.0,77.8,11,11
3336,Male,23,BCA,DS,7.49,3,0,5,5,10,42,4,0,,0.0,19.0,59.900000000000006,9,9
3337,Female,24,BCA,DS,6.94,1,0,1,8,1,52,1,0,,0.0,20.333333333333332,64.4,2,2
3338,Female,20,BTech,CS,9.41,3,3,0,7,4,55,4,0,,0.0,22.0,79.1,7,7
3339,Female,20,BSc,Mechanical,6.08,1,3,5,2,6,80,0,0,,0.0,29.333333333333332,55.8,8,8
3340,Male,20,BTech,AI,8.6,0,3,3,4,9,47,4,0,,0.0,20.0,86.0,10,10
3341,Male,21,BE,IT,8.47,2,0,3,7,5,67,5,1,Service,9.82,26.333333333333332,74.7,8,8
3342,Female,24,BSc,CS,8.47,0,1,4,9,7,63,1,1,Service,7.77,26.333333333333332,84.7,6,6
3343,Female,20,BE,IT,9.52,2,1,0,7,9,77,2,1,Startup,6.63,31.0,85.19999999999999,3,3
3344,Female,23,BE,AI,8.63,0,3,3,8,5,41,4,0,,0.0,18.0,86.30000000000001,10,10
3345,Female,21,BSc,CS,6.8,3,2,3,10,7,45,3,0,,0.0,20.666666666666668,53.0,8,8
3346,Female,23,BCA,IT,7.02,2,1,3,9,9,58,3,0,,0.0,25.333333333333332,60.19999999999999,7,7
3347,Female,24,BE,AI,7.18,3,2,2,1,6,57,0,0,,0.0,21.333333333333332,56.8,4,4
3348,Male,22,BTech,Electrical,5.63,3,2,3,3,9,77,2,0,,0.0,29.666666666666668,41.3,7,7
3349,Female,23,BCA,CS,9.43,1,3,2,6,6,63,0,1,Startup,7.72,25.0,89.3,5,5
3350,Male,22,BCA,AI,5.82,2,0,1,8,6,78,5,0,,0.0,30.666666666666668,48.2,6,6
3351,Female,21,BSc,CS,8.51,0,2,4,7,3,59,0,0,,0.0,23.0,85.1,6,6
3352,Female,23,BTech,DS,8.64,0,3,4,6,5,63,1,1,Product,5.6,24.666666666666668,86.4,8,8
3353,Male,23,BTech,DS,9.13,2,0,5,4,7,95,1,0,,0.0,35.333333333333336,81.30000000000001,6,6
3354,Male,21,BCA,IT,7.88,1,1,5,8,2,94,1,1,Service,11.13,34.666666666666664,73.8,7,7
3355,Male,21,BE,Mechanical,8.62,2,3,2,10,6,98,3,1,Startup,6.02,38.0,76.19999999999999,8,8
3356,Male,20,BE,Electrical,6.8,3,1,0,4,2,41,4,0,,0.0,15.666666666666666,53.0,5,5
3357,Female,24,BTech,Mechanical,8.71,1,3,5,6,9,75,2,1,Product,10.48,30.0,82.10000000000001,10,10
3358,Male,23,BCA,AI,6.98,3,2,5,3,10,55,1,0,,0.0,22.666666666666668,54.80000000000001,8,8
3359,Female,23,BCA,CS,9.38,2,0,2,7,3,74,2,1,Service,4.27,28.0,83.80000000000001,4,4
3360,Male,21,BCA,DS,6.2,1,2,3,6,7,46,0,0,,0.0,19.666666666666668,57.0,5,5
3361,Female,21,BSc,Mechanical,6.86,2,3,5,7,7,99,5,1,Service,7.1,37.666666666666664,58.60000000000001,13,13
3362,Female,24,BTech,DS,7.64,2,3,0,5,5,69,4,1,Startup,13.4,26.333333333333332,66.39999999999999,7,7
3363,Female,21,BTech,Electrical,8.84,1,2,4,5,10,74,3,1,Service,3.16,29.666666666666668,83.4,9,9
3364,Female,22,BE,AI,8.72,1,3,1,2,2,78,2,0,,0.0,27.333333333333332,82.2,6,6
3365,Female,22,BE,Electrical,6.41,2,1,1,6,5,82,4,0,,0.0,31.0,54.099999999999994,6,6
3366,Female,22,BTech,Electrical,6.12,0,2,2,1,2,55,2,0,,0.0,19.333333333333332,61.2,6,6
3367,Male,22,BTech,AI,6.81,1,0,5,7,3,55,0,0,,0.0,21.666666666666668,63.099999999999994,5,5
3368,Female,24,BE,CS,7.58,0,1,2,3,8,63,1,0,,0.0,24.666666666666668,75.8,4,4
3369,Male,23,BTech,Electrical,7.82,0,1,2,2,6,53,0,0,,0.0,20.333333333333332,78.2,3,3
3370,Male,22,BE,Mechanical,7.35,0,3,2,7,10,55,2,0,,0.0,24.0,73.5,7,7
3371,Female,21,BTech,AI,8.35,0,2,4,9,10,71,3,1,Product,3.74,30.0,83.5,9,9
3372,Male,22,BSc,AI,7.34,3,3,3,1,10,91,2,0,,0.0,34.0,58.400000000000006,8,8
3373,Female,24,BSc,DS,9.57,2,2,4,6,4,46,5,0,,0.0,18.666666666666668,85.7,11,11
3374,Male,21,BCA,IT,6.62,1,2,1,8,8,64,3,1,Service,11.56,26.666666666666668,61.2,6,6
3375,Female,22,BTech,Electrical,8.2,2,0,1,2,10,62,3,0,,0.0,24.666666666666668,72.0,4,4
3376,Male,23,BE,Mechanical,8.13,2,3,1,5,9,41,2,0,,0.0,18.333333333333332,71.30000000000001,6,6
3377,Female,21,BTech,CS,6.71,2,2,3,4,5,48,2,0,,0.0,19.0,57.099999999999994,7,7
3378,Female,21,BTech,Electrical,7.27,2,0,3,10,1,76,3,1,Startup,11.64,29.0,62.69999999999999,6,6
3379,Female,23,BCA,CS,7.07,2,2,0,3,6,81,2,0,,0.0,30.0,60.7,4,4
3380,Female,21,BE,DS,6.24,1,3,3,10,9,71,4,0,,0.0,30.0,57.400000000000006,10,10
3381,Male,22,BTech,Electrical,7.55,2,2,1,8,6,82,3,1,Product,9.98,32.0,65.5,6,6
3382,Female,21,BE,CS,7.16,2,1,3,2,6,61,5,0,,0.0,23.0,61.599999999999994,9,9
3383,Male,22,BTech,Electrical,6.27,2,3,3,1,5,57,3,0,,0.0,21.0,52.699999999999996,9,9
3384,Male,23,BCA,AI,7.43,3,1,3,1,7,81,2,0,,0.0,29.666666666666668,59.3,6,6
3385,Male,20,BE,Electrical,7.31,0,0,2,10,4,85,0,1,Product,4.15,33.0,73.1,2,2
3386,Female,23,BTech,Mechanical,6.06,3,2,5,5,4,62,4,0,,0.0,23.666666666666668,45.599999999999994,11,11
3387,Male,22,BSc,Electrical,6.06,2,3,5,9,4,48,2,0,,0.0,20.333333333333332,50.599999999999994,10,10
3388,Male,24,BE,CS,8.28,3,0,3,4,9,66,1,0,,0.0,26.333333333333332,67.8,4,4
3389,Male,23,BCA,Mechanical,8.54,1,1,2,7,10,73,4,1,Service,3.55,30.0,80.39999999999999,7,7
3390,Female,24,BSc,CS,9.55,1,1,1,2,3,48,1,0,,0.0,17.666666666666668,90.5,3,3
3391,Female,24,BE,IT,5.87,1,1,0,3,10,60,4,0,,0.0,24.333333333333332,53.7,5,5
3392,Male,22,BE,IT,6.01,0,1,4,10,3,56,3,0,,0.0,23.0,60.099999999999994,8,8
3393,Female,22,BE,Mechanical,5.72,1,0,5,9,3,44,4,0,,0.0,18.666666666666668,52.199999999999996,9,9
3394,Female,20,BE,IT,7.79,0,2,0,5,3,53,2,0,,0.0,20.333333333333332,77.9,4,4
3395,Male,21,BTech,IT,8.18,1,0,4,6,8,57,1,0,,0.0,23.666666666666668,76.8,5,5
3396,Male,23,BTech,AI,7.24,3,2,5,3,9,63,0,0,,0.0,25.0,57.400000000000006,7,7
3397,Female,22,BE,CS,8.93,3,3,1,6,8,90,1,1,Service,8.69,34.666666666666664,74.3,5,5
3398,Male,23,BCA,IT,8.45,3,1,2,10,4,48,5,0,,0.0,20.666666666666668,69.5,8,8
3399,Female,24,BTech,Mechanical,9.74,3,0,3,8,10,70,5,1,Startup,3.98,29.333333333333332,82.4,8,8
3400,Female,21,BE,AI,6.09,0,3,2,10,7,60,3,0,,0.0,25.666666666666668,60.9,8,8
3401,Female,20,BE,IT,5.75,1,2,4,1,4,74,5,0,,0.0,26.333333333333332,52.5,11,11
3402,Female,23,BCA,Electrical,6.68,2,3,5,10,10,65,3,1,Product,3.37,28.333333333333332,56.8,11,11
3403,Female,21,BCA,Mechanical,5.58,3,3,3,8,1,56,0,0,,0.0,21.666666666666668,40.8,6,6
3404,Female,20,BCA,CS,9.51,1,2,4,8,7,43,4,0,,0.0,19.333333333333332,90.1,10,10
3405,Male,23,BSc,Electrical,6.81,1,3,4,7,3,46,5,0,,0.0,18.666666666666668,63.099999999999994,12,12
3406,Male,21,BE,IT,7.88,1,1,5,4,5,42,4,0,,0.0,17.0,73.8,10,10
3407,Female,22,BCA,Mechanical,6.87,2,2,3,1,3,80,3,0,,0.0,28.0,58.7,8,8
3408,Female,23,BE,Electrical,6.56,3,2,0,10,1,70,0,1,Startup,3.23,27.0,50.599999999999994,2,2
3409,Female,21,BTech,Mechanical,6.16,0,0,0,2,9,60,3,0,,0.0,23.666666666666668,61.6,3,3
3410,Male,20,BE,DS,6.88,0,3,5,10,2,99,1,1,Product,7.29,37.0,68.8,9,9
3411,Female,21,BE,Electrical,8.15,2,1,5,3,2,98,4,0,,0.0,34.333333333333336,71.5,10,10
3412,Male,22,BSc,Mechanical,9.68,2,1,4,5,6,53,1,0,,0.0,21.333333333333332,86.8,6,6
3413,Female,23,BTech,Electrical,7.9,0,2,1,3,1,83,1,0,,0.0,29.0,79.0,4,4
3414,Female,23,BTech,DS,7.79,0,3,2,8,8,66,2,1,Service,12.99,27.333333333333332,77.9,7,7
3415,Male,23,BSc,CS,5.65,3,2,0,6,4,77,4,0,,0.0,29.0,41.5,6,6
3416,Male,22,BCA,CS,9.11,0,1,3,3,3,62,3,0,,0.0,22.666666666666668,91.1,7,7
3417,Female,20,BCA,AI,5.69,0,1,4,2,5,49,3,0,,0.0,18.666666666666668,56.900000000000006,8,8
3418,Female,23,BE,Electrical,9.4,0,1,2,3,8,85,1,0,,0.0,32.0,94.0,4,4
3419,Female,20,BSc,DS,7.82,2,2,5,2,1,60,5,0,,0.0,21.0,68.2,12,12
3420,Male,21,BCA,Mechanical,6.22,0,3,2,3,5,89,0,0,,0.0,32.333333333333336,62.199999999999996,5,5
3421,Male,20,BTech,AI,7.44,0,3,4,9,9,42,2,0,,0.0,20.0,74.4,9,9
3422,Male,20,BSc,Electrical,9.78,3,2,2,1,2,87,2,0,,0.0,30.0,82.8,6,6
3423,Male,23,BCA,AI,6.81,1,1,1,3,8,50,5,0,,0.0,20.333333333333332,63.099999999999994,7,7
3424,Male,24,BTech,Electrical,6.66,2,3,4,7,2,52,5,0,,0.0,20.333333333333332,56.599999999999994,12,12
3425,Male,24,BSc,CS,6.01,2,1,5,2,7,48,1,0,,0.0,19.0,50.099999999999994,7,7
3426,Female,22,BE,Mechanical,8.07,3,2,2,3,9,85,2,0,,0.0,32.333333333333336,65.7,6,6
3427,Female,22,BE,DS,5.88,0,3,2,6,5,54,2,0,,0.0,21.666666666666668,58.8,7,7
3428,Male,24,BTech,CS,8.79,1,3,5,2,9,90,1,0,,0.0,33.666666666666664,82.89999999999999,9,9
3429,Female,21,BCA,AI,9.45,3,2,0,1,1,41,3,0,,0.0,14.333333333333334,79.5,5,5
3430,Female,23,BCA,IT,9.51,1,2,2,10,7,63,1,1,Startup,10.32,26.666666666666668,90.1,5,5
3431,Male,23,BSc,AI,5.96,0,3,2,2,4,52,1,0,,0.0,19.333333333333332,59.6,6,6
3432,Female,21,BTech,IT,7.9,1,0,0,4,7,63,4,0,,0.0,24.666666666666668,74.0,4,4
3433,Male,21,BCA,Electrical,5.92,3,1,4,5,1,62,3,0,,0.0,22.666666666666668,44.2,8,8
3434,Male,24,BE,CS,7.96,0,0,0,1,7,89,1,0,,0.0,32.333333333333336,79.6,1,1
3435,Female,22,BTech,Electrical,9.0,2,3,3,4,7,73,4,0,,0.0,28.0,80.0,10,10
3436,Male,21,BE,DS,7.81,1,0,3,5,10,42,2,0,,0.0,19.0,73.1,5,5
3437,Male,22,BTech,Mechanical,9.25,0,2,1,4,10,53,0,0,,0.0,22.333333333333332,92.5,3,3
3438,Male,20,BSc,IT,8.95,0,1,2,2,7,65,3,0,,0.0,24.666666666666668,89.5,6,6
3439,Male,23,BCA,Mechanical,6.69,3,2,5,1,10,40,4,0,,0.0,17.0,51.900000000000006,11,11
3440,Male,24,BCA,Electrical,8.21,0,2,3,4,2,68,5,0,,0.0,24.666666666666668,82.10000000000001,10,10
3441,Male,23,BCA,CS,5.53,3,2,4,2,6,51,3,0,,0.0,19.666666666666668,40.300000000000004,9,9
3442,Male,24,BE,CS,7.2,2,2,4,10,3,44,4,0,,0.0,19.0,62.0,10,10
3443,Male,20,BCA,Electrical,6.52,1,1,5,9,6,99,2,1,Product,12.71,38.0,60.19999999999999,8,8
3444,Female,23,BTech,Electrical,9.53,2,3,3,4,5,90,2,0,,0.0,33.0,85.3,8,8
3445,Female,20,BE,CS,7.24,3,3,0,3,4,91,0,0,,0.0,32.666666666666664,57.400000000000006,3,3
3446,Female,24,BSc,DS,8.31,2,1,5,7,8,80,2,1,Service,14.3,31.666666666666668,73.10000000000001,8,8
3447,Male,21,BE,IT,8.65,1,2,1,3,2,94,5,0,,0.0,33.0,81.5,8,8
3448,Male,23,BSc,Mechanical,8.82,2,0,0,10,7,46,2,0,,0.0,21.0,78.2,2,2
3449,Female,20,BE,AI,8.66,0,3,1,8,4,74,0,1,Startup,11.21,28.666666666666668,86.6,4,4
3450,Female,23,BCA,Electrical,6.74,1,2,5,5,7,46,3,0,,0.0,19.333333333333332,62.400000000000006,10,10
3451,Female,23,BSc,Electrical,8.45,2,0,3,4,5,86,2,0,,0.0,31.666666666666668,74.5,5,5
3452,Male,23,BCA,CS,7.86,1,0,0,1,5,64,3,0,,0.0,23.333333333333332,73.60000000000001,3,3
3453,Female,22,BE,Mechanical,8.07,2,2,3,5,9,71,0,1,Product,10.57,28.333333333333332,70.7,5,5
3454,Female,20,BSc,Mechanical,5.5,0,1,1,9,5,67,1,0,,0.0,27.0,55.0,3,3
3455,Male,20,BTech,DS,6.61,3,2,4,8,8,82,2,1,Product,10.27,32.666666666666664,51.10000000000001,8,8
3456,Female,23,BTech,IT,9.5,2,1,5,4,7,99,3,0,,0.0,36.666666666666664,85.0,9,9
3457,Male,21,BE,DS,6.75,1,0,0,9,4,65,5,1,Service,8.35,26.0,62.5,5,5
3458,Male,23,BSc,DS,7.38,2,3,3,7,8,96,4,1,Service,7.71,37.0,63.8,10,10
3459,Male,22,BTech,Mechanical,6.3,3,1,1,2,7,49,5,0,,0.0,19.333333333333332,48.0,7,7
3460,Female,24,BCA,IT,6.1,0,1,4,7,4,72,4,0,,0.0,27.666666666666668,61.0,9,9
3461,Female,22,BCA,IT,6.4,0,1,0,4,6,48,1,0,,0.0,19.333333333333332,64.0,2,2
3462,Male,21,BE,IT,7.88,3,3,1,5,7,74,2,1,Service,9.91,28.666666666666668,63.8,6,6
3463,Female,23,BCA,CS,9.45,0,2,0,1,10,45,2,0,,0.0,18.666666666666668,94.5,4,4
3464,Female,20,BCA,IT,6.9,2,0,0,4,7,57,2,0,,0.0,22.666666666666668,59.0,2,2
3465,Female,23,BCA,Mechanical,6.89,1,0,2,2,8,43,4,0,,0.0,17.666666666666668,63.89999999999999,6,6
3466,Female,21,BTech,CS,7.93,2,1,3,9,9,58,1,0,,0.0,25.333333333333332,69.3,5,5
3467,Male,20,BSc,AI,7.03,3,0,2,8,5,45,4,0,,0.0,19.333333333333332,55.3,6,6
3468,Female,22,BE,Electrical,9.41,2,1,0,3,2,72,2,0,,0.0,25.666666666666668,84.1,3,3
3469,Male,24,BSc,DS,7.12,2,3,1,7,10,43,1,0,,0.0,20.0,61.2,5,5
3470,Male,24,BSc,IT,7.61,3,1,3,7,5,72,4,1,Service,6.42,28.0,61.10000000000001,8,8
3471,Female,23,BSc,AI,7.79,1,3,1,6,7,88,5,1,Product,9.1,33.666666666666664,72.9,9,9
3472,Male,22,BTech,IT,8.86,0,1,1,3,3,43,2,0,,0.0,16.333333333333332,88.6,4,4
3473,Female,21,BCA,DS,7.92,3,1,5,9,10,60,1,1,Product,6.64,26.333333333333332,64.2,7,7
3474,Female,24,BE,Mechanical,6.53,0,3,4,9,5,67,1,1,Service,9.53,27.0,65.3,8,8
3475,Male,22,BSc,Mechanical,6.03,0,2,0,6,6,46,0,0,,0.0,19.333333333333332,60.300000000000004,2,2
3476,Male,23,BCA,DS,9.53,3,3,1,3,6,47,1,0,,0.0,18.666666666666668,80.3,5,5
3477,Male,20,BTech,AI,8.95,1,1,0,4,4,74,5,0,,0.0,27.333333333333332,84.5,6,6
3478,Male,23,BSc,CS,5.6,3,0,2,5,3,51,0,0,,0.0,19.666666666666668,41.0,2,2
3479,Female,23,BCA,Electrical,9.03,3,2,5,9,4,58,2,0,,0.0,23.666666666666668,75.3,9,9
3480,Female,22,BTech,Electrical,8.04,2,0,5,3,1,81,0,0,,0.0,28.333333333333332,70.39999999999999,5,5
3481,Female,24,BCA,Electrical,7.73,2,2,2,9,8,91,2,1,Startup,8.84,36.0,67.30000000000001,6,6
3482,Male,22,BE,CS,5.55,3,1,1,5,3,77,2,0,,0.0,28.333333333333332,40.5,4,4
3483,Male,20,BCA,IT,8.86,2,2,5,6,4,57,5,0,,0.0,22.333333333333332,78.6,12,12
3484,Male,22,BCA,DS,6.35,1,0,0,2,9,67,3,0,,0.0,26.0,58.5,3,3
3485,Female,21,BE,DS,8.63,2,3,4,2,10,77,5,0,,0.0,29.666666666666668,76.30000000000001,12,12
3486,Male,23,BE,CS,5.57,1,2,3,2,9,71,0,0,,0.0,27.333333333333332,50.7,5,5
3487,Female,24,BCA,AI,8.92,0,2,2,7,6,98,1,1,Product,10.36,37.0,89.2,5,5
3488,Male,20,BE,Electrical,5.6,0,1,2,6,4,69,1,0,,0.0,26.333333333333332,56.0,4,4
3489,Female,23,BCA,DS,6.51,1,1,4,7,8,71,5,1,Service,3.08,28.666666666666668,60.099999999999994,10,10
3490,Female,22,BSc,Mechanical,6.65,0,2,1,3,7,61,5,0,,0.0,23.666666666666668,66.5,8,8
3491,Male,21,BCA,Mechanical,6.18,1,1,2,4,6,89,5,0,,0.0,33.0,56.8,8,8
3492,Male,22,BTech,DS,7.57,3,1,2,6,6,44,2,0,,0.0,18.666666666666668,60.7,5,5
3493,Female,23,BE,Electrical,6.72,2,3,3,3,9,99,0,0,,0.0,37.0,57.2,6,6
3494,Female,20,BSc,Electrical,9.77,0,2,4,1,4,98,4,0,,0.0,34.333333333333336,97.69999999999999,10,10
3495,Male,24,BE,Electrical,7.99,0,0,4,6,6,82,1,1,Product,8.93,31.333333333333332,79.9,5,5
3496,Male,23,BE,AI,7.94,3,3,0,10,2,46,4,0,,0.0,19.333333333333332,64.4,7,7
3497,Female,20,BE,Mechanical,6.45,2,1,4,10,9,48,0,0,,0.0,22.333333333333332,54.5,5,5
3498,Male,23,BTech,AI,7.26,2,3,5,2,7,42,1,0,,0.0,17.0,62.599999999999994,9,9
3499,Female,21,BTech,CS,6.03,1,2,3,7,8,94,4,0,,0.0,36.333333333333336,55.300000000000004,9,9
3500,Female,22,BCA,IT,8.78,0,2,5,5,2,58,1,0,,0.0,21.666666666666668,87.8,8,8
3501,Male,24,BTech,Electrical,6.92,2,2,4,1,5,83,5,0,,0.0,29.666666666666668,59.2,11,11
3502,Male,20,BE,CS,8.73,0,0,0,9,9,57,3,0,,0.0,25.0,87.30000000000001,3,3
3503,Male,24,BSc,IT,7.1,0,0,3,2,3,69,3,0,,0.0,24.666666666666668,71.0,6,6
3504,Male,24,BSc,Mechanical,9.75,0,0,2,2,7,86,2,0,,0.0,31.666666666666668,97.5,4,4
3505,Male,24,BSc,IT,6.24,0,1,1,10,5,91,0,0,,0.0,35.333333333333336,62.400000000000006,2,2
3506,Female,20,BE,IT,5.51,1,2,2,10,6,99,1,0,,0.0,38.333333333333336,50.099999999999994,5,5
3507,Female,20,BTech,DS,8.06,2,2,0,4,5,95,4,0,,0.0,34.666666666666664,70.60000000000001,6,6
3508,Male,24,BSc,IT,9.6,0,0,3,2,6,76,1,0,,0.0,28.0,96.0,4,4
3509,Male,22,BE,DS,8.28,2,3,2,10,9,47,1,0,,0.0,22.0,72.8,6,6
3510,Male,23,BE,IT,5.87,3,3,0,6,7,93,5,0,,0.0,35.333333333333336,43.7,8,8
3511,Female,24,BSc,DS,7.82,3,1,5,5,1,68,4,1,Startup,13.1,24.666666666666668,63.2,10,10
3512,Male,21,BSc,Mechanical,9.41,2,3,2,10,9,83,5,1,Startup,9.24,34.0,84.1,10,10
3513,Male,24,BCA,Mechanical,5.53,1,1,1,10,2,56,4,0,,0.0,22.666666666666668,50.300000000000004,6,6
3514,Female,20,BCA,IT,6.22,1,3,5,3,4,58,5,0,,0.0,21.666666666666668,57.199999999999996,13,13
3515,Female,23,BE,AI,9.0,3,3,2,2,4,95,3,0,,0.0,33.666666666666664,75.0,8,8
3516,Male,21,BCA,Mechanical,9.34,0,3,2,6,5,53,2,0,,0.0,21.333333333333332,93.4,7,7
3517,Male,23,BCA,CS,8.54,3,2,2,2,10,55,4,0,,0.0,22.333333333333332,70.39999999999999,8,8
3518,Male,23,BSc,CS,9.76,0,0,0,4,4,54,1,0,,0.0,20.666666666666668,97.6,1,1
3519,Female,21,BCA,DS,5.89,3,2,3,5,8,75,3,0,,0.0,29.333333333333332,43.9,8,8
3520,Male,24,BE,AI,7.85,3,0,4,8,9,57,0,0,,0.0,24.666666666666668,63.5,4,4
3521,Male,24,BSc,Electrical,8.45,1,3,0,1,2,79,3,0,,0.0,27.333333333333332,79.5,6,6
3522,Male,24,BCA,DS,8.52,2,0,5,7,9,76,3,1,Service,12.05,30.666666666666668,75.19999999999999,8,8
3523,Female,22,BCA,IT,8.91,2,2,4,6,2,70,3,1,Product,5.72,26.0,79.1,9,9
3524,Female,24,BCA,Mechanical,9.45,3,0,5,3,3,88,5,0,,0.0,31.333333333333332,79.5,10,10
3525,Male,21,BTech,AI,7.06,1,0,4,10,6,79,1,1,Service,3.5,31.666666666666668,65.6,5,5
3526,Male,22,BCA,DS,5.68,0,0,2,10,9,52,4,0,,0.0,23.666666666666668,56.8,6,6
3527,Female,24,BCA,DS,7.06,3,3,5,10,7,48,2,0,,0.0,21.666666666666668,55.599999999999994,10,10
3528,Female,22,BE,CS,8.39,0,0,1,1,8,95,5,0,,0.0,34.666666666666664,83.9,6,6
3529,Female,21,BCA,IT,6.42,0,3,4,2,2,85,0,0,,0.0,29.666666666666668,64.2,7,7
3530,Female,24,BTech,DS,8.98,1,3,5,1,9,88,2,0,,0.0,32.666666666666664,84.80000000000001,10,10
3531,Female,20,BSc,CS,6.44,1,1,5,3,6,93,5,0,,0.0,34.0,59.400000000000006,11,11
3532,Female,21,BCA,AI,5.54,2,0,4,1,3,77,1,0,,0.0,27.0,45.4,5,5
3533,Female,23,BCA,DS,7.68,1,3,2,10,2,46,2,0,,0.0,19.333333333333332,71.8,7,7
3534,Female,23,BE,Electrical,8.62,3,0,1,5,2,72,5,1,Service,7.98,26.333333333333332,71.19999999999999,6,6
3535,Female,21,BCA,Electrical,7.0,3,0,2,10,10,63,2,1,Product,7.9,27.666666666666668,55.0,4,4
3536,Male,23,BCA,CS,8.72,0,2,4,6,9,75,0,1,Service,10.19,30.0,87.2,6,6
3537,Male,21,BCA,Electrical,7.39,2,1,5,1,4,66,3,0,,0.0,23.666666666666668,63.89999999999999,9,9
3538,Male,20,BCA,IT,6.24,0,0,0,1,8,91,4,0,,0.0,33.333333333333336,62.400000000000006,4,4
3539,Female,21,BSc,Mechanical,5.89,0,0,5,4,7,82,4,0,,0.0,31.0,58.9,9,9
3540,Male,24,BE,Electrical,8.56,2,3,4,4,5,49,5,0,,0.0,19.333333333333332,75.60000000000001,12,12
3541,Female,24,BSc,AI,7.16,0,3,0,8,4,52,2,0,,0.0,21.333333333333332,71.6,5,5
3542,Female,22,BTech,DS,9.42,2,2,3,10,6,91,0,1,Product,11.4,35.666666666666664,84.2,5,5
3543,Male,23,BCA,CS,7.82,0,1,1,7,10,61,4,1,Startup,6.54,26.0,78.2,6,6
3544,Female,23,BTech,DS,7.0,0,1,5,7,8,84,4,1,Product,13.74,33.0,70.0,10,10
3545,Male,21,BSc,Mechanical,7.0,2,1,3,9,5,93,4,1,Service,10.98,35.666666666666664,60.0,8,8
3546,Male,23,BTech,DS,6.07,3,0,2,8,2,45,2,0,,0.0,18.333333333333332,45.7,4,4
3547,Male,24,BCA,DS,8.05,0,1,4,3,4,89,1,0,,0.0,32.0,80.5,6,6
3548,Female,20,BTech,CS,8.0,0,2,3,4,1,60,2,0,,0.0,21.666666666666668,80.0,7,7
3549,Male,21,BSc,Mechanical,8.94,3,2,1,8,9,66,2,1,Product,6.88,27.666666666666668,74.39999999999999,5,5
3550,Female,23,BCA,AI,6.37,2,0,0,5,6,83,1,0,,0.0,31.333333333333332,53.7,1,1
3551,Male,24,BE,CS,6.75,2,0,0,5,7,73,5,1,Product,13.31,28.333333333333332,57.5,5,5
3552,Male,22,BSc,Mechanical,5.92,3,0,2,8,1,45,4,0,,0.0,18.0,44.2,6,6
3553,Male,23,BCA,Mechanical,6.77,2,3,2,8,5,46,2,0,,0.0,19.666666666666668,57.69999999999999,7,7
3554,Female,20,BE,DS,7.34,1,0,4,6,9,93,3,1,Service,8.97,36.0,68.4,7,7
3555,Female,20,BTech,IT,9.65,0,2,3,9,1,74,4,1,Product,5.28,28.0,96.5,9,9
3556,Female,23,BTech,IT,8.31,2,0,4,4,1,69,5,0,,0.0,24.666666666666668,73.10000000000001,9,9
3557,Male,23,BTech,AI,8.87,3,3,0,10,2,50,4,0,,0.0,20.666666666666668,73.69999999999999,7,7
3558,Male,24,BCA,DS,6.9,0,0,0,1,3,69,4,0,,0.0,24.333333333333332,69.0,4,4
3559,Female,23,BTech,IT,6.12,3,3,5,10,6,97,2,0,,0.0,37.666666666666664,46.2,10,10
3560,Female,22,BTech,CS,6.6,2,3,3,2,6,97,0,0,,0.0,35.0,56.0,6,6
3561,Female,24,BE,AI,6.6,3,3,4,1,10,60,0,0,,0.0,23.666666666666668,51.0,7,7
3562,Female,21,BE,DS,8.01,3,0,2,4,10,80,1,0,,0.0,31.333333333333332,65.1,3,3
3563,Female,22,BE,Electrical,6.97,0,0,3,9,1,85,0,1,Product,3.9,31.666666666666668,69.7,3,3
3564,Female,24,BCA,CS,9.19,0,2,5,6,3,50,4,0,,0.0,19.666666666666668,91.89999999999999,11,11
3565,Male,24,BSc,IT,9.75,2,1,2,6,9,45,3,0,,0.0,20.0,87.5,6,6
3566,Female,20,BTech,IT,6.98,3,0,3,6,8,58,3,0,,0.0,24.0,54.80000000000001,6,6
3567,Male,24,BTech,IT,8.53,3,2,2,1,9,86,4,0,,0.0,32.0,70.3,8,8
3568,Male,22,BCA,IT,8.33,2,1,1,1,8,64,5,0,,0.0,24.333333333333332,73.3,7,7
3569,Female,23,BTech,Mechanical,6.34,3,2,0,3,9,71,2,0,,0.0,27.666666666666668,48.4,4,4
3570,Female,22,BCA,Electrical,9.45,3,1,5,5,7,66,2,1,Service,5.56,26.0,79.5,8,8
3571,Male,21,BCA,AI,6.36,3,2,3,2,10,85,4,0,,0.0,32.333333333333336,48.6,9,9
3572,Female,24,BCA,AI,8.67,3,0,5,1,9,51,4,0,,0.0,20.333333333333332,71.7,9,9
3573,Female,24,BSc,IT,6.99,1,1,1,9,3,52,1,0,,0.0,21.333333333333332,64.9,3,3
3574,Male,24,BCA,AI,7.08,2,3,3,1,6,44,2,0,,0.0,17.0,60.8,8,8
3575,Male,24,BSc,Electrical,7.46,2,2,0,4,6,51,0,0,,0.0,20.333333333333332,64.6,2,2
3576,Male,20,BSc,CS,9.22,3,0,5,9,1,88,5,1,Startup,8.04,32.666666666666664,77.2,10,10
3577,Female,20,BTech,CS,6.1,2,0,0,10,10,65,5,0,,0.0,28.333333333333332,51.0,5,5
3578,Male,23,BE,AI,5.73,1,1,2,2,10,90,0,0,,0.0,34.0,52.300000000000004,3,3
3579,Female,24,BSc,IT,7.23,3,2,5,10,7,74,2,1,Service,7.08,30.333333333333332,57.30000000000001,9,9
3580,Male,21,BSc,DS,5.74,0,0,0,3,3,57,3,0,,0.0,21.0,57.400000000000006,3,3
3581,Male,23,BE,Electrical,8.46,1,3,5,4,2,57,4,0,,0.0,21.0,79.60000000000001,12,12
3582,Male,24,BSc,IT,8.77,0,2,5,2,7,80,5,0,,0.0,29.666666666666668,87.69999999999999,12,12
3583,Female,20,BE,Mechanical,9.18,2,0,0,2,10,42,1,0,,0.0,18.0,81.8,1,1
3584,Female,21,BTech,DS,8.7,2,0,0,6,4,65,1,1,Product,7.06,25.0,77.0,1,1
3585,Male,23,BCA,Electrical,9.44,2,3,4,10,7,82,5,1,Product,3.69,33.0,84.39999999999999,12,12
3586,Male,21,BE,Mechanical,8.72,3,0,4,5,1,91,1,1,Service,9.72,32.333333333333336,72.2,5,5
3587,Male,24,BCA,AI,9.53,1,1,0,5,10,87,0,1,Product,12.24,34.0,90.3,1,1
3588,Female,22,BE,Mechanical,6.33,1,2,5,9,8,54,5,0,,0.0,23.666666666666668,58.3,12,12
3589,Male,21,BCA,AI,7.65,3,1,5,7,2,77,3,1,Startup,10.45,28.666666666666668,61.5,9,9
3590,Female,21,BTech,Mechanical,9.77,3,1,4,9,8,65,3,1,Service,12.18,27.333333333333332,82.69999999999999,8,8
3591,Male,20,BSc,DS,8.43,2,3,3,1,8,80,5,0,,0.0,29.666666666666668,74.3,11,11
3592,Male,24,BTech,Mechanical,9.28,1,1,5,2,9,40,1,0,,0.0,17.0,87.8,7,7
3593,Male,21,BSc,IT,5.63,2,1,1,5,4,53,4,0,,0.0,20.666666666666668,46.3,6,6
3594,Male,24,BCA,AI,9.25,1,1,1,10,1,90,4,1,Startup,11.88,33.666666666666664,87.5,6,6
3595,Male,20,BCA,CS,8.5,3,0,4,7,10,74,5,1,Service,3.61,30.333333333333332,70.0,9,9
3596,Male,24,BSc,Mechanical,6.23,2,3,1,8,8,93,4,0,,0.0,36.333333333333336,52.300000000000004,8,8
3597,Female,20,BE,AI,5.61,1,0,4,7,9,48,1,0,,0.0,21.333333333333332,51.1,5,5
3598,Male,20,BTech,CS,6.62,3,0,2,9,9,66,4,1,Startup,12.95,28.0,51.2,6,6
3599,Female,23,BE,AI,9.44,0,1,5,3,6,80,2,0,,0.0,29.666666666666668,94.39999999999999,8,8
3600,Male,24,BCA,AI,8.37,2,0,0,5,8,71,1,1,Service,14.7,28.0,73.69999999999999,1,1
3601,Male,22,BTech,CS,9.45,1,0,1,6,8,44,3,0,,0.0,19.333333333333332,89.5,4,4
3602,Female,23,BTech,CS,7.42,1,0,0,10,5,96,0,1,Service,7.55,37.0,69.2,0,0
3603,Male,20,BE,DS,9.53,2,1,1,7,4,71,5,1,Product,9.99,27.333333333333332,85.3,7,7
3604,Female,22,BSc,Electrical,7.49,1,2,3,7,10,70,2,1,Service,6.66,29.0,69.9,7,7
3605,Female,21,BSc,Mechanical,6.38,0,2,3,4,10,45,0,0,,0.0,19.666666666666668,63.8,5,5
3606,Male,21,BTech,Mechanical,6.15,0,0,4,1,2,92,2,0,,0.0,31.666666666666668,61.5,6,6
3607,Female,23,BSc,AI,9.77,1,1,0,8,3,95,1,1,Startup,5.03,35.333333333333336,92.69999999999999,2,2
3608,Female,22,BCA,IT,6.94,2,3,4,10,3,70,3,1,Service,5.74,27.666666666666668,59.400000000000006,10,10
3609,Male,24,BE,IT,6.19,1,2,2,1,6,70,2,0,,0.0,25.666666666666668,56.900000000000006,6,6
3610,Female,22,BE,Electrical,5.54,1,0,4,1,7,83,1,0,,0.0,30.333333333333332,50.4,5,5
3611,Male,23,BE,AI,6.73,0,1,5,9,6,99,3,1,Startup,3.0,38.0,67.30000000000001,9,9
3612,Male,24,BTech,DS,9.32,3,2,5,10,1,78,0,1,Product,6.65,29.666666666666668,78.2,7,7
3613,Male,24,BTech,CS,7.8,3,2,4,10,7,46,2,0,,0.0,21.0,63.0,8,8
3614,Male,21,BSc,AI,8.22,1,1,4,3,9,91,1,0,,0.0,34.333333333333336,77.2,6,6
3615,Female,22,BE,Mechanical,9.47,2,2,1,9,8,49,2,0,,0.0,22.0,84.7,5,5
3616,Male,24,BCA,IT,7.71,0,0,1,10,5,87,4,1,Startup,4.53,34.0,77.1,5,5
3617,Male,23,BCA,IT,9.1,3,0,2,10,4,88,2,1,Product,8.47,34.0,76.0,4,4
3618,Female,21,BE,IT,6.89,1,1,0,1,5,70,5,0,,0.0,25.333333333333332,63.89999999999999,6,6
3619,Male,24,BTech,DS,9.7,2,1,3,7,3,84,3,1,Service,14.03,31.333333333333332,87.0,7,7
3620,Male,22,BTech,Mechanical,5.84,0,3,0,5,9,44,5,0,,0.0,19.333333333333332,58.4,8,8
3621,Female,21,BTech,DS,8.62,3,3,3,4,5,71,4,0,,0.0,26.666666666666668,71.19999999999999,10,10
3622,Female,22,BCA,CS,8.34,3,0,1,5,7,53,5,0,,0.0,21.666666666666668,68.4,6,6
3623,Female,22,BE,AI,6.32,3,1,4,1,7,80,3,0,,0.0,29.333333333333332,48.2,8,8
3624,Female,22,BCA,AI,7.17,2,3,5,10,1,53,0,0,,0.0,21.333333333333332,61.7,8,8
3625,Female,21,BE,IT,6.85,2,3,2,7,6,47,4,0,,0.0,20.0,58.5,9,9
3626,Female,24,BCA,IT,5.91,2,2,2,2,4,59,4,0,,0.0,21.666666666666668,49.1,8,8
3627,Female,20,BCA,CS,8.01,1,2,5,9,3,81,3,1,Startup,11.89,31.0,75.1,10,10
3628,Male,24,BSc,DS,9.77,0,3,2,5,3,80,1,1,Service,8.8,29.333333333333332,97.69999999999999,6,6
3629,Female,21,BCA,Electrical,7.91,1,2,0,5,6,93,2,1,Startup,9.65,34.666666666666664,74.1,4,4
3630,Female,20,BE,Electrical,7.84,0,3,1,3,1,78,0,0,,0.0,27.333333333333332,78.4,4,4
3631,Female,20,BCA,Electrical,5.67,2,2,1,10,5,49,0,0,,0.0,21.333333333333332,46.7,3,3
3632,Male,20,BSc,Mechanical,6.1,3,1,4,2,4,49,1,0,,0.0,18.333333333333332,46.0,6,6
3633,Male,23,BSc,CS,7.71,2,2,5,8,10,97,3,1,Startup,10.25,38.333333333333336,67.1,10,10
3634,Female,21,BE,AI,9.74,1,1,5,9,8,47,0,0,,0.0,21.333333333333332,92.4,6,6
3635,Female,23,BSc,AI,9.27,2,0,0,3,9,56,2,0,,0.0,22.666666666666668,82.69999999999999,2,2
3636,Female,20,BSc,DS,6.96,2,2,4,8,8,91,1,1,Product,11.63,35.666666666666664,59.599999999999994,7,7
3637,Male,23,BTech,CS,7.83,2,1,3,6,7,77,4,1,Product,8.42,30.0,68.3,8,8
3638,Male,23,BE,Mechanical,7.88,3,3,1,9,3,91,2,1,Service,11.82,34.333333333333336,63.8,6,6
3639,Female,21,BSc,CS,8.45,0,0,2,10,8,90,5,1,Startup,3.08,36.0,84.5,7,7
3640,Male,22,BSc,CS,8.46,0,2,5,4,1,52,3,0,,0.0,19.0,84.60000000000001,10,10
3641,Female,23,BSc,DS,8.9,1,3,4,3,4,76,3,0,,0.0,27.666666666666668,84.0,10,10
3642,Male,23,BE,Mechanical,5.61,0,3,3,7,3,75,1,0,,0.0,28.333333333333332,56.1,7,7
3643,Male,20,BTech,Electrical,9.56,2,2,2,1,3,60,4,0,,0.0,21.333333333333332,85.60000000000001,8,8
3644,Female,20,BCA,AI,5.8,3,2,2,3,2,83,5,0,,0.0,29.333333333333332,43.0,9,9
3645,Female,20,BTech,IT,7.55,2,1,4,7,7,86,4,1,Service,3.55,33.333333333333336,65.5,9,9
3646,Female,24,BE,Electrical,9.45,2,1,4,7,10,41,5,0,,0.0,19.333333333333332,84.5,10,10
3647,Female,23,BE,Mechanical,7.6,1,0,4,9,3,69,1,1,Product,3.12,27.0,71.0,5,5
3648,Male,20,BE,AI,5.77,2,2,1,10,7,86,1,0,,0.0,34.333333333333336,47.699999999999996,4,4
3649,Male,21,BCA,Electrical,6.49,2,0,5,9,2,58,5,0,,0.0,23.0,54.900000000000006,10,10
3650,Male,24,BE,DS,7.99,1,1,5,7,3,79,1,1,Product,7.48,29.666666666666668,74.9,7,7
3651,Female,22,BTech,Mechanical,5.88,0,2,0,3,3,54,5,0,,0.0,20.0,58.8,7,7
3652,Male,23,BSc,Mechanical,7.32,0,3,5,3,7,63,4,0,,0.0,24.333333333333332,73.2,12,12
3653,Female,23,BSc,AI,6.92,0,0,4,5,10,81,3,1,Service,10.53,32.0,69.2,7,7
3654,Male,21,BE,AI,9.01,1,2,5,9,4,52,3,0,,0.0,21.666666666666668,85.1,10,10
3655,Female,22,BE,CS,5.97,1,3,1,1,10,63,2,0,,0.0,24.666666666666668,54.699999999999996,6,6
3656,Female,22,BCA,CS,8.44,3,1,0,1,7,90,5,0,,0.0,32.666666666666664,69.39999999999999,6,6
3657,Male,24,BSc,Mechanical,7.25,3,3,3,9,3,40,3,0,,0.0,17.333333333333332,57.5,9,9
3658,Female,23,BCA,IT,8.03,2,0,0,7,10,82,1,1,Product,12.06,33.0,70.3,1,1
3659,Female,20,BCA,DS,6.38,2,2,1,4,9,57,2,0,,0.0,23.333333333333332,53.8,5,5
3660,Male,21,BCA,AI,8.12,1,3,1,1,2,90,5,0,,0.0,31.0,76.19999999999999,9,9
3661,Female,21,BCA,CS,8.4,1,2,5,6,3,57,0,0,,0.0,22.0,79.0,7,7
3662,Female,21,BTech,DS,5.8,3,3,0,9,6,90,4,0,,0.0,35.0,43.0,7,7
3663,Female,21,BE,Electrical,9.04,2,2,0,6,6,78,2,1,Product,8.98,30.0,80.39999999999999,4,4
3664,Male,20,BE,Electrical,9.2,2,0,5,5,6,76,5,1,Startup,4.56,29.0,82.0,10,10
3665,Male,20,BCA,Mechanical,5.77,2,1,1,1,10,85,0,0,,0.0,32.0,47.699999999999996,2,2
3666,Female,24,BCA,AI,8.09,0,1,1,9,8,98,1,1,Product,4.12,38.333333333333336,80.9,3,3
3667,Male,23,BTech,Electrical,8.05,3,3,3,9,8,50,3,0,,0.0,22.333333333333332,65.5,9,9
3668,Female,20,BCA,AI,5.55,0,0,1,1,6,67,3,0,,0.0,24.666666666666668,55.5,4,4
3669,Female,24,BTech,CS,6.97,2,2,1,4,8,50,2,0,,0.0,20.666666666666668,59.7,5,5
3670,Female,22,BTech,Electrical,9.67,1,0,2,1,1,92,5,0,,0.0,31.333333333333332,91.7,7,7
3671,Female,23,BCA,IT,7.89,3,0,2,10,7,71,0,1,Service,13.54,29.333333333333332,63.89999999999999,2,2
3672,Female,20,BE,Electrical,9.51,0,3,2,4,3,73,3,0,,0.0,26.666666666666668,95.1,8,8
3673,Male,22,BTech,AI,8.41,2,1,4,7,3,96,5,1,Service,10.74,35.333333333333336,74.1,10,10
3674,Female,24,BE,IT,5.62,0,0,5,8,9,80,1,0,,0.0,32.333333333333336,56.2,6,6
3675,Male,20,BE,DS,5.83,1,3,4,3,1,40,0,0,,0.0,14.666666666666666,53.3,7,7
3676,Male,20,BTech,Electrical,8.61,3,2,1,3,9,54,0,0,,0.0,22.0,71.1,3,3
3677,Female,22,BSc,AI,7.88,1,1,2,10,5,63,3,1,Startup,6.42,26.0,73.8,6,6
3678,Female,20,BTech,Electrical,6.05,1,1,5,5,9,79,2,0,,0.0,31.0,55.5,8,8
3679,Male,21,BSc,Electrical,8.14,3,2,3,6,1,96,2,1,Startup,9.19,34.333333333333336,66.4,7,7
3680,Male,20,BTech,AI,8.98,2,0,3,3,6,41,2,0,,0.0,16.666666666666668,79.80000000000001,5,5
3681,Male,23,BTech,IT,8.74,2,1,3,6,1,45,3,0,,0.0,17.333333333333332,77.4,7,7
3682,Female,22,BE,CS,6.56,0,0,1,10,1,41,4,0,,0.0,17.333333333333332,65.6,5,5
3683,Male,23,BE,Electrical,6.61,2,3,5,7,5,56,1,0,,0.0,22.666666666666668,56.10000000000001,9,9
3684,Female,24,BCA,Mechanical,9.66,2,2,2,6,5,46,1,0,,0.0,19.0,86.6,5,5
3685,Female,23,BE,DS,9.32,2,1,1,6,1,42,2,0,,0.0,16.333333333333332,83.2,4,4
3686,Female,21,BE,AI,6.87,0,2,1,2,2,63,2,0,,0.0,22.333333333333332,68.7,5,5
3687,Male,21,BE,Electrical,9.04,3,1,3,4,3,90,1,0,,0.0,32.333333333333336,75.39999999999999,5,5
3688,Female,23,BE,CS,6.2,2,2,2,1,3,51,3,0,,0.0,18.333333333333332,52.0,7,7
3689,Female,24,BCA,AI,6.35,1,3,4,10,7,57,0,0,,0.0,24.666666666666668,58.5,7,7
3690,Female,20,BE,Electrical,6.28,2,3,0,5,2,95,1,0,,0.0,34.0,52.800000000000004,4,4
3691,Female,21,BSc,DS,5.88,2,0,1,10,3,47,1,0,,0.0,20.0,48.8,2,2
3692,Female,23,BSc,Mechanical,9.18,3,3,2,3,1,83,0,0,,0.0,29.0,76.8,5,5
3693,Male,23,BCA,AI,7.99,1,2,0,3,1,65,0,0,,0.0,23.0,74.9,2,2
3694,Female,23,BE,Electrical,6.61,0,2,0,4,1,40,4,0,,0.0,15.0,66.10000000000001,6,6
3695,Female,20,BSc,IT,9.15,2,3,4,9,1,40,5,0,,0.0,16.666666666666668,81.5,12,12
3696,Male,22,BTech,CS,8.95,2,2,4,6,4,99,1,1,Startup,8.25,36.333333333333336,79.5,7,7
3697,Female,24,BSc,Mechanical,5.93,2,2,1,10,1,81,0,0,,0.0,30.666666666666668,49.3,3,3
3698,Male,22,BE,AI,8.27,2,2,1,8,4,42,5,0,,0.0,18.0,72.69999999999999,8,8
3699,Female,24,BSc,Electrical,8.6,1,0,2,5,6,81,1,1,Startup,6.2,30.666666666666668,81.0,3,3
3700,Male,24,BTech,Mechanical,8.58,3,0,4,6,3,43,0,0,,0.0,17.333333333333332,70.8,4,4
3701,Male,23,BSc,IT,8.61,3,1,5,3,3,63,2,0,,0.0,23.0,71.1,8,8
3702,Female,21,BE,AI,6.23,2,2,4,7,5,51,5,0,,0.0,21.0,52.300000000000004,11,11
3703,Female,23,BTech,Mechanical,6.85,0,0,5,9,10,53,2,0,,0.0,24.0,68.5,7,7
3704,Female,20,BCA,AI,9.13,1,3,2,9,2,79,5,1,Service,4.44,30.0,86.30000000000001,10,10
3705,Male,24,BTech,AI,9.36,1,2,5,7,4,63,2,1,Product,14.28,24.666666666666668,88.6,9,9
3706,Male,21,BSc,Mechanical,6.7,0,2,4,3,1,69,1,0,,0.0,24.333333333333332,67.0,7,7
3707,Male,24,BCA,AI,5.6,2,1,3,5,10,78,1,0,,0.0,31.0,46.0,5,5
3708,Female,24,BTech,IT,9.2,2,3,0,10,9,72,1,1,Startup,12.47,30.333333333333332,82.0,4,4
3709,Male,23,BTech,Mechanical,7.12,2,3,3,9,3,88,3,1,Service,6.2,33.333333333333336,61.2,9,9
3710,Male,21,BTech,Electrical,6.92,0,2,0,9,8,60,5,1,Product,10.16,25.666666666666668,69.2,7,7
3711,Female,21,BE,Mechanical,6.99,1,0,5,3,4,54,2,0,,0.0,20.333333333333332,64.9,7,7
3712,Male,24,BCA,IT,7.29,3,1,2,5,6,99,0,1,Product,12.18,36.666666666666664,57.900000000000006,3,3
3713,Male,21,BCA,IT,7.13,2,1,2,1,10,86,5,0,,0.0,32.333333333333336,61.3,8,8
3714,Female,21,BTech,IT,7.94,0,1,0,7,4,71,5,1,Startup,9.55,27.333333333333332,79.4,6,6
3715,Male,23,BCA,Electrical,5.84,0,2,0,2,4,76,4,0,,0.0,27.333333333333332,58.4,6,6
3716,Female,22,BSc,Electrical,9.68,2,1,0,10,6,92,3,1,Service,5.42,36.0,86.8,4,4
3717,Female,20,BSc,AI,9.53,0,0,0,10,8,70,5,1,Product,4.21,29.333333333333332,95.3,5,5
3718,Female,22,BTech,AI,9.52,2,3,1,6,9,40,1,0,,0.0,18.333333333333332,85.19999999999999,5,5
3719,Female,21,BSc,DS,9.28,2,0,4,10,2,90,5,1,Startup,14.56,34.0,82.8,9,9
3720,Female,24,BTech,AI,8.34,2,1,4,6,6,72,2,1,Service,13.14,28.0,73.4,7,7
3721,Male,20,BSc,IT,6.45,1,3,2,7,1,73,3,0,,0.0,27.0,59.5,8,8
3722,Male,20,BTech,DS,5.71,0,1,1,3,7,82,2,0,,0.0,30.666666666666668,57.1,4,4
3723,Female,24,BTech,IT,5.93,3,1,0,8,10,83,0,0,,0.0,33.666666666666664,44.3,1,1
3724,Female,20,BCA,CS,6.89,1,2,1,5,3,50,4,0,,0.0,19.333333333333332,63.89999999999999,7,7
3725,Male,24,BCA,Electrical,7.67,2,3,0,10,9,79,3,1,Service,13.01,32.666666666666664,66.7,6,6
3726,Female,20,BTech,Mechanical,9.77,0,1,5,4,6,91,4,0,,0.0,33.666666666666664,97.69999999999999,10,10
3727,Female,22,BCA,CS,7.37,3,1,4,9,9,75,3,1,Service,9.45,31.0,58.7,8,8
3728,Female,20,BCA,Electrical,7.76,2,2,0,9,6,92,2,1,Service,9.97,35.666666666666664,67.6,4,4
3729,Male,23,BE,Electrical,8.49,0,3,5,2,4,73,1,0,,0.0,26.333333333333332,84.9,9,9
3730,Male,24,BSc,IT,6.28,2,1,4,1,6,48,2,0,,0.0,18.333333333333332,52.800000000000004,7,7
3731,Female,20,BCA,AI,9.51,3,1,0,3,1,70,1,0,,0.0,24.666666666666668,80.1,2,2
3732,Female,24,BTech,Mechanical,7.77,0,0,5,10,10,68,1,1,Startup,8.92,29.333333333333332,77.69999999999999,6,6
3733,Male,23,BE,AI,6.69,3,0,2,8,8,52,1,0,,0.0,22.666666666666668,51.900000000000006,3,3
3734,Male,20,BE,AI,9.52,2,0,4,4,10,49,2,0,,0.0,21.0,85.19999999999999,6,6
3735,Female,20,BCA,Mechanical,8.19,2,2,5,5,8,48,2,0,,0.0,20.333333333333332,71.89999999999999,9,9
3736,Female,23,BTech,Mechanical,7.58,3,0,2,5,3,84,4,1,Product,4.61,30.666666666666668,60.8,6,6
3737,Male,23,BTech,CS,7.99,1,0,1,2,5,42,3,0,,0.0,16.333333333333332,74.9,4,4
3738,Male,23,BTech,IT,8.72,1,1,0,1,5,88,1,0,,0.0,31.333333333333332,82.2,2,2
3739,Male,24,BTech,AI,6.16,0,2,1,8,3,57,0,0,,0.0,22.666666666666668,61.6,3,3
3740,Female,23,BTech,IT,9.22,0,3,0,10,6,98,0,1,Startup,6.75,38.0,92.2,3,3
3741,Male,24,BSc,IT,9.63,1,1,4,5,9,66,1,1,Product,6.57,26.666666666666668,91.30000000000001,6,6
3742,Female,22,BTech,DS,7.94,3,1,0,2,3,71,3,0,,0.0,25.333333333333332,64.4,4,4
3743,Male,20,BTech,CS,8.43,2,2,5,7,9,47,2,0,,0.0,21.0,74.3,9,9
3744,Male,20,BSc,AI,9.2,2,2,3,2,8,95,4,0,,0.0,35.0,82.0,9,9
3745,Male,21,BCA,Electrical,7.11,0,1,3,6,5,52,0,0,,0.0,21.0,71.10000000000001,4,4
3746,Male,22,BE,Mechanical,9.77,0,1,3,9,9,57,3,0,,0.0,25.0,97.69999999999999,7,7
3747,Female,23,BSc,Mechanical,8.43,2,1,2,4,7,65,2,0,,0.0,25.333333333333332,74.3,5,5
3748,Female,23,BE,IT,7.32,1,2,3,5,3,55,5,0,,0.0,21.0,68.2,10,10
3749,Male,22,BE,CS,8.41,0,1,0,1,10,60,5,0,,0.0,23.666666666666668,84.1,6,6
3750,Female,23,BSc,CS,7.74,2,1,1,1,2,85,1,0,,0.0,29.333333333333332,67.4,3,3
3751,Male,21,BTech,AI,5.98,0,3,2,9,5,64,2,0,,0.0,26.0,59.800000000000004,7,7
3752,Male,24,BE,AI,8.92,1,0,4,5,3,99,2,1,Startup,13.87,35.666666666666664,84.2,6,6
3753,Male,20,BTech,IT,7.93,3,0,2,3,10,84,5,0,,0.0,32.333333333333336,64.3,7,7
3754,Male,22,BCA,IT,8.92,0,0,5,2,9,98,5,0,,0.0,36.333333333333336,89.2,10,10
3755,Female,20,BSc,IT,6.17,2,0,5,10,10,43,2,0,,0.0,21.0,51.7,7,7
3756,Male,24,BE,DS,7.81,1,0,1,7,7,72,5,1,Service,3.39,28.666666666666668,73.1,6,6
3757,Male,22,BTech,CS,8.8,2,1,3,4,10,69,4,0,,0.0,27.666666666666668,78.0,8,8
3758,Female,24,BE,IT,9.75,1,1,1,3,10,70,0,0,,0.0,27.666666666666668,92.5,2,2
3759,Male,23,BCA,CS,9.3,3,3,2,2,8,72,0,0,,0.0,27.333333333333332,78.0,5,5
3760,Male,23,BCA,Electrical,9.22,3,2,2,10,6,45,4,0,,0.0,20.333333333333332,77.2,8,8
3761,Male,23,BE,Mechanical,6.56,2,3,2,10,9,54,3,0,,0.0,24.333333333333332,55.599999999999994,8,8
3762,Female,24,BSc,Mechanical,9.1,3,2,1,4,6,54,2,0,,0.0,21.333333333333332,76.0,5,5
3763,Male,24,BCA,CS,6.23,0,2,0,9,3,78,1,0,,0.0,30.0,62.300000000000004,3,3
3764,Female,24,BTech,Electrical,6.35,1,3,0,10,2,70,5,0,,0.0,27.333333333333332,58.5,8,8
3765,Male,20,BCA,Mechanical,5.97,1,1,5,7,1,48,4,0,,0.0,18.666666666666668,54.699999999999996,10,10
3766,Male,24,BTech,Mechanical,9.19,1,3,3,1,9,99,2,0,,0.0,36.333333333333336,86.89999999999999,8,8
3767,Female,23,BE,Mechanical,5.97,3,0,5,3,6,71,2,0,,0.0,26.666666666666668,44.699999999999996,7,7
3768,Male,21,BTech,AI,6.09,3,3,4,5,4,84,0,0,,0.0,31.0,45.9,7,7
3769,Male,24,BE,Electrical,6.56,0,1,1,7,5,77,4,1,Startup,6.98,29.666666666666668,65.6,6,6
3770,Female,21,BCA,AI,7.96,3,1,0,5,8,81,5,1,Product,13.89,31.333333333333332,64.6,6,6
3771,Female,23,BSc,CS,9.28,1,2,3,9,1,60,1,1,Service,14.65,23.333333333333332,87.8,6,6
3772,Female,24,BCA,CS,7.3,0,2,4,7,8,92,5,1,Product,4.81,35.666666666666664,73.0,11,11
3773,Female,20,BCA,DS,7.85,0,3,3,1,7,51,4,0,,0.0,19.666666666666668,78.5,10,10
3774,Female,20,BCA,AI,6.22,1,2,3,6,9,74,1,0,,0.0,29.666666666666668,57.199999999999996,6,6
3775,Male,21,BCA,CS,6.64,2,3,5,2,4,54,5,0,,0.0,20.0,56.39999999999999,13,13
3776,Female,20,BSc,AI,6.08,3,2,5,6,5,91,2,0,,0.0,34.0,45.8,9,9
3777,Male,20,BCA,DS,7.26,3,1,4,3,8,82,5,0,,0.0,31.0,57.599999999999994,10,10
3778,Male,20,BTech,CS,8.04,1,2,2,2,3,67,1,0,,0.0,24.0,75.39999999999999,5,5
3779,Male,23,BSc,CS,6.72,2,0,0,3,10,71,2,0,,0.0,28.0,57.2,2,2
3780,Female,20,BSc,CS,9.14,3,1,0,10,1,90,5,1,Startup,3.7,33.666666666666664,76.4,6,6
3781,Female,22,BTech,CS,9.72,2,0,4,4,1,65,5,0,,0.0,23.333333333333332,87.2,9,9
3782,Male,24,BE,IT,6.02,1,1,0,1,10,49,5,0,,0.0,20.0,55.199999999999996,6,6
3783,Female,20,BCA,Electrical,5.58,1,3,1,4,6,80,5,0,,0.0,30.0,50.8,9,9
3784,Female,20,BSc,Electrical,8.9,2,1,1,6,2,62,5,1,Startup,9.89,23.333333333333332,79.0,7,7
3785,Female,20,BCA,AI,6.32,1,2,1,5,9,40,1,0,,0.0,18.0,58.2,4,4
3786,Female,22,BCA,AI,7.02,1,0,4,5,5,55,0,0,,0.0,21.666666666666668,65.19999999999999,4,4
3787,Male,20,BTech,AI,7.2,0,1,5,9,9,98,4,1,Product,8.92,38.666666666666664,72.0,10,10
3788,Male,20,BTech,DS,9.44,2,3,3,9,8,60,0,1,Startup,3.27,25.666666666666668,84.39999999999999,6,6
3789,Female,24,BTech,IT,8.33,3,0,3,9,8,86,3,1,Product,14.87,34.333333333333336,68.3,6,6
3790,Male,22,BCA,AI,5.67,3,1,2,7,5,56,4,0,,0.0,22.666666666666668,41.7,7,7
3791,Female,22,BSc,AI,5.56,0,3,2,10,2,59,4,0,,0.0,23.666666666666668,55.599999999999994,9,9
3792,Female,20,BSc,CS,6.36,1,1,1,9,6,65,1,0,,0.0,26.666666666666668,58.6,3,3
3793,Male,22,BE,CS,6.87,1,1,1,8,5,56,2,0,,0.0,23.0,63.7,4,4
3794,Male,21,BCA,CS,7.58,0,0,4,8,3,64,1,1,Service,8.04,25.0,75.8,5,5
3795,Male,22,BE,AI,9.1,0,1,1,5,10,64,4,1,Startup,6.89,26.333333333333332,91.0,6,6
3796,Female,22,BE,CS,6.85,1,0,1,9,9,43,0,0,,0.0,20.333333333333332,63.5,1,1
3797,Male,22,BE,AI,7.12,2,0,1,8,7,67,2,1,Startup,12.25,27.333333333333332,61.2,3,3
3798,Female,23,BE,DS,6.92,0,2,0,7,9,40,1,0,,0.0,18.666666666666668,69.2,3,3
3799,Male,23,BE,DS,5.54,2,0,3,8,10,53,0,0,,0.0,23.666666666666668,45.4,3,3
3800,Male,23,BCA,Mechanical,9.61,3,1,0,9,4,61,1,1,Product,11.04,24.666666666666668,81.1,2,2
3801,Female,22,BTech,IT,6.1,1,1,5,7,3,53,5,0,,0.0,21.0,56.0,11,11
3802,Female,21,BE,CS,6.74,2,1,1,9,2,54,4,0,,0.0,21.666666666666668,57.400000000000006,6,6
3803,Female,22,BSc,Electrical,6.06,2,1,1,8,5,44,1,0,,0.0,19.0,50.599999999999994,3,3
3804,Female,20,BCA,CS,7.61,1,0,0,2,1,54,0,0,,0.0,19.0,71.10000000000001,0,0
3805,Female,21,BE,IT,9.51,1,2,0,3,6,91,5,0,,0.0,33.333333333333336,90.1,7,7
3806,Female,23,BSc,IT,5.93,3,0,4,6,2,83,0,0,,0.0,30.333333333333332,44.3,4,4
3807,Female,24,BE,Mechanical,7.4,1,1,4,6,9,86,5,1,Startup,12.71,33.666666666666664,69.0,10,10
3808,Female,21,BTech,IT,5.6,2,0,1,7,5,73,0,0,,0.0,28.333333333333332,46.0,1,1
3809,Male,23,BCA,AI,8.81,0,2,0,2,2,68,1,0,,0.0,24.0,88.10000000000001,3,3
3810,Female,21,BTech,CS,8.26,1,3,5,1,4,61,5,0,,0.0,22.0,77.6,13,13
3811,Female,21,BSc,IT,8.51,1,2,4,5,6,55,4,0,,0.0,22.0,80.1,10,10
3812,Male,22,BE,AI,7.53,0,2,2,2,4,46,3,0,,0.0,17.333333333333332,75.3,7,7
3813,Female,20,BTech,IT,9.4,1,3,0,9,5,40,3,0,,0.0,18.0,89.0,6,6
3814,Male,24,BTech,Electrical,7.26,1,2,3,3,4,90,3,0,,0.0,32.333333333333336,67.6,8,8
3815,Male,23,BE,AI,7.71,0,2,2,2,4,46,2,0,,0.0,17.333333333333332,77.1,6,6
3816,Female,21,BCA,DS,8.49,2,0,2,7,3,81,4,1,Service,14.66,30.333333333333332,74.9,6,6
3817,Male,24,BSc,AI,7.74,3,2,5,6,9,61,4,1,Service,9.23,25.333333333333332,62.400000000000006,11,11
3818,Female,21,BCA,Mechanical,6.31,3,2,0,8,3,89,2,0,,0.0,33.333333333333336,48.099999999999994,4,4
3819,Male,20,BSc,AI,6.86,3,1,5,9,4,47,3,0,,0.0,20.0,53.60000000000001,9,9
3820,Male,24,BSc,IT,5.9,2,2,1,3,8,77,5,0,,0.0,29.333333333333332,49.0,8,8
3821,Male,23,BTech,DS,7.36,3,0,3,8,5,40,3,0,,0.0,17.666666666666668,58.60000000000001,6,6
3822,Female,21,BE,DS,8.12,2,3,4,4,7,62,5,0,,0.0,24.333333333333332,71.19999999999999,12,12
3823,Female,20,BCA,AI,6.01,1,1,5,2,6,71,5,0,,0.0,26.333333333333332,55.099999999999994,11,11
3824,Male,24,BTech,IT,8.21,3,0,4,4,1,64,2,0,,0.0,23.0,67.10000000000001,6,6
3825,Male,21,BTech,DS,9.34,0,1,1,4,2,99,0,0,,0.0,35.0,93.4,2,2
3826,Female,21,BTech,Electrical,6.95,2,2,3,8,10,84,5,1,Service,12.98,34.0,59.5,10,10
3827,Female,23,BCA,AI,6.45,3,0,5,10,5,47,4,0,,0.0,20.666666666666668,49.5,9,9
3828,Male,20,BTech,AI,9.34,0,1,3,8,10,94,3,1,Service,14.02,37.333333333333336,93.4,7,7
3829,Male,22,BE,AI,8.48,3,0,2,7,3,95,3,1,Product,7.66,35.0,69.80000000000001,5,5
3830,Female,21,BTech,DS,5.95,2,1,2,4,8,63,2,0,,0.0,25.0,49.5,5,5
3831,Female,24,BTech,CS,7.25,2,2,3,2,8,75,1,0,,0.0,28.333333333333332,62.5,6,6
3832,Female,23,BSc,IT,8.4,1,3,5,1,2,44,5,0,,0.0,15.666666666666666,79.0,13,13
3833,Female,23,BTech,Mechanical,7.97,2,3,5,2,6,86,4,0,,0.0,31.333333333333332,69.7,12,12
3834,Female,21,BCA,Mechanical,8.16,3,0,5,2,7,76,5,0,,0.0,28.333333333333332,66.6,10,10
3835,Male,21,BCA,IT,7.94,2,3,0,3,7,63,4,0,,0.0,24.333333333333332,69.4,7,7
3836,Female,21,BE,CS,8.93,0,0,5,10,3,82,4,1,Product,14.11,31.666666666666668,89.3,9,9
3837,Male,22,BCA,IT,6.88,1,0,0,5,9,81,0,1,Product,5.9,31.666666666666668,63.8,0,0
3838,Female,21,BCA,AI,8.55,1,2,0,1,7,98,5,0,,0.0,35.333333333333336,80.5,7,7
3839,Male,20,BTech,Electrical,9.76,2,2,3,5,1,80,1,1,Product,3.62,28.666666666666668,87.6,6,6
3840,Female,24,BE,IT,7.18,3,1,4,7,9,98,4,1,Service,8.45,38.0,56.8,9,9
3841,Female,21,BCA,IT,8.9,1,0,0,1,6,47,0,0,,0.0,18.0,84.0,0,0
3842,Male,22,BE,Electrical,6.56,3,1,4,4,6,98,0,0,,0.0,36.0,50.599999999999994,5,5
3843,Male,24,BE,DS,6.71,3,1,0,2,7,41,5,0,,0.0,16.666666666666668,52.099999999999994,6,6
3844,Female,23,BSc,Mechanical,9.52,0,2,3,8,2,71,0,1,Product,11.69,27.0,95.19999999999999,5,5
3845,Female,21,BSc,Mechanical,5.61,1,0,0,2,2,62,4,0,,0.0,22.0,51.1,4,4
3846,Female,24,BTech,AI,6.43,2,2,5,1,4,71,4,0,,0.0,25.333333333333332,54.3,11,11
3847,Female,23,BCA,Electrical,7.58,3,0,4,2,2,87,2,0,,0.0,30.333333333333332,60.8,6,6
3848,Female,22,BTech,AI,7.23,1,3,1,10,7,42,5,0,,0.0,19.666666666666668,67.30000000000001,9,9
3849,Male,20,BTech,DS,8.21,1,3,5,4,10,89,2,0,,0.0,34.333333333333336,77.10000000000001,10,10
3850,Male,21,BE,AI,6.33,3,1,4,5,9,57,1,0,,0.0,23.666666666666668,48.3,6,6
3851,Female,20,BE,Electrical,5.8,2,2,1,2,2,81,2,0,,0.0,28.333333333333332,48.0,5,5
3852,Male,22,BE,Electrical,7.09,1,2,5,4,1,89,5,0,,0.0,31.333333333333332,65.9,12,12
3853,Male,24,BTech,CS,7.75,1,0,4,7,1,74,5,1,Product,13.4,27.333333333333332,72.5,9,9
3854,Male,24,BCA,DS,7.92,2,1,5,5,2,67,4,1,Product,3.72,24.666666666666668,69.2,10,10
3855,Female,22,BTech,Electrical,8.09,3,2,5,8,3,59,2,0,,0.0,23.333333333333332,65.9,9,9
3856,Male,22,BTech,Electrical,7.86,3,1,0,10,1,61,1,1,Startup,8.36,24.0,63.60000000000001,2,2
3857,Female,21,BTech,DS,6.56,3,2,0,9,8,40,4,0,,0.0,19.0,50.599999999999994,6,6
3858,Male,23,BSc,IT,8.79,3,3,4,1,6,81,3,0,,0.0,29.333333333333332,72.89999999999999,10,10
3859,Female,20,BSc,IT,5.88,2,2,0,1,3,47,3,0,,0.0,17.0,48.8,5,5
3860,Male,20,BCA,CS,6.35,0,2,0,3,9,47,3,0,,0.0,19.666666666666668,63.5,5,5
3861,Female,24,BSc,Electrical,8.68,2,3,3,8,4,59,1,0,,0.0,23.666666666666668,76.8,7,7
3862,Female,24,BTech,DS,6.7,2,1,2,1,9,56,1,0,,0.0,22.0,57.0,4,4
3863,Male,21,BSc,DS,7.62,3,1,2,10,5,54,4,0,,0.0,23.0,61.2,7,7
3864,Female,22,BSc,IT,6.91,1,1,5,2,9,82,3,0,,0.0,31.0,64.1,9,9
3865,Female,20,BTech,Mechanical,7.68,2,3,4,1,8,87,5,0,,0.0,32.0,66.8,12,12
3866,Female,21,BCA,Mechanical,6.99,3,3,2,1,2,61,0,0,,0.0,21.333333333333332,54.900000000000006,5,5
3867,Female,24,BSc,Electrical,9.78,1,3,1,9,5,94,2,1,Service,14.56,36.0,92.8,6,6
3868,Female,24,BTech,IT,7.04,2,1,4,10,1,55,5,0,,0.0,22.0,60.400000000000006,10,10
3869,Female,20,BTech,Electrical,8.2,0,1,4,1,1,72,3,0,,0.0,24.666666666666668,82.0,8,8
3870,Female,24,BTech,AI,9.32,0,1,1,4,3,63,3,0,,0.0,23.333333333333332,93.2,5,5
3871,Female,24,BE,DS,8.24,3,1,2,7,1,59,3,0,,0.0,22.333333333333332,67.4,6,6
3872,Male,23,BTech,Electrical,7.93,1,0,1,5,6,69,3,1,Startup,8.82,26.666666666666668,74.3,4,4
3873,Male,22,BSc,CS,7.95,1,3,0,10,6,72,5,1,Product,8.3,29.333333333333332,74.5,8,8
3874,Female,24,BSc,Mechanical,7.63,3,3,4,5,5,64,4,1,Product,6.03,24.666666666666668,61.3,11,11
3875,Female,23,BTech,Electrical,8.97,3,3,3,7,9,85,2,1,Service,7.24,33.666666666666664,74.7,8,8
3876,Male,21,BE,AI,5.72,1,1,1,6,4,85,3,0,,0.0,31.666666666666668,52.199999999999996,5,5
3877,Male,24,BE,DS,9.31,0,1,4,6,3,95,4,1,Startup,13.31,34.666666666666664,93.10000000000001,9,9
3878,Male,21,BE,AI,8.02,0,0,5,8,3,96,5,1,Product,6.69,35.666666666666664,80.19999999999999,10,10
3879,Female,24,BSc,Electrical,9.15,2,0,5,10,1,75,3,1,Service,14.1,28.666666666666668,81.5,8,8
3880,Male,20,BE,DS,5.54,2,1,4,9,4,47,5,0,,0.0,20.0,45.4,10,10
3881,Female,23,BCA,DS,9.24,1,1,1,2,7,69,0,0,,0.0,26.0,87.4,2,2
3882,Female,23,BCA,IT,6.02,0,1,3,10,8,55,5,0,,0.0,24.333333333333332,60.199999999999996,9,9
3883,Male,20,BE,IT,8.6,2,3,4,4,6,79,4,0,,0.0,29.666666666666668,76.0,11,11
3884,Female,22,BCA,CS,7.29,0,0,0,10,7,97,0,1,Product,4.49,38.0,72.9,0,0
3885,Female,23,BTech,CS,8.43,0,3,0,9,5,54,3,0,,0.0,22.666666666666668,84.3,6,6
3886,Female,21,BE,AI,8.2,1,2,0,10,8,66,2,1,Product,12.33,28.0,77.0,4,4
3887,Female,23,BE,IT,6.2,0,2,3,1,10,89,4,0,,0.0,33.333333333333336,62.0,9,9
3888,Male,22,BE,DS,7.71,1,2,2,10,3,84,0,1,Service,4.18,32.333333333333336,72.1,4,4
3889,Male,21,BTech,IT,6.69,2,2,0,8,8,49,5,0,,0.0,21.666666666666668,56.900000000000006,7,7
3890,Female,21,BTech,DS,7.91,3,3,1,1,10,63,0,0,,0.0,24.666666666666668,64.1,4,4
3891,Female,20,BE,IT,8.67,0,2,2,4,7,70,2,0,,0.0,27.0,86.7,6,6
3892,Male,24,BSc,DS,5.85,3,1,1,9,9,77,4,0,,0.0,31.666666666666668,43.5,6,6
3893,Female,20,BSc,AI,7.72,3,2,3,4,6,58,1,0,,0.0,22.666666666666668,62.2,6,6
3894,Male,24,BCA,IT,8.16,1,1,0,5,10,95,0,1,Product,10.41,36.666666666666664,76.6,1,1
3895,Female,20,BTech,Mechanical,6.77,0,3,4,9,10,40,4,0,,0.0,19.666666666666668,67.69999999999999,11,11
3896,Female,24,BCA,Mechanical,9.6,0,0,0,8,2,41,1,0,,0.0,17.0,96.0,1,1
3897,Male,23,BCA,DS,7.74,2,0,3,1,5,78,4,0,,0.0,28.0,67.4,7,7
3898,Male,21,BE,AI,6.28,3,2,0,3,9,51,3,0,,0.0,21.0,47.800000000000004,5,5
3899,Male,24,BSc,DS,5.96,3,0,0,4,7,69,0,0,,0.0,26.666666666666668,44.6,0,0
3900,Male,23,BCA,AI,7.83,1,1,0,3,3,79,1,0,,0.0,28.333333333333332,73.3,2,2
3901,Female,22,BE,CS,7.11,0,2,3,9,2,52,2,0,,0.0,21.0,71.10000000000001,7,7
3902,Male,20,BTech,IT,6.33,0,2,0,6,8,64,2,0,,0.0,26.0,63.3,4,4
3903,Female,22,BCA,AI,5.63,3,1,5,3,8,72,3,0,,0.0,27.666666666666668,41.3,9,9
3904,Male,23,BSc,DS,7.94,2,1,4,8,1,64,3,1,Startup,3.56,24.333333333333332,69.4,8,8
3905,Male,22,BTech,CS,8.07,3,3,4,9,2,57,5,0,,0.0,22.666666666666668,65.7,12,12
3906,Female,22,BE,DS,6.11,0,1,2,10,5,47,1,0,,0.0,20.666666666666668,61.1,4,4
3907,Male,23,BTech,Mechanical,8.09,1,3,2,4,5,71,0,0,,0.0,26.666666666666668,75.9,5,5
3908,Male,21,BCA,Mechanical,9.59,1,2,2,5,7,51,0,0,,0.0,21.0,90.9,4,4
3909,Male,24,BTech,IT,9.71,1,0,2,3,5,94,5,0,,0.0,34.0,92.10000000000001,7,7
3910,Male,20,BTech,Electrical,9.32,0,0,4,5,9,93,2,1,Service,5.77,35.666666666666664,93.2,6,6
3911,Female,24,BTech,IT,8.97,0,3,2,2,1,93,3,0,,0.0,32.0,89.7,8,8
3912,Female,20,BSc,CS,6.4,1,0,1,2,5,58,5,0,,0.0,21.666666666666668,59.0,6,6
3913,Male,24,BCA,Mechanical,6.17,0,0,5,5,3,60,2,0,,0.0,22.666666666666668,61.7,7,7
3914,Male,22,BE,AI,7.41,2,2,3,7,10,83,1,1,Product,12.26,33.333333333333336,64.1,6,6
3915,Male,21,BSc,Mechanical,8.16,1,3,5,1,6,41,2,0,,0.0,16.0,76.6,10,10
3916,Female,22,BCA,Electrical,9.16,2,1,3,3,1,92,2,0,,0.0,32.0,81.6,6,6
3917,Female,21,BE,IT,6.5,2,0,4,1,2,86,3,0,,0.0,29.666666666666668,55.0,7,7
3918,Female,23,BE,DS,7.56,0,2,3,8,9,99,3,1,Startup,12.02,38.666666666666664,75.6,8,8
3919,Female,20,BE,CS,8.28,0,2,3,2,9,50,0,0,,0.0,20.333333333333332,82.8,5,5
3920,Male,20,BCA,Electrical,7.42,1,0,0,6,2,90,0,1,Product,13.14,32.666666666666664,69.2,0,0
3921,Male,23,BE,Mechanical,7.45,0,1,2,6,4,64,5,1,Product,4.64,24.666666666666668,74.5,8,8
3922,Male,24,BE,AI,6.47,2,1,2,9,10,40,0,0,,0.0,19.666666666666668,54.7,3,3
3923,Female,23,BSc,Electrical,9.74,0,3,0,6,3,74,2,1,Product,7.0,27.666666666666668,97.4,5,5
3924,Male,23,BE,AI,7.54,1,3,4,10,8,72,2,1,Startup,10.26,30.0,70.4,9,9
3925,Female,21,BTech,AI,7.79,3,3,1,6,1,80,4,1,Product,3.57,29.0,62.900000000000006,8,8
3926,Female,23,BSc,CS,6.44,3,2,4,1,9,66,1,0,,0.0,25.333333333333332,49.400000000000006,7,7
3927,Male,20,BSc,AI,7.71,0,1,1,7,4,60,4,1,Startup,11.57,23.666666666666668,77.1,6,6
3928,Male,22,BCA,AI,6.6,3,3,1,6,8,53,1,0,,0.0,22.333333333333332,51.0,5,5
3929,Male,21,BE,Mechanical,6.37,2,2,0,8,8,94,5,0,,0.0,36.666666666666664,53.7,7,7
3930,Female,21,BTech,CS,6.69,3,1,4,1,6,87,3,0,,0.0,31.333333333333332,51.900000000000006,8,8
3931,Female,24,BTech,DS,5.51,3,0,2,8,10,42,5,0,,0.0,20.0,40.099999999999994,7,7
3932,Male,22,BE,DS,7.95,2,3,5,8,9,80,2,1,Product,10.68,32.333333333333336,69.5,10,10
3933,Male,21,BE,AI,7.17,1,3,4,1,8,68,4,0,,0.0,25.666666666666668,66.7,11,11
3934,Female,23,BCA,Electrical,9.36,3,1,4,7,3,56,5,0,,0.0,22.0,78.6,10,10
3935,Male,21,BTech,IT,5.68,3,0,5,7,6,97,2,0,,0.0,36.666666666666664,41.8,7,7
3936,Female,21,BSc,CS,5.69,3,0,1,7,2,88,4,0,,0.0,32.333333333333336,41.900000000000006,5,5
3937,Female,21,BCA,IT,9.31,1,2,1,3,1,43,0,0,,0.0,15.666666666666666,88.10000000000001,3,3
3938,Male,24,BCA,CS,6.04,0,3,2,3,5,83,1,0,,0.0,30.333333333333332,60.4,6,6
3939,Male,21,BSc,CS,5.51,0,0,5,8,7,85,0,0,,0.0,33.333333333333336,55.099999999999994,5,5
3940,Male,21,BCA,Mechanical,6.27,1,2,5,8,6,61,5,0,,0.0,25.0,57.699999999999996,12,12
3941,Male,24,BE,AI,9.04,2,3,2,8,4,53,2,0,,0.0,21.666666666666668,80.39999999999999,7,7
3942,Female,22,BSc,Mechanical,8.95,0,3,5,3,4,53,3,0,,0.0,20.0,89.5,11,11
3943,Female,20,BSc,Electrical,6.96,1,3,1,4,9,87,3,0,,0.0,33.333333333333336,64.6,7,7
3944,Female,24,BTech,IT,8.37,1,3,4,2,3,96,0,0,,0.0,33.666666666666664,78.69999999999999,7,7
3945,Male,24,BSc,IT,7.68,2,0,1,3,2,48,4,0,,0.0,17.666666666666668,66.8,5,5
3946,Female,21,BCA,DS,9.39,1,0,3,5,6,41,0,0,,0.0,17.333333333333332,88.9,3,3
3947,Male,21,BTech,Electrical,5.74,0,0,3,3,1,76,3,0,,0.0,26.666666666666668,57.400000000000006,6,6
3948,Male,20,BCA,Electrical,9.0,0,1,1,4,2,44,0,0,,0.0,16.666666666666668,90.0,2,2
3949,Male,21,BE,Mechanical,6.23,1,1,2,7,4,57,1,0,,0.0,22.666666666666668,57.300000000000004,4,4
3950,Male,23,BE,Mechanical,7.18,1,3,1,3,9,82,0,0,,0.0,31.333333333333332,66.8,4,4
3951,Male,21,BTech,Electrical,6.33,2,0,4,1,4,71,4,0,,0.0,25.333333333333332,53.3,8,8
3952,Male,21,BTech,Mechanical,8.52,2,2,3,1,10,80,2,0,,0.0,30.333333333333332,75.19999999999999,7,7
3953,Female,23,BCA,DS,8.42,3,0,0,4,3,48,0,0,,0.0,18.333333333333332,69.2,0,0
3954,Male,20,BE,Mechanical,7.86,1,2,2,1,1,83,1,0,,0.0,28.333333333333332,73.60000000000001,5,5
3955,Female,23,BTech,Mechanical,8.5,3,3,0,6,8,43,5,0,,0.0,19.0,70.0,8,8
3956,Female,24,BE,Electrical,8.25,3,3,2,4,4,42,4,0,,0.0,16.666666666666668,67.5,9,9
3957,Male,23,BE,Electrical,8.84,3,3,0,5,2,76,1,1,Product,4.54,27.666666666666668,73.4,4,4
3958,Male,22,BE,Mechanical,6.53,3,0,0,6,7,60,4,1,Startup,11.4,24.333333333333332,50.3,4,4
3959,Male,24,BCA,Mechanical,7.34,0,0,5,2,1,78,5,0,,0.0,27.0,73.4,10,10
3960,Female,21,BCA,Electrical,6.15,2,2,1,1,3,95,3,0,,0.0,33.0,51.5,6,6
3961,Male,24,BE,IT,7.35,1,2,2,10,10,85,3,1,Startup,8.17,35.0,68.5,7,7
3962,Female,20,BE,AI,8.52,2,1,5,2,5,69,2,0,,0.0,25.333333333333332,75.19999999999999,8,8
3963,Male,20,BE,IT,8.47,2,3,3,6,7,76,2,1,Service,12.15,29.666666666666668,74.7,8,8
3964,Male,23,BSc,Mechanical,8.55,2,2,0,10,3,63,4,1,Startup,3.22,25.333333333333332,75.5,6,6
3965,Female,24,BSc,CS,6.83,2,0,1,9,4,40,1,0,,0.0,17.666666666666668,58.3,2,2
3966,Female,21,BCA,CS,8.35,2,2,4,8,5,55,1,0,,0.0,22.666666666666668,73.5,7,7
3967,Male,20,BE,DS,7.08,2,1,2,10,10,67,0,1,Service,4.14,29.0,60.8,3,3
3968,Female,21,BSc,IT,9.56,0,0,2,1,2,69,3,0,,0.0,24.0,95.60000000000001,5,5
3969,Female,22,BTech,Electrical,6.98,2,0,3,5,9,96,0,1,Startup,11.63,36.666666666666664,59.80000000000001,3,3
3970,Female,20,BTech,DS,8.09,1,0,0,7,7,58,2,0,,0.0,24.0,75.9,2,2
3971,Female,23,BE,DS,8.73,1,2,1,8,2,62,3,1,Service,6.73,24.0,82.30000000000001,6,6
3972,Female,22,BSc,CS,9.4,3,3,0,7,6,73,1,1,Startup,10.84,28.666666666666668,79.0,4,4
3973,Male,24,BTech,IT,7.38,3,3,1,1,7,89,5,0,,0.0,32.333333333333336,58.8,9,9
3974,Male,21,BCA,AI,7.05,2,3,3,4,10,76,3,0,,0.0,30.0,60.5,9,9
3975,Female,20,BTech,Electrical,7.35,3,3,0,4,4,62,5,0,,0.0,23.333333333333332,58.5,8,8
3976,Male,22,BCA,IT,6.89,3,3,4,9,4,99,2,1,Startup,12.82,37.333333333333336,53.89999999999999,9,9
3977,Male,22,BTech,DS,8.31,2,0,3,6,8,82,3,1,Startup,3.04,32.0,73.10000000000001,6,6
3978,Female,20,BTech,Mechanical,9.51,3,0,3,6,2,55,2,0,,0.0,21.0,80.1,5,5
3979,Male,24,BSc,DS,6.04,1,2,2,5,2,80,1,0,,0.0,29.0,55.4,5,5
3980,Female,24,BTech,IT,7.91,2,0,1,5,2,71,4,1,Service,11.65,26.0,69.1,5,5
3981,Female,23,BTech,CS,9.36,1,2,5,9,2,55,3,0,,0.0,22.0,88.6,10,10
3982,Male,24,BCA,IT,5.93,1,2,0,2,7,74,4,0,,0.0,27.666666666666668,54.3,6,6
3983,Female,23,BCA,AI,7.62,0,1,1,10,4,66,2,1,Product,11.52,26.666666666666668,76.2,4,4
3984,Female,22,BTech,Electrical,9.22,0,0,3,5,5,42,3,0,,0.0,17.333333333333332,92.2,6,6
3985,Female,20,BE,Electrical,9.37,3,2,0,1,8,59,1,0,,0.0,22.666666666666668,78.69999999999999,3,3
3986,Female,24,BTech,Mechanical,7.71,1,3,4,5,7,66,3,1,Service,11.38,26.0,72.1,10,10
3987,Female,23,BTech,Mechanical,5.61,3,3,1,4,8,95,1,0,,0.0,35.666666666666664,41.1,5,5
3988,Male,22,BSc,DS,5.95,2,1,1,4,5,41,2,0,,0.0,16.666666666666668,49.5,4,4
3989,Male,24,BTech,IT,8.02,1,2,4,4,8,52,5,0,,0.0,21.333333333333332,75.19999999999999,11,11
3990,Female,21,BTech,Electrical,6.03,3,0,5,3,1,45,5,0,,0.0,16.333333333333332,45.300000000000004,10,10
3991,Female,22,BCA,CS,6.14,1,3,5,6,5,53,4,0,,0.0,21.333333333333332,56.4,12,12
3992,Male,24,BCA,AI,8.82,3,3,3,3,10,63,0,0,,0.0,25.333333333333332,73.2,6,6
3993,Female,22,BCA,DS,8.73,2,1,5,6,2,66,0,1,Service,7.52,24.666666666666668,77.30000000000001,6,6
3994,Male,20,BCA,IT,9.12,0,3,1,6,5,48,5,0,,0.0,19.666666666666668,91.19999999999999,9,9
3995,Female,20,BTech,CS,5.95,1,2,2,10,2,89,3,0,,0.0,33.666666666666664,54.5,7,7
3996,Female,20,BE,IT,6.35,3,1,2,2,6,62,5,0,,0.0,23.333333333333332,48.5,8,8
3997,Female,21,BSc,CS,9.08,0,3,0,9,9,74,4,1,Startup,6.96,30.666666666666668,90.8,7,7
3998,Female,20,BSc,IT,8.6,2,0,4,10,2,83,1,1,Startup,12.95,31.666666666666668,76.0,5,5
3999,Female,21,BE,IT,8.97,0,2,3,8,10,90,0,1,Startup,4.96,36.0,89.7,5,5
4000,Female,20,BE,Electrical,9.76,2,3,2,7,2,76,4,1,Product,5.07,28.333333333333332,87.6,9,9
4001,Female,22,BSc,DS,9.22,3,0,0,9,10,53,4,0,,0.0,24.0,77.2,4,4
4002,Male,24,BTech,IT,7.74,2,2,0,8,3,65,2,1,Startup,6.16,25.333333333333332,67.4,4,4
4003,Male,24,BSc,IT,6.84,0,3,5,9,10,47,0,0,,0.0,22.0,68.4,8,8
4004,Male,20,BE,DS,7.95,3,1,1,8,5,92,2,1,Service,3.15,35.0,64.5,4,4
4005,Female,24,BTech,DS,8.25,3,0,3,3,10,84,4,0,,0.0,32.333333333333336,67.5,7,7
4006,Female,20,BSc,Mechanical,6.94,1,3,5,10,9,70,0,1,Service,14.37,29.666666666666668,64.4,8,8
4007,Female,20,BTech,Mechanical,8.82,3,1,5,1,3,47,1,0,,0.0,17.0,73.2,7,7
4008,Female,23,BTech,Electrical,5.9,3,2,2,6,9,75,3,0,,0.0,30.0,44.0,7,7
4009,Female,23,BE,DS,8.85,3,2,4,3,9,69,4,0,,0.0,27.0,73.5,10,10
4010,Female,23,BCA,AI,5.64,1,0,5,3,9,98,5,0,,0.0,36.666666666666664,51.4,10,10
4011,Female,21,BSc,Electrical,7.64,2,0,1,6,4,55,1,0,,0.0,21.666666666666668,66.39999999999999,2,2
4012,Male,23,BE,CS,9.2,0,2,2,10,10,94,3,1,Product,6.36,38.0,92.0,7,7
4013,Female,20,BSc,DS,5.87,3,1,0,9,6,92,0,0,,0.0,35.666666666666664,43.7,1,1
4014,Male,22,BCA,Mechanical,7.73,0,2,5,5,2,97,1,1,Product,14.83,34.666666666666664,77.30000000000001,8,8
4015,Male,23,BCA,IT,6.19,0,3,4,1,1,70,1,0,,0.0,24.0,61.900000000000006,8,8
4016,Female,23,BCA,DS,9.35,3,3,0,10,2,70,3,1,Service,13.62,27.333333333333332,78.5,6,6
4017,Female,22,BCA,DS,9.08,0,1,5,7,4,74,1,1,Product,13.53,28.333333333333332,90.8,7,7
4018,Male,20,BSc,Mechanical,9.52,2,3,1,9,7,76,0,1,Service,4.85,30.666666666666668,85.19999999999999,4,4
4019,Male,21,BTech,Mechanical,9.26,0,3,4,10,2,53,0,0,,0.0,21.666666666666668,92.6,7,7
4020,Female,23,BTech,AI,8.67,0,0,4,2,10,96,4,0,,0.0,36.0,86.7,8,8
4021,Female,22,BCA,Electrical,6.3,1,3,1,9,1,86,3,0,,0.0,32.0,58.0,7,7
4022,Male,20,BCA,Mechanical,6.8,2,1,0,5,3,78,2,1,Product,9.29,28.666666666666668,58.0,3,3
4023,Female,24,BTech,Mechanical,7.64,0,2,5,1,7,95,0,0,,0.0,34.333333333333336,76.39999999999999,7,7
4024,Female,21,BE,Mechanical,8.03,3,1,4,4,3,64,2,0,,0.0,23.666666666666668,65.3,7,7
4025,Female,22,BCA,Electrical,8.86,0,0,3,8,2,40,1,0,,0.0,16.666666666666668,88.6,4,4
4026,Male,22,BTech,IT,6.48,3,1,3,3,1,94,3,0,,0.0,32.666666666666664,49.80000000000001,7,7
4027,Male,22,BE,DS,6.05,2,2,5,5,3,68,5,0,,0.0,25.333333333333332,50.5,12,12
4028,Male,23,BTech,DS,7.58,2,2,0,2,7,67,3,0,,0.0,25.333333333333332,65.8,5,5
4029,Female,24,BE,Mechanical,6.18,1,1,4,5,3,68,0,0,,0.0,25.333333333333332,56.8,5,5
4030,Female,21,BSc,Electrical,8.48,3,2,0,9,5,49,0,0,,0.0,21.0,69.80000000000001,2,2
4031,Male,20,BE,AI,7.98,3,0,3,3,6,47,3,0,,0.0,18.666666666666668,64.80000000000001,6,6
4032,Male,20,BCA,Mechanical,8.69,2,1,4,7,5,79,5,1,Service,9.53,30.333333333333332,76.89999999999999,10,10
4033,Male,24,BE,Electrical,5.77,3,3,4,6,1,69,2,0,,0.0,25.333333333333332,42.699999999999996,9,9
4034,Female,22,BE,Electrical,9.65,3,1,5,2,5,69,3,0,,0.0,25.333333333333332,81.5,9,9
4035,Male,22,BCA,AI,5.5,0,3,5,7,3,80,5,0,,0.0,30.0,55.0,13,13
4036,Male,22,BSc,Electrical,6.9,1,3,5,10,8,45,4,0,,0.0,21.0,64.0,12,12
4037,Female,22,BE,DS,8.42,0,1,5,4,5,54,5,0,,0.0,21.0,84.2,11,11
4038,Female,22,BSc,AI,5.69,2,2,0,6,8,94,3,0,,0.0,36.0,46.900000000000006,5,5
4039,Female,24,BTech,AI,5.86,3,3,4,7,9,63,5,0,,0.0,26.333333333333332,43.6,12,12
4040,Male,23,BTech,CS,5.83,3,3,0,9,2,52,2,0,,0.0,21.0,43.3,5,5
4041,Female,21,BCA,AI,8.0,2,1,2,7,4,48,1,0,,0.0,19.666666666666668,70.0,4,4
4042,Female,22,BSc,AI,9.35,3,3,2,3,10,89,2,0,,0.0,34.0,78.5,7,7
4043,Male,23,BCA,IT,7.89,2,1,3,9,1,59,3,0,,0.0,23.0,68.89999999999999,7,7
4044,Female,20,BCA,DS,8.1,1,3,3,6,10,75,3,1,Product,13.8,30.333333333333332,76.0,9,9
4045,Male,24,BE,Mechanical,6.99,3,3,1,4,9,91,1,0,,0.0,34.666666666666664,54.900000000000006,5,5
4046,Male,23,BTech,CS,5.58,0,1,2,10,10,88,5,0,,0.0,36.0,55.8,8,8
4047,Female,22,BCA,AI,5.59,0,1,2,5,8,52,5,0,,0.0,21.666666666666668,55.9,8,8
4048,Female,22,BE,IT,9.32,1,0,5,10,2,66,5,1,Service,9.21,26.0,88.2,10,10
4049,Female,22,BE,IT,5.94,2,2,5,1,6,57,4,0,,0.0,21.333333333333332,49.400000000000006,11,11
4050,Female,23,BSc,Electrical,9.8,3,0,1,4,5,96,0,0,,0.0,35.0,83.0,1,1
4051,Female,22,BTech,Mechanical,6.21,3,1,0,3,5,47,2,0,,0.0,18.333333333333332,47.1,3,3
4052,Female,23,BSc,Mechanical,8.4,0,3,2,6,3,81,2,1,Startup,11.93,30.0,84.0,7,7
4053,Male,22,BSc,DS,9.58,2,2,5,9,1,88,3,1,Product,8.88,32.666666666666664,85.8,10,10
4054,Male,20,BCA,Electrical,7.06,2,1,2,3,6,47,2,0,,0.0,18.666666666666668,60.599999999999994,5,5
4055,Female,20,BSc,AI,8.66,3,0,3,5,6,99,5,1,Startup,10.69,36.666666666666664,71.6,8,8
4056,Male,21,BCA,IT,7.01,3,3,1,2,5,97,5,0,,0.0,34.666666666666664,55.099999999999994,9,9
4057,Female,22,BSc,CS,6.81,0,3,1,9,9,90,1,1,Startup,9.67,36.0,68.1,5,5
4058,Male,22,BE,DS,6.37,2,1,3,8,10,91,4,0,,0.0,36.333333333333336,53.7,8,8
4059,Male,23,BTech,AI,9.03,3,3,2,10,9,63,5,1,Service,6.73,27.333333333333332,75.3,10,10
4060,Male,23,BTech,Electrical,6.61,3,0,4,4,10,83,3,0,,0.0,32.333333333333336,51.10000000000001,7,7
4061,Female,22,BTech,Mechanical,6.72,0,3,1,8,1,79,0,1,Service,3.48,29.333333333333332,67.2,4,4
4062,Male,21,BE,Electrical,9.8,0,0,2,10,7,66,1,1,Service,4.54,27.666666666666668,98.0,3,3
4063,Female,22,BE,AI,6.91,3,3,0,4,6,90,0,0,,0.0,33.333333333333336,54.099999999999994,3,3
4064,Male,23,BSc,Electrical,7.32,1,2,1,2,3,59,2,0,,0.0,21.333333333333332,68.2,5,5
4065,Male,22,BSc,Mechanical,9.76,0,1,3,9,4,74,2,1,Product,9.83,29.0,97.6,6,6
4066,Male,23,BSc,AI,7.09,3,1,1,2,4,47,4,0,,0.0,17.666666666666668,55.900000000000006,6,6
4067,Male,22,BSc,CS,7.07,1,3,3,1,4,63,0,0,,0.0,22.666666666666668,65.7,6,6
4068,Male,24,BTech,DS,9.06,3,1,0,1,7,79,1,0,,0.0,29.0,75.60000000000001,2,2
4069,Female,23,BSc,Electrical,6.84,2,2,2,3,4,51,0,0,,0.0,19.333333333333332,58.400000000000006,4,4
4070,Female,21,BE,Mechanical,6.51,1,0,3,10,10,86,0,1,Product,4.85,35.333333333333336,60.099999999999994,3,3
4071,Male,24,BE,CS,7.32,2,2,3,7,6,72,5,1,Service,9.01,28.333333333333332,63.2,10,10
4072,Male,22,BE,IT,8.51,3,2,5,6,1,53,0,0,,0.0,20.0,70.1,7,7
4073,Male,23,BCA,CS,5.69,1,0,0,3,8,60,0,0,,0.0,23.666666666666668,51.900000000000006,0,0
4074,Male,24,BCA,CS,7.11,2,1,4,5,4,72,2,1,Product,5.41,27.0,61.10000000000001,7,7
4075,Female,21,BCA,CS,6.99,0,0,1,10,3,80,5,1,Startup,9.15,31.0,69.9,6,6
4076,Male,23,BSc,Mechanical,6.55,1,0,5,6,9,84,4,1,Service,10.41,33.0,60.5,9,9
4077,Female,24,BTech,IT,8.31,0,0,4,10,2,94,1,1,Startup,11.49,35.333333333333336,83.10000000000001,5,5
4078,Male,24,BTech,DS,6.75,0,1,1,2,8,40,3,0,,0.0,16.666666666666668,67.5,5,5
4079,Female,24,BSc,CS,8.11,2,0,0,3,6,96,5,0,,0.0,35.0,71.1,5,5
4080,Male,20,BSc,Mechanical,7.67,3,2,0,4,6,45,2,0,,0.0,18.333333333333332,61.7,4,4
4081,Male,22,BCA,Mechanical,6.43,2,0,4,8,10,53,2,0,,0.0,23.666666666666668,54.3,6,6
4082,Female,23,BE,DS,6.65,3,0,0,1,6,67,5,0,,0.0,24.666666666666668,51.5,5,5
4083,Male,23,BE,AI,6.23,2,3,2,9,2,64,1,0,,0.0,25.0,52.300000000000004,6,6
4084,Male,23,BCA,IT,5.74,2,3,4,1,7,78,5,0,,0.0,28.666666666666668,47.400000000000006,12,12
4085,Male,24,BCA,IT,8.16,1,2,3,3,8,62,1,0,,0.0,24.333333333333332,76.6,6,6
4086,Female,22,BTech,Electrical,8.39,3,1,3,3,8,82,4,0,,0.0,31.0,68.9,8,8
4087,Male,21,BCA,CS,6.21,0,3,0,9,10,78,3,0,,0.0,32.333333333333336,62.1,6,6
4088,Male,23,BE,AI,8.15,3,2,0,3,7,95,2,0,,0.0,35.0,66.5,4,4
4089,Female,22,BE,IT,9.72,3,3,1,3,7,56,5,0,,0.0,22.0,82.2,9,9
4090,Female,22,BSc,Electrical,5.82,2,3,4,2,5,70,4,0,,0.0,25.666666666666668,48.2,11,11
4091,Female,20,BTech,CS,7.61,0,1,5,4,4,97,2,0,,0.0,35.0,76.10000000000001,8,8
4092,Male,23,BSc,AI,8.65,1,1,4,8,4,91,5,1,Service,9.27,34.333333333333336,81.5,10,10
4093,Male,24,BTech,Mechanical,5.7,2,3,2,6,2,67,4,0,,0.0,25.0,47.0,9,9
4094,Male,22,BSc,CS,8.85,1,3,3,1,4,46,5,0,,0.0,17.0,83.5,11,11
4095,Female,22,BTech,AI,9.71,1,1,3,5,7,96,4,1,Product,9.53,36.0,92.10000000000001,8,8
4096,Male,21,BCA,DS,5.88,3,1,2,10,2,57,3,0,,0.0,23.0,43.8,6,6
4097,Male,20,BE,IT,9.04,0,2,1,8,7,55,0,0,,0.0,23.333333333333332,90.39999999999999,3,3
4098,Female,22,BCA,CS,7.13,3,3,2,1,9,45,2,0,,0.0,18.333333333333332,56.3,7,7
4099,Female,22,BTech,Electrical,6.12,0,1,1,6,10,41,4,0,,0.0,19.0,61.2,6,6
4100,Female,24,BTech,Mechanical,7.62,1,3,1,7,3,59,4,0,,0.0,23.0,71.2,8,8
4101,Female,24,BSc,Electrical,5.81,3,2,5,5,8,62,1,0,,0.0,25.0,43.099999999999994,8,8
4102,Female,21,BTech,CS,7.75,1,0,1,4,5,41,0,0,,0.0,16.666666666666668,72.5,1,1
4103,Male,21,BCA,IT,5.58,2,3,0,7,10,64,1,0,,0.0,27.0,45.8,4,4
4104,Female,21,BTech,IT,8.63,0,2,0,9,10,86,0,1,Service,9.26,35.0,86.30000000000001,2,2
4105,Male,24,BTech,AI,7.6,1,0,1,4,10,45,3,0,,0.0,19.666666666666668,71.0,4,4
4106,Male,24,BSc,Electrical,7.47,1,3,2,3,4,82,3,0,,0.0,29.666666666666668,69.7,8,8
4107,Female,20,BTech,Electrical,6.34,0,2,2,10,8,79,1,0,,0.0,32.333333333333336,63.4,5,5
4108,Female,23,BSc,Mechanical,7.05,1,0,2,4,10,68,1,0,,0.0,27.333333333333332,65.5,3,3
4109,Female,23,BE,AI,6.28,2,2,0,5,1,48,0,0,,0.0,18.0,52.800000000000004,2,2
4110,Male,20,BSc,Mechanical,8.66,1,2,5,9,7,48,0,0,,0.0,21.333333333333332,81.6,7,7
4111,Female,23,BTech,CS,6.36,1,2,1,1,9,53,1,0,,0.0,21.0,58.6,4,4
4112,Female,24,BE,CS,8.15,0,2,3,9,7,84,1,1,Startup,12.98,33.333333333333336,81.5,6,6
4113,Female,23,BTech,Electrical,6.7,0,0,2,9,9,54,4,0,,0.0,24.0,67.0,6,6
4114,Female,24,BSc,AI,8.33,2,1,5,8,7,85,2,1,Service,13.11,33.333333333333336,73.3,8,8
4115,Female,20,BCA,DS,7.82,1,2,0,10,2,55,1,0,,0.0,22.333333333333332,73.2,3,3
4116,Male,21,BE,IT,7.32,3,0,4,8,5,87,0,1,Product,13.21,33.333333333333336,58.2,4,4
4117,Male,20,BCA,AI,8.39,2,2,1,8,4,90,4,1,Product,8.67,34.0,73.9,7,7
4118,Male,23,BCA,AI,7.29,3,3,2,4,10,84,5,0,,0.0,32.666666666666664,57.900000000000006,10,10
4119,Female,24,BE,CS,9.03,1,3,0,7,8,83,3,1,Product,3.69,32.666666666666664,85.3,6,6
4120,Female,23,BCA,IT,8.64,1,1,4,2,10,48,3,0,,0.0,20.0,81.4,8,8
4121,Female,23,BCA,AI,7.82,0,0,1,3,9,67,3,0,,0.0,26.333333333333332,78.2,4,4
4122,Male,21,BCA,CS,9.27,2,3,3,8,9,43,4,0,,0.0,20.0,82.69999999999999,10,10
4123,Female,23,BCA,CS,9.06,3,0,1,4,3,79,1,0,,0.0,28.666666666666668,75.60000000000001,2,2
4124,Female,21,BE,Electrical,7.79,1,3,1,10,3,51,2,0,,0.0,21.333333333333332,72.9,6,6
4125,Female,24,BTech,Electrical,5.79,1,0,2,6,5,98,3,0,,0.0,36.333333333333336,52.9,5,5
4126,Male,24,BCA,AI,7.93,0,2,5,8,2,61,1,1,Startup,8.7,23.666666666666668,79.3,8,8
4127,Female,21,BE,AI,7.03,0,2,1,8,4,40,3,0,,0.0,17.333333333333332,70.3,6,6
4128,Male,20,BE,CS,7.82,0,3,4,5,3,83,3,1,Startup,7.02,30.333333333333332,78.2,10,10
4129,Female,24,BE,Electrical,8.28,2,1,4,7,6,79,3,1,Service,8.51,30.666666666666668,72.8,8,8
4130,Male,20,BE,AI,8.27,2,3,1,1,1,99,0,0,,0.0,33.666666666666664,72.69999999999999,4,4
4131,Male,24,BSc,IT,8.4,1,3,1,5,5,43,5,0,,0.0,17.666666666666668,79.0,9,9
4132,Male,24,BTech,CS,8.42,3,1,5,3,4,81,4,0,,0.0,29.333333333333332,69.2,10,10
4133,Female,22,BTech,CS,5.97,2,2,4,4,1,72,4,0,,0.0,25.666666666666668,49.699999999999996,10,10
4134,Female,23,BCA,AI,6.32,0,2,4,1,4,59,0,0,,0.0,21.333333333333332,63.2,6,6
4135,Male,23,BE,AI,8.21,0,3,2,1,7,74,3,0,,0.0,27.333333333333332,82.10000000000001,8,8
4136,Male,20,BSc,AI,7.26,2,0,3,3,3,86,4,0,,0.0,30.666666666666668,62.599999999999994,7,7
4137,Female,23,BE,IT,8.78,1,3,4,4,5,41,4,0,,0.0,16.666666666666668,82.8,11,11
4138,Female,20,BCA,CS,6.04,1,2,3,3,8,49,4,0,,0.0,20.0,55.4,9,9
4139,Male,24,BTech,DS,6.32,1,0,3,2,3,47,3,0,,0.0,17.333333333333332,58.2,6,6
4140,Female,22,BCA,IT,7.9,1,1,4,7,3,53,3,0,,0.0,21.0,74.0,8,8
4141,Female,22,BCA,IT,7.65,0,2,5,10,8,66,4,1,Service,11.11,28.0,76.5,11,11
4142,Female,24,BCA,Electrical,6.65,2,1,5,9,3,52,2,0,,0.0,21.333333333333332,56.5,8,8
4143,Female,21,BCA,CS,7.26,0,2,2,3,2,97,1,0,,0.0,34.0,72.6,5,5
4144,Male,21,BCA,DS,5.65,3,2,1,9,2,52,1,0,,0.0,21.0,41.5,4,4
4145,Female,23,BCA,CS,5.66,1,0,5,8,8,93,3,0,,0.0,36.333333333333336,51.6,8,8
4146,Female,20,BCA,IT,5.91,1,2,0,5,6,68,2,0,,0.0,26.333333333333332,54.1,4,4
4147,Male,22,BTech,AI,7.98,3,3,1,6,10,47,5,0,,0.0,21.0,64.80000000000001,9,9
4148,Male,23,BTech,CS,9.21,3,1,0,1,3,63,2,0,,0.0,22.333333333333332,77.10000000000001,3,3
4149,Female,24,BE,CS,6.62,0,2,4,6,10,44,2,0,,0.0,20.0,66.2,8,8
4150,Female,22,BE,AI,5.65,3,3,1,9,10,67,0,0,,0.0,28.666666666666668,41.5,4,4
4151,Female,20,BSc,DS,8.55,1,1,1,7,1,41,0,0,,0.0,16.333333333333332,80.5,2,2
4152,Female,20,BSc,DS,9.18,3,3,0,9,6,60,4,1,Startup,9.26,25.0,76.8,7,7
4153,Male,21,BTech,CS,6.09,0,2,2,5,9,77,2,0,,0.0,30.333333333333332,60.9,6,6
4154,Male,23,BTech,AI,7.16,3,3,5,5,6,66,1,1,Product,7.63,25.666666666666668,56.599999999999994,9,9
4155,Male,24,BSc,Electrical,6.18,3,1,4,5,1,47,5,0,,0.0,17.666666666666668,46.8,10,10
4156,Female,22,BTech,CS,5.96,0,1,4,6,6,51,0,0,,0.0,21.0,59.6,5,5
4157,Female,20,BSc,AI,8.29,0,1,5,4,9,49,3,0,,0.0,20.666666666666668,82.89999999999999,9,9
4158,Female,22,BE,IT,9.66,0,2,4,10,6,89,3,1,Service,5.4,35.0,96.6,9,9
4159,Female,24,BTech,Electrical,8.42,1,0,1,9,3,46,2,0,,0.0,19.333333333333332,79.2,3,3
4160,Male,22,BTech,AI,9.73,1,3,3,7,2,80,5,1,Startup,5.3,29.666666666666668,92.30000000000001,11,11
4161,Male,23,BSc,CS,7.37,3,1,0,3,8,49,5,0,,0.0,20.0,58.7,6,6
4162,Female,21,BCA,Mechanical,9.36,1,1,5,10,2,68,4,1,Startup,3.11,26.666666666666668,88.6,10,10
4163,Male,22,BCA,DS,6.38,2,0,1,7,7,64,2,0,,0.0,26.0,53.8,3,3
4164,Female,21,BE,CS,6.01,0,1,2,3,3,65,3,0,,0.0,23.666666666666668,60.099999999999994,6,6
4165,Female,24,BTech,AI,8.52,2,1,2,3,5,91,3,0,,0.0,33.0,75.19999999999999,6,6
4166,Male,21,BTech,Electrical,7.1,0,2,1,4,3,65,4,0,,0.0,24.0,71.0,7,7
4167,Female,22,BSc,Electrical,6.87,3,0,0,2,3,45,0,0,,0.0,16.666666666666668,53.7,0,0
4168,Female,22,BCA,AI,8.39,0,1,5,8,7,61,4,1,Service,12.77,25.333333333333332,83.9,10,10
4169,Male,20,BCA,DS,6.93,1,2,4,1,7,78,1,0,,0.0,28.666666666666668,64.3,7,7
4170,Female,22,BE,CS,7.96,3,2,4,10,7,51,5,0,,0.0,22.666666666666668,64.6,11,11
4171,Female,21,BCA,Electrical,6.79,0,2,3,1,4,97,3,0,,0.0,34.0,67.9,8,8
4172,Male,20,BCA,Electrical,8.87,3,2,5,1,8,46,1,0,,0.0,18.333333333333332,73.69999999999999,8,8
4173,Female,22,BCA,Mechanical,6.84,3,0,1,4,9,65,3,0,,0.0,26.0,53.400000000000006,4,4
4174,Male,22,BSc,IT,7.8,3,0,3,1,1,52,3,0,,0.0,18.0,63.0,6,6
4175,Female,24,BCA,Mechanical,5.6,2,2,2,3,7,57,2,0,,0.0,22.333333333333332,46.0,6,6
4176,Male,20,BE,IT,8.9,1,0,4,7,8,44,3,0,,0.0,19.666666666666668,84.0,7,7
4177,Male,24,BCA,Electrical,8.17,3,3,5,3,2,70,5,0,,0.0,25.0,66.7,13,13
4178,Male,24,BE,IT,6.33,1,3,4,2,6,56,3,0,,0.0,21.333333333333332,58.3,10,10
4179,Female,24,BSc,CS,6.43,0,2,3,10,5,54,3,0,,0.0,23.0,64.3,8,8
4180,Male,23,BSc,Electrical,6.63,3,1,1,6,4,73,3,1,Product,6.43,27.666666666666668,51.3,5,5
4181,Male,24,BE,Electrical,7.98,1,1,3,8,4,61,2,1,Service,9.96,24.333333333333332,74.80000000000001,6,6
4182,Male,21,BSc,IT,7.86,3,3,5,4,10,44,2,0,,0.0,19.333333333333332,63.60000000000001,10,10
4183,Male,22,BTech,AI,6.68,2,2,2,4,6,95,5,0,,0.0,35.0,56.8,9,9
4184,Male,23,BTech,IT,8.48,0,3,5,2,1,55,5,0,,0.0,19.333333333333332,84.80000000000001,13,13
4185,Female,24,BTech,IT,9.32,2,3,1,5,1,99,1,1,Startup,10.34,35.0,83.2,5,5
4186,Female,22,BTech,DS,5.69,3,1,5,10,4,72,1,0,,0.0,28.666666666666668,41.900000000000006,7,7
4187,Female,20,BTech,DS,7.29,1,3,2,8,3,80,5,1,Service,11.3,30.333333333333332,67.9,10,10
4188,Female,20,BSc,CS,8.05,3,2,1,1,5,43,1,0,,0.0,16.333333333333332,65.5,4,4
4189,Female,22,BE,CS,8.02,3,1,3,2,10,72,4,0,,0.0,28.0,65.19999999999999,8,8
4190,Female,21,BSc,AI,5.58,3,1,0,1,10,67,2,0,,0.0,26.0,40.8,3,3
4191,Female,22,BCA,DS,6.41,2,3,3,4,5,50,5,0,,0.0,19.666666666666668,54.099999999999994,11,11
4192,Male,22,BTech,Mechanical,5.77,2,0,1,7,1,44,2,0,,0.0,17.333333333333332,47.699999999999996,3,3
4193,Female,23,BTech,CS,7.95,1,3,5,3,5,81,0,0,,0.0,29.666666666666668,74.5,8,8
4194,Male,20,BSc,CS,8.28,0,2,2,8,6,80,0,1,Service,4.79,31.333333333333332,82.8,4,4
4195,Male,20,BCA,DS,6.19,0,0,3,6,4,46,0,0,,0.0,18.666666666666668,61.900000000000006,3,3
4196,Female,24,BSc,DS,6.93,1,2,1,2,10,90,5,0,,0.0,34.0,64.3,8,8
4197,Male,22,BE,AI,6.92,3,1,2,9,2,63,1,1,Service,13.92,24.666666666666668,54.2,4,4
4198,Male,22,BTech,DS,9.03,0,2,2,9,10,83,3,1,Product,13.86,34.0,90.3,7,7
4199,Male,21,BSc,IT,6.34,2,2,2,7,9,89,4,0,,0.0,35.0,53.4,8,8
4200,Male,20,BE,Electrical,7.86,1,2,5,10,9,43,2,0,,0.0,20.666666666666668,73.60000000000001,9,9
4201,Female,21,BTech,Mechanical,8.87,1,3,1,8,9,51,1,0,,0.0,22.666666666666668,83.69999999999999,5,5
4202,Female,23,BTech,Electrical,9.07,3,3,2,10,9,94,4,1,Service,6.41,37.666666666666664,75.7,9,9
4203,Female,24,BTech,IT,8.37,0,2,2,1,10,43,2,0,,0.0,18.0,83.69999999999999,6,6
4204,Female,21,BCA,IT,6.79,0,3,3,6,7,64,5,1,Service,5.07,25.666666666666668,67.9,11,11
4205,Female,20,BSc,Electrical,9.04,3,1,2,9,2,42,4,0,,0.0,17.666666666666668,75.39999999999999,7,7
4206,Female,23,BTech,IT,8.69,1,1,5,6,7,56,4,0,,0.0,23.0,81.89999999999999,10,10
4207,Female,22,BTech,CS,8.53,1,0,0,3,1,65,2,0,,0.0,23.0,80.3,2,2
4208,Female,23,BE,Electrical,5.79,1,3,1,2,6,98,4,0,,0.0,35.333333333333336,52.9,8,8
4209,Female,21,BSc,IT,5.69,1,3,2,8,6,89,0,0,,0.0,34.333333333333336,51.900000000000006,5,5
4210,Female,20,BE,CS,8.49,2,2,2,4,5,48,0,0,,0.0,19.0,74.9,4,4
4211,Male,21,BSc,DS,9.56,2,0,4,1,7,85,5,0,,0.0,31.0,85.60000000000001,9,9
4212,Female,22,BTech,Mechanical,8.83,1,1,3,8,3,52,4,0,,0.0,21.0,83.3,8,8
4213,Male,22,BCA,Mechanical,9.08,1,1,2,1,7,44,1,0,,0.0,17.333333333333332,85.8,4,4
4214,Male,20,BE,IT,7.84,1,2,3,2,6,86,3,0,,0.0,31.333333333333332,73.4,8,8
4215,Male,24,BCA,Mechanical,6.81,2,3,3,1,3,98,5,0,,0.0,34.0,58.099999999999994,11,11
4216,Male,23,BCA,CS,8.41,3,2,0,8,6,92,2,1,Startup,14.91,35.333333333333336,69.1,4,4
4217,Female,23,BCA,DS,8.56,0,0,1,3,1,99,1,0,,0.0,34.333333333333336,85.60000000000001,2,2
4218,Male,22,BSc,IT,8.4,2,1,0,9,2,44,5,0,,0.0,18.333333333333332,74.0,6,6
4219,Female,21,BSc,AI,9.57,1,0,1,7,10,51,3,0,,0.0,22.666666666666668,90.7,4,4
4220,Female,21,BCA,Electrical,7.08,1,1,4,6,4,67,2,1,Startup,13.92,25.666666666666668,65.8,7,7
4221,Male,24,BTech,Mechanical,5.67,1,1,0,6,5,49,3,0,,0.0,20.0,51.7,4,4
4222,Female,21,BTech,Mechanical,9.41,1,0,3,10,3,40,5,0,,0.0,17.666666666666668,89.1,8,8
4223,Male,23,BCA,IT,6.19,3,1,2,1,4,74,2,0,,0.0,26.333333333333332,46.900000000000006,5,5
4224,Male,21,BE,Electrical,8.5,2,1,4,8,2,67,0,1,Startup,4.14,25.666666666666668,75.0,5,5
4225,Female,24,BE,Electrical,9.25,0,0,1,10,8,90,1,1,Product,7.7,36.0,92.5,2,2
4226,Female,23,BSc,Mechanical,6.83,1,1,0,3,5,41,3,0,,0.0,16.333333333333332,63.3,4,4
4227,Male,21,BE,Mechanical,9.07,3,0,4,3,1,62,0,0,,0.0,22.0,75.7,4,4
4228,Female,23,BTech,AI,6.93,3,2,5,3,4,44,1,0,,0.0,17.0,54.3,8,8
4229,Female,22,BCA,Electrical,8.92,1,3,0,9,10,72,4,1,Startup,10.82,30.333333333333332,84.2,7,7
4230,Female,22,BE,CS,5.8,1,3,3,5,2,70,1,0,,0.0,25.666666666666668,53.0,7,7
4231,Male,22,BCA,IT,8.32,0,3,5,2,9,54,1,0,,0.0,21.666666666666668,83.2,9,9
4232,Male,21,BE,IT,8.41,2,1,0,4,5,40,0,0,,0.0,16.333333333333332,74.1,1,1
4233,Female,24,BSc,AI,7.61,0,0,1,7,6,91,0,1,Product,12.3,34.666666666666664,76.10000000000001,1,1
4234,Female,23,BTech,AI,8.45,2,3,5,10,9,68,5,1,Service,6.44,29.0,74.5,13,13
4235,Female,20,BSc,CS,9.47,3,1,5,1,9,63,3,0,,0.0,24.333333333333332,79.7,9,9
4236,Female,22,BCA,DS,8.66,3,1,1,2,3,48,3,0,,0.0,17.666666666666668,71.6,5,5
4237,Female,22,BTech,IT,9.63,1,0,2,8,9,74,4,1,Product,14.64,30.333333333333332,91.30000000000001,6,6
4238,Male,20,BTech,Electrical,7.43,0,2,2,8,4,55,0,0,,0.0,22.333333333333332,74.3,4,4
4239,Female,20,BSc,Mechanical,7.77,0,0,1,3,1,47,5,0,,0.0,17.0,77.69999999999999,6,6
4240,Male,21,BE,CS,6.63,1,1,1,5,8,47,0,0,,0.0,20.0,61.3,2,2
4241,Female,23,BSc,IT,9.74,0,2,1,8,2,62,1,1,Product,10.49,24.0,97.4,4,4
4242,Male,22,BCA,Electrical,5.74,3,2,4,10,10,86,1,0,,0.0,35.333333333333336,42.400000000000006,7,7
4243,Female,24,BE,CS,7.04,3,3,5,9,4,83,5,1,Service,14.64,32.0,55.400000000000006,13,13
4244,Male,21,BSc,DS,6.78,1,1,0,2,3,98,4,0,,0.0,34.333333333333336,62.8,5,5
4245,Female,21,BSc,Electrical,7.16,1,0,4,10,9,56,1,0,,0.0,25.0,66.6,5,5
4246,Male,24,BE,IT,9.45,2,0,3,8,5,66,1,1,Startup,4.18,26.333333333333332,84.5,4,4
4247,Male,24,BE,Mechanical,7.08,3,3,2,3,2,68,3,0,,0.0,24.333333333333332,55.8,8,8
4248,Male,24,BE,Electrical,9.44,3,1,0,9,4,50,4,0,,0.0,21.0,79.39999999999999,5,5
4249,Male,20,BSc,IT,7.32,3,0,2,5,5,62,3,1,Product,7.56,24.0,58.2,5,5
4250,Male,22,BE,CS,9.18,3,0,3,5,6,43,5,0,,0.0,18.0,76.8,8,8
4251,Male,20,BE,DS,7.74,3,0,1,4,8,56,4,0,,0.0,22.666666666666668,62.400000000000006,5,5
4252,Female,22,BE,Electrical,6.84,2,2,2,8,9,50,3,0,,0.0,22.333333333333332,58.400000000000006,7,7
4253,Male,20,BTech,CS,7.43,1,2,1,1,9,47,3,0,,0.0,19.0,69.3,6,6
4254,Female,23,BCA,CS,7.32,1,3,2,6,1,90,4,1,Startup,9.25,32.333333333333336,68.2,9,9
4255,Female,22,BE,AI,6.62,0,3,3,7,1,65,1,1,Service,6.95,24.333333333333332,66.2,7,7
4256,Female,21,BCA,CS,6.75,3,0,2,8,3,91,2,1,Startup,9.02,34.0,52.5,4,4
4257,Female,22,BE,Electrical,6.3,3,1,3,4,8,88,0,0,,0.0,33.333333333333336,48.0,4,4
4258,Female,22,BE,DS,6.94,1,1,0,9,5,47,4,0,,0.0,20.333333333333332,64.4,5,5
4259,Male,22,BTech,Mechanical,8.18,3,3,4,3,10,47,2,0,,0.0,20.0,66.8,9,9
4260,Male,23,BTech,AI,7.16,3,1,3,8,6,46,3,0,,0.0,20.0,56.599999999999994,7,7
4261,Male,20,BE,CS,8.56,3,1,2,10,8,90,5,1,Startup,9.86,36.0,70.60000000000001,8,8
4262,Female,21,BE,Electrical,9.74,1,0,0,10,4,73,1,1,Startup,10.78,29.0,92.4,1,1
4263,Male,20,BE,IT,7.12,0,0,3,5,9,71,3,1,Product,3.5,28.333333333333332,71.2,6,6
4264,Male,20,BCA,AI,7.49,1,1,2,5,10,52,4,0,,0.0,22.333333333333332,69.9,7,7
4265,Male,24,BE,DS,6.21,3,0,5,7,4,75,2,0,,0.0,28.666666666666668,47.1,7,7
4266,Male,23,BCA,IT,7.19,1,1,3,5,10,57,3,0,,0.0,24.0,66.9,7,7
4267,Male,24,BTech,DS,8.63,2,1,3,7,10,52,1,0,,0.0,23.0,76.30000000000001,5,5
4268,Female,23,BCA,IT,6.43,3,2,1,9,5,69,5,0,,0.0,27.666666666666668,49.3,8,8
4269,Male,20,BE,Mechanical,6.28,1,1,2,5,6,40,4,0,,0.0,17.0,57.800000000000004,7,7
4270,Female,20,BTech,DS,7.12,1,2,4,2,6,99,4,0,,0.0,35.666666666666664,66.2,10,10
4271,Female,23,BSc,IT,9.02,0,3,3,10,8,96,3,1,Product,13.39,38.0,90.19999999999999,9,9
4272,Female,20,BTech,DS,8.18,3,1,0,6,9,92,1,1,Startup,9.41,35.666666666666664,66.8,2,2
4273,Female,20,BSc,AI,9.62,2,3,2,9,1,74,4,1,Product,3.11,28.0,86.19999999999999,9,9
4274,Female,21,BCA,DS,9.39,2,0,4,9,3,42,4,0,,0.0,18.0,83.9,8,8
4275,Male,24,BTech,Electrical,6.15,3,2,2,5,7,69,3,0,,0.0,27.0,46.5,7,7
4276,Male,24,BTech,DS,5.68,1,3,5,2,3,98,2,0,,0.0,34.333333333333336,51.8,10,10
4277,Male,24,BTech,IT,7.22,2,0,4,6,5,87,0,1,Product,5.28,32.666666666666664,62.2,4,4
4278,Female,22,BCA,DS,7.74,3,1,4,4,4,64,1,0,,0.0,24.0,62.400000000000006,6,6
4279,Male,21,BE,Mechanical,7.72,2,2,3,4,5,72,5,0,,0.0,27.0,67.2,10,10
4280,Male,24,BCA,CS,6.08,3,1,1,3,3,55,5,0,,0.0,20.333333333333332,45.8,7,7
4281,Female,24,BTech,AI,6.04,2,3,2,1,3,88,4,0,,0.0,30.666666666666668,50.4,9,9
4282,Female,21,BE,Electrical,5.7,0,1,0,9,10,42,4,0,,0.0,20.333333333333332,57.0,5,5
4283,Female,20,BTech,IT,9.16,3,0,5,6,8,86,4,1,Startup,5.32,33.333333333333336,76.6,9,9
4284,Female,24,BTech,DS,9.58,0,3,0,10,3,68,2,1,Service,9.23,27.0,95.8,5,5
4285,Male,20,BSc,DS,6.0,3,2,1,3,8,53,5,0,,0.0,21.333333333333332,45.0,8,8
4286,Female,24,BTech,DS,6.42,2,0,0,1,5,82,0,0,,0.0,29.333333333333332,54.2,0,0
4287,Female,23,BCA,AI,5.89,2,0,2,6,1,84,3,0,,0.0,30.333333333333332,48.9,5,5
4288,Male,22,BCA,Electrical,9.27,1,2,0,4,2,44,1,0,,0.0,16.666666666666668,87.69999999999999,3,3
4289,Male,24,BCA,CS,9.62,2,0,5,1,7,83,2,0,,0.0,30.333333333333332,86.19999999999999,7,7
4290,Female,23,BE,Mechanical,6.63,0,3,2,10,1,56,4,0,,0.0,22.333333333333332,66.3,9,9
4291,Male,21,BSc,Electrical,6.81,1,1,4,4,2,92,5,0,,0.0,32.666666666666664,63.099999999999994,10,10
4292,Female,23,BSc,Mechanical,7.06,0,2,3,2,1,68,5,0,,0.0,23.666666666666668,70.6,10,10
4293,Female,21,BTech,Electrical,7.66,0,2,1,3,10,60,5,0,,0.0,24.333333333333332,76.6,8,8
4294,Male,24,BTech,IT,8.43,0,3,1,10,7,45,0,0,,0.0,20.666666666666668,84.3,4,4
4295,Male,21,BSc,CS,7.67,0,3,0,10,2,63,0,1,Product,7.68,25.0,76.7,3,3
4296,Female,23,BE,CS,9.59,0,2,2,7,10,88,0,1,Startup,8.8,35.0,95.9,4,4
4297,Female,22,BCA,AI,5.93,3,2,5,7,3,67,3,0,,0.0,25.666666666666668,44.3,10,10
4298,Female,20,BTech,Electrical,8.93,3,2,3,5,7,96,1,1,Startup,11.31,36.0,74.3,6,6
4299,Male,20,BSc,DS,6.94,1,2,5,10,1,98,4,1,Startup,5.51,36.333333333333336,64.4,11,11
4300,Female,22,BE,CS,7.12,0,3,0,2,4,96,2,0,,0.0,34.0,71.2,5,5
4301,Female,20,BCA,Electrical,8.55,3,1,5,9,7,56,2,0,,0.0,24.0,70.5,8,8
4302,Female,24,BTech,DS,9.5,2,2,3,9,2,93,5,1,Service,5.21,34.666666666666664,85.0,10,10
4303,Female,24,BCA,AI,8.58,1,0,2,9,4,81,2,1,Startup,6.25,31.333333333333332,80.8,4,4
4304,Female,23,BCA,Electrical,8.84,3,0,5,6,9,61,2,1,Service,8.27,25.333333333333332,73.4,7,7
4305,Male,23,BSc,Electrical,8.73,2,0,0,1,7,63,4,0,,0.0,23.666666666666668,77.30000000000001,4,4
4306,Female,21,BSc,IT,6.88,1,3,0,6,3,79,1,1,Startup,6.88,29.333333333333332,63.8,4,4
4307,Female,23,BCA,Electrical,8.75,2,2,5,8,3,57,4,0,,0.0,22.666666666666668,77.5,11,11
4308,Female,24,BCA,IT,8.87,0,3,3,4,4,67,2,0,,0.0,25.0,88.69999999999999,8,8
4309,Female,23,BTech,DS,7.79,2,0,0,6,4,96,1,1,Service,6.15,35.333333333333336,67.9,1,1
4310,Male,20,BE,DS,7.81,0,1,5,8,8,49,3,0,,0.0,21.666666666666668,78.1,9,9
4311,Male,21,BE,CS,8.77,1,0,3,6,6,40,1,0,,0.0,17.333333333333332,82.69999999999999,4,4
4312,Male,21,BCA,AI,9.01,0,2,5,4,6,76,3,0,,0.0,28.666666666666668,90.1,10,10
4313,Female,24,BSc,IT,6.95,2,1,5,7,8,65,4,1,Service,14.99,26.666666666666668,59.5,10,10
4314,Female,23,BE,CS,8.95,0,1,2,5,8,89,3,1,Service,13.45,34.0,89.5,6,6
4315,Male,20,BCA,Mechanical,9.0,0,1,3,1,8,65,3,0,,0.0,24.666666666666668,90.0,7,7
4316,Male,23,BSc,CS,6.51,1,0,2,3,1,72,1,0,,0.0,25.333333333333332,60.099999999999994,3,3
4317,Male,22,BTech,DS,8.58,0,3,2,3,8,94,5,0,,0.0,35.0,85.8,10,10
4318,Female,23,BE,Mechanical,6.3,3,0,4,1,5,48,4,0,,0.0,18.0,48.0,8,8
4319,Female,24,BTech,CS,5.9,1,2,3,4,3,57,1,0,,0.0,21.333333333333332,54.0,6,6
4320,Male,23,BSc,Electrical,7.97,2,1,1,2,7,95,0,0,,0.0,34.666666666666664,69.7,2,2
4321,Male,21,BCA,AI,9.41,1,3,4,10,2,44,3,0,,0.0,18.666666666666668,89.1,10,10
4322,Male,20,BTech,IT,5.65,2,3,4,1,10,61,1,0,,0.0,24.0,46.5,8,8
4323,Female,24,BCA,Electrical,9.05,2,2,3,6,10,49,4,0,,0.0,21.666666666666668,80.5,9,9
4324,Female,22,BE,Mechanical,7.68,0,2,4,7,6,53,1,0,,0.0,22.0,76.8,7,7
4325,Female,20,BTech,AI,9.2,1,2,4,4,4,51,0,0,,0.0,19.666666666666668,87.0,6,6
4326,Male,20,BE,CS,9.13,2,1,0,5,1,71,3,1,Service,6.21,25.666666666666668,81.30000000000001,4,4
4327,Male,21,BE,Electrical,9.26,3,1,2,9,6,78,0,1,Startup,7.97,31.0,77.6,3,3
4328,Female,21,BE,DS,8.81,0,2,1,8,3,84,0,1,Product,14.82,31.666666666666668,88.10000000000001,3,3
4329,Male,21,BE,DS,9.12,0,1,3,2,4,75,3,0,,0.0,27.0,91.19999999999999,7,7
4330,Female,24,BE,AI,6.26,2,0,0,10,4,90,5,0,,0.0,34.666666666666664,52.599999999999994,5,5
4331,Male,23,BSc,DS,6.81,3,3,5,3,8,89,0,0,,0.0,33.333333333333336,53.099999999999994,8,8
4332,Male,20,BTech,IT,6.54,0,1,5,9,7,86,3,1,Service,11.97,34.0,65.4,9,9
4333,Male,23,BCA,AI,8.69,1,3,1,5,9,54,3,0,,0.0,22.666666666666668,81.89999999999999,7,7
4334,Male,23,BCA,AI,6.16,2,0,1,1,7,98,2,0,,0.0,35.333333333333336,51.6,3,3
4335,Female,21,BSc,DS,6.28,3,1,0,9,9,72,4,0,,0.0,30.0,47.800000000000004,5,5
4336,Male,23,BCA,AI,9.28,2,2,5,8,1,55,5,0,,0.0,21.333333333333332,82.8,12,12
4337,Female,20,BCA,CS,8.54,0,2,3,10,4,43,1,0,,0.0,19.0,85.39999999999999,6,6
4338,Female,20,BCA,Mechanical,9.26,3,0,2,7,1,93,1,1,Service,3.47,33.666666666666664,77.6,3,3
4339,Female,22,BTech,Electrical,6.1,2,0,0,7,6,90,4,0,,0.0,34.333333333333336,51.0,4,4
4340,Male,24,BCA,Mechanical,7.22,2,1,4,8,2,42,0,0,,0.0,17.333333333333332,62.2,5,5
4341,Female,23,BTech,Electrical,6.72,2,0,5,4,10,65,4,0,,0.0,26.333333333333332,57.2,9,9
4342,Female,24,BCA,DS,5.54,1,3,1,7,9,95,5,0,,0.0,37.0,50.4,9,9
4343,Female,24,BCA,IT,6.72,1,2,4,8,4,76,3,1,Startup,3.49,29.333333333333332,62.2,9,9
4344,Male,24,BTech,IT,7.13,1,1,3,10,4,73,3,1,Startup,6.07,29.0,66.3,7,7
4345,Male,24,BSc,DS,5.9,1,0,5,3,6,81,1,0,,0.0,30.0,54.0,6,6
4346,Female,20,BCA,DS,7.94,0,3,5,2,5,48,2,0,,0.0,18.333333333333332,79.4,10,10
4347,Male,23,BE,AI,7.15,2,2,2,2,6,83,0,0,,0.0,30.333333333333332,61.5,4,4
4348,Female,22,BE,IT,5.7,1,2,2,7,9,53,4,0,,0.0,23.0,52.0,8,8
4349,Female,24,BSc,Mechanical,8.53,0,1,2,9,6,86,3,1,Product,11.16,33.666666666666664,85.3,6,6
4350,Male,22,BE,DS,8.64,1,1,5,8,6,72,3,1,Product,3.52,28.666666666666668,81.4,9,9
4351,Female,20,BTech,Mechanical,9.09,0,1,4,10,4,87,2,1,Service,9.3,33.666666666666664,90.9,7,7
4352,Male,20,BCA,Electrical,7.59,3,1,3,10,7,77,3,1,Product,6.42,31.333333333333332,60.900000000000006,7,7
4353,Male,21,BCA,Mechanical,9.67,1,0,4,7,4,44,4,0,,0.0,18.333333333333332,91.7,8,8
4354,Female,24,BCA,IT,9.43,1,1,5,9,5,90,1,1,Product,6.88,34.666666666666664,89.3,7,7
4355,Male,21,BCA,Electrical,7.87,2,0,1,4,4,86,1,0,,0.0,31.333333333333332,68.7,2,2
4356,Male,22,BE,Mechanical,7.41,1,3,2,10,9,67,0,1,Product,12.47,28.666666666666668,69.1,5,5
4357,Female,23,BE,AI,5.51,1,3,3,7,6,72,5,0,,0.0,28.333333333333332,50.099999999999994,11,11
4358,Female,21,BE,AI,8.56,0,2,4,5,10,56,4,0,,0.0,23.666666666666668,85.60000000000001,10,10
4359,Male,20,BTech,IT,7.93,2,3,4,1,6,60,3,0,,0.0,22.333333333333332,69.3,10,10
4360,Male,24,BE,AI,9.53,2,3,4,10,5,46,3,0,,0.0,20.333333333333332,85.3,10,10
4361,Female,22,BE,DS,8.06,3,1,4,4,9,79,4,0,,0.0,30.666666666666668,65.60000000000001,9,9
4362,Male,20,BCA,Electrical,9.77,0,1,5,1,5,74,5,0,,0.0,26.666666666666668,97.69999999999999,11,11
4363,Male,23,BE,IT,9.17,1,1,4,1,8,46,1,0,,0.0,18.333333333333332,86.7,6,6
4364,Male,24,BSc,Electrical,9.6,0,3,1,7,6,47,3,0,,0.0,20.0,96.0,7,7
4365,Male,23,BSc,Mechanical,6.91,1,1,2,3,6,90,3,0,,0.0,33.0,64.1,6,6
4366,Male,23,BCA,DS,6.14,3,1,4,9,3,83,4,0,,0.0,31.666666666666668,46.4,9,9
4367,Male,24,BE,IT,8.93,1,1,1,7,9,99,0,1,Product,13.61,38.333333333333336,84.3,2,2
4368,Male,24,BSc,Mechanical,8.88,2,1,5,6,10,81,4,1,Product,11.93,32.333333333333336,78.80000000000001,10,10
4369,Female,23,BSc,Mechanical,6.41,3,0,3,2,3,70,3,0,,0.0,25.0,49.099999999999994,6,6
4370,Female,22,BTech,Mechanical,8.79,1,1,3,5,9,95,4,1,Startup,6.21,36.333333333333336,82.89999999999999,8,8
4371,Female,24,BCA,Mechanical,8.0,3,3,5,8,2,44,4,0,,0.0,18.0,65.0,12,12
4372,Female,20,BSc,Mechanical,5.97,2,1,1,4,8,99,0,0,,0.0,37.0,49.699999999999996,2,2
4373,Female,21,BSc,IT,7.66,2,1,1,8,7,44,1,0,,0.0,19.666666666666668,66.6,3,3
4374,Male,22,BCA,AI,9.5,0,0,1,9,3,63,4,1,Product,12.84,25.0,95.0,5,5
4375,Male,24,BE,Mechanical,7.68,1,1,3,8,7,93,4,1,Product,11.27,36.0,71.8,8,8
4376,Male,24,BCA,DS,8.89,3,1,4,6,8,61,5,1,Startup,4.85,25.0,73.9,10,10
4377,Male,22,BTech,IT,5.62,0,2,2,2,4,83,5,0,,0.0,29.666666666666668,56.2,9,9
4378,Female,21,BTech,CS,8.63,3,1,4,8,9,52,0,0,,0.0,23.0,71.30000000000001,5,5
4379,Male,23,BTech,AI,9.57,0,3,0,4,8,61,5,0,,0.0,24.333333333333332,95.7,8,8
4380,Male,20,BSc,DS,7.65,0,2,1,1,10,65,3,0,,0.0,25.333333333333332,76.5,6,6
4381,Female,24,BE,Mechanical,6.95,0,2,4,5,2,40,2,0,,0.0,15.666666666666666,69.5,8,8
4382,Male,21,BTech,IT,8.28,2,3,2,3,6,56,2,0,,0.0,21.666666666666668,72.8,7,7
4383,Male,20,BCA,IT,9.44,2,3,4,3,1,58,5,0,,0.0,20.666666666666668,84.39999999999999,12,12
4384,Female,22,BTech,Mechanical,6.26,2,1,0,7,1,41,3,0,,0.0,16.333333333333332,52.599999999999994,4,4
4385,Male,24,BSc,DS,7.24,2,1,0,1,10,96,5,0,,0.0,35.666666666666664,62.400000000000006,6,6
4386,Male,23,BTech,IT,6.17,3,1,4,3,1,89,3,0,,0.0,31.0,46.7,8,8
4387,Male,22,BE,Electrical,7.64,1,2,5,10,7,91,3,1,Startup,9.07,36.0,71.39999999999999,10,10
4388,Male,24,BTech,AI,7.82,2,3,5,6,7,50,1,0,,0.0,21.0,68.2,9,9
4389,Male,21,BE,DS,9.56,1,0,5,8,1,69,5,1,Product,9.33,26.0,90.60000000000001,10,10
4390,Female,20,BE,Mechanical,7.27,0,0,2,6,5,85,1,1,Service,10.46,32.0,72.69999999999999,3,3
4391,Female,20,BCA,DS,7.94,1,1,4,4,5,62,0,0,,0.0,23.666666666666668,74.4,5,5
4392,Female,24,BE,Electrical,9.31,2,3,1,8,6,97,3,1,Startup,4.77,37.0,83.10000000000001,7,7
4393,Female,22,BSc,DS,6.88,3,1,2,10,4,54,4,0,,0.0,22.666666666666668,53.8,7,7
4394,Female,23,BSc,CS,8.4,2,2,3,5,2,99,3,1,Product,6.93,35.333333333333336,74.0,8,8
4395,Female,21,BE,Mechanical,8.76,3,2,2,10,4,62,5,1,Product,7.85,25.333333333333332,72.6,9,9
4396,Male,24,BE,AI,6.92,2,0,4,6,5,51,3,0,,0.0,20.666666666666668,59.2,7,7
4397,Female,21,BTech,Mechanical,6.21,0,3,4,1,3,66,4,0,,0.0,23.333333333333332,62.1,11,11
4398,Female,20,BTech,CS,7.66,3,3,3,4,2,45,0,0,,0.0,17.0,61.599999999999994,6,6
4399,Male,23,BCA,Mechanical,7.03,0,2,0,4,6,69,3,0,,0.0,26.333333333333332,70.3,5,5
4400,Male,21,BTech,Mechanical,6.65,2,3,4,5,10,44,4,0,,0.0,19.666666666666668,56.5,11,11
4401,Female,24,BSc,AI,9.69,0,0,0,1,4,85,2,0,,0.0,30.0,96.89999999999999,2,2
4402,Male,23,BTech,CS,7.66,1,1,0,4,7,77,2,0,,0.0,29.333333333333332,71.6,3,3
4403,Female,22,BCA,Mechanical,9.18,1,3,1,7,6,74,4,1,Startup,4.39,29.0,86.8,8,8
4404,Male,24,BCA,Electrical,6.34,3,3,5,6,8,94,3,0,,0.0,36.0,48.4,11,11
4405,Female,21,BE,Mechanical,9.54,1,0,0,10,5,45,1,0,,0.0,20.0,90.39999999999999,1,1
4406,Male,23,BCA,IT,8.92,1,0,2,5,6,53,1,0,,0.0,21.333333333333332,84.2,3,3
4407,Male,24,BE,Mechanical,8.98,2,1,5,1,9,91,3,0,,0.0,33.666666666666664,79.80000000000001,9,9
4408,Female,23,BSc,AI,7.18,2,0,0,8,5,89,4,1,Startup,10.93,34.0,61.8,4,4
4409,Female,23,BSc,IT,7.59,1,2,5,5,9,56,0,0,,0.0,23.333333333333332,70.9,7,7
4410,Female,23,BTech,Electrical,8.05,3,2,1,8,3,48,1,0,,0.0,19.666666666666668,65.5,4,4
4411,Female,21,BCA,Electrical,8.9,1,1,4,6,9,79,2,1,Startup,12.8,31.333333333333332,84.0,7,7
4412,Female,24,BSc,Electrical,9.15,2,1,4,7,2,70,0,1,Startup,10.03,26.333333333333332,81.5,5,5
4413,Male,20,BE,CS,5.84,0,3,3,10,8,75,2,0,,0.0,31.0,58.4,8,8
4414,Female,20,BCA,Electrical,9.39,3,2,0,10,1,49,3,0,,0.0,20.0,78.9,5,5
4415,Female,21,BCA,DS,9.53,3,2,2,1,9,66,0,0,,0.0,25.333333333333332,80.3,4,4
4416,Male,21,BE,AI,8.05,1,2,3,6,7,88,5,1,Startup,10.71,33.666666666666664,75.5,10,10
4417,Male,23,BCA,CS,6.3,0,2,3,3,10,91,5,0,,0.0,34.666666666666664,63.0,10,10
4418,Female,24,BCA,IT,9.02,3,0,1,3,1,44,5,0,,0.0,16.0,75.19999999999999,6,6
4419,Male,24,BSc,DS,7.86,3,2,4,3,1,56,3,0,,0.0,20.0,63.60000000000001,9,9
4420,Male,22,BE,CS,9.01,2,1,0,6,8,70,1,1,Product,10.85,28.0,80.1,2,2
4421,Female,22,BSc,AI,9.0,1,3,5,8,9,96,3,1,Startup,12.41,37.666666666666664,85.0,11,11
4422,Male,20,BE,IT,5.87,1,3,5,3,2,53,5,0,,0.0,19.333333333333332,53.7,13,13
4423,Male,22,BTech,AI,8.11,3,1,0,3,3,62,1,0,,0.0,22.666666666666668,66.1,2,2
4424,Female,22,BCA,AI,7.58,0,2,4,5,2,83,1,1,Service,10.13,30.0,75.8,7,7
4425,Female,20,BCA,IT,9.57,0,0,5,6,1,68,4,1,Product,12.39,25.0,95.7,9,9
4426,Male,20,BSc,Electrical,6.78,0,2,1,6,2,78,3,1,Startup,10.4,28.666666666666668,67.8,6,6
4427,Male,22,BCA,Mechanical,6.39,0,2,1,7,8,54,0,0,,0.0,23.0,63.9,3,3
4428,Female,24,BCA,AI,9.36,1,1,1,7,2,86,5,1,Startup,14.89,31.666666666666668,88.6,7,7
4429,Male,22,BSc,Electrical,6.14,2,3,2,3,9,51,5,0,,0.0,21.0,51.4,10,10
4430,Male,23,BSc,IT,8.45,0,3,0,5,1,72,0,1,Service,13.42,26.0,84.5,3,3
4431,Male,23,BE,AI,6.79,0,3,1,1,6,99,4,0,,0.0,35.333333333333336,67.9,8,8
4432,Female,23,BTech,Mechanical,7.94,2,1,1,1,6,96,3,0,,0.0,34.333333333333336,69.4,5,5
4433,Male,21,BSc,IT,8.15,1,0,4,2,6,97,4,0,,0.0,35.0,76.5,8,8
4434,Male,23,BE,CS,7.29,2,0,3,2,7,79,1,0,,0.0,29.333333333333332,62.900000000000006,4,4
4435,Female,24,BSc,CS,9.69,2,3,3,7,1,69,3,1,Service,8.01,25.666666666666668,86.89999999999999,9,9
4436,Male,21,BE,Electrical,6.07,0,3,3,5,9,61,0,0,,0.0,25.0,60.7,6,6
4437,Male,21,BTech,CS,7.18,2,0,0,3,5,69,5,0,,0.0,25.666666666666668,61.8,5,5
4438,Female,23,BE,DS,7.35,2,1,2,7,8,71,5,1,Startup,10.65,28.666666666666668,63.5,8,8
4439,Female,22,BE,AI,8.21,1,0,0,3,2,59,5,0,,0.0,21.333333333333332,77.10000000000001,5,5
4440,Female,20,BCA,AI,7.25,0,2,5,3,5,77,1,0,,0.0,28.333333333333332,72.5,8,8
4441,Female,22,BSc,IT,5.92,0,2,4,4,7,98,4,0,,0.0,36.333333333333336,59.2,10,10
4442,Male,22,BE,DS,9.57,3,1,1,5,3,59,4,0,,0.0,22.333333333333332,80.7,6,6
4443,Male,21,BSc,AI,7.29,0,3,0,8,7,41,4,0,,0.0,18.666666666666668,72.9,7,7
4444,Female,21,BE,IT,6.97,1,2,3,9,7,96,5,1,Startup,5.3,37.333333333333336,64.7,10,10
4445,Female,21,BCA,Mechanical,7.42,1,0,2,5,10,70,3,1,Startup,8.87,28.333333333333332,69.2,5,5
4446,Male,24,BCA,AI,6.43,1,2,4,8,2,97,4,0,,0.0,35.666666666666664,59.3,10,10
4447,Female,24,BTech,Electrical,5.93,3,0,1,3,8,89,1,0,,0.0,33.333333333333336,44.3,2,2
4448,Male,20,BE,AI,6.14,3,0,2,7,9,94,5,0,,0.0,36.666666666666664,46.4,7,7
4449,Female,21,BCA,Mechanical,6.22,1,0,0,3,6,67,5,0,,0.0,25.333333333333332,57.199999999999996,5,5
4450,Male,23,BSc,Mechanical,6.35,0,2,0,10,6,42,3,0,,0.0,19.333333333333332,63.5,5,5
4451,Female,21,BE,AI,7.31,3,1,2,3,8,98,3,0,,0.0,36.333333333333336,58.099999999999994,6,6
4452,Female,24,BE,Mechanical,8.18,0,0,2,4,5,59,5,0,,0.0,22.666666666666668,81.8,7,7
4453,Male,21,BTech,IT,8.2,3,2,1,2,1,74,1,0,,0.0,25.666666666666668,67.0,4,4
4454,Female,24,BSc,AI,5.5,2,3,3,7,10,58,5,0,,0.0,25.0,45.0,11,11
4455,Male,21,BTech,AI,9.46,1,1,2,6,9,45,0,0,,0.0,20.0,89.60000000000001,3,3
4456,Male,23,BE,CS,9.04,2,2,1,3,3,50,3,0,,0.0,18.666666666666668,80.39999999999999,6,6
4457,Male,20,BTech,Electrical,9.64,1,1,2,1,7,84,1,0,,0.0,30.666666666666668,91.4,4,4
4458,Male,23,BE,AI,7.05,2,2,5,10,6,45,3,0,,0.0,20.333333333333332,60.5,10,10
4459,Male,24,BE,CS,8.36,0,0,2,3,4,57,0,0,,0.0,21.333333333333332,83.6,2,2
4460,Female,22,BTech,Mechanical,6.22,0,3,5,4,7,86,0,0,,0.0,32.333333333333336,62.199999999999996,8,8
4461,Female,23,BTech,Electrical,9.01,1,2,3,10,9,53,2,0,,0.0,24.0,85.1,7,7
4462,Male,21,BE,Electrical,6.19,0,1,1,1,4,53,3,0,,0.0,19.333333333333332,61.900000000000006,5,5
4463,Female,20,BTech,Mechanical,6.9,1,3,0,8,6,40,3,0,,0.0,18.0,64.0,6,6
4464,Male,21,BTech,IT,7.61,2,3,1,2,3,93,1,0,,0.0,32.666666666666664,66.10000000000001,5,5
4465,Female,21,BE,CS,8.06,1,3,1,3,3,56,1,0,,0.0,20.666666666666668,75.60000000000001,5,5
4466,Female,23,BSc,AI,7.91,3,0,1,5,7,99,2,1,Service,8.06,37.0,64.1,3,3
4467,Female,20,BTech,CS,5.94,2,0,3,9,9,93,1,0,,0.0,37.0,49.400000000000006,4,4
4468,Female,22,BTech,Mechanical,7.31,2,2,3,6,5,53,0,0,,0.0,21.333333333333332,63.099999999999994,5,5
4469,Male,21,BCA,Mechanical,9.47,1,0,4,3,3,70,4,0,,0.0,25.333333333333332,89.7,8,8
4470,Male,20,BSc,IT,9.25,3,3,5,3,6,84,3,0,,0.0,31.0,77.5,11,11
4471,Female,22,BTech,Electrical,8.04,3,1,0,8,8,49,5,0,,0.0,21.666666666666668,65.39999999999999,6,6
4472,Female,21,BE,Electrical,7.96,0,3,3,4,4,77,2,0,,0.0,28.333333333333332,79.6,8,8
4473,Male,20,BCA,Mechanical,5.98,2,3,5,5,7,72,5,0,,0.0,28.0,49.800000000000004,13,13
4474,Female,23,BCA,CS,6.36,0,0,3,4,7,44,3,0,,0.0,18.333333333333332,63.6,6,6
4475,Male,21,BCA,Electrical,6.59,2,1,1,9,5,55,2,0,,0.0,23.0,55.900000000000006,4,4
4476,Male,21,BTech,AI,7.6,2,3,1,8,10,59,4,0,,0.0,25.666666666666668,66.0,8,8
4477,Male,20,BE,AI,8.64,2,1,5,7,2,87,2,1,Product,12.65,32.0,76.4,8,8
4478,Female,21,BCA,CS,7.48,2,1,2,4,4,61,2,0,,0.0,23.0,64.80000000000001,5,5
4479,Male,22,BSc,IT,6.04,1,3,2,9,5,79,5,0,,0.0,31.0,55.4,10,10
4480,Female,21,BCA,AI,7.39,3,0,2,8,3,56,4,0,,0.0,22.333333333333332,58.89999999999999,6,6
4481,Male,24,BCA,CS,6.2,2,0,5,8,4,89,1,0,,0.0,33.666666666666664,52.0,6,6
4482,Female,22,BSc,CS,8.73,0,2,3,10,5,89,0,1,Startup,4.28,34.666666666666664,87.30000000000001,5,5
4483,Female,20,BCA,Mechanical,6.22,0,3,2,2,1,48,2,0,,0.0,17.0,62.199999999999996,7,7
4484,Female,22,BCA,Electrical,7.57,1,3,0,5,3,77,0,1,Product,12.64,28.333333333333332,70.7,3,3
4485,Male,24,BSc,Mechanical,8.48,3,1,5,6,9,81,2,1,Product,10.93,32.0,69.80000000000001,8,8
4486,Male,24,BTech,Electrical,6.48,2,1,2,6,9,48,4,0,,0.0,21.0,54.80000000000001,7,7
4487,Female,21,BSc,IT,5.83,1,2,4,9,9,54,0,0,,0.0,24.0,53.3,6,6
4488,Female,21,BTech,IT,7.92,0,2,4,4,9,91,5,0,,0.0,34.666666666666664,79.2,11,11
4489,Female,23,BTech,IT,5.73,3,1,1,7,9,85,3,0,,0.0,33.666666666666664,42.300000000000004,5,5
4490,Male,22,BTech,CS,8.03,2,1,3,9,4,53,0,0,,0.0,22.0,70.3,4,4
4491,Male,23,BSc,CS,8.74,3,2,5,5,7,48,4,0,,0.0,20.0,72.4,11,11
4492,Male,24,BSc,Mechanical,6.92,0,0,4,6,1,48,1,0,,0.0,18.333333333333332,69.2,5,5
4493,Male,21,BTech,AI,7.6,1,2,0,1,5,72,5,0,,0.0,26.0,71.0,7,7
4494,Female,21,BSc,Electrical,9.49,1,1,1,7,2,96,1,1,Service,6.68,35.0,89.9,3,3
4495,Female,21,BTech,Electrical,7.53,0,3,4,5,10,92,0,1,Product,5.6,35.666666666666664,75.3,7,7
4496,Male,20,BSc,IT,9.79,2,1,2,4,4,70,4,0,,0.0,26.0,87.89999999999999,7,7
4497,Male,24,BE,Electrical,6.18,2,0,4,3,9,49,5,0,,0.0,20.333333333333332,51.8,9,9
4498,Female,21,BSc,DS,8.55,3,1,4,1,5,49,1,0,,0.0,18.333333333333332,70.5,6,6
4499,Male,24,BSc,IT,8.31,0,1,1,5,2,98,1,1,Service,6.04,35.0,83.10000000000001,3,3
4500,Male,21,BSc,Electrical,9.25,0,2,3,3,1,78,1,0,,0.0,27.333333333333332,92.5,6,6
4501,Male,22,BTech,Mechanical,5.9,2,0,2,8,2,44,0,0,,0.0,18.0,49.0,2,2
4502,Male,24,BTech,Electrical,6.7,0,2,2,4,10,57,1,0,,0.0,23.666666666666668,67.0,5,5
4503,Male,23,BE,CS,6.07,1,3,2,3,1,92,4,0,,0.0,32.0,55.7,9,9
4504,Male,20,BE,Mechanical,9.51,2,3,2,1,3,72,5,0,,0.0,25.333333333333332,85.1,10,10
4505,Female,23,BCA,Mechanical,7.33,2,0,3,10,8,88,4,1,Service,9.91,35.333333333333336,63.3,7,7
4506,Male,24,BE,Mechanical,9.41,1,3,2,2,7,57,5,0,,0.0,22.0,89.1,10,10
4507,Male,21,BTech,DS,6.77,0,3,3,10,1,91,3,1,Product,14.65,34.0,67.69999999999999,9,9
4508,Female,24,BE,DS,6.04,2,1,1,2,10,97,1,0,,0.0,36.333333333333336,50.4,3,3
4509,Female,20,BE,Electrical,6.78,2,2,0,1,3,51,3,0,,0.0,18.333333333333332,57.8,5,5
4510,Female,24,BSc,IT,8.07,2,2,3,8,7,64,3,1,Product,9.42,26.333333333333332,70.7,8,8
4511,Male,21,BE,Electrical,9.13,0,2,2,5,5,93,1,1,Product,8.6,34.333333333333336,91.30000000000001,5,5
4512,Female,23,BCA,Electrical,7.16,2,0,1,2,6,66,3,0,,0.0,24.666666666666668,61.599999999999994,4,4
4513,Male,22,BSc,Electrical,9.43,0,1,1,8,5,80,1,1,Startup,4.02,31.0,94.3,3,3
4514,Male,23,BTech,CS,6.55,3,1,4,10,8,92,2,1,Service,9.16,36.666666666666664,50.5,7,7
4515,Male,21,BCA,Mechanical,8.48,1,0,4,5,1,48,4,0,,0.0,18.0,79.80000000000001,8,8
4516,Female,21,BTech,AI,8.66,0,2,0,10,7,88,2,1,Product,5.23,35.0,86.6,4,4
4517,Female,20,BCA,IT,6.68,0,1,0,5,9,52,5,0,,0.0,22.0,66.8,6,6
4518,Female,24,BSc,IT,5.62,1,1,4,2,9,88,0,0,,0.0,33.0,51.2,5,5
4519,Female,24,BCA,Mechanical,7.07,0,2,5,8,3,61,0,1,Startup,6.61,24.0,70.7,7,7
4520,Female,23,BCA,IT,5.69,1,3,4,3,4,41,3,0,,0.0,16.0,51.900000000000006,10,10
4521,Male,22,BE,Mechanical,9.37,3,0,1,4,4,78,2,0,,0.0,28.666666666666668,78.69999999999999,3,3
4522,Male,22,BTech,IT,9.6,2,1,3,5,8,96,2,1,Service,3.1,36.333333333333336,86.0,6,6
4523,Male,20,BSc,Electrical,8.66,1,2,4,10,7,87,1,1,Startup,14.3,34.666666666666664,81.6,7,7
4524,Male,21,BCA,CS,8.62,1,3,2,9,8,54,3,0,,0.0,23.666666666666668,81.19999999999999,8,8
4525,Female,20,BTech,IT,6.54,2,2,3,2,5,62,4,0,,0.0,23.0,55.400000000000006,9,9
4526,Female,24,BTech,IT,5.82,2,2,5,8,3,52,2,0,,0.0,21.0,48.2,9,9
4527,Male,21,BE,AI,8.95,0,3,3,5,9,96,2,1,Product,14.36,36.666666666666664,89.5,8,8
4528,Female,20,BTech,CS,7.9,0,0,2,9,9,84,1,1,Service,8.94,34.0,79.0,3,3
4529,Female,23,BSc,Electrical,8.43,0,1,2,9,10,86,1,1,Service,10.49,35.0,84.3,4,4
4530,Male,24,BE,CS,8.85,2,0,2,10,10,59,4,0,,0.0,26.333333333333332,78.5,6,6
4531,Male,22,BCA,CS,7.26,2,0,1,3,2,52,3,0,,0.0,19.0,62.599999999999994,4,4
4532,Female,20,BSc,IT,6.12,2,2,4,9,8,94,1,0,,0.0,37.0,51.2,7,7
4533,Female,24,BSc,DS,8.92,0,2,5,7,3,66,0,1,Service,11.65,25.333333333333332,89.2,7,7
4534,Male,24,BSc,IT,7.45,2,2,4,9,9,81,2,1,Product,7.24,33.0,64.5,8,8
4535,Male,22,BE,Mechanical,9.06,2,0,1,7,2,56,0,0,,0.0,21.666666666666668,80.60000000000001,1,1
4536,Male,22,BTech,AI,7.38,3,1,3,8,9,70,0,1,Product,9.69,29.0,58.8,4,4
4537,Female,22,BSc,CS,6.43,1,2,1,4,2,65,2,0,,0.0,23.666666666666668,59.3,5,5
4538,Male,20,BTech,Mechanical,6.24,1,3,4,5,7,61,2,0,,0.0,24.333333333333332,57.400000000000006,9,9
4539,Male,22,BTech,Electrical,8.7,2,1,0,6,7,80,1,1,Product,9.38,31.0,77.0,2,2
4540,Female,23,BSc,Mechanical,7.97,0,1,1,4,8,71,3,0,,0.0,27.666666666666668,79.7,5,5
4541,Female,24,BTech,DS,7.24,3,1,0,8,4,61,2,1,Service,9.86,24.333333333333332,57.400000000000006,3,3
4542,Female,22,BE,CS,7.62,3,3,0,5,4,67,3,1,Product,7.68,25.333333333333332,61.2,6,6
4543,Female,24,BE,IT,7.86,1,3,5,3,8,94,2,0,,0.0,35.0,73.60000000000001,10,10
4544,Female,21,BCA,CS,6.53,3,2,2,1,6,81,5,0,,0.0,29.333333333333332,50.3,9,9
4545,Male,21,BTech,AI,7.13,3,1,2,1,6,86,0,0,,0.0,31.0,56.3,3,3
4546,Male,22,BTech,CS,6.76,3,0,2,8,10,40,0,0,,0.0,19.333333333333332,52.599999999999994,2,2
4547,Female,24,BCA,Mechanical,7.17,2,0,0,3,5,43,4,0,,0.0,17.0,61.7,4,4
4548,Female,21,BE,Mechanical,7.65,1,0,4,10,10,55,1,0,,0.0,25.0,71.5,5,5
4549,Female,22,BCA,IT,6.25,1,2,2,4,3,82,1,0,,0.0,29.666666666666668,57.5,5,5
4550,Female,24,BCA,IT,7.19,0,0,5,7,2,62,2,1,Startup,12.13,23.666666666666668,71.9,7,7
4551,Female,22,BCA,IT,7.16,2,1,2,1,8,77,2,0,,0.0,28.666666666666668,61.599999999999994,5,5
4552,Male,24,BTech,Electrical,6.73,3,2,3,6,1,80,1,1,Service,12.57,29.0,52.30000000000001,6,6
4553,Male,21,BTech,AI,9.79,2,2,5,1,1,87,4,0,,0.0,29.666666666666668,87.89999999999999,11,11
4554,Male,22,BTech,Electrical,5.82,3,3,0,3,5,75,2,0,,0.0,27.666666666666668,43.2,5,5
4555,Male,21,BTech,Electrical,8.26,3,1,0,4,5,53,3,0,,0.0,20.666666666666668,67.6,4,4
4556,Female,22,BSc,Electrical,6.25,0,0,2,7,2,82,2,0,,0.0,30.333333333333332,62.5,4,4
4557,Male,20,BCA,CS,9.11,0,1,3,2,10,82,3,0,,0.0,31.333333333333332,91.1,7,7
4558,Female,21,BCA,DS,9.43,0,1,3,8,7,42,3,0,,0.0,19.0,94.3,7,7
4559,Female,21,BTech,CS,7.23,3,2,1,6,1,40,0,0,,0.0,15.666666666666666,57.30000000000001,3,3
4560,Female,23,BE,IT,9.04,3,0,1,10,4,83,5,1,Service,12.98,32.333333333333336,75.39999999999999,6,6
4561,Male,21,BSc,AI,6.57,2,0,2,2,4,55,5,0,,0.0,20.333333333333332,55.7,7,7
4562,Female,24,BSc,Electrical,6.1,1,0,5,3,2,47,5,0,,0.0,17.333333333333332,56.0,10,10
4563,Male,22,BE,CS,6.86,3,3,0,4,3,40,0,0,,0.0,15.666666666666666,53.60000000000001,3,3
4564,Male,20,BTech,Mechanical,6.97,2,1,5,6,2,60,4,1,Product,6.55,22.666666666666668,59.7,10,10
4565,Female,24,BSc,Electrical,7.21,2,2,3,1,6,41,5,0,,0.0,16.0,62.099999999999994,10,10
4566,Female,24,BSc,CS,7.1,3,2,3,5,2,51,0,0,,0.0,19.333333333333332,56.0,5,5
4567,Female,24,BCA,Mechanical,7.27,3,2,3,8,7,53,3,0,,0.0,22.666666666666668,57.69999999999999,8,8
4568,Male,24,BCA,CS,8.55,0,0,0,7,6,61,4,1,Product,14.04,24.666666666666668,85.5,4,4
4569,Female,20,BTech,CS,6.56,0,0,1,3,10,95,0,0,,0.0,36.0,65.6,1,1
4570,Male,23,BTech,Electrical,5.58,0,2,2,2,2,59,0,0,,0.0,21.0,55.8,4,4
4571,Female,21,BCA,CS,7.61,2,1,1,2,3,56,5,0,,0.0,20.333333333333332,66.10000000000001,7,7
4572,Female,24,BCA,IT,7.43,0,2,3,10,8,99,3,1,Service,3.83,39.0,74.3,8,8
4573,Male,21,BCA,Mechanical,5.76,3,1,5,5,1,46,2,0,,0.0,17.333333333333332,42.599999999999994,8,8
4574,Male,21,BE,AI,6.08,0,2,5,8,9,60,5,0,,0.0,25.666666666666668,60.8,12,12
4575,Male,24,BSc,DS,7.69,3,1,3,6,2,73,4,1,Product,3.55,27.0,61.900000000000006,8,8
4576,Male,23,BTech,Electrical,6.51,3,2,0,6,8,99,0,1,Startup,11.37,37.666666666666664,50.099999999999994,2,2
4577,Male,21,BTech,Mechanical,9.27,1,3,0,7,8,61,3,1,Service,14.79,25.333333333333332,87.69999999999999,6,6
4578,Male,22,BE,IT,6.25,1,3,0,1,8,61,0,0,,0.0,23.333333333333332,57.5,3,3
4579,Female,21,BCA,Mechanical,5.59,0,0,2,3,4,60,2,0,,0.0,22.333333333333332,55.9,4,4
4580,Female,24,BSc,AI,7.42,3,0,4,5,2,52,1,0,,0.0,19.666666666666668,59.2,5,5
4581,Male,20,BCA,Electrical,9.74,1,0,5,7,2,84,4,1,Startup,14.93,31.0,92.4,9,9
4582,Female,21,BTech,Mechanical,8.23,2,0,4,6,7,45,4,0,,0.0,19.333333333333332,72.30000000000001,8,8
4583,Male,23,BE,IT,7.02,1,2,5,1,1,64,3,0,,0.0,22.0,65.19999999999999,10,10
4584,Female,22,BSc,Electrical,5.57,0,3,2,9,2,83,5,0,,0.0,31.333333333333332,55.7,10,10
4585,Female,22,BSc,IT,7.59,2,0,5,3,3,70,3,0,,0.0,25.333333333333332,65.9,8,8
4586,Male,20,BSc,Electrical,6.39,2,1,2,7,7,64,0,0,,0.0,26.0,53.9,3,3
4587,Male,20,BSc,DS,8.29,3,1,2,1,8,71,4,0,,0.0,26.666666666666668,67.89999999999999,7,7
4588,Male,21,BE,AI,8.01,3,0,1,1,4,94,5,0,,0.0,33.0,65.1,6,6
4589,Female,24,BTech,DS,6.64,3,0,5,1,4,68,0,0,,0.0,24.333333333333332,51.39999999999999,5,5
4590,Male,23,BSc,CS,5.8,3,0,2,4,10,87,1,0,,0.0,33.666666666666664,43.0,3,3
4591,Female,22,BSc,IT,8.75,1,2,1,1,1,74,5,0,,0.0,25.333333333333332,82.5,8,8
4592,Male,20,BTech,DS,8.02,0,1,5,1,1,51,4,0,,0.0,17.666666666666668,80.19999999999999,10,10
4593,Female,23,BCA,IT,9.12,0,1,0,9,7,55,1,0,,0.0,23.666666666666668,91.19999999999999,2,2
4594,Female,24,BSc,Electrical,6.62,3,1,5,8,9,48,0,0,,0.0,21.666666666666668,51.2,6,6
4595,Male,22,BSc,IT,8.31,1,3,3,5,2,52,5,0,,0.0,19.666666666666668,78.10000000000001,11,11
4596,Female,22,BCA,CS,6.01,1,2,4,2,9,51,2,0,,0.0,20.666666666666668,55.099999999999994,8,8
4597,Female,24,BTech,IT,6.75,1,3,3,7,7,65,1,1,Startup,6.58,26.333333333333332,62.5,7,7
4598,Male,22,BTech,Electrical,8.32,0,2,4,1,8,94,5,0,,0.0,34.333333333333336,83.2,11,11
4599,Female,24,BSc,Electrical,9.05,3,1,0,9,5,54,2,0,,0.0,22.666666666666668,75.5,3,3
4600,Male,22,BTech,DS,6.88,1,1,4,1,1,43,4,0,,0.0,15.0,63.8,9,9
4601,Male,21,BCA,AI,8.94,1,3,0,3,8,88,2,0,,0.0,33.0,84.39999999999999,5,5
4602,Male,24,BE,Mechanical,8.41,3,1,5,6,10,49,2,0,,0.0,21.666666666666668,69.1,8,8
4603,Male,23,BCA,DS,7.0,1,0,3,4,3,87,5,0,,0.0,31.333333333333332,65.0,8,8
4604,Female,21,BCA,CS,9.27,0,2,1,2,5,83,0,0,,0.0,30.0,92.69999999999999,3,3
4605,Female,23,BE,Mechanical,7.69,2,1,5,5,7,77,0,1,Product,3.11,29.666666666666668,66.9,6,6
4606,Female,22,BCA,IT,8.29,0,0,5,10,7,87,0,1,Service,7.34,34.666666666666664,82.89999999999999,5,5
4607,Male,23,BSc,DS,7.63,3,3,4,1,7,51,0,0,,0.0,19.666666666666668,61.3,7,7
4608,Female,21,BSc,Mechanical,7.45,3,1,5,1,2,99,4,0,,0.0,34.0,59.5,10,10
4609,Female,24,BTech,DS,9.15,0,1,2,6,2,61,0,1,Service,13.75,23.0,91.5,3,3
4610,Male,20,BTech,IT,6.77,2,2,1,9,3,77,4,1,Product,10.0,29.666666666666668,57.69999999999999,7,7
4611,Male,23,BCA,Electrical,5.66,3,1,1,10,6,98,4,0,,0.0,38.0,41.6,6,6
4612,Female,20,BSc,DS,9.28,3,2,0,7,10,69,5,1,Startup,3.79,28.666666666666668,77.8,7,7
4613,Male,23,BSc,CS,9.05,0,3,3,10,2,54,2,0,,0.0,22.0,90.5,8,8
4614,Male,23,BE,Mechanical,7.08,2,2,2,4,7,75,4,0,,0.0,28.666666666666668,60.8,8,8
4615,Male,24,BTech,Mechanical,6.3,2,3,3,8,9,96,0,0,,0.0,37.666666666666664,53.0,6,6
4616,Male,22,BSc,Mechanical,8.4,2,1,3,1,9,44,3,0,,0.0,18.0,74.0,7,7
4617,Female,21,BCA,DS,5.84,3,0,1,5,2,88,2,0,,0.0,31.666666666666668,43.4,3,3
4618,Male,21,BSc,IT,7.32,2,3,2,2,8,43,4,0,,0.0,17.666666666666668,63.2,9,9
4619,Male,21,BTech,DS,5.87,0,1,4,3,8,65,2,0,,0.0,25.333333333333332,58.7,7,7
4620,Male,22,BCA,DS,8.07,3,3,2,10,8,82,5,1,Service,6.72,33.333333333333336,65.7,10,10
4621,Male,20,BTech,Electrical,5.62,2,1,0,4,2,58,4,0,,0.0,21.333333333333332,46.2,5,5
4622,Male,21,BSc,Mechanical,8.21,1,1,5,1,3,53,4,0,,0.0,19.0,77.10000000000001,10,10
4623,Male,20,BSc,IT,8.39,2,0,1,5,4,66,2,1,Service,10.5,25.0,73.9,3,3
4624,Male,22,BSc,AI,7.59,2,2,2,10,6,95,2,1,Product,7.55,37.0,65.9,6,6
4625,Male,22,BTech,IT,6.25,3,0,0,6,2,77,1,0,,0.0,28.333333333333332,47.5,1,1
4626,Female,24,BCA,DS,5.94,0,3,4,1,5,65,1,0,,0.0,23.666666666666668,59.400000000000006,8,8
4627,Male,21,BSc,CS,6.85,1,0,3,4,9,81,0,0,,0.0,31.333333333333332,63.5,3,3
4628,Female,24,BSc,IT,7.5,3,1,3,2,6,62,4,0,,0.0,23.333333333333332,60.0,8,8
4629,Male,21,BSc,Mechanical,8.26,2,1,0,1,8,81,2,0,,0.0,30.0,72.6,3,3
4630,Male,22,BE,CS,5.51,3,0,1,5,2,89,5,0,,0.0,32.0,40.099999999999994,6,6
4631,Male,22,BE,AI,8.56,3,3,3,1,4,88,5,0,,0.0,31.0,70.60000000000001,11,11
4632,Male,23,BCA,AI,8.56,1,2,1,8,6,41,3,0,,0.0,18.333333333333332,80.60000000000001,6,6
4633,Female,23,BTech,CS,7.41,2,2,1,2,4,93,5,0,,0.0,33.0,64.1,8,8
4634,Male,22,BSc,AI,6.98,3,1,3,5,9,52,5,0,,0.0,22.0,54.80000000000001,9,9
4635,Male,22,BSc,CS,9.12,0,2,4,3,2,51,2,0,,0.0,18.666666666666668,91.19999999999999,8,8
4636,Female,20,BTech,DS,8.87,1,2,5,6,7,76,1,1,Startup,14.54,29.666666666666668,83.69999999999999,8,8
4637,Female,20,BTech,CS,9.73,3,3,2,6,9,79,2,1,Startup,9.14,31.333333333333332,82.30000000000001,7,7
4638,Male,24,BCA,DS,7.1,1,2,5,8,2,75,5,1,Product,4.17,28.333333333333332,66.0,12,12
4639,Female,23,BTech,Mechanical,9.4,3,0,3,5,6,42,3,0,,0.0,17.666666666666668,79.0,6,6
4640,Female,23,BSc,Mechanical,5.88,3,3,2,5,2,43,2,0,,0.0,16.666666666666668,43.8,7,7
4641,Female,22,BCA,AI,7.27,3,0,1,5,5,70,2,1,Service,8.18,26.666666666666668,57.69999999999999,3,3
4642,Male,22,BE,Electrical,7.5,0,1,4,9,8,80,3,1,Product,14.31,32.333333333333336,75.0,8,8
4643,Male,24,BCA,Electrical,7.4,0,3,1,2,3,67,1,0,,0.0,24.0,74.0,5,5
4644,Male,23,BCA,CS,8.19,0,2,4,3,5,79,2,0,,0.0,29.0,81.89999999999999,8,8
4645,Female,20,BCA,DS,6.23,3,3,5,4,3,50,5,0,,0.0,19.0,47.300000000000004,13,13
4646,Male,21,BTech,Mechanical,9.23,0,1,5,7,3,86,1,1,Service,3.81,32.0,92.30000000000001,7,7
4647,Female,24,BSc,Mechanical,7.87,1,0,5,10,1,95,3,1,Startup,12.43,35.333333333333336,73.7,8,8
4648,Male,21,BTech,Mechanical,9.39,0,1,0,1,2,82,2,0,,0.0,28.333333333333332,93.9,3,3
4649,Male,20,BSc,AI,5.51,1,3,5,3,7,55,2,0,,0.0,21.666666666666668,50.099999999999994,10,10
4650,Female,20,BTech,Mechanical,8.21,2,0,4,10,4,77,4,1,Startup,3.91,30.333333333333332,72.10000000000001,8,8
4651,Male,21,BCA,Electrical,7.27,2,0,4,7,1,68,0,1,Service,9.9,25.333333333333332,62.69999999999999,4,4
4652,Female,24,BSc,IT,7.67,0,3,5,8,4,54,3,0,,0.0,22.0,76.7,11,11
4653,Female,21,BTech,AI,8.7,0,1,1,2,9,60,5,0,,0.0,23.666666666666668,87.0,7,7
4654,Male,24,BCA,CS,6.48,1,2,5,3,8,53,1,0,,0.0,21.333333333333332,59.80000000000001,8,8
4655,Female,24,BE,IT,6.38,3,1,5,7,6,55,3,0,,0.0,22.666666666666668,48.8,9,9
4656,Male,22,BTech,AI,8.52,1,2,3,7,6,66,4,1,Product,12.58,26.333333333333332,80.19999999999999,9,9
4657,Male,23,BTech,AI,7.74,2,1,3,3,2,95,5,0,,0.0,33.333333333333336,67.4,9,9
4658,Female,23,BE,DS,6.5,3,3,2,10,5,67,3,1,Product,12.79,27.333333333333332,50.0,8,8
4659,Male,20,BTech,IT,7.58,1,1,0,5,9,53,0,0,,0.0,22.333333333333332,70.8,1,1
4660,Female,22,BE,IT,7.48,0,1,4,7,8,75,5,1,Product,7.16,30.0,74.80000000000001,10,10
4661,Male,23,BSc,Electrical,8.47,2,3,2,3,4,49,3,0,,0.0,18.666666666666668,74.7,8,8
4662,Male,24,BE,IT,5.51,2,3,5,8,7,86,1,0,,0.0,33.666666666666664,45.099999999999994,9,9
4663,Male,24,BCA,Mechanical,8.02,0,0,4,4,9,93,5,0,,0.0,35.333333333333336,80.19999999999999,9,9
4664,Male,21,BE,Electrical,8.1,1,1,4,7,5,48,1,0,,0.0,20.0,76.0,6,6
4665,Male,21,BSc,Mechanical,8.71,0,3,0,2,2,67,0,0,,0.0,23.666666666666668,87.10000000000001,3,3
4666,Female,24,BE,Electrical,9.32,1,3,0,5,2,53,4,0,,0.0,20.0,88.2,7,7
4667,Female,24,BE,CS,7.39,2,0,2,6,8,58,5,0,,0.0,24.0,63.89999999999999,7,7
4668,Female,21,BSc,Electrical,6.97,0,3,3,1,8,96,2,0,,0.0,35.0,69.7,8,8
4669,Female,23,BTech,CS,5.94,2,0,4,9,8,52,2,0,,0.0,23.0,49.400000000000006,6,6
4670,Female,20,BTech,Electrical,6.95,2,3,1,9,5,98,0,1,Startup,5.44,37.333333333333336,59.5,4,4
4671,Female,21,BCA,CS,5.79,3,0,2,4,2,95,0,0,,0.0,33.666666666666664,42.9,2,2
4672,Male,23,BCA,Mechanical,8.95,0,1,4,5,10,90,1,1,Service,5.16,35.0,89.5,6,6
4673,Male,23,BE,Electrical,8.97,2,3,0,9,8,94,0,1,Startup,5.52,37.0,79.7,3,3
4674,Female,23,BTech,DS,7.29,1,3,5,10,4,76,1,1,Service,10.47,30.0,67.9,9,9
4675,Female,22,BTech,Electrical,6.62,0,1,0,2,9,78,3,0,,0.0,29.666666666666668,66.2,4,4
4676,Male,22,BE,CS,6.01,1,1,0,5,10,91,1,0,,0.0,35.333333333333336,55.099999999999994,2,2
4677,Male,23,BSc,AI,9.16,1,1,0,4,6,42,1,0,,0.0,17.333333333333332,86.6,2,2
4678,Male,24,BTech,Mechanical,9.27,1,0,5,2,10,46,3,0,,0.0,19.333333333333332,87.69999999999999,8,8
4679,Female,22,BCA,DS,6.65,0,3,3,2,7,67,1,0,,0.0,25.333333333333332,66.5,7,7
4680,Female,21,BE,AI,8.17,1,3,3,9,3,53,2,0,,0.0,21.666666666666668,76.7,8,8
4681,Female,22,BSc,AI,6.61,0,2,4,10,2,93,1,1,Service,4.39,35.0,66.10000000000001,7,7
4682,Male,24,BCA,Mechanical,6.47,3,2,4,8,2,76,0,0,,0.0,28.666666666666668,49.7,6,6
4683,Male,20,BTech,Electrical,5.59,1,3,2,10,3,87,1,0,,0.0,33.333333333333336,50.9,6,6
4684,Female,22,BSc,IT,7.98,0,0,0,10,7,91,3,1,Product,14.77,36.0,79.80000000000001,3,3
4685,Female,23,BCA,DS,6.14,1,0,0,8,8,61,0,0,,0.0,25.666666666666668,56.4,0,0
4686,Male,23,BE,Electrical,5.55,2,2,5,8,4,70,5,0,,0.0,27.333333333333332,45.5,12,12
4687,Male,23,BSc,Mechanical,5.95,1,2,1,5,3,40,3,0,,0.0,16.0,54.5,6,6
4688,Male,20,BSc,IT,6.85,2,2,1,4,7,86,3,0,,0.0,32.333333333333336,58.5,6,6
4689,Male,24,BE,Mechanical,8.38,2,2,0,10,3,51,2,0,,0.0,21.333333333333332,73.80000000000001,4,4
4690,Female,21,BTech,Mechanical,6.37,1,2,1,3,8,63,5,0,,0.0,24.666666666666668,58.7,8,8
4691,Male,24,BTech,AI,9.32,1,1,1,2,4,69,4,0,,0.0,25.0,88.2,6,6
4692,Male,20,BSc,Electrical,6.74,2,3,0,10,8,93,2,1,Service,14.94,37.0,57.400000000000006,5,5
4693,Male,23,BSc,Mechanical,6.92,3,3,3,5,2,85,3,1,Service,3.27,30.666666666666668,54.2,9,9
4694,Female,24,BSc,Electrical,6.44,0,2,3,8,8,87,3,0,,0.0,34.333333333333336,64.4,8,8
4695,Female,21,BCA,IT,6.59,1,3,4,5,8,66,3,1,Product,3.66,26.333333333333332,60.900000000000006,10,10
4696,Male,23,BSc,AI,5.82,2,3,3,7,10,55,3,0,,0.0,24.0,48.2,9,9
4697,Male,21,BTech,IT,6.77,0,1,0,5,3,60,3,1,Service,14.33,22.666666666666668,67.69999999999999,4,4
4698,Male,22,BE,IT,9.2,1,1,1,10,2,95,2,1,Product,6.92,35.666666666666664,87.0,4,4
4699,Female,21,BE,AI,8.46,0,0,0,9,7,43,4,0,,0.0,19.666666666666668,84.60000000000001,4,4
4700,Female,23,BE,Electrical,9.26,2,0,2,8,9,41,3,0,,0.0,19.333333333333332,82.6,5,5
4701,Female,22,BSc,IT,5.95,1,2,1,8,10,60,5,0,,0.0,26.0,54.5,8,8
4702,Male,23,BSc,CS,7.46,3,0,0,1,1,46,4,0,,0.0,16.0,59.599999999999994,4,4
4703,Female,23,BE,Electrical,6.49,0,2,4,5,5,76,0,0,,0.0,28.666666666666668,64.9,6,6
4704,Male,22,BCA,Mechanical,8.6,1,0,4,9,3,46,1,0,,0.0,19.333333333333332,81.0,5,5
4705,Male,21,BCA,AI,9.67,0,3,1,8,9,41,5,0,,0.0,19.333333333333332,96.7,9,9
4706,Male,20,BCA,AI,9.01,0,3,3,1,8,51,3,0,,0.0,20.0,90.1,9,9
4707,Female,20,BCA,Electrical,5.65,1,0,4,9,9,40,5,0,,0.0,19.333333333333332,51.5,9,9
4708,Male,20,BTech,CS,6.86,1,3,5,10,9,42,5,0,,0.0,20.333333333333332,63.60000000000001,13,13
4709,Female,20,BE,CS,5.62,1,3,2,1,10,40,3,0,,0.0,17.0,51.2,8,8
4710,Female,24,BTech,CS,5.67,2,2,5,5,3,74,5,0,,0.0,27.333333333333332,46.7,12,12
4711,Male,20,BSc,CS,5.84,1,3,5,10,7,55,3,0,,0.0,24.0,53.4,11,11
4712,Male,22,BCA,DS,6.69,0,0,5,1,5,90,5,0,,0.0,32.0,66.9,10,10
4713,Female,20,BCA,AI,6.81,1,3,1,8,6,47,1,0,,0.0,20.333333333333332,63.099999999999994,5,5
4714,Male,23,BE,IT,7.22,2,2,2,2,8,60,4,0,,0.0,23.333333333333332,62.2,8,8
4715,Female,20,BCA,AI,7.24,2,0,1,6,10,90,5,1,Product,12.64,35.333333333333336,62.400000000000006,6,6
4716,Male,21,BE,AI,8.82,1,2,3,2,8,44,2,0,,0.0,18.0,83.2,7,7
4717,Female,22,BSc,AI,6.11,0,3,0,2,7,95,3,0,,0.0,34.666666666666664,61.1,6,6
4718,Female,22,BCA,CS,6.18,2,3,5,1,1,97,1,0,,0.0,33.0,51.8,9,9
4719,Female,24,BCA,CS,8.19,0,3,1,6,1,70,0,1,Startup,8.71,25.666666666666668,81.89999999999999,4,4
4720,Female,23,BTech,DS,7.96,3,1,0,5,6,98,1,1,Product,8.25,36.333333333333336,64.6,2,2
4721,Male,22,BE,Electrical,6.16,2,2,1,4,9,65,3,0,,0.0,26.0,51.6,6,6
4722,Male,21,BE,AI,9.16,3,0,3,4,8,40,4,0,,0.0,17.333333333333332,76.6,7,7
4723,Female,20,BCA,Mechanical,6.91,2,3,2,9,1,62,4,1,Startup,5.95,24.0,59.099999999999994,9,9
4724,Female,22,BTech,Electrical,7.08,0,1,0,2,8,52,0,0,,0.0,20.666666666666668,70.8,1,1
4725,Male,21,BCA,DS,7.31,3,1,2,10,5,71,3,1,Startup,5.34,28.666666666666668,58.099999999999994,6,6
4726,Male,20,BE,CS,6.89,0,2,1,7,2,44,0,0,,0.0,17.666666666666668,68.89999999999999,3,3
4727,Male,24,BE,AI,7.9,2,3,5,5,7,59,5,0,,0.0,23.666666666666668,69.0,13,13
4728,Male,22,BCA,CS,7.17,0,2,1,10,2,90,0,1,Startup,11.63,34.0,71.7,3,3
4729,Male,22,BSc,Electrical,6.62,3,3,3,9,4,67,3,1,Service,11.29,26.666666666666668,51.2,9,9
4730,Male,21,BCA,IT,9.39,1,3,1,4,4,46,4,0,,0.0,18.0,88.9,8,8
4731,Female,23,BTech,CS,6.83,1,3,3,6,5,99,4,1,Product,13.62,36.666666666666664,63.3,10,10
4732,Male,24,BE,CS,8.5,2,1,1,2,6,97,4,0,,0.0,35.0,75.0,6,6
4733,Male,23,BE,DS,6.99,1,2,5,1,2,52,4,0,,0.0,18.333333333333332,64.9,11,11
4734,Female,22,BCA,IT,7.37,2,2,2,1,8,71,4,0,,0.0,26.666666666666668,63.7,8,8
4735,Male,23,BSc,Electrical,6.51,0,2,1,4,9,85,0,0,,0.0,32.666666666666664,65.1,3,3
4736,Male,20,BE,Mechanical,8.74,0,0,0,9,3,57,5,0,,0.0,23.0,87.4,5,5
4737,Male,24,BCA,Mechanical,8.67,3,0,4,3,7,85,2,0,,0.0,31.666666666666668,71.7,6,6
4738,Male,23,BSc,Mechanical,5.6,3,1,0,3,4,84,3,0,,0.0,30.333333333333332,41.0,4,4
4739,Male,20,BCA,AI,5.76,1,1,0,7,10,47,5,0,,0.0,21.333333333333332,52.599999999999994,6,6
4740,Female,21,BCA,Mechanical,9.47,0,1,3,8,4,68,5,1,Product,6.96,26.666666666666668,94.7,9,9
4741,Male,23,BCA,AI,9.32,3,2,1,6,1,59,2,0,,0.0,22.0,78.2,5,5
4742,Female,24,BE,Electrical,7.68,1,2,2,1,5,65,0,0,,0.0,23.666666666666668,71.8,4,4
4743,Female,20,BSc,Electrical,7.62,2,3,1,6,6,57,3,0,,0.0,23.0,66.2,7,7
4744,Male,23,BTech,CS,8.99,3,2,4,8,5,85,0,1,Service,12.42,32.666666666666664,74.9,6,6
4745,Female,21,BTech,Mechanical,6.1,3,1,1,5,6,41,5,0,,0.0,17.333333333333332,46.0,7,7
4746,Male,23,BE,DS,8.31,1,1,4,8,3,82,3,1,Startup,5.39,31.0,78.10000000000001,8,8
4747,Female,20,BE,Electrical,7.55,3,3,4,1,2,86,5,0,,0.0,29.666666666666668,60.5,12,12
4748,Female,23,BCA,IT,8.7,1,0,0,4,5,81,1,0,,0.0,30.0,82.0,1,1
4749,Male,24,BCA,IT,5.63,3,2,4,9,6,88,0,0,,0.0,34.333333333333336,41.3,6,6
4750,Male,22,BSc,Electrical,8.05,0,2,4,10,10,97,0,1,Product,11.19,39.0,80.5,6,6
4751,Male,20,BCA,CS,7.89,0,0,5,5,6,63,1,1,Startup,7.43,24.666666666666668,78.89999999999999,6,6
4752,Male,20,BSc,IT,9.12,0,1,2,10,5,82,5,1,Product,8.09,32.333333333333336,91.19999999999999,8,8
4753,Male,20,BCA,IT,8.41,3,1,5,10,2,47,4,0,,0.0,19.666666666666668,69.1,10,10
4754,Female,20,BCA,CS,9.28,1,1,3,3,1,61,1,0,,0.0,21.666666666666668,87.8,5,5
4755,Female,23,BTech,CS,9.32,0,2,1,3,10,73,1,0,,0.0,28.666666666666668,93.2,4,4
4756,Female,24,BE,CS,7.26,2,0,2,9,6,71,2,1,Startup,11.2,28.666666666666668,62.599999999999994,4,4
4757,Female,21,BSc,DS,6.09,3,0,3,1,1,74,2,0,,0.0,25.333333333333332,45.9,5,5
4758,Female,24,BTech,CS,8.21,1,1,0,6,1,64,4,1,Service,11.67,23.666666666666668,77.10000000000001,5,5
4759,Female,20,BCA,CS,9.26,3,2,2,6,6,46,2,0,,0.0,19.333333333333332,77.6,6,6
4760,Female,23,BTech,CS,5.82,1,0,2,10,1,53,4,0,,0.0,21.333333333333332,53.2,6,6
4761,Male,23,BSc,Electrical,7.9,1,2,0,8,2,83,5,1,Startup,7.3,31.0,74.0,7,7
4762,Male,20,BE,Mechanical,5.99,3,3,4,8,1,68,1,0,,0.0,25.666666666666668,44.900000000000006,8,8
4763,Female,23,BTech,Electrical,5.62,2,1,0,1,7,76,5,0,,0.0,28.0,46.2,6,6
4764,Female,20,BSc,Mechanical,8.42,2,1,1,7,4,76,2,1,Product,14.16,29.0,74.2,4,4
4765,Male,24,BCA,DS,8.43,3,3,0,10,4,46,5,0,,0.0,20.0,69.3,8,8
4766,Male,22,BTech,DS,8.08,0,0,2,1,4,72,4,0,,0.0,25.666666666666668,80.8,6,6
4767,Male,23,BE,IT,9.19,0,1,0,8,5,56,5,0,,0.0,23.0,91.89999999999999,6,6
4768,Male,20,BSc,Electrical,5.85,1,0,1,5,9,58,4,0,,0.0,24.0,53.5,5,5
4769,Female,20,BE,Mechanical,5.95,0,1,4,2,5,64,2,0,,0.0,23.666666666666668,59.5,7,7
4770,Male,23,BCA,DS,9.22,3,3,4,3,10,47,3,0,,0.0,20.0,77.2,10,10
4771,Female,21,BE,DS,7.66,3,3,3,9,2,51,2,0,,0.0,20.666666666666668,61.599999999999994,8,8
4772,Female,20,BCA,Electrical,6.67,2,0,5,2,8,42,4,0,,0.0,17.333333333333332,56.7,9,9
4773,Female,23,BCA,IT,8.67,0,1,3,4,8,70,3,0,,0.0,27.333333333333332,86.7,7,7
4774,Male,20,BTech,CS,9.35,0,1,1,7,9,83,2,1,Product,5.65,33.0,93.5,4,4
4775,Male,21,BCA,AI,8.47,1,2,3,8,4,47,1,0,,0.0,19.666666666666668,79.7,6,6
4776,Female,22,BE,IT,8.91,3,2,4,3,3,43,5,0,,0.0,16.333333333333332,74.1,11,11
4777,Female,21,BTech,AI,6.71,3,1,5,10,10,71,0,1,Startup,10.46,30.333333333333332,52.099999999999994,6,6
4778,Female,24,BCA,IT,6.74,3,0,4,10,6,46,2,0,,0.0,20.666666666666668,52.400000000000006,6,6
4779,Male,23,BSc,IT,9.22,2,3,3,9,1,53,2,0,,0.0,21.0,82.2,8,8
4780,Female,21,BSc,CS,8.14,2,1,0,8,6,73,0,1,Startup,11.09,29.0,71.4,1,1
4781,Male,22,BCA,DS,6.51,2,2,4,6,5,44,3,0,,0.0,18.333333333333332,55.099999999999994,9,9
4782,Female,20,BTech,Mechanical,7.75,3,3,3,8,1,51,0,0,,0.0,20.0,62.5,6,6
4783,Female,23,BTech,IT,8.45,3,0,3,10,6,76,3,1,Service,4.99,30.666666666666668,69.5,6,6
4784,Female,21,BTech,CS,6.44,0,1,1,8,3,66,4,0,,0.0,25.666666666666668,64.4,6,6
4785,Male,22,BE,AI,8.32,3,1,1,3,8,60,3,0,,0.0,23.666666666666668,68.2,5,5
4786,Male,21,BSc,Electrical,5.68,3,3,4,7,3,96,1,0,,0.0,35.333333333333336,41.8,8,8
4787,Female,24,BCA,Electrical,6.81,2,3,2,8,3,52,0,0,,0.0,21.0,58.099999999999994,5,5
4788,Male,23,BCA,DS,8.4,0,2,3,6,7,64,1,1,Product,13.7,25.666666666666668,84.0,6,6
4789,Female,20,BSc,Electrical,6.14,3,0,0,6,1,73,1,0,,0.0,26.666666666666668,46.4,1,1
4790,Male,22,BE,IT,6.46,1,3,2,7,10,81,0,0,,0.0,32.666666666666664,59.599999999999994,5,5
4791,Male,21,BTech,AI,9.28,2,0,3,4,10,83,3,0,,0.0,32.333333333333336,82.8,6,6
4792,Male,23,BSc,IT,8.4,1,0,2,10,8,96,1,1,Startup,14.45,38.0,79.0,3,3
4793,Female,21,BCA,Electrical,7.65,0,1,3,10,4,87,1,1,Product,5.29,33.666666666666664,76.5,5,5
4794,Male,23,BE,Mechanical,6.41,2,3,3,9,5,56,5,0,,0.0,23.333333333333332,54.099999999999994,11,11
4795,Male,24,BCA,Electrical,6.97,0,3,2,3,5,60,3,0,,0.0,22.666666666666668,69.7,8,8
4796,Female,21,BTech,Mechanical,7.97,3,2,1,7,4,54,1,0,,0.0,21.666666666666668,64.7,4,4
4797,Female,24,BSc,Electrical,6.17,2,1,3,9,1,65,2,0,,0.0,25.0,51.7,6,6
4798,Female,22,BTech,DS,7.57,0,3,4,8,3,72,0,1,Startup,10.83,27.666666666666668,75.7,7,7
4799,Female,24,BE,AI,7.26,0,3,2,7,8,74,3,1,Product,5.85,29.666666666666668,72.6,8,8
4800,Male,23,BSc,Mechanical,7.55,0,2,5,5,2,65,2,1,Service,9.36,24.0,75.5,9,9
4801,Male,22,BTech,CS,5.95,1,2,1,2,8,51,2,0,,0.0,20.333333333333332,54.5,5,5
4802,Male,21,BTech,DS,5.96,2,0,0,2,4,99,5,0,,0.0,35.0,49.6,5,5
4803,Male,21,BTech,IT,9.65,0,1,3,4,9,61,3,0,,0.0,24.666666666666668,96.5,7,7
4804,Male,23,BE,Electrical,9.71,2,0,5,5,8,49,4,0,,0.0,20.666666666666668,87.10000000000001,9,9
4805,Female,20,BTech,AI,7.33,3,2,3,4,8,48,1,0,,0.0,20.0,58.3,6,6
4806,Male,20,BCA,AI,8.89,3,3,5,2,4,75,5,0,,0.0,27.0,73.9,13,13
4807,Male,21,BSc,Electrical,8.32,0,3,4,4,2,73,1,0,,0.0,26.333333333333332,83.2,8,8
4808,Male,23,BSc,CS,6.0,2,2,1,5,8,60,4,0,,0.0,24.333333333333332,50.0,7,7
4809,Female,20,BTech,Mechanical,6.78,0,0,3,4,7,72,4,0,,0.0,27.666666666666668,67.8,7,7
4810,Female,24,BE,Electrical,6.85,0,0,5,6,2,49,4,0,,0.0,19.0,68.5,9,9
4811,Male,21,BCA,AI,8.06,1,2,1,10,7,84,1,1,Startup,9.44,33.666666666666664,75.60000000000001,4,4
4812,Female,24,BCA,CS,7.99,2,3,3,7,1,46,5,0,,0.0,18.0,69.9,11,11
4813,Female,23,BSc,CS,9.47,1,1,5,5,6,98,0,1,Product,3.47,36.333333333333336,89.7,6,6
4814,Female,24,BSc,IT,8.9,0,0,0,9,7,67,5,1,Startup,9.62,27.666666666666668,89.0,5,5
4815,Female,20,BCA,CS,9.18,1,1,5,4,2,57,1,0,,0.0,21.0,86.8,7,7
4816,Female,20,BSc,DS,9.33,1,3,4,10,2,54,0,0,,0.0,22.0,88.3,7,7
4817,Female,22,BTech,AI,8.95,1,2,0,2,8,79,1,0,,0.0,29.666666666666668,84.5,3,3
4818,Female,21,BCA,DS,6.93,3,0,0,10,2,69,0,1,Product,5.58,27.0,54.3,0,0
4819,Male,23,BSc,CS,6.42,3,0,5,8,10,64,5,0,,0.0,27.333333333333332,49.2,10,10
4820,Male,21,BTech,CS,7.96,1,3,2,4,2,89,0,0,,0.0,31.666666666666668,74.6,5,5
4821,Female,24,BTech,DS,8.47,2,2,0,4,5,89,2,0,,0.0,32.666666666666664,74.7,4,4
4822,Male,23,BCA,IT,7.16,3,0,4,3,4,84,1,0,,0.0,30.333333333333332,56.599999999999994,5,5
4823,Male,23,BTech,CS,9.15,1,3,4,9,1,69,5,1,Startup,12.01,26.333333333333332,86.5,12,12
4824,Female,20,BCA,DS,9.63,0,0,5,4,8,55,0,0,,0.0,22.333333333333332,96.30000000000001,5,5
4825,Male,24,BTech,DS,7.95,3,1,3,2,4,49,2,0,,0.0,18.333333333333332,64.5,6,6
4826,Female,20,BCA,AI,7.46,0,0,5,1,9,64,1,0,,0.0,24.666666666666668,74.6,6,6
4827,Female,20,BCA,IT,9.12,1,3,0,1,2,51,0,0,,0.0,18.0,86.19999999999999,3,3
4828,Female,22,BCA,Mechanical,5.6,1,1,1,8,2,79,2,0,,0.0,29.666666666666668,51.0,4,4
4829,Male,20,BCA,DS,6.05,1,0,2,1,6,94,4,0,,0.0,33.666666666666664,55.5,6,6
4830,Male,21,BTech,AI,9.14,0,0,5,5,2,40,0,0,,0.0,15.666666666666666,91.4,5,5
4831,Male,23,BCA,Mechanical,8.65,3,2,2,8,2,48,2,0,,0.0,19.333333333333332,71.5,6,6
4832,Male,20,BSc,AI,7.29,1,2,2,7,6,59,0,0,,0.0,24.0,67.9,4,4
4833,Female,21,BTech,AI,9.32,2,0,4,7,6,77,5,1,Startup,3.8,30.0,83.2,9,9
4834,Female,24,BCA,Electrical,7.01,1,1,4,8,8,57,1,0,,0.0,24.333333333333332,65.1,6,6
4835,Male,23,BTech,IT,8.23,3,2,3,3,10,68,2,0,,0.0,27.0,67.30000000000001,7,7
4836,Female,24,BTech,CS,8.23,3,2,0,5,1,76,1,1,Startup,6.61,27.333333333333332,67.30000000000001,3,3
4837,Female,21,BTech,IT,6.29,2,2,4,2,1,98,2,0,,0.0,33.666666666666664,52.9,8,8
4838,Male,24,BTech,Mechanical,6.72,1,3,2,5,7,88,0,1,Service,14.99,33.333333333333336,62.2,5,5
4839,Female,24,BCA,Electrical,9.44,3,0,4,5,9,51,1,0,,0.0,21.666666666666668,79.39999999999999,5,5
4840,Male,24,BTech,IT,6.29,3,1,5,2,7,76,5,0,,0.0,28.333333333333332,47.9,11,11
4841,Female,20,BSc,CS,6.25,3,1,0,10,4,71,3,0,,0.0,28.333333333333332,47.5,4,4
4842,Male,20,BTech,IT,7.56,0,0,4,6,9,51,5,0,,0.0,22.0,75.6,9,9
4843,Female,20,BTech,IT,5.9,3,2,5,1,6,95,3,0,,0.0,34.0,44.0,10,10
4844,Female,23,BSc,IT,9.35,3,1,0,8,10,76,5,1,Startup,12.68,31.333333333333332,78.5,6,6
4845,Male,21,BCA,DS,5.93,0,3,3,1,1,78,3,0,,0.0,26.666666666666668,59.3,9,9
4846,Male,20,BSc,DS,8.15,1,3,4,3,6,51,3,0,,0.0,20.0,76.5,10,10
4847,Male,24,BE,IT,6.96,2,1,0,1,10,95,2,0,,0.0,35.333333333333336,59.599999999999994,3,3
4848,Male,24,BSc,CS,8.96,0,3,5,2,6,72,5,0,,0.0,26.666666666666668,89.60000000000001,13,13
4849,Female,24,BCA,CS,8.04,0,0,5,7,1,95,1,1,Startup,9.67,34.333333333333336,80.39999999999999,6,6
4850,Female,24,BSc,CS,7.17,0,3,0,7,8,98,2,1,Startup,4.32,37.666666666666664,71.7,5,5
4851,Male,22,BTech,CS,9.73,3,3,5,5,5,82,1,1,Service,4.09,30.666666666666668,82.30000000000001,9,9
4852,Female,23,BCA,Electrical,5.78,1,1,1,5,4,71,5,0,,0.0,26.666666666666668,52.800000000000004,7,7
4853,Male,21,BE,Electrical,7.98,1,3,3,7,10,72,3,1,Service,12.74,29.666666666666668,74.80000000000001,9,9
4854,Male,21,BCA,AI,9.76,1,1,4,10,1,63,4,1,Product,5.19,24.666666666666668,92.6,9,9
4855,Female,20,BTech,IT,8.47,2,2,1,10,5,70,0,1,Startup,9.79,28.333333333333332,74.7,3,3
4856,Female,22,BE,IT,8.68,1,2,4,5,1,86,3,1,Product,3.47,30.666666666666668,81.8,9,9
4857,Male,21,BCA,AI,5.64,2,3,2,8,3,69,3,0,,0.0,26.666666666666668,46.4,8,8
4858,Male,23,BCA,CS,5.59,3,2,2,3,10,65,4,0,,0.0,26.0,40.9,8,8
4859,Male,24,BTech,Mechanical,5.66,1,1,0,2,1,41,2,0,,0.0,14.666666666666666,51.6,3,3
4860,Female,20,BSc,Mechanical,9.76,2,2,1,10,10,91,2,1,Service,9.96,37.0,87.6,5,5
4861,Female,23,BSc,AI,9.71,3,0,0,4,3,56,1,0,,0.0,21.0,82.10000000000001,1,1
4862,Female,21,BE,Mechanical,6.94,3,2,0,7,2,40,5,0,,0.0,16.333333333333332,54.400000000000006,7,7
4863,Female,22,BTech,DS,6.75,2,2,0,9,4,91,0,1,Product,14.18,34.666666666666664,57.5,2,2
4864,Male,20,BTech,IT,6.13,3,1,2,3,7,70,1,0,,0.0,26.666666666666668,46.3,4,4
4865,Male,21,BSc,Mechanical,6.92,3,2,5,3,1,99,3,0,,0.0,34.333333333333336,54.2,10,10
4866,Male,20,BSc,Electrical,7.09,1,3,0,7,7,68,2,1,Product,13.89,27.333333333333332,65.9,5,5
4867,Male,21,BE,Electrical,8.72,2,0,5,1,6,50,3,0,,0.0,19.0,77.2,8,8
4868,Male,24,BSc,DS,9.23,3,2,5,7,4,84,3,1,Startup,12.25,31.666666666666668,77.30000000000001,10,10
4869,Male,22,BE,IT,8.71,0,2,0,2,9,43,5,0,,0.0,18.0,87.10000000000001,7,7
4870,Female,24,BCA,DS,8.28,0,3,0,10,7,75,5,1,Startup,14.73,30.666666666666668,82.8,8,8
4871,Female,21,BE,IT,8.79,3,0,0,1,10,47,2,0,,0.0,19.333333333333332,72.89999999999999,2,2
4872,Male,23,BE,IT,8.68,1,0,1,10,10,75,5,1,Product,10.84,31.666666666666668,81.8,6,6
4873,Male,24,BE,Mechanical,7.55,0,2,4,9,5,86,3,1,Service,13.48,33.333333333333336,75.5,9,9
4874,Female,23,BCA,Electrical,6.94,1,1,1,1,2,60,3,0,,0.0,21.0,64.4,5,5
4875,Female,21,BSc,AI,6.72,3,0,3,8,1,50,0,0,,0.0,19.666666666666668,52.2,3,3
4876,Female,22,BE,Mechanical,8.42,2,0,5,10,2,51,1,0,,0.0,21.0,74.2,6,6
4877,Female,23,BSc,CS,9.63,3,1,1,7,9,65,0,1,Service,10.07,27.0,81.30000000000001,2,2
4878,Male,21,BE,DS,8.0,3,0,5,10,2,66,4,1,Service,9.34,26.0,65.0,9,9
4879,Male,23,BSc,CS,9.42,0,0,5,9,5,73,0,1,Service,13.9,29.0,94.2,5,5
4880,Male,24,BE,IT,5.56,2,1,5,5,8,49,1,0,,0.0,20.666666666666668,45.599999999999994,7,7
4881,Male,21,BSc,Mechanical,8.92,1,2,3,3,8,98,0,0,,0.0,36.333333333333336,84.2,5,5
4882,Male,24,BTech,CS,9.17,1,1,2,1,9,97,4,0,,0.0,35.666666666666664,86.7,7,7
4883,Female,20,BCA,CS,8.21,2,3,4,2,4,48,3,0,,0.0,18.0,72.10000000000001,10,10
4884,Male,21,BE,Electrical,9.52,1,3,0,6,10,78,3,1,Startup,4.45,31.333333333333332,90.19999999999999,6,6
4885,Female,23,BCA,CS,8.04,0,2,3,8,7,52,0,0,,0.0,22.333333333333332,80.39999999999999,5,5
4886,Male,20,BE,Electrical,6.53,3,3,2,9,9,51,4,0,,0.0,23.0,50.3,9,9
4887,Male,24,BTech,Electrical,6.43,1,3,4,8,7,56,1,0,,0.0,23.666666666666668,59.3,8,8
4888,Male,24,BTech,IT,7.89,0,0,3,2,1,43,4,0,,0.0,15.333333333333334,78.89999999999999,7,7
4889,Male,23,BCA,Electrical,9.4,1,0,2,1,6,78,0,0,,0.0,28.333333333333332,89.0,2,2
4890,Male,20,BE,IT,5.81,0,2,0,10,2,67,2,0,,0.0,26.333333333333332,58.099999999999994,4,4
4891,Female,22,BSc,Electrical,8.1,1,3,2,4,7,80,2,0,,0.0,30.333333333333332,76.0,7,7
4892,Female,23,BE,Electrical,8.81,1,3,2,5,9,59,5,0,,0.0,24.333333333333332,83.10000000000001,10,10
4893,Female,24,BSc,IT,6.0,2,1,0,10,7,46,4,0,,0.0,21.0,50.0,5,5
4894,Male,21,BCA,CS,6.0,2,0,5,6,8,95,0,0,,0.0,36.333333333333336,50.0,5,5
4895,Male,20,BCA,DS,7.07,0,1,5,4,2,47,4,0,,0.0,17.666666666666668,70.7,10,10
4896,Female,22,BTech,Mechanical,6.68,2,3,3,5,10,74,0,1,Startup,11.83,29.666666666666668,56.8,6,6
4897,Male,21,BSc,Mechanical,6.35,3,2,2,8,5,68,1,0,,0.0,27.0,48.5,5,5
4898,Male,20,BE,IT,6.35,2,3,0,10,10,86,2,0,,0.0,35.333333333333336,53.5,5,5
4899,Female,23,BTech,CS,6.06,0,2,3,3,1,54,3,0,,0.0,19.333333333333332,60.599999999999994,8,8
4900,Male,23,BCA,DS,8.13,2,2,0,1,3,70,2,0,,0.0,24.666666666666668,71.30000000000001,4,4
4901,Female,20,BTech,AI,8.46,0,1,1,9,1,51,3,0,,0.0,20.333333333333332,84.60000000000001,5,5
4902,Male,22,BE,IT,8.52,3,3,3,9,2,60,0,1,Service,11.03,23.666666666666668,70.19999999999999,6,6
4903,Female,20,BE,AI,7.79,0,1,1,2,4,87,3,0,,0.0,31.0,77.9,5,5
4904,Male,21,BCA,Mechanical,9.6,0,3,5,3,6,55,1,0,,0.0,21.333333333333332,96.0,9,9
4905,Male,21,BTech,Mechanical,9.29,3,2,2,8,1,78,0,1,Product,6.76,29.0,77.89999999999999,4,4
4906,Female,23,BSc,DS,9.62,3,0,2,3,9,71,2,0,,0.0,27.666666666666668,81.19999999999999,4,4
4907,Male,20,BSc,DS,7.17,0,3,2,3,1,45,2,0,,0.0,16.333333333333332,71.7,7,7
4908,Male,23,BSc,AI,9.27,1,2,3,6,8,63,4,1,Startup,13.34,25.666666666666668,87.69999999999999,9,9
4909,Female,22,BE,Mechanical,8.78,1,0,4,6,1,71,5,1,Service,13.99,26.0,82.8,9,9
4910,Male,21,BTech,DS,6.96,0,3,3,7,1,57,3,0,,0.0,21.666666666666668,69.6,9,9
4911,Female,24,BSc,DS,5.96,2,0,3,10,8,95,0,0,,0.0,37.666666666666664,49.6,3,3
4912,Male,24,BTech,Mechanical,8.44,0,3,4,4,2,83,5,0,,0.0,29.666666666666668,84.39999999999999,12,12
4913,Male,20,BCA,Mechanical,6.09,0,3,3,5,1,49,3,0,,0.0,18.333333333333332,60.9,9,9
4914,Male,20,BSc,CS,6.76,2,0,5,10,7,68,1,1,Service,7.12,28.333333333333332,57.599999999999994,6,6
4915,Male,24,BTech,Electrical,7.65,3,1,1,3,1,48,1,0,,0.0,17.333333333333332,61.5,3,3
4916,Female,20,BE,DS,8.42,0,0,4,2,4,52,4,0,,0.0,19.333333333333332,84.2,8,8
4917,Male,21,BCA,AI,9.48,1,0,4,3,10,90,0,0,,0.0,34.333333333333336,89.80000000000001,4,4
4918,Female,22,BCA,IT,8.05,3,2,1,3,10,66,0,0,,0.0,26.333333333333332,65.5,3,3
4919,Male,22,BCA,IT,8.39,3,0,4,2,9,76,3,0,,0.0,29.0,68.9,7,7
4920,Male,23,BCA,Mechanical,6.83,0,3,4,1,10,47,4,0,,0.0,19.333333333333332,68.3,11,11
4921,Male,21,BE,Electrical,8.46,1,3,1,3,3,92,5,0,,0.0,32.666666666666664,79.60000000000001,9,9
4922,Male,20,BE,AI,7.38,2,0,0,1,6,41,2,0,,0.0,16.0,63.8,2,2
4923,Female,20,BSc,CS,9.18,2,2,0,8,10,81,0,1,Product,4.92,33.0,81.8,2,2
4924,Female,23,BE,DS,7.19,2,3,5,5,9,43,0,0,,0.0,19.0,61.900000000000006,8,8
4925,Female,23,BE,CS,7.51,1,1,0,6,4,49,0,0,,0.0,19.666666666666668,70.1,1,1
4926,Female,20,BCA,AI,7.36,3,0,1,10,3,53,4,0,,0.0,22.0,58.60000000000001,5,5
4927,Male,20,BE,CS,8.99,3,1,2,7,5,64,5,1,Product,5.07,25.333333333333332,74.9,8,8
4928,Female,21,BCA,Mechanical,9.6,0,2,3,7,7,80,1,1,Service,10.06,31.333333333333332,96.0,6,6
4929,Female,23,BTech,IT,6.91,3,1,4,4,5,53,2,0,,0.0,20.666666666666668,54.099999999999994,7,7
4930,Male,21,BTech,Mechanical,7.54,3,0,1,6,4,49,1,0,,0.0,19.666666666666668,60.400000000000006,2,2
4931,Male,20,BTech,DS,8.54,2,1,3,8,1,47,5,0,,0.0,18.666666666666668,75.39999999999999,9,9
4932,Male,24,BTech,Mechanical,9.35,2,3,1,6,6,45,5,0,,0.0,19.0,83.5,9,9
4933,Male,24,BTech,AI,7.62,2,1,4,7,4,44,5,0,,0.0,18.333333333333332,66.2,10,10
4934,Female,20,BTech,AI,5.97,3,2,2,3,6,60,3,0,,0.0,23.0,44.699999999999996,7,7
4935,Female,23,BTech,DS,7.09,0,2,1,9,6,88,0,1,Startup,4.97,34.333333333333336,70.9,3,3
4936,Male,24,BCA,DS,7.87,3,2,3,10,4,62,3,1,Service,10.96,25.333333333333332,63.7,8,8
4937,Male,23,BCA,IT,7.3,0,3,5,2,8,76,5,0,,0.0,28.666666666666668,73.0,13,13
4938,Male,24,BCA,CS,6.3,3,2,3,8,4,58,3,0,,0.0,23.333333333333332,48.0,8,8
4939,Female,23,BCA,IT,5.66,1,3,4,8,5,92,0,0,,0.0,35.0,51.6,7,7
4940,Female,24,BE,Mechanical,8.46,3,2,5,2,5,88,5,0,,0.0,31.666666666666668,69.60000000000001,12,12
4941,Male,23,BE,CS,9.77,1,2,0,9,2,59,4,0,,0.0,23.333333333333332,92.69999999999999,6,6
4942,Male,21,BSc,DS,9.45,0,2,4,3,8,49,3,0,,0.0,20.0,94.5,9,9
4943,Female,23,BE,AI,8.44,3,3,5,10,8,57,4,0,,0.0,25.0,69.39999999999999,12,12
4944,Male,21,BCA,Mechanical,9.12,3,2,5,6,10,59,1,0,,0.0,25.0,76.19999999999999,8,8
4945,Male,21,BCA,IT,6.6,0,3,4,4,8,87,2,0,,0.0,33.0,66.0,9,9
4946,Female,20,BTech,Electrical,8.18,2,3,0,5,1,50,2,0,,0.0,18.666666666666668,71.8,5,5
4947,Male,21,BTech,Electrical,5.76,2,3,2,3,7,54,2,0,,0.0,21.333333333333332,47.599999999999994,7,7
4948,Female,22,BSc,DS,8.54,1,1,1,10,3,71,2,1,Startup,11.82,28.0,80.39999999999999,4,4
4949,Male,21,BE,CS,9.67,3,2,3,8,1,50,5,0,,0.0,19.666666666666668,81.7,10,10
4950,Male,23,BCA,Electrical,9.2,2,3,1,10,5,91,4,1,Service,8.93,35.333333333333336,82.0,8,8
4951,Female,21,BE,CS,7.8,0,1,1,10,4,68,1,1,Product,12.08,27.333333333333332,78.0,3,3
4952,Female,23,BSc,AI,8.89,0,0,3,8,7,79,4,1,Product,5.92,31.333333333333332,88.9,7,7
4953,Male,23,BTech,DS,9.56,3,3,0,7,1,78,3,1,Product,3.04,28.666666666666668,80.60000000000001,6,6
4954,Female,22,BCA,DS,6.43,1,3,3,7,1,40,0,0,,0.0,16.0,59.3,6,6
4955,Male,21,BTech,Mechanical,8.91,0,2,0,2,8,86,5,0,,0.0,32.0,89.1,7,7
4956,Male,21,BCA,Mechanical,6.66,3,3,0,10,4,66,3,1,Service,3.61,26.666666666666668,51.599999999999994,6,6
4957,Female,24,BTech,CS,9.27,1,0,4,6,9,74,4,1,Product,12.95,29.666666666666668,87.69999999999999,8,8
4958,Male,24,BTech,Electrical,5.92,2,3,2,4,10,47,3,0,,0.0,20.333333333333332,49.2,8,8
4959,Male,20,BSc,Electrical,6.27,3,3,5,9,10,51,3,0,,0.0,23.333333333333332,47.699999999999996,11,11
4960,Female,23,BE,IT,8.6,1,2,4,5,5,67,3,1,Service,11.26,25.666666666666668,81.0,9,9
4961,Female,22,BTech,CS,6.25,0,3,2,6,6,87,1,0,,0.0,33.0,62.5,6,6
4962,Male,24,BCA,Electrical,6.18,2,0,0,7,2,58,1,0,,0.0,22.333333333333332,51.8,1,1
4963,Female,21,BE,Mechanical,7.89,0,1,5,2,3,68,0,0,,0.0,24.333333333333332,78.89999999999999,6,6
4964,Female,20,BE,Mechanical,9.09,0,2,5,1,7,93,2,0,,0.0,33.666666666666664,90.9,9,9
4965,Female,22,BTech,Mechanical,6.65,2,1,4,6,7,81,5,1,Service,14.55,31.333333333333332,56.5,10,10
4966,Female,21,BTech,CS,9.12,3,0,1,9,6,81,5,1,Service,12.24,32.0,76.19999999999999,6,6
4967,Male,21,BTech,DS,8.97,3,3,3,7,4,57,4,0,,0.0,22.666666666666668,74.7,10,10
4968,Male,23,BE,IT,7.99,3,1,3,9,10,73,4,1,Product,4.17,30.666666666666668,64.9,8,8
4969,Male,23,BSc,IT,8.28,0,2,3,3,4,90,1,0,,0.0,32.333333333333336,82.8,6,6
4970,Female,24,BTech,Mechanical,5.67,0,1,2,5,8,58,1,0,,0.0,23.666666666666668,56.7,4,4
4971,Female,24,BE,AI,7.08,3,3,3,6,9,63,0,1,Service,4.74,26.0,55.8,6,6
4972,Female,21,BE,CS,6.63,3,1,2,6,8,73,4,1,Startup,13.04,29.0,51.3,7,7
4973,Female,21,BCA,Electrical,6.15,2,0,2,5,8,71,4,0,,0.0,28.0,51.5,6,6
4974,Female,24,BTech,Electrical,7.18,0,3,5,2,5,41,0,0,,0.0,16.0,71.8,8,8
4975,Female,24,BSc,DS,7.03,1,3,2,10,2,71,5,1,Startup,12.14,27.666666666666668,65.3,10,10
4976,Female,21,BCA,Mechanical,8.63,3,3,1,3,10,47,0,0,,0.0,20.0,71.30000000000001,4,4
4977,Male,22,BTech,AI,8.07,3,0,5,6,2,84,3,1,Service,9.77,30.666666666666668,65.7,8,8
4978,Male,21,BCA,Mechanical,9.43,0,2,0,9,2,92,0,1,Service,9.28,34.333333333333336,94.3,2,2
4979,Female,22,BTech,AI,6.13,3,0,1,10,6,48,3,0,,0.0,21.333333333333332,46.3,4,4
4980,Female,22,BCA,IT,5.76,3,3,0,8,10,62,5,0,,0.0,26.666666666666668,42.599999999999994,8,8
4981,Female,21,BSc,AI,7.8,0,3,1,8,5,94,4,1,Product,14.85,35.666666666666664,78.0,8,8
4982,Male,20,BCA,IT,5.5,3,1,2,8,4,68,3,0,,0.0,26.666666666666668,40.0,6,6
4983,Male,24,BCA,IT,8.89,2,0,0,6,4,46,2,0,,0.0,18.666666666666668,78.9,2,2
4984,Female,23,BCA,CS,7.68,1,2,5,3,8,44,1,0,,0.0,18.333333333333332,71.8,8,8
4985,Female,21,BTech,AI,7.6,0,3,3,5,10,79,3,1,Product,3.23,31.333333333333332,76.0,9,9
4986,Male,22,BTech,DS,7.06,2,0,1,8,2,71,2,1,Service,6.87,27.0,60.599999999999994,3,3
4987,Male,21,BSc,DS,7.11,0,3,0,3,5,79,0,0,,0.0,29.0,71.10000000000001,3,3
4988,Male,24,BCA,AI,7.35,0,2,3,1,7,42,0,0,,0.0,16.666666666666668,73.5,5,5
4989,Male,22,BE,CS,5.57,0,2,4,1,7,49,0,0,,0.0,19.0,55.7,6,6
4990,Female,23,BCA,DS,5.86,1,1,2,7,8,79,0,0,,0.0,31.333333333333332,53.6,3,3
4991,Male,23,BE,Mechanical,7.67,2,1,1,6,3,92,2,1,Service,7.72,33.666666666666664,66.7,4,4
4992,Male,23,BE,DS,6.15,1,1,1,5,2,68,1,0,,0.0,25.0,56.5,3,3
4993,Female,20,BCA,CS,8.85,0,2,5,8,8,84,5,1,Service,12.56,33.333333333333336,88.5,12,12
4994,Male,22,BE,IT,6.68,3,0,5,8,9,58,5,0,,0.0,25.0,51.8,10,10
4995,Male,22,BE,IT,5.92,1,0,4,1,1,64,3,0,,0.0,22.0,54.2,7,7
4996,Male,20,BCA,IT,6.51,3,2,0,7,9,59,1,0,,0.0,25.0,50.099999999999994,3,3
4997,Female,22,BTech,CS,7.04,0,2,1,2,8,86,3,0,,0.0,32.0,70.4,6,6
4998,Male,20,BCA,IT,5.65,3,0,1,4,7,77,1,0,,0.0,29.333333333333332,41.5,2,2
4999,Female,21,BSc,IT,6.11,1,3,1,1,8,85,2,0,,0.0,31.333333333333332,56.1,6,6
5000,Female,24,BE,CS,6.89,2,0,1,2,3,49,2,0,,0.0,18.0,58.89999999999999,3,3
5001,Male,23,BSc,Mechanical,6.84,3,2,4,10,2,90,0,1,Service,4.65,34.0,53.400000000000006,6,6
5002,Male,20,BE,DS,8.94,1,0,2,9,4,50,4,0,,0.0,21.0,84.39999999999999,6,6
5003,Male,20,BTech,CS,9.13,2,0,1,1,7,53,2,0,,0.0,20.333333333333332,81.30000000000001,3,3
5004,Male,20,BE,CS,6.33,0,2,4,7,2,90,2,0,,0.0,33.0,63.3,8,8
5005,Female,21,BCA,AI,6.03,2,3,3,4,7,70,0,0,,0.0,27.0,50.300000000000004,6,6
5006,Male,20,BE,IT,8.23,0,2,1,7,7,44,4,0,,0.0,19.333333333333332,82.30000000000001,7,7
5007,Male,24,BSc,Electrical,8.96,1,1,0,7,10,82,2,1,Product,14.11,33.0,84.60000000000001,3,3
5008,Male,24,BCA,Mechanical,9.64,1,1,4,10,9,67,2,1,Startup,14.17,28.666666666666668,91.4,7,7
5009,Female,23,BSc,Electrical,5.53,2,0,0,3,3,58,1,0,,0.0,21.333333333333332,45.300000000000004,1,1
5010,Male,21,BTech,AI,7.28,1,2,2,2,9,72,3,0,,0.0,27.666666666666668,67.8,7,7
5011,Male,24,BSc,Mechanical,8.66,1,3,3,3,7,41,3,0,,0.0,17.0,81.6,9,9
5012,Female,22,BSc,IT,9.06,0,0,0,5,8,93,5,1,Product,10.07,35.333333333333336,90.60000000000001,5,5
5013,Female,22,BSc,Electrical,5.77,1,2,1,8,3,68,1,0,,0.0,26.333333333333332,52.699999999999996,4,4
5014,Male,22,BCA,IT,8.43,3,0,4,9,5,57,5,0,,0.0,23.666666666666668,69.3,9,9
5015,Male,20,BTech,IT,6.74,0,0,3,4,7,85,5,0,,0.0,32.0,67.4,8,8
5016,Male,20,BTech,DS,5.82,3,2,4,6,8,49,3,0,,0.0,21.0,43.2,9,9
5017,Male,22,BTech,Mechanical,7.6,2,3,5,4,6,95,0,0,,0.0,35.0,66.0,8,8
5018,Male,23,BSc,Mechanical,6.18,3,3,3,9,6,77,4,0,,0.0,30.666666666666668,46.8,10,10
5019,Female,23,BCA,AI,8.67,1,1,5,5,5,54,2,0,,0.0,21.333333333333332,81.7,8,8
5020,Female,20,BCA,CS,8.69,2,3,0,2,4,61,3,0,,0.0,22.333333333333332,76.89999999999999,6,6
5021,Male,22,BCA,IT,9.12,1,1,2,1,7,66,2,0,,0.0,24.666666666666668,86.19999999999999,5,5
5022,Male,23,BSc,IT,7.12,2,2,5,5,10,66,1,1,Product,11.27,27.0,61.2,8,8
5023,Female,20,BTech,Electrical,5.56,2,0,4,8,5,61,1,0,,0.0,24.666666666666668,45.599999999999994,5,5
5024,Male,22,BSc,AI,6.62,0,0,1,6,8,60,3,1,Service,5.13,24.666666666666668,66.2,4,4
5025,Male,21,BCA,Mechanical,7.51,3,3,4,7,1,70,1,1,Service,14.24,26.0,60.099999999999994,8,8
5026,Male,22,BSc,DS,8.48,1,0,5,9,8,73,3,1,Startup,6.41,30.0,79.80000000000001,8,8
5027,Male,22,BE,Mechanical,7.14,2,2,2,4,5,45,0,0,,0.0,18.0,61.39999999999999,4,4
5028,Male,24,BTech,DS,7.81,0,3,5,5,4,52,3,0,,0.0,20.333333333333332,78.1,11,11
5029,Female,24,BTech,DS,7.75,2,3,0,9,6,79,1,1,Startup,3.5,31.333333333333332,67.5,4,4
5030,Male,21,BCA,Mechanical,6.21,3,1,1,3,7,54,0,0,,0.0,21.333333333333332,47.1,2,2
5031,Male,21,BSc,Electrical,8.18,2,2,1,1,3,66,5,0,,0.0,23.333333333333332,71.8,8,8
5032,Male,22,BCA,IT,7.39,3,1,0,8,4,99,0,1,Startup,12.13,37.0,58.89999999999999,1,1
5033,Female,23,BSc,DS,8.97,2,3,4,9,7,98,3,1,Startup,14.57,38.0,79.7,10,10
5034,Female,21,BE,Electrical,8.47,3,1,1,10,7,70,2,1,Service,3.49,29.0,69.7,4,4
5035,Female,22,BTech,AI,5.98,1,2,4,10,3,87,2,0,,0.0,33.333333333333336,54.800000000000004,8,8
5036,Female,20,BTech,AI,7.6,3,1,4,4,9,81,1,0,,0.0,31.333333333333332,61.0,6,6
5037,Male,24,BSc,DS,8.52,3,3,0,6,3,62,5,1,Startup,14.6,23.666666666666668,70.19999999999999,8,8
5038,Female,23,BTech,IT,5.87,1,1,2,7,8,85,3,0,,0.0,33.333333333333336,53.7,6,6
5039,Male,22,BSc,DS,8.91,3,3,2,7,8,74,2,1,Startup,14.22,29.666666666666668,74.1,7,7
5040,Male,20,BCA,AI,6.45,2,3,4,8,3,93,3,0,,0.0,34.666666666666664,54.5,10,10
5041,Female,24,BE,AI,7.66,2,1,0,6,7,47,2,0,,0.0,20.0,66.6,3,3
5042,Female,20,BSc,Mechanical,9.54,2,0,2,7,3,94,0,1,Product,14.65,34.666666666666664,85.39999999999999,2,2
5043,Female,22,BE,IT,7.96,1,2,5,9,2,72,3,1,Service,6.97,27.666666666666668,74.6,10,10
5044,Female,21,BCA,Mechanical,7.32,3,3,4,6,7,67,2,1,Product,10.88,26.666666666666668,58.2,9,9
5045,Female,24,BCA,Electrical,5.53,3,0,1,2,8,46,4,0,,0.0,18.666666666666668,40.300000000000004,5,5
5046,Male,20,BCA,Electrical,6.07,2,2,1,4,9,75,1,0,,0.0,29.333333333333332,50.7,4,4
5047,Female,21,BSc,Electrical,7.99,3,0,5,5,1,82,1,1,Service,14.29,29.333333333333332,64.9,6,6
5048,Female,23,BE,CS,7.62,2,1,3,8,9,52,3,0,,0.0,23.0,66.2,7,7
5049,Female,22,BE,Electrical,7.06,2,3,3,4,2,81,4,0,,0.0,29.0,60.599999999999994,10,10
5050,Male,22,BTech,DS,9.47,2,0,3,1,3,70,0,0,,0.0,24.666666666666668,84.7,3,3
5051,Female,24,BSc,Mechanical,6.93,1,0,2,1,8,52,1,0,,0.0,20.333333333333332,64.3,3,3
5052,Male,20,BTech,Electrical,7.81,0,2,5,2,2,74,3,0,,0.0,26.0,78.1,10,10
5053,Female,23,BTech,IT,7.95,0,2,1,8,7,95,5,1,Startup,9.87,36.666666666666664,79.5,8,8
5054,Female,24,BSc,Electrical,7.77,3,3,1,3,8,89,1,0,,0.0,33.333333333333336,62.69999999999999,5,5
5055,Male,24,BTech,DS,7.55,2,0,2,6,10,46,3,0,,0.0,20.666666666666668,65.5,5,5
5056,Female,20,BTech,DS,6.95,0,3,1,7,5,61,5,1,Service,10.42,24.333333333333332,69.5,9,9
5057,Male,23,BTech,DS,9.41,0,2,1,1,3,79,4,0,,0.0,27.666666666666668,94.1,7,7
5058,Male,20,BCA,DS,7.44,3,3,4,5,9,91,2,1,Startup,14.78,35.0,59.400000000000006,9,9
5059,Male,22,BSc,DS,7.77,1,1,1,2,8,73,2,0,,0.0,27.666666666666668,72.69999999999999,4,4
5060,Female,21,BCA,IT,8.32,3,3,4,7,3,48,5,0,,0.0,19.333333333333332,68.2,12,12
5061,Female,22,BTech,CS,5.79,3,1,3,3,8,71,2,0,,0.0,27.333333333333332,42.9,6,6
5062,Female,22,BTech,AI,8.86,2,3,0,9,3,74,2,1,Service,11.9,28.666666666666668,78.6,5,5
5063,Male,24,BCA,CS,7.7,1,3,4,1,6,42,0,0,,0.0,16.333333333333332,72.0,7,7
5064,Female,22,BTech,AI,8.33,3,1,5,2,1,60,3,0,,0.0,21.0,68.3,9,9
5065,Male,23,BSc,Mechanical,8.82,0,2,1,9,4,96,0,1,Service,5.48,36.333333333333336,88.2,3,3
5066,Female,22,BE,DS,9.26,0,3,3,7,8,52,2,0,,0.0,22.333333333333332,92.6,8,8
5067,Male,23,BCA,Mechanical,7.19,3,2,0,3,6,72,2,0,,0.0,27.0,56.900000000000006,4,4
5068,Male,20,BE,Mechanical,8.99,2,0,0,8,5,75,4,1,Product,9.93,29.333333333333332,79.9,4,4
5069,Male,24,BE,AI,6.61,2,2,3,5,6,49,1,0,,0.0,20.0,56.10000000000001,6,6
5070,Female,23,BE,IT,8.34,3,0,3,2,7,75,2,0,,0.0,28.0,68.4,5,5
5071,Male,22,BCA,DS,5.94,1,2,0,10,1,57,0,0,,0.0,22.666666666666668,54.400000000000006,2,2
5072,Male,24,BTech,Electrical,5.59,2,2,0,1,3,70,5,0,,0.0,24.666666666666668,45.9,7,7
5073,Male,24,BSc,Mechanical,5.91,0,0,1,6,1,84,0,0,,0.0,30.333333333333332,59.1,1,1
5074,Male,23,BTech,CS,6.87,1,1,5,4,9,79,5,0,,0.0,30.666666666666668,63.7,11,11
5075,Male,23,BSc,DS,5.63,3,2,4,2,4,40,0,0,,0.0,15.333333333333334,41.3,6,6
5076,Male,21,BTech,IT,8.21,1,0,4,1,2,70,4,0,,0.0,24.333333333333332,77.10000000000001,8,8
5077,Female,21,BE,DS,6.86,2,2,0,7,5,65,0,1,Startup,13.24,25.666666666666668,58.60000000000001,2,2
5078,Female,24,BE,Electrical,8.67,2,2,0,4,2,55,5,0,,0.0,20.333333333333332,76.7,7,7
5079,Male,21,BSc,Electrical,5.7,0,2,5,1,7,77,3,0,,0.0,28.333333333333332,57.0,10,10
5080,Female,22,BCA,Mechanical,6.43,3,2,5,10,4,94,5,0,,0.0,36.0,49.3,12,12
5081,Female,20,BTech,CS,7.25,1,3,2,1,5,51,3,0,,0.0,19.0,67.5,8,8
5082,Male,24,BE,Mechanical,7.15,1,2,0,7,9,87,4,1,Product,9.05,34.333333333333336,66.5,6,6
5083,Male,20,BSc,IT,6.06,1,0,4,5,2,82,3,0,,0.0,29.666666666666668,55.599999999999994,7,7
5084,Male,21,BTech,AI,9.77,1,2,1,1,5,82,5,0,,0.0,29.333333333333332,92.69999999999999,8,8
5085,Female,23,BSc,Electrical,6.72,0,0,2,9,4,90,4,1,Service,10.05,34.333333333333336,67.2,6,6
5086,Male,24,BCA,CS,8.6,0,0,4,3,3,68,4,0,,0.0,24.666666666666668,86.0,8,8
5087,Female,21,BCA,Electrical,6.45,0,1,1,10,1,99,4,0,,0.0,36.666666666666664,64.5,6,6
5088,Male,22,BTech,IT,9.27,2,0,5,1,6,97,5,0,,0.0,34.666666666666664,82.69999999999999,10,10
5089,Female,24,BCA,IT,7.17,0,0,5,2,7,99,5,0,,0.0,36.0,71.7,10,10
5090,Male,24,BTech,Electrical,9.37,0,1,2,10,1,51,3,0,,0.0,20.666666666666668,93.69999999999999,6,6
5091,Male,23,BTech,Mechanical,6.97,3,2,2,6,6,44,5,0,,0.0,18.666666666666668,54.7,9,9
5092,Female,24,BCA,Electrical,5.54,3,3,2,3,1,81,2,0,,0.0,28.333333333333332,40.4,7,7
5093,Female,23,BSc,Mechanical,7.72,3,1,2,10,6,41,3,0,,0.0,19.0,62.2,6,6
5094,Female,21,BSc,Electrical,7.76,3,3,2,8,4,99,4,1,Startup,6.68,37.0,62.599999999999994,9,9
5095,Female,22,BTech,Mechanical,6.02,0,2,2,1,6,51,1,0,,0.0,19.333333333333332,60.199999999999996,5,5
5096,Female,22,BE,AI,6.51,0,2,3,1,1,53,3,0,,0.0,18.333333333333332,65.1,8,8
5097,Female,24,BTech,DS,8.87,2,3,5,8,1,86,1,1,Product,5.77,31.666666666666668,78.69999999999999,9,9
5098,Male,24,BSc,DS,5.66,1,3,1,1,3,93,3,0,,0.0,32.333333333333336,51.6,7,7
5099,Female,21,BTech,Mechanical,7.6,1,0,4,4,6,69,4,0,,0.0,26.333333333333332,71.0,8,8
5100,Male,23,BSc,Mechanical,7.78,3,2,0,6,3,74,3,1,Service,8.5,27.666666666666668,62.8,5,5
5101,Male,22,BCA,AI,8.46,2,1,4,1,7,86,0,0,,0.0,31.333333333333332,74.60000000000001,5,5
5102,Female,23,BTech,DS,5.66,0,1,3,4,4,99,0,0,,0.0,35.666666666666664,56.6,4,4
5103,Male,21,BTech,AI,8.02,1,2,3,5,9,56,4,0,,0.0,23.333333333333332,75.19999999999999,9,9
5104,Female,22,BCA,IT,5.51,3,3,2,1,7,42,2,0,,0.0,16.666666666666668,40.099999999999994,7,7
5105,Female,22,BCA,Electrical,6.64,3,3,3,2,4,48,1,0,,0.0,18.0,51.39999999999999,7,7
5106,Male,20,BE,DS,7.65,1,1,4,2,9,99,5,0,,0.0,36.666666666666664,71.5,10,10
5107,Male,21,BCA,Mechanical,9.42,1,3,3,6,5,46,3,0,,0.0,19.0,89.2,9,9
5108,Female,21,BE,CS,6.04,1,1,4,2,4,59,4,0,,0.0,21.666666666666668,55.4,9,9
5109,Female,20,BCA,IT,6.23,0,0,2,6,2,51,1,0,,0.0,19.666666666666668,62.300000000000004,3,3
5110,Male,23,BSc,Electrical,8.38,1,0,2,9,9,46,3,0,,0.0,21.333333333333332,78.80000000000001,5,5
5111,Male,20,BTech,CS,7.11,2,0,3,2,10,68,3,0,,0.0,26.666666666666668,61.10000000000001,6,6
5112,Male,21,BCA,AI,8.18,2,2,5,7,8,93,2,1,Startup,3.87,36.0,71.8,9,9
5113,Male,23,BSc,Electrical,9.79,1,3,0,1,6,68,1,0,,0.0,25.0,92.89999999999999,4,4
5114,Female,22,BCA,AI,9.74,0,0,2,9,1,97,3,1,Product,3.52,35.666666666666664,97.4,5,5
5115,Female,20,BTech,AI,7.02,3,1,1,4,8,57,2,0,,0.0,23.0,55.19999999999999,4,4
5116,Female,23,BCA,Mechanical,7.67,1,0,1,5,4,41,0,0,,0.0,16.666666666666668,71.7,1,1
5117,Female,23,BCA,AI,9.39,1,3,2,4,1,87,2,0,,0.0,30.666666666666668,88.9,7,7
5118,Male,23,BTech,CS,5.9,1,1,5,10,3,50,1,0,,0.0,21.0,54.0,7,7
5119,Male,20,BCA,IT,7.44,2,0,5,9,6,65,2,1,Service,4.1,26.666666666666668,64.4,7,7
5120,Female,22,BTech,Mechanical,7.12,2,3,3,1,2,66,0,0,,0.0,23.0,61.2,6,6
5121,Female,23,BE,IT,6.77,3,1,2,10,8,58,0,0,,0.0,25.333333333333332,52.69999999999999,3,3
5122,Female,20,BCA,AI,9.78,0,0,3,6,5,98,1,1,Service,9.59,36.333333333333336,97.8,4,4
5123,Female,21,BSc,DS,8.65,1,0,4,5,5,77,4,1,Product,14.03,29.0,81.5,8,8
5124,Female,20,BCA,Electrical,7.17,1,3,0,8,1,59,2,0,,0.0,22.666666666666668,66.7,5,5
5125,Female,20,BTech,Mechanical,9.06,1,0,0,2,9,63,1,0,,0.0,24.666666666666668,85.60000000000001,1,1
5126,Female,20,BTech,AI,7.61,3,3,4,4,2,78,3,0,,0.0,28.0,61.10000000000001,10,10
5127,Female,23,BSc,Mechanical,9.25,1,0,4,5,9,52,2,0,,0.0,22.0,87.5,6,6
5128,Female,20,BSc,DS,6.65,2,1,4,8,10,45,0,0,,0.0,21.0,56.5,5,5
5129,Male,21,BTech,CS,6.46,0,0,0,1,10,79,2,0,,0.0,30.0,64.6,2,2
5130,Female,23,BE,CS,6.56,2,2,2,7,1,76,1,1,Service,14.86,28.0,55.599999999999994,5,5
5131,Male,21,BE,Electrical,7.82,1,0,1,8,10,96,4,1,Product,4.09,38.0,73.2,5,5
5132,Male,24,BTech,CS,6.75,3,3,5,1,8,40,4,0,,0.0,16.333333333333332,52.5,12,12
5133,Female,20,BE,DS,6.13,2,0,5,5,3,91,5,0,,0.0,33.0,51.3,10,10
5134,Female,23,BSc,IT,9.78,0,2,3,6,3,41,3,0,,0.0,16.666666666666668,97.8,8,8
5135,Male,23,BE,DS,9.37,3,1,1,10,7,77,1,1,Product,9.57,31.333333333333332,78.69999999999999,3,3
5136,Male,20,BSc,DS,8.23,1,2,3,5,7,80,5,1,Product,13.69,30.666666666666668,77.30000000000001,10,10
5137,Female,22,BCA,AI,9.33,1,1,0,9,7,69,2,1,Startup,9.65,28.333333333333332,88.3,3,3
5138,Male,22,BSc,CS,9.52,3,2,2,4,7,63,0,0,,0.0,24.666666666666668,80.19999999999999,4,4
5139,Female,21,BCA,Mechanical,8.41,2,2,1,2,3,80,2,0,,0.0,28.333333333333332,74.1,5,5
5140,Female,20,BSc,Electrical,7.73,2,2,4,9,8,77,2,1,Product,8.47,31.333333333333332,67.30000000000001,8,8
5141,Female,20,BSc,IT,9.29,3,1,4,2,1,66,0,0,,0.0,23.0,77.89999999999999,5,5
5142,Male,24,BE,Mechanical,7.94,2,0,4,2,3,69,3,0,,0.0,24.666666666666668,69.4,7,7
5143,Male,22,BSc,AI,6.05,0,3,5,6,8,48,5,0,,0.0,20.666666666666668,60.5,13,13
5144,Female,22,BTech,AI,7.08,3,0,1,9,2,93,4,1,Startup,9.01,34.666666666666664,55.8,5,5
5145,Male,20,BCA,IT,7.42,0,2,2,5,7,76,5,1,Service,6.54,29.333333333333332,74.2,9,9
5146,Male,21,BCA,Mechanical,9.52,3,1,2,10,4,55,4,0,,0.0,23.0,80.19999999999999,7,7
5147,Male,20,BSc,IT,8.33,0,1,4,2,6,74,5,0,,0.0,27.333333333333332,83.3,10,10
5148,Male,21,BTech,IT,9.26,1,0,1,6,9,67,5,1,Service,5.88,27.333333333333332,87.6,6,6
5149,Male,22,BSc,CS,8.76,1,1,4,1,8,51,2,0,,0.0,20.0,82.6,7,7
5150,Male,24,BSc,Mechanical,6.83,2,1,3,10,4,51,5,0,,0.0,21.666666666666668,58.3,9,9
5151,Male,23,BE,CS,8.59,3,2,3,10,7,90,1,1,Service,12.05,35.666666666666664,70.9,6,6
5152,Female,22,BSc,CS,6.34,1,1,1,3,3,96,4,0,,0.0,34.0,58.4,6,6
5153,Male,21,BSc,Electrical,7.26,3,1,3,3,9,48,5,0,,0.0,20.0,57.599999999999994,9,9
5154,Male,20,BE,CS,8.97,3,2,0,10,2,68,3,1,Product,13.36,26.666666666666668,74.7,5,5
5155,Male,22,BE,DS,8.13,0,0,0,6,6,90,3,1,Startup,13.28,34.0,81.30000000000001,3,3
5156,Male,24,BTech,AI,9.05,1,3,0,4,5,90,0,0,,0.0,33.0,85.5,3,3
5157,Male,21,BE,AI,6.6,2,3,3,8,4,60,1,1,Product,11.37,24.0,56.0,7,7
5158,Male,20,BCA,DS,8.72,2,3,2,7,2,56,4,0,,0.0,21.666666666666668,77.2,9,9
5159,Male,23,BCA,IT,6.37,2,0,0,9,9,72,1,0,,0.0,30.0,53.7,1,1
5160,Male,21,BTech,Mechanical,7.84,3,1,4,5,5,73,4,1,Service,9.87,27.666666666666668,63.400000000000006,9,9
5161,Female,20,BSc,Mechanical,7.36,2,2,2,5,1,65,0,1,Product,11.12,23.666666666666668,63.60000000000001,4,4
5162,Male,23,BTech,Mechanical,7.89,3,0,1,5,5,93,1,1,Service,7.81,34.333333333333336,63.89999999999999,2,2
5163,Male,20,BE,CS,6.08,1,3,3,9,7,57,1,0,,0.0,24.333333333333332,55.8,7,7
5164,Male,23,BSc,Mechanical,7.05,3,1,4,2,3,73,4,0,,0.0,26.0,55.5,9,9
5165,Male,23,BTech,Mechanical,8.37,2,3,1,7,7,77,2,1,Service,6.02,30.333333333333332,73.69999999999999,6,6
5166,Female,23,BTech,Mechanical,7.9,1,3,3,10,6,64,4,1,Service,13.43,26.666666666666668,74.0,10,10
5167,Female,20,BCA,AI,7.86,2,3,5,3,7,91,1,0,,0.0,33.666666666666664,68.60000000000001,9,9
5168,Female,23,BTech,DS,7.7,3,0,3,8,9,90,0,1,Service,3.43,35.666666666666664,62.0,3,3
5169,Female,21,BSc,Electrical,9.56,3,1,4,9,2,73,0,1,Service,5.35,28.0,80.60000000000001,5,5
5170,Female,24,BTech,IT,9.52,2,3,5,10,2,99,2,1,Service,9.78,37.0,85.19999999999999,10,10
5171,Female,24,BTech,DS,7.05,1,0,3,9,1,89,2,1,Product,6.91,33.0,65.5,5,5
5172,Female,23,BE,Mechanical,7.01,3,2,3,5,2,87,1,1,Startup,8.87,31.333333333333332,55.099999999999994,6,6
5173,Female,24,BTech,IT,7.89,0,2,3,10,3,84,2,1,Service,12.53,32.333333333333336,78.89999999999999,7,7
5174,Female,24,BSc,IT,5.91,0,0,2,9,7,54,0,0,,0.0,23.333333333333332,59.1,2,2
5175,Female,23,BCA,DS,6.8,0,2,0,3,3,41,1,0,,0.0,15.666666666666666,68.0,3,3
5176,Female,23,BCA,DS,6.49,0,3,5,8,8,62,5,0,,0.0,26.0,64.9,13,13
5177,Female,21,BCA,DS,6.46,2,0,4,7,3,84,5,0,,0.0,31.333333333333332,54.599999999999994,9,9
5178,Female,22,BCA,Electrical,8.25,3,0,2,4,2,45,2,0,,0.0,17.0,67.5,4,4
5179,Female,20,BE,DS,7.15,1,2,4,9,10,78,0,1,Service,5.52,32.333333333333336,66.5,6,6
5180,Female,23,BSc,Electrical,6.24,0,1,2,7,10,58,2,0,,0.0,25.0,62.400000000000006,5,5
5181,Female,23,BE,CS,9.32,2,2,3,8,4,73,0,1,Product,9.79,28.333333333333332,83.2,5,5
5182,Male,24,BCA,AI,9.26,1,3,5,8,4,76,5,1,Startup,4.35,29.333333333333332,87.6,13,13
5183,Female,21,BE,Electrical,9.21,2,1,3,3,5,98,1,0,,0.0,35.333333333333336,82.10000000000001,5,5
5184,Male,24,BTech,AI,7.18,3,1,5,7,5,97,0,1,Service,13.29,36.333333333333336,56.8,6,6
5185,Female,23,BSc,Mechanical,5.75,0,3,5,8,3,85,5,0,,0.0,32.0,57.5,13,13
5186,Female,23,BTech,CS,5.96,1,1,5,3,1,62,3,0,,0.0,22.0,54.6,9,9
5187,Male,24,BE,IT,6.69,1,0,2,9,8,54,4,0,,0.0,23.666666666666668,61.900000000000006,6,6
5188,Female,23,BTech,DS,6.45,2,1,3,10,10,41,0,0,,0.0,20.333333333333332,54.5,4,4
5189,Male,22,BE,Mechanical,9.26,2,1,5,4,2,77,3,0,,0.0,27.666666666666668,82.6,9,9
5190,Male,20,BE,IT,9.74,3,2,0,10,5,64,2,1,Startup,4.55,26.333333333333332,82.4,4,4
5191,Male,20,BSc,AI,9.01,1,0,4,7,2,83,5,1,Product,8.25,30.666666666666668,85.1,9,9
5192,Female,20,BSc,IT,8.64,0,3,5,8,6,47,5,0,,0.0,20.333333333333332,86.4,13,13
5193,Female,22,BSc,DS,8.03,0,0,3,8,7,99,4,1,Service,6.03,38.0,80.3,7,7
5194,Female,23,BCA,DS,8.81,1,1,5,5,7,50,0,0,,0.0,20.666666666666668,83.10000000000001,6,6
5195,Male,24,BSc,Electrical,9.57,1,2,5,7,1,68,0,1,Product,4.6,25.333333333333332,90.7,7,7
5196,Male,21,BTech,Electrical,8.09,3,3,1,8,9,99,1,1,Startup,5.78,38.666666666666664,65.9,5,5
5197,Female,23,BSc,AI,6.16,0,3,2,2,1,44,0,0,,0.0,15.666666666666666,61.6,5,5
5198,Female,22,BSc,DS,6.2,0,1,5,10,8,76,4,0,,0.0,31.333333333333332,62.0,10,10
5199,Female,22,BSc,CS,8.01,2,0,2,4,1,59,2,0,,0.0,21.333333333333332,70.1,4,4
5200,Female,20,BE,Mechanical,6.93,2,2,5,6,3,51,1,0,,0.0,20.0,59.3,8,8
5201,Female,23,BE,AI,9.41,0,0,3,9,10,55,4,0,,0.0,24.666666666666668,94.1,7,7
5202,Male,20,BSc,AI,8.13,1,0,2,2,4,60,0,0,,0.0,22.0,76.30000000000001,2,2
5203,Male,21,BE,IT,8.41,1,3,1,7,9,76,5,1,Product,14.31,30.666666666666668,79.1,9,9
5204,Male,20,BE,AI,5.53,2,0,2,2,8,97,4,0,,0.0,35.666666666666664,45.300000000000004,6,6
5205,Female,21,BCA,Mechanical,7.65,1,0,1,10,5,94,4,1,Startup,3.45,36.333333333333336,71.5,5,5
5206,Male,22,BTech,CS,7.35,3,3,2,2,4,89,5,0,,0.0,31.666666666666668,58.5,10,10
5207,Male,20,BE,IT,8.54,1,3,2,1,10,60,2,0,,0.0,23.666666666666668,80.39999999999999,7,7
5208,Male,20,BTech,Mechanical,7.15,1,0,1,9,9,67,5,1,Startup,8.73,28.333333333333332,66.5,6,6
5209,Male,24,BE,Electrical,9.7,1,3,4,6,1,73,5,1,Service,3.84,26.666666666666668,92.0,12,12
5210,Male,22,BSc,AI,8.38,2,2,5,2,6,92,0,0,,0.0,33.333333333333336,73.80000000000001,7,7
5211,Female,24,BE,DS,8.34,1,2,0,10,8,47,3,0,,0.0,21.666666666666668,78.4,5,5
5212,Male,21,BE,Electrical,9.45,0,0,5,4,7,85,5,0,,0.0,32.0,94.5,10,10
5213,Female,21,BTech,DS,9.78,2,1,1,4,8,70,1,0,,0.0,27.333333333333332,87.8,3,3
5214,Female,22,BSc,Mechanical,6.35,1,3,0,7,3,60,5,0,,0.0,23.333333333333332,58.5,8,8
5215,Female,21,BCA,CS,8.99,1,1,5,7,5,42,5,0,,0.0,18.0,84.9,11,11
5216,Female,22,BTech,DS,6.2,3,3,5,4,1,98,2,0,,0.0,34.333333333333336,47.0,10,10
5217,Female,21,BSc,Mechanical,7.47,1,3,2,5,8,86,1,1,Startup,8.16,33.0,69.7,6,6
5218,Male,23,BSc,IT,5.93,2,0,4,9,2,60,5,0,,0.0,23.666666666666668,49.3,9,9
5219,Male,20,BTech,AI,8.18,1,2,1,6,10,68,0,1,Service,10.8,28.0,76.8,3,3
5220,Female,23,BE,CS,7.51,2,1,4,2,3,71,5,0,,0.0,25.333333333333332,65.1,10,10
5221,Female,22,BSc,CS,8.2,0,2,1,2,10,97,5,0,,0.0,36.333333333333336,82.0,8,8
5222,Female,22,BCA,IT,8.42,1,2,5,3,2,88,1,0,,0.0,31.0,79.2,8,8
5223,Male,23,BE,CS,8.16,2,1,3,7,1,65,4,1,Service,10.7,24.333333333333332,71.6,8,8
5224,Female,20,BTech,Mechanical,6.76,0,3,1,2,2,52,4,0,,0.0,18.666666666666668,67.6,8,8
5225,Male,20,BTech,CS,9.1,2,1,0,1,10,54,4,0,,0.0,21.666666666666668,81.0,5,5
5226,Female,24,BTech,CS,7.87,1,2,3,4,2,41,3,0,,0.0,15.666666666666666,73.7,8,8
5227,Male,21,BTech,CS,7.61,2,1,2,10,6,88,4,1,Service,12.46,34.666666666666664,66.10000000000001,7,7
5228,Female,24,BCA,Mechanical,9.74,1,0,5,7,4,72,4,1,Service,13.0,27.666666666666668,92.4,9,9
5229,Male,20,BCA,Electrical,6.72,2,3,1,5,10,70,0,1,Service,7.31,28.333333333333332,57.2,4,4
5230,Female,23,BSc,AI,7.77,0,3,5,7,4,40,4,0,,0.0,17.0,77.69999999999999,12,12
5231,Male,21,BCA,DS,8.43,1,1,0,7,1,54,3,0,,0.0,20.666666666666668,79.3,4,4
5232,Male,23,BTech,Electrical,6.04,0,3,2,7,10,93,3,0,,0.0,36.666666666666664,60.4,8,8
5233,Male,24,BCA,CS,7.02,1,3,0,1,2,78,2,0,,0.0,27.0,65.19999999999999,5,5
5234,Male,22,BE,IT,8.95,2,2,2,8,3,92,3,1,Startup,12.84,34.333333333333336,79.5,7,7
5235,Male,23,BE,IT,6.52,0,2,5,6,9,54,4,0,,0.0,23.0,65.19999999999999,11,11
5236,Male,24,BSc,Mechanical,7.62,1,3,1,6,5,59,1,0,,0.0,23.333333333333332,71.2,5,5
5237,Male,24,BTech,AI,8.21,0,3,4,10,4,91,2,1,Startup,6.64,35.0,82.10000000000001,9,9
5238,Female,24,BCA,CS,8.39,3,2,2,4,10,46,3,0,,0.0,20.0,68.9,7,7
5239,Female,22,BSc,Mechanical,8.63,0,3,5,9,3,75,2,1,Service,8.17,29.0,86.30000000000001,10,10
5240,Female,22,BSc,DS,9.22,1,3,4,10,10,82,0,1,Startup,3.63,34.0,87.2,7,7
5241,Female,22,BCA,AI,7.19,2,2,2,9,1,51,4,0,,0.0,20.333333333333332,61.900000000000006,8,8
5242,Female,21,BSc,AI,8.54,3,2,4,6,1,52,4,0,,0.0,19.666666666666668,70.39999999999999,10,10
5243,Male,22,BTech,Mechanical,8.65,3,2,1,9,10,44,5,0,,0.0,21.0,71.5,8,8
5244,Male,22,BCA,Electrical,6.79,3,0,0,1,8,82,5,0,,0.0,30.333333333333332,52.900000000000006,5,5
5245,Male,22,BE,IT,9.66,0,2,1,7,10,45,2,0,,0.0,20.666666666666668,96.6,5,5
5246,Male,23,BE,Electrical,9.22,1,3,2,9,9,44,3,0,,0.0,20.666666666666668,87.2,8,8
5247,Male,22,BCA,AI,6.75,0,2,3,5,3,84,1,1,Product,13.86,30.666666666666668,67.5,6,6
5248,Female,21,BSc,IT,8.4,3,0,0,6,9,78,3,1,Service,5.37,31.0,69.0,3,3
5249,Female,24,BSc,AI,8.59,3,2,4,6,8,82,2,1,Service,14.49,32.0,70.9,8,8
5250,Female,23,BE,AI,7.36,3,2,0,5,1,86,5,1,Service,13.87,30.666666666666668,58.60000000000001,7,7
5251,Female,20,BE,AI,9.21,0,0,0,10,6,45,3,0,,0.0,20.333333333333332,92.10000000000001,3,3
5252,Male,22,BTech,DS,8.47,3,1,1,9,9,93,2,1,Service,13.78,37.0,69.7,4,4
5253,Male,24,BSc,IT,8.33,2,1,2,5,4,45,4,0,,0.0,18.0,73.3,7,7
5254,Male,24,BTech,DS,6.45,1,2,5,3,9,50,4,0,,0.0,20.666666666666668,59.5,11,11
5255,Female,23,BE,IT,7.25,3,1,5,6,2,66,4,1,Startup,13.91,24.666666666666668,57.5,10,10
5256,Male,20,BE,DS,7.37,1,1,1,6,10,55,2,0,,0.0,23.666666666666668,68.7,4,4
5257,Female,21,BE,DS,8.65,0,3,2,1,9,84,5,0,,0.0,31.333333333333332,86.5,10,10
5258,Male,24,BE,DS,8.16,3,3,3,4,1,42,4,0,,0.0,15.666666666666666,66.6,10,10
5259,Male,24,BTech,Mechanical,5.87,2,3,1,10,4,61,0,0,,0.0,25.0,48.7,4,4
5260,Female,24,BE,DS,6.82,3,0,3,10,5,71,1,1,Service,13.13,28.666666666666668,53.2,4,4
5261,Male,24,BCA,Electrical,7.53,2,1,2,1,2,64,2,0,,0.0,22.333333333333332,65.3,5,5
5262,Male,23,BSc,Electrical,8.67,2,2,0,6,6,57,5,0,,0.0,23.0,76.7,7,7
5263,Female,20,BE,AI,8.7,1,0,3,2,8,58,5,0,,0.0,22.666666666666668,82.0,8,8
5264,Male,24,BSc,CS,7.61,1,1,3,5,2,87,4,1,Product,11.4,31.333333333333332,71.10000000000001,8,8
5265,Female,21,BE,DS,6.0,0,2,2,3,9,69,0,0,,0.0,27.0,60.0,4,4
5266,Male,21,BTech,CS,6.76,2,0,2,6,2,74,3,1,Product,14.72,27.333333333333332,57.599999999999994,5,5
5267,Male,22,BSc,CS,6.6,2,3,1,9,1,90,1,1,Product,13.04,33.333333333333336,56.0,5,5
5268,Male,24,BTech,AI,8.86,1,2,1,3,6,85,5,0,,0.0,31.333333333333332,83.6,8,8
5269,Male,24,BE,CS,6.27,0,3,2,9,5,93,5,0,,0.0,35.666666666666664,62.699999999999996,10,10
5270,Male,24,BCA,CS,7.5,1,1,3,5,10,66,1,1,Startup,13.32,27.0,70.0,5,5
5271,Male,24,BCA,Electrical,8.38,1,2,4,2,3,57,4,0,,0.0,20.666666666666668,78.80000000000001,10,10
5272,Male,24,BCA,CS,9.65,0,3,1,10,3,52,2,0,,0.0,21.666666666666668,96.5,6,6
5273,Male,21,BCA,IT,9.8,2,3,2,10,8,83,5,1,Service,8.85,33.666666666666664,88.0,10,10
5274,Female,20,BCA,DS,9.6,2,1,4,10,4,96,2,1,Product,12.74,36.666666666666664,86.0,7,7
5275,Female,20,BTech,DS,8.59,0,1,4,10,1,70,0,1,Service,10.41,27.0,85.9,5,5
5276,Male,22,BCA,CS,8.71,2,1,4,9,4,92,2,1,Product,12.93,35.0,77.10000000000001,7,7
5277,Male,21,BE,AI,8.76,0,1,4,3,6,42,4,0,,0.0,17.0,87.6,9,9
5278,Female,24,BTech,IT,9.21,0,1,0,9,2,70,1,1,Startup,5.14,27.0,92.10000000000001,2,2
5279,Male,20,BTech,AI,9.59,1,0,1,6,7,63,1,1,Product,14.01,25.333333333333332,90.9,2,2
5280,Male,23,BCA,AI,7.42,2,3,4,1,1,94,1,0,,0.0,32.0,64.2,8,8
5281,Female,23,BSc,CS,7.29,2,1,4,1,10,76,4,0,,0.0,29.0,62.900000000000006,9,9
5282,Male,23,BE,Mechanical,7.48,0,3,2,3,9,61,3,0,,0.0,24.333333333333332,74.80000000000001,8,8
5283,Male,24,BTech,CS,8.34,1,0,5,5,2,72,4,1,Service,8.92,26.333333333333332,78.4,9,9
5284,Female,24,BE,Electrical,8.83,1,2,2,6,9,84,1,1,Product,10.55,33.0,83.3,5,5
5285,Male,22,BSc,Mechanical,9.24,2,3,5,5,1,54,1,0,,0.0,20.0,82.4,9,9
5286,Male,22,BTech,IT,7.46,3,3,0,8,4,77,2,1,Product,3.28,29.666666666666668,59.599999999999994,5,5
5287,Female,22,BE,Mechanical,7.06,0,3,4,6,5,98,1,1,Product,4.95,36.333333333333336,70.6,8,8
5288,Male,23,BCA,CS,9.73,2,2,0,2,8,81,5,0,,0.0,30.333333333333332,87.30000000000001,7,7
5289,Female,24,BTech,CS,6.5,2,0,5,5,5,53,0,0,,0.0,21.0,55.0,5,5
5290,Male,23,BTech,AI,6.45,3,3,2,7,1,87,4,0,,0.0,31.666666666666668,49.5,9,9
5291,Male,22,BTech,CS,8.58,3,0,5,2,1,99,2,0,,0.0,34.0,70.8,7,7
5292,Female,24,BTech,Electrical,6.27,1,3,1,5,2,54,2,0,,0.0,20.333333333333332,57.699999999999996,6,6
5293,Female,21,BCA,CS,7.22,1,3,3,5,9,95,5,1,Product,13.55,36.333333333333336,67.2,11,11
5294,Male,20,BSc,DS,6.76,1,3,3,8,1,68,3,1,Startup,6.1,25.666666666666668,62.599999999999994,9,9
5295,Female,20,BSc,DS,6.23,1,2,5,9,3,65,3,0,,0.0,25.666666666666668,57.300000000000004,10,10
5296,Female,22,BE,AI,7.99,0,0,0,3,8,61,1,0,,0.0,24.0,79.9,1,1
5297,Male,23,BCA,Mechanical,7.11,3,0,2,4,1,43,0,0,,0.0,16.0,56.10000000000001,2,2
5298,Male,21,BCA,Mechanical,7.49,2,1,3,9,4,72,0,1,Product,3.54,28.333333333333332,64.9,4,4
5299,Male,24,BE,DS,6.34,1,3,4,9,8,96,2,0,,0.0,37.666666666666664,58.4,9,9
5300,Female,23,BCA,Electrical,8.8,2,2,1,3,6,44,4,0,,0.0,17.666666666666668,78.0,7,7
5301,Female,22,BCA,IT,6.85,0,3,2,2,6,67,3,0,,0.0,25.0,68.5,8,8
5302,Female,23,BTech,Electrical,6.97,1,0,0,7,1,88,2,1,Product,7.85,32.0,64.7,2,2
5303,Female,22,BTech,DS,6.58,0,0,2,4,7,74,3,0,,0.0,28.333333333333332,65.8,5,5
5304,Male,20,BTech,Electrical,7.37,1,3,1,3,1,81,3,0,,0.0,28.333333333333332,68.7,7,7
5305,Female,20,BCA,IT,7.49,2,0,5,2,3,71,0,0,,0.0,25.333333333333332,64.9,5,5
5306,Male,23,BCA,Mechanical,7.78,0,3,2,10,1,68,2,1,Service,11.07,26.333333333333332,77.8,7,7
5307,Female,21,BSc,DS,9.66,1,3,5,8,8,85,0,1,Startup,10.6,33.666666666666664,91.6,8,8
5308,Male,24,BTech,CS,9.39,2,1,0,7,4,63,5,1,Startup,12.06,24.666666666666668,83.9,6,6
5309,Male,22,BE,IT,8.12,2,2,4,5,5,69,0,1,Startup,11.41,26.333333333333332,71.19999999999999,6,6
5310,Male,24,BCA,IT,5.67,2,2,2,7,1,48,2,0,,0.0,18.666666666666668,46.7,6,6
5311,Female,20,BTech,IT,8.13,1,0,0,1,1,87,4,0,,0.0,29.666666666666668,76.30000000000001,4,4
5312,Male,21,BSc,Mechanical,5.89,2,0,5,9,10,93,3,0,,0.0,37.333333333333336,48.9,8,8
5313,Male,21,BTech,Electrical,8.55,2,1,5,8,1,57,0,0,,0.0,22.0,75.5,6,6
5314,Female,24,BSc,AI,7.18,1,0,4,4,3,50,4,0,,0.0,19.0,66.8,8,8
5315,Male,20,BSc,CS,9.1,0,0,3,1,6,61,1,0,,0.0,22.666666666666668,91.0,4,4
5316,Female,24,BCA,DS,9.55,2,3,2,4,5,76,2,0,,0.0,28.333333333333332,85.5,7,7
5317,Female,23,BSc,Electrical,7.29,1,1,4,1,10,62,1,0,,0.0,24.333333333333332,67.9,6,6
5318,Male,21,BSc,IT,7.48,0,3,5,6,7,68,5,1,Product,14.19,27.0,74.80000000000001,13,13
5319,Male,21,BE,Mechanical,8.04,2,3,3,8,1,96,5,1,Service,14.59,35.0,70.39999999999999,11,11
5320,Female,23,BSc,IT,6.35,1,0,5,5,8,52,1,0,,0.0,21.666666666666668,58.5,6,6
5321,Male,20,BE,Electrical,9.49,3,3,2,9,5,71,2,1,Product,10.51,28.333333333333332,79.9,7,7
5322,Female,21,BE,DS,7.36,1,2,2,10,6,97,3,1,Startup,9.96,37.666666666666664,68.60000000000001,7,7
5323,Female,22,BTech,CS,6.22,2,2,1,2,2,83,4,0,,0.0,29.0,52.199999999999996,7,7
5324,Female,22,BTech,IT,8.78,0,2,2,2,9,49,1,0,,0.0,20.0,87.8,5,5
5325,Male,20,BCA,Mechanical,6.44,0,1,2,4,3,82,1,0,,0.0,29.666666666666668,64.4,4,4
5326,Female,23,BCA,Mechanical,6.12,0,1,4,6,5,87,4,0,,0.0,32.666666666666664,61.2,9,9
5327,Male,24,BCA,AI,7.92,2,2,0,6,10,45,1,0,,0.0,20.333333333333332,69.2,3,3
5328,Male,20,BSc,Mechanical,8.39,2,2,1,6,8,60,2,1,Startup,12.75,24.666666666666668,73.9,5,5
5329,Male,24,BTech,AI,7.95,0,3,2,6,1,74,4,1,Product,13.74,27.0,79.5,9,9
5330,Male,20,BSc,CS,8.32,0,1,4,1,4,42,0,0,,0.0,15.666666666666666,83.2,5,5
5331,Female,22,BTech,DS,6.0,0,0,5,1,5,60,0,0,,0.0,22.0,60.0,5,5
5332,Male,23,BSc,AI,7.55,0,0,5,3,6,59,3,0,,0.0,22.666666666666668,75.5,8,8
5333,Female,22,BCA,IT,7.04,1,1,4,2,3,89,5,0,,0.0,31.333333333333332,65.4,10,10
5334,Female,23,BTech,Electrical,9.69,2,3,0,7,4,82,1,1,Service,4.89,31.0,86.89999999999999,4,4
5335,Male,24,BTech,IT,5.71,3,2,3,6,3,73,2,0,,0.0,27.333333333333332,42.1,7,7
5336,Female,20,BE,DS,6.78,0,3,2,5,4,42,4,0,,0.0,17.0,67.8,9,9
5337,Female,21,BTech,Mechanical,9.55,1,3,3,8,7,84,5,1,Service,14.84,33.0,90.5,11,11
5338,Male,21,BTech,Electrical,9.73,3,1,0,2,9,84,5,0,,0.0,31.666666666666668,82.30000000000001,6,6
5339,Female,23,BSc,IT,9.05,3,2,4,7,9,79,1,1,Service,11.71,31.666666666666668,75.5,7,7
5340,Female,23,BCA,Electrical,5.83,0,1,3,10,5,76,5,0,,0.0,30.333333333333332,58.3,9,9
5341,Female,22,BE,AI,7.91,0,1,0,4,6,92,2,0,,0.0,34.0,79.1,3,3
5342,Female,21,BSc,DS,7.22,1,3,3,3,9,44,2,0,,0.0,18.666666666666668,67.2,8,8
5343,Male,22,BTech,IT,8.97,0,1,5,1,4,89,0,0,,0.0,31.333333333333332,89.7,6,6
5344,Female,24,BSc,Mechanical,5.74,3,1,4,10,7,50,0,0,,0.0,22.333333333333332,42.400000000000006,5,5
5345,Female,21,BCA,Electrical,6.35,0,1,2,2,3,93,2,0,,0.0,32.666666666666664,63.5,5,5
5346,Female,24,BE,Mechanical,7.6,1,1,5,7,9,87,1,1,Startup,14.99,34.333333333333336,71.0,7,7
5347,Female,20,BSc,Electrical,6.18,1,3,5,3,9,56,4,0,,0.0,22.666666666666668,56.8,12,12
5348,Male,22,BTech,IT,8.48,1,2,1,5,10,43,3,0,,0.0,19.333333333333332,79.80000000000001,6,6
5349,Female,23,BSc,DS,9.03,1,2,5,3,5,47,1,0,,0.0,18.333333333333332,85.3,8,8
5350,Male,21,BTech,CS,8.53,1,3,4,7,4,80,2,1,Product,6.78,30.333333333333332,80.3,9,9
5351,Female,22,BE,IT,7.39,0,0,3,4,10,86,4,0,,0.0,33.333333333333336,73.89999999999999,7,7
5352,Male,23,BE,Mechanical,9.28,2,1,2,8,10,61,3,1,Service,7.48,26.333333333333332,82.8,6,6
5353,Male,20,BSc,CS,6.09,1,3,1,10,9,71,2,0,,0.0,30.0,55.9,6,6
5354,Male,21,BE,DS,6.62,2,0,5,8,5,66,4,1,Service,7.13,26.333333333333332,56.2,9,9
5355,Male,24,BCA,Mechanical,7.61,0,0,0,4,1,97,4,0,,0.0,34.0,76.10000000000001,4,4
5356,Male,20,BSc,DS,5.76,1,1,2,2,2,45,3,0,,0.0,16.333333333333332,52.599999999999994,6,6
5357,Female,23,BTech,Electrical,5.91,2,3,4,7,10,70,2,0,,0.0,29.0,49.1,9,9
5358,Female,21,BSc,IT,7.21,2,1,3,1,7,98,5,0,,0.0,35.333333333333336,62.099999999999994,9,9
5359,Female,21,BTech,DS,9.56,3,0,5,9,3,43,0,0,,0.0,18.333333333333332,80.60000000000001,5,5
5360,Male,20,BE,Mechanical,9.41,2,0,1,5,1,86,1,1,Product,8.22,30.666666666666668,84.1,2,2
5361,Female,21,BTech,IT,7.5,3,1,5,10,9,78,5,1,Product,9.75,32.333333333333336,60.0,11,11
5362,Male,23,BTech,Mechanical,6.11,3,1,2,4,4,69,5,0,,0.0,25.666666666666668,46.1,8,8
5363,Male,20,BTech,Mechanical,6.27,2,1,1,4,3,82,3,0,,0.0,29.666666666666668,52.699999999999996,5,5
5364,Female,24,BTech,CS,7.12,3,2,1,9,5,92,1,1,Product,4.74,35.333333333333336,56.2,4,4
5365,Female,20,BCA,AI,6.4,2,3,2,1,1,72,3,0,,0.0,24.666666666666668,54.0,8,8
5366,Male,20,BTech,DS,5.86,3,3,5,4,1,70,0,0,,0.0,25.0,43.6,8,8
5367,Male,24,BSc,DS,8.4,1,3,3,6,1,99,1,1,Product,6.98,35.333333333333336,79.0,7,7
5368,Female,23,BCA,CS,8.0,1,0,5,8,7,67,4,1,Startup,10.76,27.333333333333332,75.0,9,9
5369,Female,22,BTech,Electrical,6.75,1,3,0,2,7,64,5,0,,0.0,24.333333333333332,62.5,8,8
5370,Female,22,BTech,DS,8.85,2,3,2,8,9,95,4,1,Product,10.26,37.333333333333336,78.5,9,9
5371,Female,24,BTech,CS,8.84,2,0,0,9,5,97,1,1,Service,5.09,37.0,78.4,1,1
5372,Male,23,BCA,DS,7.61,0,0,1,8,2,88,2,1,Startup,6.94,32.666666666666664,76.10000000000001,3,3
5373,Female,21,BTech,DS,5.92,2,2,1,5,9,56,4,0,,0.0,23.333333333333332,49.2,7,7
5374,Female,24,BTech,Mechanical,9.45,0,0,3,1,4,96,3,0,,0.0,33.666666666666664,94.5,6,6
5375,Female,22,BTech,CS,8.38,0,1,2,6,5,70,2,1,Product,8.55,27.0,83.80000000000001,5,5
5376,Male,23,BE,Electrical,6.56,1,2,5,1,1,89,3,0,,0.0,30.333333333333332,60.599999999999994,10,10
5377,Male,20,BSc,DS,8.12,2,0,2,4,2,75,0,0,,0.0,27.0,71.19999999999999,2,2
5378,Male,23,BTech,Electrical,7.24,2,3,4,9,8,85,5,1,Startup,5.82,34.0,62.400000000000006,12,12
5379,Male,23,BSc,AI,8.23,0,2,3,5,2,82,4,1,Product,8.64,29.666666666666668,82.30000000000001,9,9
5380,Female,22,BE,CS,7.54,0,2,2,7,8,56,0,0,,0.0,23.666666666666668,75.4,4,4
5381,Male,22,BE,CS,7.59,2,3,1,9,1,49,5,0,,0.0,19.666666666666668,65.9,9,9
5382,Female,21,BTech,CS,8.66,0,3,3,4,9,90,2,0,,0.0,34.333333333333336,86.6,8,8
5383,Female,21,BSc,Mechanical,8.14,2,3,4,5,9,87,3,1,Service,12.35,33.666666666666664,71.4,10,10
5384,Female,24,BCA,CS,5.84,2,1,4,6,9,61,4,0,,0.0,25.333333333333332,48.4,9,9
5385,Female,20,BTech,Mechanical,5.78,3,2,5,1,6,70,1,0,,0.0,25.666666666666668,42.800000000000004,8,8
5386,Male,21,BCA,AI,6.81,0,1,1,10,2,69,0,1,Startup,9.77,27.0,68.1,2,2
5387,Male,22,BE,IT,7.35,1,1,5,5,1,90,4,1,Product,14.85,32.0,68.5,10,10
5388,Male,23,BE,Mechanical,6.68,2,3,2,10,6,59,1,0,,0.0,25.0,56.8,6,6
5389,Female,24,BSc,DS,8.3,0,0,1,4,4,53,5,0,,0.0,20.333333333333332,83.0,6,6
5390,Female,21,BCA,CS,6.34,0,1,4,1,8,54,2,0,,0.0,21.0,63.4,7,7
5391,Female,23,BCA,IT,8.53,0,0,3,4,8,82,5,0,,0.0,31.333333333333332,85.3,8,8
5392,Female,23,BTech,Mechanical,8.82,2,0,2,5,2,96,1,1,Product,3.64,34.333333333333336,78.2,3,3
5393,Female,21,BSc,Electrical,6.03,2,3,1,9,2,58,5,0,,0.0,23.0,50.300000000000004,9,9
5394,Male,20,BSc,Electrical,8.3,2,0,5,1,4,92,2,0,,0.0,32.333333333333336,73.0,7,7
5395,Female,20,BCA,DS,9.63,0,1,2,6,9,79,0,1,Product,6.67,31.333333333333332,96.30000000000001,3,3
5396,Male,24,BE,IT,6.33,1,0,3,8,6,70,1,0,,0.0,28.0,58.3,4,4
5397,Female,20,BSc,AI,9.41,3,1,4,9,7,76,3,1,Startup,12.74,30.666666666666668,79.1,8,8
5398,Female,24,BE,Mechanical,8.11,1,3,1,5,3,62,5,1,Product,12.34,23.333333333333332,76.1,9,9
5399,Male,22,BTech,Electrical,8.04,2,1,4,2,7,83,5,0,,0.0,30.666666666666668,70.39999999999999,10,10
5400,Male,21,BSc,Electrical,5.72,2,0,5,1,3,97,3,0,,0.0,33.666666666666664,47.199999999999996,8,8
5401,Female,23,BSc,Mechanical,8.72,2,1,5,5,2,53,3,0,,0.0,20.0,77.2,9,9
5402,Female,24,BTech,Electrical,7.56,1,0,1,3,2,61,2,0,,0.0,22.0,70.6,3,3
5403,Female,20,BSc,AI,8.6,1,0,2,6,9,69,5,1,Product,13.36,28.0,81.0,7,7
5404,Female,24,BCA,Electrical,8.98,2,3,0,9,7,87,1,1,Startup,13.7,34.333333333333336,79.80000000000001,4,4
5405,Male,24,BCA,Mechanical,7.75,3,0,1,1,5,47,4,0,,0.0,17.666666666666668,62.5,5,5
5406,Female,20,BTech,CS,6.63,3,2,1,4,3,83,1,0,,0.0,30.0,51.3,4,4
5407,Male,20,BE,Electrical,6.11,0,1,4,4,8,70,1,0,,0.0,27.333333333333332,61.1,6,6
5408,Female,21,BE,Mechanical,6.19,1,2,0,7,2,55,5,0,,0.0,21.333333333333332,56.900000000000006,7,7
5409,Male,23,BSc,CS,9.23,3,2,5,2,3,93,5,0,,0.0,32.666666666666664,77.30000000000001,12,12
5410,Male,21,BE,Electrical,6.03,2,1,0,8,5,78,0,0,,0.0,30.333333333333332,50.300000000000004,1,1
5411,Female,21,BE,Electrical,7.15,1,3,0,6,1,63,4,1,Startup,7.08,23.333333333333332,66.5,7,7
5412,Male,20,BTech,Mechanical,6.94,0,1,0,4,6,60,3,0,,0.0,23.333333333333332,69.4,4,4
5413,Female,20,BE,DS,9.22,0,3,3,3,2,47,2,0,,0.0,17.333333333333332,92.2,8,8
5414,Male,23,BE,DS,7.55,1,0,2,10,7,57,4,0,,0.0,24.666666666666668,70.5,6,6
5415,Female,24,BE,IT,9.78,2,2,1,7,7,77,3,1,Startup,6.1,30.333333333333332,87.8,6,6
5416,Male,21,BCA,DS,8.67,3,1,2,9,1,45,2,0,,0.0,18.333333333333332,71.7,5,5
5417,Female,23,BCA,AI,9.16,1,0,5,2,4,53,4,0,,0.0,19.666666666666668,86.6,9,9
5418,Female,21,BTech,IT,5.92,2,1,2,8,1,94,2,0,,0.0,34.333333333333336,49.2,5,5
5419,Male,24,BSc,DS,6.59,1,1,2,2,10,69,2,0,,0.0,27.0,60.900000000000006,5,5
5420,Male,21,BTech,CS,6.08,0,0,2,6,7,53,3,0,,0.0,22.0,60.8,5,5
5421,Male,22,BSc,Mechanical,7.49,1,1,3,8,5,46,0,0,,0.0,19.666666666666668,69.9,4,4
5422,Male,23,BSc,DS,8.59,2,0,4,1,8,43,3,0,,0.0,17.333333333333332,75.9,7,7
5423,Female,20,BE,CS,6.23,2,2,3,7,1,96,4,0,,0.0,34.666666666666664,52.300000000000004,9,9
5424,Male,21,BE,IT,6.06,0,0,1,9,10,58,3,0,,0.0,25.666666666666668,60.599999999999994,4,4
5425,Female,23,BTech,Mechanical,8.14,2,1,0,6,4,64,3,1,Service,14.5,24.666666666666668,71.4,4,4
5426,Male,23,BTech,DS,6.49,2,2,4,6,9,64,3,0,,0.0,26.333333333333332,54.900000000000006,9,9
5427,Female,21,BTech,IT,7.56,0,2,1,9,10,58,5,0,,0.0,25.666666666666668,75.6,8,8
5428,Female,20,BCA,DS,5.72,2,0,5,2,1,69,5,0,,0.0,24.0,47.199999999999996,10,10
5429,Female,20,BCA,IT,8.43,2,3,0,4,3,82,5,0,,0.0,29.666666666666668,74.3,8,8
5430,Female,21,BCA,DS,7.83,1,0,3,8,2,69,4,1,Startup,6.98,26.333333333333332,73.3,7,7
5431,Male,23,BCA,CS,8.28,1,3,2,5,9,54,4,0,,0.0,22.666666666666668,77.8,9,9
5432,Male,20,BCA,AI,6.68,1,0,1,9,10,87,2,1,Service,13.11,35.333333333333336,61.8,3,3
5433,Female,21,BE,CS,6.7,1,2,5,3,5,68,2,0,,0.0,25.333333333333332,62.0,9,9
5434,Male,21,BSc,Mechanical,8.95,3,0,2,6,6,74,4,1,Service,5.51,28.666666666666668,74.5,6,6
5435,Male,21,BCA,DS,8.59,1,3,2,6,8,72,5,1,Product,13.26,28.666666666666668,80.9,10,10
5436,Female,23,BTech,AI,7.99,1,1,2,3,9,78,2,0,,0.0,30.0,74.9,5,5
5437,Male,20,BSc,AI,8.2,1,3,4,6,8,79,3,1,Service,8.88,31.0,77.0,10,10
5438,Male,23,BCA,Mechanical,5.9,0,2,0,1,8,62,1,0,,0.0,23.666666666666668,59.0,3,3
5439,Male,22,BCA,Mechanical,9.18,1,0,2,5,1,62,5,1,Product,10.78,22.666666666666668,86.8,7,7
5440,Female,20,BE,AI,8.81,3,2,5,2,10,82,5,0,,0.0,31.333333333333332,73.10000000000001,12,12
5441,Male,23,BE,Mechanical,8.04,3,1,1,8,1,76,5,1,Service,7.35,28.333333333333332,65.39999999999999,7,7
5442,Female,20,BE,Mechanical,9.45,3,1,4,7,8,94,1,1,Product,4.25,36.333333333333336,79.5,6,6
5443,Male,22,BCA,DS,6.23,2,1,0,7,1,81,2,0,,0.0,29.666666666666668,52.300000000000004,3,3
5444,Male,24,BE,CS,8.45,0,0,1,10,5,91,2,1,Startup,14.05,35.333333333333336,84.5,3,3
5445,Male,21,BCA,Electrical,9.64,1,3,4,4,4,69,0,0,,0.0,25.666666666666668,91.4,7,7
5446,Female,23,BSc,IT,6.83,1,0,4,2,5,55,3,0,,0.0,20.666666666666668,63.3,7,7
5447,Female,22,BSc,AI,5.57,2,2,5,3,8,72,3,0,,0.0,27.666666666666668,45.7,10,10
5448,Male,22,BCA,IT,8.66,0,0,5,10,10,66,0,1,Startup,10.87,28.666666666666668,86.6,5,5
5449,Female,20,BTech,AI,5.53,2,2,0,4,8,49,0,0,,0.0,20.333333333333332,45.300000000000004,2,2
5450,Male,20,BCA,AI,9.25,3,0,5,3,4,59,1,0,,0.0,22.0,77.5,6,6
5451,Female,21,BSc,CS,5.74,2,3,2,3,8,43,3,0,,0.0,18.0,47.400000000000006,8,8
5452,Female,20,BSc,AI,8.31,0,1,1,1,10,59,3,0,,0.0,23.333333333333332,83.10000000000001,5,5
5453,Male,23,BCA,AI,7.12,2,0,3,1,5,54,5,0,,0.0,20.0,61.2,8,8
5454,Male,23,BCA,CS,6.37,0,3,2,8,4,77,4,0,,0.0,29.666666666666668,63.7,9,9
5455,Male,23,BCA,Mechanical,9.36,2,0,3,8,7,54,3,0,,0.0,23.0,83.6,6,6
5456,Male,24,BSc,Electrical,8.71,0,0,1,1,3,86,1,0,,0.0,30.0,87.10000000000001,2,2
5457,Female,23,BTech,IT,6.96,1,1,5,4,5,56,1,0,,0.0,21.666666666666668,64.6,7,7
5458,Female,20,BCA,AI,6.72,3,2,3,2,5,59,5,0,,0.0,22.0,52.2,10,10
5459,Female,20,BSc,CS,8.66,0,3,3,1,5,88,0,0,,0.0,31.333333333333332,86.6,6,6
5460,Male,23,BCA,AI,9.1,2,0,0,2,2,56,1,0,,0.0,20.0,81.0,1,1
5461,Male,22,BSc,CS,8.58,2,1,0,1,10,92,1,0,,0.0,34.333333333333336,75.8,2,2
5462,Female,22,BCA,IT,8.25,3,0,5,5,7,51,5,0,,0.0,21.0,67.5,10,10
5463,Male,22,BSc,DS,6.48,1,0,0,10,10,50,4,0,,0.0,23.333333333333332,59.80000000000001,4,4
5464,Female,21,BCA,Mechanical,9.17,1,1,3,6,7,69,1,1,Product,12.22,27.333333333333332,86.7,5,5
5465,Female,24,BE,DS,8.72,1,0,5,8,8,65,2,1,Product,5.15,27.0,82.2,7,7
5466,Female,23,BCA,CS,7.72,0,0,3,10,7,96,2,1,Product,10.15,37.666666666666664,77.2,5,5
5467,Female,21,BSc,AI,7.7,3,3,4,8,1,87,0,1,Startup,8.66,32.0,62.0,7,7
5468,Female,22,BCA,Mechanical,7.95,0,3,4,4,9,64,3,0,,0.0,25.666666666666668,79.5,10,10
5469,Male,23,BTech,IT,9.06,0,3,0,3,4,84,3,0,,0.0,30.333333333333332,90.60000000000001,6,6
5470,Male,21,BCA,Electrical,8.69,0,0,4,5,1,56,4,0,,0.0,20.666666666666668,86.89999999999999,8,8
5471,Male,20,BCA,Mechanical,9.18,0,0,2,8,10,93,1,1,Product,14.87,37.0,91.8,3,3
5472,Female,22,BCA,AI,7.68,2,3,4,5,2,80,5,1,Product,4.47,29.0,66.8,12,12
5473,Female,21,BTech,DS,8.19,2,0,4,10,8,98,1,1,Startup,8.56,38.666666666666664,71.89999999999999,5,5
5474,Female,20,BTech,CS,9.17,2,1,2,7,8,40,5,0,,0.0,18.333333333333332,81.7,8,8
5475,Female,22,BTech,DS,6.5,0,1,2,4,9,89,1,0,,0.0,34.0,65.0,4,4
5476,Male,24,BE,Mechanical,7.41,1,0,1,2,9,65,1,0,,0.0,25.333333333333332,69.1,2,2
5477,Male,22,BTech,Electrical,8.17,2,0,3,9,10,42,1,0,,0.0,20.333333333333332,71.7,4,4
5478,Female,24,BE,AI,9.44,3,2,3,10,8,92,2,1,Service,10.21,36.666666666666664,79.39999999999999,7,7
5479,Female,24,BCA,CS,5.57,2,1,5,2,4,98,4,0,,0.0,34.666666666666664,45.7,10,10
5480,Female,24,BE,AI,6.41,0,0,0,2,10,97,0,0,,0.0,36.333333333333336,64.1,0,0
5481,Male,23,BCA,AI,6.51,0,2,5,8,7,82,0,1,Product,11.95,32.333333333333336,65.1,7,7
5482,Male,23,BE,Electrical,6.9,0,1,1,10,9,95,5,1,Service,11.25,38.0,69.0,7,7
5483,Male,24,BTech,Mechanical,6.71,2,2,5,6,6,50,2,0,,0.0,20.666666666666668,57.099999999999994,9,9
5484,Female,20,BTech,DS,8.04,1,3,1,5,6,86,1,1,Startup,5.85,32.333333333333336,75.39999999999999,5,5
5485,Female,24,BE,AI,9.31,0,2,1,3,1,67,1,0,,0.0,23.666666666666668,93.10000000000001,4,4
5486,Male,21,BE,AI,8.24,3,3,1,7,10,67,3,1,Startup,10.58,28.0,67.4,7,7
5487,Female,24,BTech,AI,6.54,0,0,4,8,9,69,5,1,Service,3.77,28.666666666666668,65.4,9,9
5488,Male,23,BCA,CS,9.21,1,0,1,9,2,74,0,1,Startup,9.65,28.333333333333332,87.10000000000001,1,1
5489,Female,23,BCA,AI,8.22,1,1,5,2,3,46,3,0,,0.0,17.0,77.2,9,9
5490,Male,21,BCA,AI,6.44,1,2,0,8,5,72,5,0,,0.0,28.333333333333332,59.400000000000006,7,7
5491,Female,21,BCA,Mechanical,7.06,0,2,3,5,5,87,0,1,Service,7.05,32.333333333333336,70.6,5,5
5492,Male,22,BSc,AI,8.9,3,0,1,1,5,66,3,0,,0.0,24.0,74.0,4,4
5493,Male,20,BCA,Electrical,8.68,3,1,5,10,4,68,1,1,Product,7.02,27.333333333333332,71.8,7,7
5494,Male,20,BSc,Electrical,7.98,0,0,3,7,5,66,1,1,Service,12.67,26.0,79.80000000000001,4,4
5495,Male,20,BSc,AI,6.12,2,1,2,7,3,81,1,0,,0.0,30.333333333333332,51.2,4,4
5496,Male,23,BTech,Electrical,8.95,2,2,0,10,1,70,4,1,Service,10.99,27.0,79.5,6,6
5497,Male,20,BTech,Mechanical,6.82,3,3,2,3,7,86,3,0,,0.0,32.0,53.2,8,8
5498,Female,22,BE,CS,8.82,2,1,5,3,10,44,4,0,,0.0,19.0,78.2,10,10
5499,Female,22,BCA,Electrical,8.28,2,2,1,4,2,73,4,0,,0.0,26.333333333333332,72.8,7,7
5500,Female,20,BCA,Electrical,6.64,3,1,4,5,8,76,3,1,Product,5.76,29.666666666666668,51.39999999999999,8,8
5501,Male,21,BTech,DS,6.41,2,3,5,5,1,60,1,0,,0.0,22.0,54.099999999999994,9,9
5502,Male,22,BTech,Mechanical,6.06,2,3,4,5,6,65,2,0,,0.0,25.333333333333332,50.599999999999994,9,9
5503,Female,21,BTech,Electrical,6.54,0,0,5,6,1,93,5,1,Product,4.31,33.333333333333336,65.4,10,10
5504,Male,23,BE,CS,6.18,2,3,0,1,8,82,0,0,,0.0,30.333333333333332,51.8,3,3
5505,Male,22,BCA,DS,8.15,3,3,1,7,2,44,3,0,,0.0,17.666666666666668,66.5,7,7
5506,Male,21,BE,AI,8.07,0,0,1,4,8,72,1,0,,0.0,28.0,80.7,2,2
5507,Male,20,BSc,Mechanical,8.02,3,3,1,5,4,81,4,1,Service,6.31,30.0,65.19999999999999,8,8
5508,Male,23,BSc,Electrical,8.26,0,0,1,8,3,41,1,0,,0.0,17.333333333333332,82.6,2,2
5509,Female,24,BCA,AI,9.0,3,1,5,8,2,62,5,1,Product,7.74,24.0,75.0,11,11
5510,Female,24,BTech,Mechanical,9.43,1,2,0,5,4,90,3,1,Service,3.69,33.0,89.3,5,5
5511,Female,20,BTech,DS,6.49,0,0,0,3,10,82,3,0,,0.0,31.666666666666668,64.9,3,3
5512,Female,23,BE,Electrical,8.03,0,1,0,10,10,95,0,1,Product,9.3,38.333333333333336,80.3,1,1
5513,Female,23,BSc,CS,5.84,0,3,5,8,2,68,0,0,,0.0,26.0,58.4,8,8
5514,Male,23,BSc,Mechanical,6.02,3,1,4,2,3,57,3,0,,0.0,20.666666666666668,45.199999999999996,8,8
5515,Male,23,BCA,CS,8.31,1,0,1,9,2,74,5,1,Service,13.01,28.333333333333332,78.10000000000001,6,6
5516,Male,24,BSc,AI,7.59,0,0,5,6,2,49,0,0,,0.0,19.0,75.9,5,5
5517,Male,21,BTech,AI,8.76,1,0,2,10,10,78,4,1,Service,4.56,32.666666666666664,82.6,6,6
5518,Female,23,BTech,DS,7.33,2,0,3,4,9,72,1,0,,0.0,28.333333333333332,63.3,4,4
5519,Female,21,BTech,DS,6.05,0,1,0,4,1,71,2,0,,0.0,25.333333333333332,60.5,3,3
5520,Female,23,BCA,IT,9.25,2,2,0,3,3,81,1,0,,0.0,29.0,82.5,3,3
5521,Male,22,BE,IT,5.86,0,2,5,5,1,76,5,0,,0.0,27.333333333333332,58.6,12,12
5522,Female,22,BSc,DS,6.31,1,1,4,6,3,62,1,0,,0.0,23.666666666666668,58.099999999999994,6,6
5523,Male,22,BCA,Electrical,6.69,2,2,4,10,1,40,3,0,,0.0,17.0,56.900000000000006,9,9
5524,Female,23,BE,AI,9.78,3,3,3,3,9,56,5,0,,0.0,22.666666666666668,82.8,11,11
5525,Female,21,BCA,CS,7.29,0,1,4,9,5,85,2,1,Startup,7.67,33.0,72.9,7,7
5526,Male,24,BSc,DS,7.66,0,1,5,8,4,75,0,1,Service,3.47,29.0,76.6,6,6
5527,Male,20,BTech,Electrical,8.81,1,1,0,6,8,66,0,1,Service,13.25,26.666666666666668,83.10000000000001,1,1
5528,Female,24,BE,CS,8.24,3,2,1,5,1,87,1,1,Service,8.5,31.0,67.4,4,4
5529,Female,23,BE,IT,9.12,0,1,1,3,9,78,3,0,,0.0,30.0,91.19999999999999,5,5
5530,Male,22,BCA,CS,7.59,2,1,4,3,2,40,2,0,,0.0,15.0,65.9,7,7
5531,Female,22,BCA,DS,9.68,3,0,3,8,8,77,3,1,Startup,13.4,31.0,81.8,6,6
5532,Female,21,BTech,AI,8.93,3,0,1,6,7,53,2,0,,0.0,22.0,74.3,3,3
5533,Male,23,BCA,DS,7.23,1,2,0,10,10,43,5,0,,0.0,21.0,67.30000000000001,7,7
5534,Female,24,BSc,Mechanical,7.14,2,0,1,6,2,71,2,1,Service,11.21,26.333333333333332,61.39999999999999,3,3
5535,Male,23,BSc,Electrical,9.5,2,3,3,4,10,60,0,0,,0.0,24.666666666666668,85.0,6,6
5536,Female,23,BSc,Electrical,8.44,0,0,4,3,10,86,1,0,,0.0,33.0,84.39999999999999,5,5
5537,Male,22,BSc,Electrical,8.17,0,0,2,6,6,82,0,1,Product,5.6,31.333333333333332,81.7,2,2
5538,Female,24,BTech,Mechanical,8.76,3,1,5,1,5,89,3,0,,0.0,31.666666666666668,72.6,9,9
5539,Male,20,BTech,Mechanical,7.91,3,3,1,5,7,41,0,0,,0.0,17.666666666666668,64.1,4,4
5540,Female,22,BTech,AI,6.18,1,3,0,7,2,97,1,0,,0.0,35.333333333333336,56.8,4,4
5541,Male,24,BCA,Electrical,6.87,3,0,3,1,10,64,4,0,,0.0,25.0,53.7,7,7
5542,Female,21,BTech,DS,7.9,1,2,1,10,9,77,0,1,Startup,4.84,32.0,74.0,3,3
5543,Female,22,BE,Mechanical,5.58,1,1,2,4,3,98,3,0,,0.0,35.0,50.8,6,6
5544,Female,21,BE,DS,7.38,2,2,4,2,1,87,1,0,,0.0,30.0,63.8,7,7
5545,Female,22,BE,IT,8.75,2,2,1,1,8,53,3,0,,0.0,20.666666666666668,77.5,6,6
5546,Female,23,BCA,Electrical,6.21,3,2,3,1,7,52,5,0,,0.0,20.0,47.1,10,10
5547,Female,24,BCA,Mechanical,5.78,3,3,1,7,7,83,2,0,,0.0,32.333333333333336,42.800000000000004,6,6
5548,Female,21,BTech,Mechanical,9.09,2,2,4,6,4,58,1,0,,0.0,22.666666666666668,80.9,7,7
5549,Female,22,BSc,AI,8.15,3,2,3,7,10,51,2,0,,0.0,22.666666666666668,66.5,7,7
5550,Female,21,BE,DS,6.26,2,3,5,1,3,99,1,0,,0.0,34.333333333333336,52.599999999999994,9,9
5551,Male,22,BCA,AI,8.97,0,0,2,10,9,70,4,1,Product,6.64,29.666666666666668,89.7,6,6
5552,Male,22,BE,AI,8.33,3,3,0,3,3,73,4,0,,0.0,26.333333333333332,68.3,7,7
5553,Female,20,BTech,DS,6.94,1,3,5,7,7,80,1,1,Startup,3.21,31.333333333333332,64.4,9,9
5554,Male,20,BCA,IT,7.12,0,0,4,10,7,62,2,1,Startup,11.52,26.333333333333332,71.2,6,6
5555,Female,20,BSc,DS,6.17,0,2,1,10,10,48,5,0,,0.0,22.666666666666668,61.7,8,8
5556,Female,21,BSc,IT,9.09,3,2,2,9,7,55,2,0,,0.0,23.666666666666668,75.9,6,6
5557,Male,23,BCA,AI,7.69,2,0,3,6,1,63,3,1,Startup,8.89,23.333333333333332,66.9,6,6
5558,Female,22,BSc,IT,7.9,1,2,5,8,10,47,1,0,,0.0,21.666666666666668,74.0,8,8
5559,Female,24,BTech,Electrical,9.3,2,0,3,9,2,76,2,1,Product,3.37,29.0,83.0,5,5
5560,Male,20,BSc,IT,5.57,3,3,3,7,2,70,1,0,,0.0,26.333333333333332,40.7,7,7
5561,Male,21,BE,IT,5.79,2,2,1,9,3,94,4,0,,0.0,35.333333333333336,47.9,7,7
5562,Female,21,BE,Mechanical,6.19,3,2,5,10,4,71,2,0,,0.0,28.333333333333332,46.900000000000006,9,9
5563,Male,21,BE,Mechanical,5.63,3,1,4,4,1,92,2,0,,0.0,32.333333333333336,41.3,7,7
5564,Male,24,BCA,AI,8.33,1,2,5,9,5,81,4,1,Service,4.03,31.666666666666668,78.3,11,11
5565,Female,24,BCA,DS,8.23,3,1,2,9,1,62,5,1,Service,12.93,24.0,67.30000000000001,8,8
5566,Male,20,BCA,IT,6.41,1,2,3,2,7,77,3,0,,0.0,28.666666666666668,59.099999999999994,8,8
5567,Male,24,BCA,Electrical,6.14,0,1,0,9,7,75,1,0,,0.0,30.333333333333332,61.4,2,2
5568,Female,20,BCA,Mechanical,6.13,2,0,4,3,2,71,1,0,,0.0,25.333333333333332,51.3,5,5
5569,Male,24,BTech,DS,9.6,3,2,2,7,4,62,1,1,Startup,9.55,24.333333333333332,81.0,5,5
5570,Male,24,BCA,Electrical,8.48,2,0,2,3,9,93,1,0,,0.0,35.0,74.80000000000001,3,3
5571,Female,24,BSc,IT,8.02,2,1,3,5,1,62,5,1,Service,14.19,22.666666666666668,70.19999999999999,9,9
5572,Female,20,BTech,DS,6.89,1,1,0,2,10,97,0,0,,0.0,36.333333333333336,63.89999999999999,1,1
5573,Female,22,BCA,Electrical,7.36,2,1,3,10,6,72,4,1,Startup,6.69,29.333333333333332,63.60000000000001,8,8
5574,Male,20,BSc,CS,5.88,2,1,4,10,10,80,3,0,,0.0,33.333333333333336,48.8,8,8
5575,Female,22,BTech,Electrical,9.79,2,3,1,3,1,65,4,0,,0.0,23.0,87.89999999999999,8,8
5576,Female,21,BE,Electrical,8.75,3,0,4,10,6,79,1,1,Product,8.92,31.666666666666668,72.5,5,5
5577,Male,21,BTech,IT,8.17,2,1,0,4,1,42,0,0,,0.0,15.666666666666666,71.7,1,1
5578,Female,20,BCA,DS,8.03,0,2,1,10,3,40,0,0,,0.0,17.666666666666668,80.3,3,3
5579,Female,22,BTech,IT,7.67,1,1,5,6,4,52,4,0,,0.0,20.666666666666668,71.7,10,10
5580,Female,22,BTech,IT,6.61,0,0,5,6,10,66,2,1,Startup,3.19,27.333333333333332,66.10000000000001,7,7
5581,Female,22,BE,CS,6.47,1,3,2,3,5,89,5,0,,0.0,32.333333333333336,59.7,10,10
5582,Male,21,BTech,Electrical,7.86,2,0,3,3,7,66,3,0,,0.0,25.333333333333332,68.60000000000001,6,6
5583,Female,20,BTech,DS,5.8,1,2,5,9,2,83,0,0,,0.0,31.333333333333332,53.0,7,7
5584,Female,23,BE,AI,5.82,3,3,4,10,6,61,5,0,,0.0,25.666666666666668,43.2,12,12
5585,Male,22,BCA,Mechanical,7.91,3,0,3,2,4,94,1,0,,0.0,33.333333333333336,64.1,4,4
5586,Female,22,BSc,IT,9.46,0,1,4,4,6,50,2,0,,0.0,20.0,94.60000000000001,7,7
5587,Male,23,BTech,IT,9.43,3,2,3,5,7,54,3,0,,0.0,22.0,79.3,8,8
5588,Male,20,BE,IT,5.55,2,2,5,8,7,69,1,0,,0.0,28.0,45.5,8,8
5589,Male,22,BTech,IT,5.96,0,3,1,8,5,57,4,0,,0.0,23.333333333333332,59.6,8,8
5590,Female,20,BCA,Mechanical,8.01,0,0,3,6,7,83,5,1,Product,8.75,32.0,80.1,8,8
5591,Male,22,BCA,AI,9.15,0,2,0,2,3,63,0,0,,0.0,22.666666666666668,91.5,2,2
5592,Male,24,BE,CS,9.6,3,3,0,10,10,71,4,1,Product,7.3,30.333333333333332,81.0,7,7
5593,Male,22,BSc,AI,9.2,1,1,5,10,5,61,2,1,Service,10.11,25.333333333333332,87.0,8,8
5594,Female,24,BSc,Mechanical,8.41,3,1,3,1,5,44,0,0,,0.0,16.666666666666668,69.1,4,4
5595,Female,20,BTech,DS,6.36,0,3,5,7,2,44,1,0,,0.0,17.666666666666668,63.6,9,9
5596,Female,22,BE,CS,5.81,1,0,2,10,4,61,2,0,,0.0,25.0,53.099999999999994,4,4
5597,Female,21,BSc,CS,5.7,0,1,0,1,2,87,3,0,,0.0,30.0,57.0,4,4
5598,Female,21,BCA,DS,8.13,0,1,4,3,9,88,5,0,,0.0,33.333333333333336,81.30000000000001,10,10
5599,Female,23,BSc,Electrical,5.66,1,3,5,9,9,90,1,0,,0.0,36.0,51.6,9,9
5600,Female,21,BE,IT,8.68,1,0,3,6,1,78,3,1,Startup,7.25,28.333333333333332,81.8,6,6
5601,Male,24,BCA,Mechanical,8.56,0,1,3,8,2,61,0,1,Product,12.04,23.666666666666668,85.60000000000001,4,4
5602,Male,21,BTech,DS,5.84,0,0,0,9,8,46,3,0,,0.0,21.0,58.4,3,3
5603,Male,21,BCA,AI,9.4,3,3,2,7,3,89,5,1,Startup,8.63,33.0,79.0,10,10
5604,Male,21,BSc,AI,7.74,3,0,4,8,3,93,0,1,Service,7.71,34.666666666666664,62.400000000000006,4,4
5605,Female,22,BSc,Electrical,9.39,3,0,0,4,10,60,3,0,,0.0,24.666666666666668,78.9,3,3
5606,Male,23,BSc,DS,9.38,2,2,0,5,6,74,4,1,Startup,9.6,28.333333333333332,83.80000000000001,6,6
5607,Male,20,BTech,Mechanical,6.35,0,1,5,7,5,49,5,0,,0.0,20.333333333333332,63.5,11,11
5608,Male,23,BSc,Electrical,7.14,3,1,1,9,4,89,4,1,Product,8.23,34.0,56.39999999999999,6,6
5609,Male,24,BE,Electrical,6.08,0,1,5,8,7,51,2,0,,0.0,22.0,60.8,8,8
5610,Female,22,BTech,Electrical,8.83,2,0,0,7,1,76,5,1,Service,3.11,28.0,78.3,5,5
5611,Female,22,BCA,CS,7.67,3,3,4,4,1,62,5,0,,0.0,22.333333333333332,61.7,12,12
5612,Female,21,BSc,CS,9.49,3,0,1,1,1,77,3,0,,0.0,26.333333333333332,79.9,4,4
5613,Male,21,BE,IT,6.4,0,1,2,1,8,98,0,0,,0.0,35.666666666666664,64.0,3,3
5614,Female,24,BE,Mechanical,8.46,0,1,2,5,9,52,1,0,,0.0,22.0,84.60000000000001,4,4
5615,Male,22,BTech,AI,9.75,1,1,0,7,3,42,0,0,,0.0,17.333333333333332,92.5,1,1
5616,Female,20,BE,AI,8.36,1,1,4,8,1,45,4,0,,0.0,18.0,78.6,9,9
5617,Female,23,BTech,IT,5.8,3,3,2,7,9,69,5,0,,0.0,28.333333333333332,43.0,10,10
5618,Female,22,BTech,AI,8.03,1,2,4,4,3,80,1,0,,0.0,29.0,75.3,7,7
5619,Female,20,BTech,Electrical,6.27,3,0,5,7,9,42,3,0,,0.0,19.333333333333332,47.699999999999996,8,8
5620,Female,20,BCA,IT,5.63,0,3,5,6,4,41,5,0,,0.0,17.0,56.3,13,13
5621,Male,23,BCA,IT,6.94,1,2,4,8,1,96,5,1,Service,6.37,35.0,64.4,11,11
5622,Female,20,BE,DS,6.64,3,1,1,9,5,98,4,1,Product,5.09,37.333333333333336,51.39999999999999,6,6
5623,Male,24,BCA,CS,8.89,0,3,0,1,7,69,3,0,,0.0,25.666666666666668,88.9,6,6
5624,Male,20,BTech,Mechanical,7.11,3,3,4,2,6,67,4,0,,0.0,25.0,56.10000000000001,11,11
5625,Male,24,BTech,Mechanical,8.65,2,3,4,8,4,92,3,1,Service,14.6,34.666666666666664,76.5,10,10
5626,Male,20,BCA,CS,5.57,1,0,5,7,10,88,4,0,,0.0,35.0,50.7,9,9
5627,Male,21,BE,Electrical,5.56,2,2,4,7,8,88,2,0,,0.0,34.333333333333336,45.599999999999994,8,8
5628,Female,20,BTech,Mechanical,5.63,0,2,0,3,10,96,0,0,,0.0,36.333333333333336,56.3,2,2
5629,Female,24,BCA,AI,6.44,3,0,1,7,10,82,0,0,,0.0,33.0,49.400000000000006,1,1
5630,Female,20,BSc,AI,7.11,3,2,5,4,1,79,3,0,,0.0,28.0,56.10000000000001,10,10
5631,Female,20,BE,Mechanical,8.11,0,1,4,10,4,73,3,1,Startup,10.87,29.0,81.1,8,8
5632,Male,20,BE,DS,9.74,2,3,3,10,7,70,1,1,Startup,5.73,29.0,87.4,7,7
5633,Female,24,BE,Mechanical,7.02,3,2,5,2,6,56,1,0,,0.0,21.333333333333332,55.19999999999999,8,8
5634,Female,20,BSc,IT,5.74,2,2,1,1,1,97,0,0,,0.0,33.0,47.400000000000006,3,3
5635,Male,23,BTech,Electrical,6.34,2,3,0,8,5,48,0,0,,0.0,20.333333333333332,53.4,3,3
5636,Male,23,BE,IT,9.36,2,1,2,5,6,59,2,0,,0.0,23.333333333333332,83.6,5,5
5637,Female,24,BCA,CS,8.51,1,1,4,10,10,52,3,0,,0.0,24.0,80.1,8,8
5638,Female,21,BE,Electrical,8.9,2,2,3,4,9,93,3,0,,0.0,35.333333333333336,79.0,8,8
5639,Male,23,BCA,Electrical,6.03,1,1,2,9,5,66,0,0,,0.0,26.666666666666668,55.300000000000004,3,3
5640,Female,22,BE,AI,6.08,2,0,5,5,5,75,3,0,,0.0,28.333333333333332,50.8,8,8
5641,Female,23,BCA,Electrical,5.98,2,3,2,10,8,99,1,0,,0.0,39.0,49.800000000000004,6,6
5642,Female,22,BCA,DS,9.19,1,3,4,2,6,97,3,0,,0.0,35.0,86.89999999999999,10,10
5643,Female,24,BCA,Mechanical,6.4,3,0,4,9,10,43,1,0,,0.0,20.666666666666668,49.0,5,5
5644,Male,21,BSc,IT,8.27,3,1,2,10,8,66,4,1,Startup,8.26,28.0,67.69999999999999,7,7
5645,Male,22,BSc,AI,7.72,0,1,3,7,6,47,3,0,,0.0,20.0,77.2,7,7
5646,Male,22,BSc,AI,7.84,0,3,1,9,9,48,4,0,,0.0,22.0,78.4,8,8
5647,Female,23,BTech,DS,6.34,3,0,4,5,8,60,0,0,,0.0,24.333333333333332,48.4,4,4
5648,Female,22,BCA,DS,8.23,0,0,4,7,8,74,3,1,Product,8.48,29.666666666666668,82.30000000000001,7,7
5649,Female,24,BTech,DS,5.69,3,3,0,8,1,67,5,0,,0.0,25.333333333333332,41.900000000000006,8,8
5650,Female,24,BSc,DS,9.77,0,2,4,4,4,66,5,0,,0.0,24.666666666666668,97.69999999999999,11,11
5651,Female,24,BCA,IT,5.62,3,3,0,8,2,46,2,0,,0.0,18.666666666666668,41.2,5,5
5652,Male,23,BTech,DS,5.72,1,2,2,7,7,89,5,0,,0.0,34.333333333333336,52.199999999999996,9,9
5653,Female,21,BSc,AI,6.9,0,2,3,3,10,84,5,0,,0.0,32.333333333333336,69.0,10,10
5654,Female,23,BTech,AI,9.08,1,2,0,8,6,73,5,1,Product,12.48,29.0,85.8,7,7
5655,Male,24,BTech,Electrical,6.61,1,3,0,4,7,53,5,0,,0.0,21.333333333333332,61.10000000000001,8,8
5656,Female,23,BSc,Mechanical,7.53,1,0,1,2,5,68,2,0,,0.0,25.0,70.3,3,3
5657,Male,24,BCA,AI,5.58,1,0,2,9,3,85,5,0,,0.0,32.333333333333336,50.8,7,7
5658,Male,20,BE,AI,5.84,1,0,0,8,4,99,4,0,,0.0,37.0,53.4,4,4
5659,Male,20,BE,IT,8.11,2,3,0,4,10,68,2,0,,0.0,27.333333333333332,71.1,5,5
5660,Male,22,BTech,Electrical,6.34,1,3,2,3,1,96,1,0,,0.0,33.333333333333336,58.4,6,6
5661,Male,21,BTech,AI,8.49,0,1,4,3,5,93,0,0,,0.0,33.666666666666664,84.9,5,5
5662,Female,20,BTech,CS,8.88,1,3,3,6,6,96,5,1,Startup,8.67,36.0,83.80000000000001,11,11
5663,Male,24,BCA,AI,9.16,0,0,5,2,7,60,5,0,,0.0,23.0,91.6,10,10
5664,Male,23,BTech,Mechanical,6.08,1,1,5,3,8,99,1,0,,0.0,36.666666666666664,55.8,7,7
5665,Female,23,BTech,Mechanical,7.46,0,3,2,1,5,88,0,0,,0.0,31.333333333333332,74.6,5,5
5666,Female,22,BTech,Electrical,9.57,1,3,5,10,1,41,2,0,,0.0,17.333333333333332,90.7,10,10
5667,Male,23,BSc,Electrical,8.82,3,3,1,5,5,90,0,1,Startup,10.66,33.333333333333336,73.2,4,4
5668,Female,20,BE,DS,6.0,2,1,5,3,1,49,5,0,,0.0,17.666666666666668,50.0,11,11
5669,Female,23,BE,IT,7.66,0,1,1,7,8,63,1,1,Startup,9.78,26.0,76.6,3,3
5670,Male,20,BSc,Mechanical,9.47,0,2,3,9,2,66,4,1,Product,11.1,25.666666666666668,94.7,9,9
5671,Male,20,BCA,CS,7.39,1,1,1,5,2,90,4,1,Product,4.21,32.333333333333336,68.89999999999999,6,6
5672,Female,21,BCA,CS,9.1,0,0,2,2,6,90,3,0,,0.0,32.666666666666664,91.0,5,5
5673,Male,22,BCA,DS,7.63,1,0,4,2,9,71,5,0,,0.0,27.333333333333332,71.3,9,9
5674,Male,24,BSc,IT,5.96,2,3,5,4,5,84,1,0,,0.0,31.0,49.6,9,9
5675,Female,20,BE,IT,6.14,3,0,1,10,6,62,1,0,,0.0,26.0,46.4,2,2
5676,Male,22,BE,Electrical,5.7,3,0,2,9,3,87,4,0,,0.0,33.0,42.0,6,6
5677,Male,24,BTech,AI,6.34,2,0,1,2,9,96,2,0,,0.0,35.666666666666664,53.4,3,3
5678,Male,23,BE,CS,9.34,1,0,0,5,4,91,4,1,Product,12.42,33.333333333333336,88.4,4,4
5679,Male,22,BCA,CS,8.3,1,1,0,7,6,83,3,1,Startup,8.87,32.0,78.0,4,4
5680,Male,22,BCA,CS,8.68,2,0,4,10,4,75,3,1,Startup,13.59,29.666666666666668,76.8,7,7
5681,Female,22,BTech,CS,8.17,0,3,5,4,6,96,1,0,,0.0,35.333333333333336,81.7,9,9
5682,Female,23,BTech,Mechanical,7.16,0,1,0,7,1,60,1,1,Product,7.1,22.666666666666668,71.6,2,2
5683,Male,23,BE,IT,6.43,0,2,0,7,1,61,3,0,,0.0,23.0,64.3,5,5
5684,Female,22,BTech,AI,9.48,2,0,1,2,1,62,1,0,,0.0,21.666666666666668,84.80000000000001,2,2
5685,Male,21,BTech,Mechanical,7.71,3,2,1,2,10,93,5,0,,0.0,35.0,62.099999999999994,8,8
5686,Male,20,BSc,IT,7.57,3,2,3,2,2,51,0,0,,0.0,18.333333333333332,60.7,5,5
5687,Male,23,BE,DS,9.78,3,3,4,9,7,52,3,0,,0.0,22.666666666666668,82.8,10,10
5688,Male,21,BCA,CS,7.15,1,2,0,1,3,73,3,0,,0.0,25.666666666666668,66.5,5,5
5689,Male,23,BSc,AI,9.17,2,0,3,6,1,64,1,1,Product,9.52,23.666666666666668,81.7,4,4
5690,Female,22,BCA,IT,9.21,0,3,1,7,8,41,0,0,,0.0,18.666666666666668,92.10000000000001,4,4
5691,Female,21,BTech,DS,6.5,3,3,5,9,8,80,5,1,Product,8.28,32.333333333333336,50.0,13,13
5692,Male,24,BTech,CS,5.91,3,1,3,3,4,93,3,0,,0.0,33.333333333333336,44.1,7,7
5693,Female,20,BCA,DS,9.7,3,3,0,9,7,60,0,1,Service,3.84,25.333333333333332,82.0,3,3
5694,Male,20,BSc,DS,7.33,1,2,3,7,2,95,3,1,Startup,9.58,34.666666666666664,68.3,8,8
5695,Female,23,BSc,Mechanical,5.51,1,0,2,5,6,70,0,0,,0.0,27.0,50.099999999999994,2,2
5696,Male,20,BSc,DS,7.65,0,1,4,5,9,57,4,0,,0.0,23.666666666666668,76.5,9,9
5697,Female,24,BTech,Mechanical,8.16,3,2,0,7,7,55,3,0,,0.0,23.0,66.6,5,5
5698,Male,21,BE,Electrical,8.84,3,3,2,10,6,53,0,0,,0.0,23.0,73.4,5,5
5699,Male,21,BTech,Mechanical,9.55,3,0,5,6,10,72,4,1,Service,11.91,29.333333333333332,80.5,9,9
5700,Female,22,BCA,DS,9.44,1,3,3,8,2,85,1,1,Startup,14.55,31.666666666666668,89.39999999999999,7,7
5701,Female,21,BSc,IT,9.54,0,1,5,10,4,46,2,0,,0.0,20.0,95.39999999999999,8,8
5702,Male,23,BE,DS,5.64,2,1,0,10,6,77,0,0,,0.0,31.0,46.4,1,1
5703,Female,24,BSc,DS,8.56,1,0,3,9,5,59,4,0,,0.0,24.333333333333332,80.60000000000001,7,7
5704,Male,22,BTech,IT,6.47,3,2,4,6,5,43,5,0,,0.0,18.0,49.7,11,11
5705,Female,23,BE,CS,6.31,0,0,5,3,4,50,3,0,,0.0,19.0,63.099999999999994,8,8
5706,Female,23,BE,AI,8.94,0,2,5,9,8,45,4,0,,0.0,20.666666666666668,89.39999999999999,11,11
5707,Male,23,BTech,Electrical,7.29,2,0,4,2,8,78,2,0,,0.0,29.333333333333332,62.900000000000006,6,6
5708,Female,20,BSc,CS,9.44,3,1,1,5,5,89,2,1,Service,4.43,33.0,79.39999999999999,4,4
5709,Female,23,BSc,DS,5.68,1,1,2,10,7,46,2,0,,0.0,21.0,51.8,5,5
5710,Male,20,BSc,CS,8.95,1,3,4,4,2,84,1,0,,0.0,30.0,84.5,8,8
5711,Female,21,BTech,AI,6.09,1,1,2,2,3,69,5,0,,0.0,24.666666666666668,55.9,8,8
5712,Male,20,BCA,CS,6.26,3,3,3,6,10,81,0,0,,0.0,32.333333333333336,47.599999999999994,6,6
5713,Male,23,BCA,AI,7.55,3,1,2,10,9,62,5,1,Startup,7.87,27.0,60.5,8,8
5714,Male,24,BSc,CS,7.2,3,1,5,7,7,67,3,1,Startup,12.66,27.0,57.0,9,9
5715,Male,24,BE,Mechanical,7.59,1,3,0,2,6,77,0,0,,0.0,28.333333333333332,70.9,3,3
5716,Male,21,BCA,DS,9.54,3,0,1,3,7,74,0,0,,0.0,28.0,80.39999999999999,1,1
5717,Female,23,BSc,AI,8.33,3,0,2,5,6,95,1,1,Product,5.11,35.333333333333336,68.3,3,3
5718,Male,20,BCA,Electrical,6.75,3,0,2,9,2,40,3,0,,0.0,17.0,52.5,5,5
5719,Male,24,BSc,DS,6.24,2,2,4,7,3,63,5,0,,0.0,24.333333333333332,52.400000000000006,11,11
5720,Female,22,BCA,Mechanical,7.31,2,2,0,3,5,99,1,0,,0.0,35.666666666666664,63.099999999999994,3,3
5721,Female,23,BCA,CS,7.44,3,1,4,10,2,87,3,1,Service,6.91,33.0,59.400000000000006,8,8
5722,Female,23,BE,DS,8.09,3,1,2,4,3,67,5,0,,0.0,24.666666666666668,65.9,8,8
5723,Male,22,BE,CS,6.64,1,1,3,7,7,94,4,1,Startup,8.42,36.0,61.39999999999999,8,8
5724,Male,24,BCA,CS,8.8,0,3,4,1,2,73,5,0,,0.0,25.333333333333332,88.0,12,12
5725,Male,22,BSc,DS,5.92,3,2,4,4,6,56,5,0,,0.0,22.0,44.2,11,11
5726,Female,21,BE,AI,7.91,1,2,0,1,10,63,3,0,,0.0,24.666666666666668,74.1,5,5
5727,Male,20,BTech,AI,8.18,1,0,5,5,5,70,1,1,Product,3.92,26.666666666666668,76.8,6,6
5728,Female,20,BE,DS,6.39,0,2,4,2,3,59,4,0,,0.0,21.333333333333332,63.9,10,10
5729,Male,24,BCA,AI,9.05,1,3,4,9,8,98,3,1,Product,6.69,38.333333333333336,85.5,10,10
5730,Female,22,BCA,IT,8.15,0,3,1,3,6,68,2,0,,0.0,25.666666666666668,81.5,6,6
5731,Male,23,BTech,CS,8.28,3,3,2,5,9,67,1,1,Product,8.97,27.0,67.8,6,6
5732,Male,23,BE,DS,7.64,2,3,0,8,1,53,4,0,,0.0,20.666666666666668,66.39999999999999,7,7
5733,Male,23,BCA,Electrical,9.41,0,1,4,8,3,81,2,1,Startup,9.22,30.666666666666668,94.1,7,7
5734,Female,21,BTech,Mechanical,8.48,3,3,5,9,10,99,4,1,Product,13.92,39.333333333333336,69.80000000000001,12,12
5735,Female,21,BTech,DS,7.14,3,0,5,3,8,65,5,0,,0.0,25.333333333333332,56.39999999999999,10,10
5736,Male,23,BSc,DS,6.53,2,3,2,3,1,80,3,0,,0.0,28.0,55.3,8,8
5737,Male,24,BE,CS,5.81,1,2,0,4,8,83,3,0,,0.0,31.666666666666668,53.099999999999994,5,5
5738,Male,21,BE,Mechanical,6.21,0,3,5,6,10,50,4,0,,0.0,22.0,62.1,12,12
5739,Female,21,BE,CS,9.77,0,0,4,7,5,55,4,0,,0.0,22.333333333333332,97.69999999999999,8,8
5740,Male,20,BCA,Electrical,7.25,1,2,3,1,8,75,3,0,,0.0,28.0,67.5,8,8
5741,Male,20,BTech,AI,9.36,2,2,5,2,10,68,0,0,,0.0,26.666666666666668,83.6,7,7
5742,Male,24,BSc,DS,6.23,0,2,1,3,7,66,5,0,,0.0,25.333333333333332,62.300000000000004,8,8
5743,Male,21,BE,CS,7.33,0,1,0,1,9,68,4,0,,0.0,26.0,73.3,5,5
5744,Female,21,BSc,Electrical,9.63,1,2,3,3,7,67,0,0,,0.0,25.666666666666668,91.30000000000001,5,5
5745,Female,22,BSc,Electrical,5.89,3,1,0,4,4,71,3,0,,0.0,26.333333333333332,43.9,4,4
5746,Male,24,BTech,IT,8.05,2,3,0,6,1,66,2,1,Service,13.4,24.333333333333332,70.5,5,5
5747,Male,24,BE,DS,9.45,3,0,1,5,2,50,2,0,,0.0,19.0,79.5,3,3
5748,Female,22,BSc,Electrical,9.58,3,2,3,6,2,84,1,1,Startup,5.61,30.666666666666668,80.8,6,6
5749,Female,22,BE,AI,9.14,1,3,4,9,1,47,1,0,,0.0,19.0,86.4,8,8
5750,Male,20,BE,CS,9.18,0,1,2,1,10,95,3,0,,0.0,35.333333333333336,91.8,6,6
5751,Female,24,BE,CS,8.3,1,1,3,3,7,88,4,0,,0.0,32.666666666666664,78.0,8,8
5752,Female,24,BSc,IT,6.45,3,0,5,8,4,92,2,0,,0.0,34.666666666666664,49.5,7,7
5753,Male,22,BTech,AI,8.64,1,3,0,9,10,82,4,1,Startup,14.66,33.666666666666664,81.4,7,7
5754,Female,23,BTech,Electrical,9.71,2,0,5,2,7,43,0,0,,0.0,17.333333333333332,87.10000000000001,5,5
5755,Female,23,BSc,IT,7.76,3,0,3,10,8,91,3,1,Product,9.56,36.333333333333336,62.599999999999994,6,6
5756,Male,20,BCA,Electrical,6.62,3,2,2,5,6,96,5,1,Product,14.05,35.666666666666664,51.2,9,9
5757,Male,23,BE,Electrical,7.97,2,2,5,3,8,51,1,0,,0.0,20.666666666666668,69.7,8,8
5758,Female,23,BE,DS,8.47,1,0,3,10,2,71,3,1,Startup,12.59,27.666666666666668,79.7,6,6
5759,Male,23,BTech,Mechanical,6.4,1,2,2,2,1,98,1,0,,0.0,33.666666666666664,59.0,5,5
5760,Female,21,BSc,Electrical,8.59,1,3,1,9,9,51,3,0,,0.0,23.0,80.9,7,7
5761,Male,20,BSc,CS,8.03,0,1,0,5,9,90,3,1,Service,13.41,34.666666666666664,80.3,4,4
5762,Female,22,BCA,Electrical,8.13,3,1,4,9,9,95,1,1,Product,5.77,37.666666666666664,66.30000000000001,6,6
5763,Male,23,BCA,IT,6.82,2,2,3,1,4,99,0,0,,0.0,34.666666666666664,58.2,5,5
5764,Female,21,BTech,Electrical,6.17,3,3,1,4,9,64,3,0,,0.0,25.666666666666668,46.7,7,7
5765,Female,23,BCA,CS,8.18,0,2,5,1,9,63,2,0,,0.0,24.333333333333332,81.8,9,9
5766,Female,21,BCA,CS,8.02,3,3,3,5,5,59,3,0,,0.0,23.0,65.19999999999999,9,9
5767,Male,20,BSc,IT,6.95,2,1,1,5,1,89,4,1,Service,12.81,31.666666666666668,59.5,6,6
5768,Male,23,BSc,CS,6.77,2,3,2,7,8,81,2,1,Service,12.24,32.0,57.69999999999999,7,7
5769,Female,21,BCA,AI,6.99,3,1,1,7,1,46,4,0,,0.0,18.0,54.900000000000006,6,6
5770,Female,24,BTech,AI,7.61,0,2,5,8,3,71,1,1,Startup,9.14,27.333333333333332,76.10000000000001,8,8
5771,Male,24,BCA,Mechanical,9.69,3,3,5,6,3,90,1,1,Service,14.77,33.0,81.89999999999999,9,9
5772,Male,21,BTech,AI,8.78,0,2,2,10,5,45,1,0,,0.0,20.0,87.8,5,5
5773,Male,23,BCA,IT,9.16,1,0,1,3,5,58,5,0,,0.0,22.0,86.6,6,6
5774,Male,23,BSc,Electrical,7.67,2,0,3,9,5,91,4,1,Product,3.53,35.0,66.7,7,7
5775,Male,20,BSc,AI,7.76,3,2,4,5,4,57,1,0,,0.0,22.0,62.599999999999994,7,7
5776,Male,20,BTech,Mechanical,6.38,2,1,0,9,1,51,2,0,,0.0,20.333333333333332,53.8,3,3
5777,Female,22,BCA,DS,8.6,2,3,5,5,4,82,1,1,Service,13.88,30.333333333333332,76.0,9,9
5778,Male,20,BCA,DS,7.31,3,2,4,3,10,86,3,0,,0.0,33.0,58.099999999999994,9,9
5779,Female,23,BTech,IT,8.69,1,1,1,7,8,76,4,1,Startup,7.07,30.333333333333332,81.89999999999999,6,6
5780,Male,22,BCA,Mechanical,7.26,2,3,2,9,5,49,4,0,,0.0,21.0,62.599999999999994,9,9
5781,Male,20,BE,AI,5.97,2,2,5,1,7,62,4,0,,0.0,23.333333333333332,49.699999999999996,11,11
5782,Female,21,BSc,Mechanical,6.24,0,2,5,3,1,57,4,0,,0.0,20.333333333333332,62.400000000000006,11,11
5783,Female,24,BSc,CS,8.99,0,1,3,7,5,60,0,1,Startup,12.83,24.0,89.9,4,4
5784,Male,20,BTech,Mechanical,6.61,1,3,0,9,10,93,1,1,Service,5.84,37.333333333333336,61.10000000000001,4,4
5785,Female,20,BCA,AI,6.64,3,3,0,4,8,86,3,0,,0.0,32.666666666666664,51.39999999999999,6,6
5786,Female,21,BTech,IT,9.5,2,1,3,5,5,93,3,1,Service,10.22,34.333333333333336,85.0,7,7
5787,Female,23,BE,CS,8.33,1,2,1,8,1,52,5,0,,0.0,20.333333333333332,78.3,8,8
5788,Female,21,BCA,Mechanical,5.99,3,1,0,4,2,41,4,0,,0.0,15.666666666666666,44.900000000000006,5,5
5789,Male,20,BE,DS,6.12,0,1,3,2,6,41,3,0,,0.0,16.333333333333332,61.2,7,7
5790,Female,23,BTech,AI,6.67,2,2,1,7,2,57,1,0,,0.0,22.0,56.7,4,4
5791,Male,22,BSc,IT,8.05,2,3,3,2,9,74,2,0,,0.0,28.333333333333332,70.5,8,8
5792,Male,20,BE,Electrical,8.74,3,0,0,6,9,87,3,1,Startup,6.62,34.0,72.4,3,3
5793,Male,21,BCA,AI,6.68,1,0,4,7,2,73,5,1,Service,6.36,27.333333333333332,61.8,9,9
5794,Male,22,BTech,Mechanical,9.24,2,1,0,8,1,80,0,1,Product,11.11,29.666666666666668,82.4,1,1
5795,Female,24,BTech,IT,5.97,2,3,0,5,7,49,4,0,,0.0,20.333333333333332,49.699999999999996,7,7
5796,Female,22,BTech,DS,6.39,0,2,4,1,7,76,2,0,,0.0,28.0,63.9,8,8
5797,Male,21,BSc,CS,9.67,1,3,1,3,3,71,5,0,,0.0,25.666666666666668,91.7,9,9
5798,Male,22,BTech,Mechanical,6.08,0,1,5,10,2,64,2,0,,0.0,25.333333333333332,60.8,8,8
5799,Male,21,BTech,IT,9.32,3,3,5,9,9,63,4,1,Product,11.44,27.0,78.2,12,12
5800,Male,20,BSc,CS,8.53,3,3,3,6,9,60,4,1,Service,9.63,25.0,70.3,10,10
5801,Female,23,BTech,IT,5.81,1,2,1,5,6,84,3,0,,0.0,31.666666666666668,53.099999999999994,6,6
5802,Male,24,BTech,Electrical,7.58,0,0,1,1,7,78,4,0,,0.0,28.666666666666668,75.8,5,5
5803,Female,23,BE,Mechanical,7.73,3,3,3,4,2,99,0,0,,0.0,35.0,62.30000000000001,6,6
5804,Male,23,BTech,IT,9.51,1,3,1,5,6,73,1,1,Service,13.54,28.0,90.1,5,5
5805,Male,23,BSc,DS,7.31,3,0,5,2,6,65,2,0,,0.0,24.333333333333332,58.099999999999994,7,7
5806,Male,21,BE,IT,7.42,2,3,2,5,8,81,4,1,Startup,4.75,31.333333333333332,64.2,9,9
5807,Male,21,BTech,Mechanical,5.98,2,3,5,3,9,78,3,0,,0.0,30.0,49.800000000000004,11,11
5808,Female,24,BSc,IT,8.25,1,3,0,8,2,44,4,0,,0.0,18.0,77.5,7,7
5809,Female,21,BCA,CS,6.41,3,0,2,10,7,45,0,0,,0.0,20.666666666666668,49.099999999999994,2,2
5810,Female,21,BTech,CS,5.83,1,1,3,1,9,71,4,0,,0.0,27.0,53.3,8,8
5811,Male,21,BCA,Electrical,9.79,1,0,5,4,6,80,0,0,,0.0,30.0,92.89999999999999,5,5
5812,Male,21,BE,AI,6.66,1,0,4,9,7,71,4,1,Startup,4.36,29.0,61.599999999999994,8,8
5813,Female,20,BSc,Electrical,6.11,2,1,4,1,9,47,1,0,,0.0,19.0,51.1,6,6
5814,Female,24,BE,AI,8.51,1,2,3,6,10,57,3,0,,0.0,24.333333333333332,80.1,8,8
5815,Male,21,BCA,DS,9.03,2,0,5,6,4,97,5,1,Startup,6.14,35.666666666666664,80.3,10,10
5816,Male,24,BCA,CS,5.78,2,3,5,2,2,93,0,0,,0.0,32.333333333333336,47.800000000000004,8,8
5817,Female,22,BCA,AI,5.95,3,2,3,1,2,40,4,0,,0.0,14.333333333333334,44.5,9,9
5818,Male,20,BSc,IT,5.89,1,2,1,1,1,63,2,0,,0.0,21.666666666666668,53.9,5,5
5819,Male,21,BCA,DS,5.7,3,1,0,10,9,86,0,0,,0.0,35.0,42.0,1,1
5820,Female,20,BCA,Mechanical,8.34,2,2,2,5,10,56,1,0,,0.0,23.666666666666668,73.4,5,5
5821,Male,20,BSc,AI,8.03,1,3,3,5,4,57,1,0,,0.0,22.0,75.3,7,7
5822,Female,22,BCA,Electrical,8.35,2,2,4,10,5,59,2,0,,0.0,24.666666666666668,73.5,8,8
5823,Male,24,BTech,AI,7.67,1,3,0,7,4,65,4,1,Startup,5.42,25.333333333333332,71.7,7,7
5824,Female,20,BCA,Electrical,9.02,1,1,0,9,4,89,4,1,Service,14.43,34.0,85.19999999999999,5,5
5825,Male,23,BSc,Electrical,7.85,0,2,1,4,6,69,4,0,,0.0,26.333333333333332,78.5,7,7
5826,Female,22,BCA,CS,9.45,3,0,4,4,6,76,4,0,,0.0,28.666666666666668,79.5,8,8
5827,Female,23,BSc,DS,7.59,0,1,0,7,1,66,5,1,Service,6.51,24.666666666666668,75.9,6,6
5828,Female,22,BCA,Electrical,8.9,1,1,4,9,1,78,5,1,Startup,6.27,29.333333333333332,84.0,10,10
5829,Female,23,BTech,CS,7.25,0,3,2,7,7,62,4,1,Service,5.64,25.333333333333332,72.5,9,9
5830,Male,23,BSc,CS,7.37,2,1,4,8,1,65,2,1,Service,5.95,24.666666666666668,63.7,7,7
5831,Male,20,BSc,Electrical,9.15,1,0,0,10,1,44,5,0,,0.0,18.333333333333332,86.5,5,5
5832,Female,20,BSc,DS,5.96,1,2,5,7,6,53,5,0,,0.0,22.0,54.6,12,12
5833,Male,22,BSc,IT,7.93,1,2,4,9,8,74,1,1,Product,5.54,30.333333333333332,74.3,7,7
5834,Male,24,BCA,AI,8.62,0,2,4,6,7,92,2,1,Product,13.17,35.0,86.19999999999999,8,8
5835,Male,20,BCA,CS,8.73,3,3,5,9,6,71,3,1,Startup,12.21,28.666666666666668,72.30000000000001,11,11
5836,Male,20,BTech,AI,8.04,3,0,4,3,7,84,3,0,,0.0,31.333333333333332,65.39999999999999,7,7
5837,Male,21,BTech,DS,7.43,3,3,0,4,2,43,0,0,,0.0,16.333333333333332,59.3,3,3
5838,Female,20,BCA,IT,6.62,0,2,2,9,6,61,4,1,Product,7.78,25.333333333333332,66.2,8,8
5839,Female,24,BE,Mechanical,9.41,2,2,4,2,9,88,1,0,,0.0,33.0,84.1,7,7
5840,Female,21,BSc,IT,7.09,0,0,2,2,4,72,0,0,,0.0,26.0,70.9,2,2
5841,Female,23,BCA,DS,8.94,3,3,0,10,2,52,5,0,,0.0,21.333333333333332,74.39999999999999,8,8
5842,Male,23,BTech,IT,5.64,0,0,3,8,9,47,3,0,,0.0,21.333333333333332,56.4,6,6
5843,Male,21,BSc,Mechanical,6.5,2,2,4,10,8,77,0,1,Startup,3.07,31.666666666666668,55.0,6,6
5844,Female,21,BTech,CS,6.99,1,0,2,6,8,85,5,1,Startup,12.28,33.0,64.9,7,7
5845,Male,21,BE,IT,8.39,1,0,4,5,7,48,3,0,,0.0,20.0,78.9,7,7
5846,Male,22,BSc,Electrical,6.87,3,3,1,2,8,97,3,0,,0.0,35.666666666666664,53.7,7,7
5847,Female,24,BE,Electrical,5.68,3,3,1,1,3,83,2,0,,0.0,29.0,41.8,6,6
5848,Male,24,BE,DS,6.25,2,0,0,3,6,67,0,0,,0.0,25.333333333333332,52.5,0,0
5849,Female,23,BE,IT,6.61,0,1,5,6,7,40,3,0,,0.0,17.666666666666668,66.10000000000001,9,9
5850,Female,23,BCA,Mechanical,6.26,2,1,2,5,5,54,1,0,,0.0,21.333333333333332,52.599999999999994,4,4
5851,Male,23,BTech,DS,6.38,2,3,2,6,2,46,3,0,,0.0,18.0,53.8,8,8
5852,Male,20,BSc,IT,8.81,1,2,5,7,10,56,2,0,,0.0,24.333333333333332,83.10000000000001,9,9
5853,Female,23,BCA,DS,7.27,0,2,5,7,7,51,0,0,,0.0,21.666666666666668,72.69999999999999,7,7
5854,Female,21,BTech,Electrical,7.24,1,3,4,3,2,94,3,0,,0.0,33.0,67.4,10,10
5855,Male,23,BCA,Mechanical,9.66,1,3,1,10,9,94,4,1,Startup,4.64,37.666666666666664,91.6,8,8
5856,Female,21,BTech,CS,7.42,2,0,4,8,9,68,4,1,Service,3.92,28.333333333333332,64.2,8,8
5857,Female,22,BSc,Mechanical,9.49,1,2,4,8,10,95,3,1,Service,11.18,37.666666666666664,89.9,9,9
5858,Female,20,BSc,CS,6.79,3,1,5,3,6,53,0,0,,0.0,20.666666666666668,52.900000000000006,6,6
5859,Male,20,BSc,AI,7.22,3,3,0,6,4,52,5,0,,0.0,20.666666666666668,57.2,8,8
5860,Female,24,BSc,Electrical,7.2,1,3,3,9,10,92,2,1,Service,10.19,37.0,67.0,8,8
5861,Male,22,BTech,Electrical,7.85,1,2,0,1,4,95,1,0,,0.0,33.333333333333336,73.5,3,3
5862,Female,21,BCA,Electrical,8.01,0,2,0,2,5,71,5,0,,0.0,26.0,80.1,7,7
5863,Male,22,BSc,Mechanical,6.57,3,1,0,2,7,81,0,0,,0.0,30.0,50.7,1,1
5864,Female,20,BSc,CS,8.91,0,3,4,5,8,92,2,1,Product,5.71,35.0,89.1,9,9
5865,Male,21,BSc,AI,7.64,1,1,4,6,10,64,3,1,Product,9.46,26.666666666666668,71.39999999999999,8,8
5866,Male,22,BE,AI,5.53,3,0,4,3,8,66,1,0,,0.0,25.666666666666668,40.300000000000004,5,5
5867,Male,20,BSc,AI,8.04,2,0,4,4,7,63,0,0,,0.0,24.666666666666668,70.39999999999999,4,4
5868,Female,21,BSc,DS,8.93,2,3,5,10,6,52,3,0,,0.0,22.666666666666668,79.3,11,11
5869,Female,21,BTech,Mechanical,6.58,1,0,1,2,2,68,1,0,,0.0,24.0,60.8,2,2
5870,Female,20,BE,Mechanical,5.66,0,2,2,3,8,69,3,0,,0.0,26.666666666666668,56.6,7,7
5871,Male,21,BTech,Electrical,8.97,2,2,1,8,4,66,4,1,Product,11.66,26.0,79.7,7,7
5872,Female,20,BCA,Mechanical,9.7,2,2,2,5,8,46,5,0,,0.0,19.666666666666668,87.0,9,9
5873,Male,23,BE,Mechanical,5.83,3,1,4,2,5,52,4,0,,0.0,19.666666666666668,43.3,9,9
5874,Female,23,BTech,DS,9.53,0,2,1,10,3,46,2,0,,0.0,19.666666666666668,95.3,5,5
5875,Male,21,BTech,Mechanical,7.04,0,1,2,10,6,74,1,1,Product,9.72,30.0,70.4,4,4
5876,Male,21,BCA,CS,9.55,2,3,3,2,2,45,4,0,,0.0,16.333333333333332,85.5,10,10
5877,Male,20,BCA,AI,8.29,1,3,0,4,6,61,3,0,,0.0,23.666666666666668,77.89999999999999,6,6
5878,Female,21,BSc,DS,9.33,2,2,2,9,6,98,2,1,Service,10.94,37.666666666666664,83.3,6,6
5879,Female,24,BSc,DS,8.88,0,2,5,6,1,53,4,0,,0.0,20.0,88.80000000000001,11,11
5880,Female,23,BE,Electrical,5.62,3,3,1,1,10,60,2,0,,0.0,23.666666666666668,41.2,6,6
5881,Male,21,BE,Mechanical,5.78,0,1,1,4,5,57,5,0,,0.0,22.0,57.800000000000004,7,7
5882,Male,21,BCA,AI,7.76,3,1,3,3,5,87,1,0,,0.0,31.666666666666668,62.599999999999994,5,5
5883,Female,22,BE,CS,6.06,3,1,2,1,8,68,4,0,,0.0,25.666666666666668,45.599999999999994,7,7
5884,Female,21,BSc,AI,7.48,3,0,0,6,7,65,4,1,Product,10.12,26.0,59.80000000000001,4,4
5885,Female,24,BCA,IT,9.6,0,0,1,10,9,78,0,1,Product,8.58,32.333333333333336,96.0,1,1
5886,Male,23,BTech,AI,6.77,0,2,4,1,10,76,0,0,,0.0,29.0,67.69999999999999,6,6
5887,Male,22,BCA,CS,7.6,1,2,5,1,3,89,1,0,,0.0,31.0,71.0,8,8
5888,Male,20,BE,CS,7.15,2,3,4,7,1,84,1,1,Service,12.71,30.666666666666668,61.5,8,8
5889,Male,20,BSc,CS,8.21,0,2,2,1,7,75,5,0,,0.0,27.666666666666668,82.10000000000001,9,9
5890,Male,23,BSc,DS,6.33,3,3,5,3,9,67,5,0,,0.0,26.333333333333332,48.3,13,13
5891,Female,20,BTech,DS,6.62,0,0,3,5,10,50,0,0,,0.0,21.666666666666668,66.2,3,3
5892,Male,24,BTech,IT,9.19,0,2,0,3,10,56,4,0,,0.0,23.0,91.89999999999999,6,6
5893,Male,21,BCA,AI,8.99,2,1,2,6,7,51,5,0,,0.0,21.333333333333332,79.9,8,8
5894,Male,23,BSc,Mechanical,8.89,0,3,2,9,10,67,2,1,Product,9.06,28.666666666666668,88.9,7,7
5895,Male,22,BTech,Electrical,8.81,3,1,5,2,7,63,1,0,,0.0,24.0,73.10000000000001,7,7
5896,Male,21,BTech,IT,7.48,2,0,0,7,10,70,0,1,Startup,6.11,29.0,64.80000000000001,0,0
5897,Female,20,BCA,Mechanical,8.63,1,1,1,4,6,76,2,0,,0.0,28.666666666666668,81.30000000000001,4,4
5898,Male,20,BCA,Mechanical,7.16,3,1,4,6,5,95,0,1,Startup,11.73,35.333333333333336,56.599999999999994,5,5
5899,Male,22,BSc,IT,5.93,3,2,1,10,5,88,3,0,,0.0,34.333333333333336,44.3,6,6
5900,Male,24,BE,AI,7.19,0,1,3,10,8,95,4,1,Startup,6.48,37.666666666666664,71.9,8,8
5901,Female,22,BE,Electrical,6.18,1,1,0,6,9,68,2,0,,0.0,27.666666666666668,56.8,3,3
5902,Female,23,BSc,Mechanical,7.18,2,0,1,8,4,44,0,0,,0.0,18.666666666666668,61.8,1,1
5903,Female,22,BE,DS,6.78,1,1,2,7,10,94,2,1,Product,4.85,37.0,62.8,5,5
5904,Male,20,BSc,DS,8.08,0,3,2,5,1,74,5,1,Startup,11.06,26.666666666666668,80.8,10,10
5905,Female,24,BSc,IT,7.05,1,1,3,7,5,52,3,0,,0.0,21.333333333333332,65.5,7,7
5906,Male,24,BTech,Electrical,8.53,3,3,3,6,4,90,3,1,Product,7.02,33.333333333333336,70.3,9,9
5907,Male,22,BE,Electrical,7.7,3,2,0,5,4,84,4,1,Product,9.14,31.0,62.0,6,6
5908,Female,23,BSc,Mechanical,9.45,1,3,1,9,1,48,0,0,,0.0,19.333333333333332,89.5,4,4
5909,Male,20,BE,IT,5.89,1,3,2,4,3,70,0,0,,0.0,25.666666666666668,53.9,5,5
5910,Male,21,BE,Electrical,8.46,3,2,0,7,3,62,5,1,Startup,6.16,24.0,69.60000000000001,7,7
5911,Male,24,BCA,Electrical,8.39,1,2,0,7,8,98,5,1,Startup,12.83,37.666666666666664,78.9,7,7
5912,Female,22,BE,DS,9.59,3,0,2,3,6,55,0,0,,0.0,21.333333333333332,80.9,2,2
5913,Male,23,BSc,IT,7.1,1,3,1,8,6,93,1,1,Product,5.83,35.666666666666664,66.0,5,5
5914,Male,23,BTech,Mechanical,6.81,2,2,4,9,6,59,4,0,,0.0,24.666666666666668,58.099999999999994,10,10
5915,Female,20,BE,Mechanical,6.24,2,1,3,5,8,92,3,0,,0.0,35.0,52.400000000000006,7,7
5916,Male,24,BSc,DS,6.64,0,0,5,1,5,86,4,0,,0.0,30.666666666666668,66.39999999999999,9,9
5917,Male,20,BCA,CS,7.66,3,1,1,1,3,47,1,0,,0.0,17.0,61.599999999999994,3,3
5918,Female,21,BE,CS,9.1,2,1,4,5,1,87,0,1,Product,11.53,31.0,81.0,5,5
5919,Male,21,BTech,Electrical,6.72,3,2,4,2,8,56,3,0,,0.0,22.0,52.2,9,9
5920,Male,21,BE,AI,6.18,2,0,2,2,10,89,0,0,,0.0,33.666666666666664,51.8,2,2
5921,Male,23,BSc,DS,6.67,0,0,4,6,4,58,1,0,,0.0,22.666666666666668,66.7,5,5
5922,Male,24,BE,AI,5.93,3,2,3,5,3,82,1,0,,0.0,30.0,44.3,6,6
5923,Male,20,BE,Electrical,9.48,2,3,0,2,8,76,0,0,,0.0,28.666666666666668,84.80000000000001,3,3
5924,Female,20,BCA,DS,9.25,3,0,1,5,10,84,0,1,Startup,9.57,33.0,77.5,1,1
5925,Female,21,BE,Mechanical,6.83,0,1,5,4,7,66,2,0,,0.0,25.666666666666668,68.3,8,8
5926,Female,24,BTech,DS,6.56,0,3,3,6,8,54,3,0,,0.0,22.666666666666668,65.6,9,9
5927,Female,24,BE,IT,9.39,2,0,4,1,2,63,3,0,,0.0,22.0,83.9,7,7
5928,Male,22,BCA,AI,5.51,1,1,0,3,8,44,4,0,,0.0,18.333333333333332,50.099999999999994,5,5
5929,Male,24,BSc,DS,8.08,0,0,0,5,4,92,5,1,Startup,9.8,33.666666666666664,80.8,5,5
5930,Male,24,BE,AI,9.44,1,0,4,8,2,86,4,1,Service,4.2,32.0,89.39999999999999,8,8
5931,Male,20,BE,Electrical,7.69,0,2,3,2,4,77,5,0,,0.0,27.666666666666668,76.9,10,10
5932,Male,24,BCA,DS,5.51,2,2,5,8,8,96,1,0,,0.0,37.333333333333336,45.099999999999994,8,8
5933,Female,24,BCA,CS,6.44,1,3,4,8,6,48,5,0,,0.0,20.666666666666668,59.400000000000006,12,12
5934,Female,20,BCA,AI,9.47,3,0,1,6,3,64,3,1,Startup,11.08,24.333333333333332,79.7,4,4
5935,Male,24,BE,Mechanical,5.57,0,3,0,5,7,54,1,0,,0.0,22.0,55.7,4,4
5936,Male,20,BTech,Mechanical,7.2,2,1,2,7,6,83,0,1,Service,4.41,32.0,62.0,3,3
5937,Male,22,BCA,DS,8.9,3,2,0,6,5,66,3,1,Service,6.29,25.666666666666668,74.0,5,5
5938,Female,23,BSc,Mechanical,9.1,1,2,4,9,6,98,1,1,Service,4.92,37.666666666666664,86.0,7,7
5939,Male,20,BE,Mechanical,7.55,2,3,5,2,3,84,2,0,,0.0,29.666666666666668,65.5,10,10
5940,Male,20,BSc,AI,6.5,3,3,4,6,5,92,5,1,Startup,3.05,34.333333333333336,50.0,12,12
5941,Male,24,BSc,DS,8.08,2,2,2,7,3,45,5,0,,0.0,18.333333333333332,70.8,9,9
5942,Female,20,BTech,AI,6.63,1,3,2,1,2,78,2,0,,0.0,27.0,61.3,7,7
5943,Male,21,BSc,DS,6.6,3,0,0,9,2,55,3,0,,0.0,22.0,51.0,3,3
5944,Female,21,BCA,Mechanical,8.97,0,1,4,8,2,90,3,1,Product,13.19,33.333333333333336,89.7,8,8
5945,Female,22,BCA,DS,6.16,0,3,0,5,10,68,4,0,,0.0,27.666666666666668,61.6,7,7
5946,Female,20,BE,Electrical,5.52,2,1,3,5,4,72,5,0,,0.0,27.0,45.199999999999996,9,9
5947,Female,24,BTech,DS,6.95,0,0,4,9,2,57,3,0,,0.0,22.666666666666668,69.5,7,7
5948,Female,24,BTech,IT,7.61,1,1,5,2,4,75,4,0,,0.0,27.0,71.10000000000001,10,10
5949,Female,23,BSc,DS,8.53,1,2,0,6,9,80,5,1,Service,7.71,31.666666666666668,80.3,7,7
5950,Male,22,BTech,IT,8.86,3,1,5,4,3,40,2,0,,0.0,15.666666666666666,73.6,8,8
5951,Male,24,BSc,AI,8.35,3,3,4,4,5,52,2,0,,0.0,20.333333333333332,68.5,9,9
5952,Male,23,BSc,IT,8.19,3,3,4,8,2,45,2,0,,0.0,18.333333333333332,66.89999999999999,9,9
5953,Female,24,BTech,AI,8.36,2,2,1,3,7,59,0,0,,0.0,23.0,73.6,3,3
5954,Male,23,BE,DS,6.67,2,2,0,8,10,77,3,1,Product,13.95,31.666666666666668,56.7,5,5
5955,Female,21,BSc,AI,7.14,1,0,4,10,5,73,2,1,Startup,12.17,29.333333333333332,66.39999999999999,6,6
5956,Female,21,BCA,Mechanical,8.15,1,2,2,5,7,57,4,0,,0.0,23.0,76.5,8,8
5957,Female,24,BCA,Electrical,5.78,2,1,2,2,3,46,4,0,,0.0,17.0,47.800000000000004,7,7
5958,Male,22,BTech,DS,6.77,3,1,1,5,6,76,1,1,Service,6.19,29.0,52.69999999999999,3,3
5959,Female,20,BTech,IT,7.25,2,1,4,4,3,93,1,0,,0.0,33.333333333333336,62.5,6,6
5960,Female,22,BSc,Electrical,7.79,3,1,0,9,1,55,0,0,,0.0,21.666666666666668,62.900000000000006,1,1
5961,Male,22,BSc,CS,7.59,1,1,5,6,8,53,4,0,,0.0,22.333333333333332,70.9,10,10
5962,Male,20,BCA,Electrical,8.59,3,2,0,3,9,53,5,0,,0.0,21.666666666666668,70.9,7,7
5963,Female,21,BSc,DS,7.54,2,0,5,2,5,43,1,0,,0.0,16.666666666666668,65.4,6,6
5964,Female,21,BCA,Electrical,9.39,0,0,5,7,1,53,3,0,,0.0,20.333333333333332,93.9,8,8
5965,Male,20,BSc,Electrical,7.14,1,3,5,1,2,40,3,0,,0.0,14.333333333333334,66.39999999999999,11,11
5966,Male,23,BE,Mechanical,7.76,1,1,2,5,8,95,3,1,Product,12.94,36.0,72.6,6,6
5967,Male,22,BE,AI,5.51,2,2,3,5,7,72,3,0,,0.0,28.0,45.099999999999994,8,8
5968,Female,24,BCA,Electrical,6.84,2,3,4,4,4,47,1,0,,0.0,18.333333333333332,58.400000000000006,8,8
5969,Male,21,BE,IT,9.23,1,0,1,3,3,66,0,0,,0.0,24.0,87.30000000000001,1,1
5970,Male,24,BE,IT,6.93,2,1,1,9,4,72,1,1,Startup,13.67,28.333333333333332,59.3,3,3
5971,Male,20,BTech,Mechanical,6.59,3,2,5,4,5,97,3,0,,0.0,35.333333333333336,50.900000000000006,10,10
5972,Female,24,BSc,Electrical,7.84,3,0,4,9,4,97,2,1,Service,5.07,36.666666666666664,63.400000000000006,6,6
5973,Male,24,BTech,Electrical,5.84,3,2,4,7,9,69,5,0,,0.0,28.333333333333332,43.4,11,11
5974,Male,22,BCA,Mechanical,7.79,0,1,5,9,1,59,5,0,,0.0,23.0,77.9,11,11
5975,Male,20,BTech,DS,6.81,2,2,1,2,1,45,3,0,,0.0,16.0,58.099999999999994,6,6
5976,Male,24,BCA,CS,7.15,3,0,1,2,10,40,0,0,,0.0,17.333333333333332,56.5,1,1
5977,Male,21,BE,CS,8.9,1,0,0,8,7,48,4,0,,0.0,21.0,84.0,4,4
5978,Female,20,BTech,AI,8.35,3,3,1,9,3,94,4,1,Startup,8.91,35.333333333333336,68.5,8,8
5979,Female,21,BE,IT,7.42,3,2,5,2,4,71,3,0,,0.0,25.666666666666668,59.2,10,10
5980,Female,23,BSc,DS,7.98,2,3,2,6,1,72,0,1,Service,13.54,26.333333333333332,69.80000000000001,5,5
5981,Male,24,BE,IT,8.8,1,0,1,6,2,97,1,1,Product,12.14,35.0,83.0,2,2
5982,Female,20,BSc,DS,8.71,0,3,1,7,5,57,0,0,,0.0,23.0,87.10000000000001,4,4
5983,Female,21,BE,Mechanical,6.3,1,3,2,5,4,76,5,0,,0.0,28.333333333333332,58.0,10,10
5984,Female,24,BTech,AI,6.79,3,2,2,3,3,58,3,0,,0.0,21.333333333333332,52.900000000000006,7,7
5985,Male,22,BTech,Mechanical,7.0,0,2,4,10,2,72,1,1,Service,14.45,28.0,70.0,7,7
5986,Male,21,BE,IT,6.31,0,3,5,3,1,44,4,0,,0.0,16.0,63.099999999999994,12,12
5987,Female,21,BCA,AI,5.55,0,1,5,6,1,95,3,0,,0.0,34.0,55.5,9,9
5988,Female,23,BCA,Electrical,6.25,0,1,1,1,1,51,4,0,,0.0,17.666666666666668,62.5,6,6
5989,Male,22,BSc,DS,8.98,0,2,2,8,7,40,3,0,,0.0,18.333333333333332,89.80000000000001,7,7
5990,Male,23,BSc,DS,7.85,2,0,0,7,1,45,1,0,,0.0,17.666666666666668,68.5,1,1
5991,Female,22,BE,AI,6.97,3,1,3,7,2,56,0,0,,0.0,21.666666666666668,54.7,4,4
5992,Male,21,BTech,Mechanical,8.12,0,0,2,6,2,47,5,0,,0.0,18.333333333333332,81.19999999999999,7,7
5993,Female,23,BSc,AI,8.68,3,2,3,3,8,44,5,0,,0.0,18.333333333333332,71.8,10,10
5994,Male,24,BE,Mechanical,7.02,2,0,1,9,5,74,4,1,Startup,4.73,29.333333333333332,60.19999999999999,5,5
5995,Female,22,BSc,AI,7.5,2,3,0,10,4,67,1,1,Product,9.54,27.0,65.0,4,4
5996,Female,21,BTech,Mechanical,5.78,2,0,5,6,3,54,4,0,,0.0,21.0,47.800000000000004,9,9
5997,Male,20,BSc,CS,8.07,1,2,0,6,8,99,2,1,Service,8.34,37.666666666666664,75.7,4,4
5998,Female,22,BE,AI,7.03,1,1,5,6,10,67,1,1,Service,3.84,27.666666666666668,65.3,7,7
5999,Female,22,BSc,Mechanical,7.36,0,3,4,6,6,63,1,1,Service,13.0,25.0,73.60000000000001,8,8
6000,Female,24,BCA,Electrical,7.32,2,1,5,6,7,65,0,1,Startup,7.24,26.0,63.2,6,6
6001,Male,22,BSc,IT,8.22,1,0,5,4,5,47,0,0,,0.0,18.666666666666668,77.2,5,5
6002,Male,22,BTech,IT,7.96,2,2,4,2,5,74,3,0,,0.0,27.0,69.6,9,9
6003,Male,24,BTech,AI,7.32,1,2,1,1,10,55,0,0,,0.0,22.0,68.2,3,3
6004,Female,24,BTech,AI,5.57,2,1,2,8,8,46,5,0,,0.0,20.666666666666668,45.7,8,8
6005,Male,23,BTech,DS,8.17,1,3,0,5,1,56,3,0,,0.0,20.666666666666668,76.7,6,6
6006,Female,21,BE,Mechanical,9.28,3,2,1,3,3,90,5,0,,0.0,32.0,77.8,8,8
6007,Female,21,BSc,AI,8.81,0,2,1,9,7,94,0,1,Startup,9.83,36.666666666666664,88.10000000000001,3,3
6008,Male,23,BSc,IT,9.72,0,0,5,3,3,74,0,0,,0.0,26.666666666666668,97.2,5,5
6009,Male,21,BSc,IT,6.1,3,3,2,5,9,70,5,0,,0.0,28.0,46.0,10,10
6010,Female,22,BSc,IT,6.46,0,3,0,2,2,98,3,0,,0.0,34.0,64.6,6,6
6011,Female,23,BE,Mechanical,7.82,2,0,5,6,1,46,2,0,,0.0,17.666666666666668,68.2,7,7
6012,Male,23,BTech,CS,6.51,0,1,5,9,7,90,1,1,Service,10.81,35.333333333333336,65.1,7,7
6013,Male,21,BSc,AI,5.65,0,1,0,1,9,42,5,0,,0.0,17.333333333333332,56.5,6,6
6014,Male,20,BSc,CS,7.23,1,0,0,3,4,57,3,0,,0.0,21.333333333333332,67.30000000000001,3,3
6015,Female,21,BTech,Mechanical,6.74,1,2,4,10,9,92,2,1,Product,11.92,37.0,62.400000000000006,8,8
6016,Female,20,BCA,Electrical,6.63,3,2,0,1,3,66,5,0,,0.0,23.333333333333332,51.3,7,7
6017,Female,23,BCA,AI,9.6,1,0,3,5,8,56,0,0,,0.0,23.0,91.0,3,3
6018,Female,20,BTech,DS,6.53,3,0,5,5,9,71,3,1,Startup,10.64,28.333333333333332,50.3,8,8
6019,Female,22,BSc,AI,6.06,0,0,2,4,5,50,2,0,,0.0,19.666666666666668,60.599999999999994,4,4
6020,Male,24,BTech,AI,6.04,1,0,0,5,5,51,2,0,,0.0,20.333333333333332,55.4,2,2
6021,Male,20,BSc,AI,8.97,1,2,2,8,5,85,5,1,Service,5.92,32.666666666666664,84.7,9,9
6022,Female,24,BSc,AI,8.57,0,3,2,8,9,75,5,1,Service,12.96,30.666666666666668,85.7,10,10
6023,Female,22,BCA,Electrical,6.06,1,2,3,6,9,51,1,0,,0.0,22.0,55.599999999999994,6,6
6024,Male,24,BCA,AI,6.44,2,1,0,4,3,51,0,0,,0.0,19.333333333333332,54.400000000000006,1,1
6025,Male,22,BSc,Mechanical,8.71,1,0,2,4,4,98,5,0,,0.0,35.333333333333336,82.10000000000001,7,7
6026,Male,24,BSc,AI,6.68,2,1,5,5,6,59,4,0,,0.0,23.333333333333332,56.8,10,10
6027,Male,24,BSc,Electrical,9.72,3,2,0,5,8,81,5,1,Product,9.48,31.333333333333332,82.2,7,7
6028,Female,21,BCA,Mechanical,7.82,1,1,3,2,2,42,2,0,,0.0,15.333333333333334,73.2,6,6
6029,Male,20,BSc,AI,6.33,1,2,4,6,4,70,3,0,,0.0,26.666666666666668,58.3,9,9
6030,Female,24,BTech,AI,9.19,2,2,4,7,5,44,5,0,,0.0,18.666666666666668,81.89999999999999,11,11
6031,Male,23,BE,Mechanical,6.87,0,1,4,3,6,59,0,0,,0.0,22.666666666666668,68.7,5,5
6032,Male,21,BE,AI,6.74,3,1,4,10,1,79,4,1,Product,6.15,30.0,52.400000000000006,9,9
6033,Male,20,BSc,Electrical,6.91,3,3,1,4,6,82,4,0,,0.0,30.666666666666668,54.099999999999994,8,8
6034,Female,21,BTech,IT,8.8,2,0,2,9,10,86,4,1,Startup,13.79,35.0,78.0,6,6
6035,Female,20,BSc,AI,6.24,0,3,1,4,7,95,5,0,,0.0,35.333333333333336,62.400000000000006,9,9
6036,Male,22,BTech,DS,7.14,1,3,0,10,9,81,2,1,Startup,13.31,33.333333333333336,66.39999999999999,5,5
6037,Female,24,BCA,Mechanical,5.63,0,2,5,7,8,40,1,0,,0.0,18.333333333333332,56.3,8,8
6038,Female,23,BCA,Electrical,9.05,0,0,4,2,3,95,4,0,,0.0,33.333333333333336,90.5,8,8
6039,Male,21,BSc,AI,6.97,2,0,0,5,5,50,4,0,,0.0,20.0,59.7,4,4
6040,Male,21,BCA,AI,6.57,0,2,3,6,1,84,5,1,Product,13.33,30.333333333333332,65.7,10,10
6041,Female,21,BSc,Mechanical,7.99,0,1,2,2,9,80,3,0,,0.0,30.333333333333332,79.9,6,6
6042,Female,21,BE,CS,8.53,2,0,3,1,10,75,4,0,,0.0,28.666666666666668,75.3,7,7
6043,Female,24,BTech,Electrical,9.0,0,0,2,9,7,98,0,1,Startup,11.04,38.0,90.0,2,2
6044,Male,20,BTech,Electrical,7.0,0,3,3,7,3,70,1,1,Service,3.79,26.666666666666668,70.0,7,7
6045,Male,24,BE,IT,8.99,3,2,3,8,6,63,1,1,Service,8.99,25.666666666666668,74.9,6,6
6046,Female,22,BE,IT,7.5,2,3,5,5,10,99,4,1,Startup,5.72,38.0,65.0,12,12
6047,Male,24,BE,AI,5.93,2,1,2,5,1,54,2,0,,0.0,20.0,49.3,5,5
6048,Male,24,BE,Mechanical,9.14,2,3,0,1,3,96,2,0,,0.0,33.333333333333336,81.4,5,5
6049,Female,22,BCA,DS,7.85,0,1,3,3,1,41,4,0,,0.0,15.0,78.5,8,8
6050,Female,24,BTech,AI,8.09,3,0,2,7,7,68,4,1,Startup,12.88,27.333333333333332,65.9,6,6
6051,Male,20,BTech,IT,9.53,3,2,2,10,3,98,5,1,Product,7.59,37.0,80.3,9,9
6052,Male,23,BE,AI,7.9,1,3,3,9,5,80,2,1,Startup,8.73,31.333333333333332,74.0,8,8
6053,Female,22,BSc,Mechanical,5.52,2,3,0,8,5,61,4,0,,0.0,24.666666666666668,45.199999999999996,7,7
6054,Male,21,BSc,Electrical,9.24,3,0,4,5,9,80,3,1,Startup,3.99,31.333333333333332,77.4,7,7
6055,Male,20,BSc,Electrical,6.72,3,1,5,3,1,98,3,0,,0.0,34.0,52.2,9,9
6056,Female,23,BSc,Electrical,7.66,3,0,1,9,3,50,4,0,,0.0,20.666666666666668,61.599999999999994,5,5
6057,Female,20,BCA,Electrical,6.38,2,2,4,4,4,95,2,0,,0.0,34.333333333333336,53.8,8,8
6058,Male,20,BTech,DS,6.78,0,3,3,9,4,70,3,1,Service,5.61,27.666666666666668,67.8,9,9
6059,Male,21,BTech,CS,8.45,1,0,3,3,8,59,5,0,,0.0,23.333333333333332,79.5,8,8
6060,Male,23,BTech,DS,7.35,1,1,5,7,8,82,5,1,Startup,5.76,32.333333333333336,68.5,11,11
6061,Female,20,BSc,AI,8.2,0,3,2,1,4,78,2,0,,0.0,27.666666666666668,82.0,7,7
6062,Male,21,BE,IT,9.04,2,2,5,10,10,54,5,0,,0.0,24.666666666666668,80.39999999999999,12,12
6063,Male,22,BSc,Mechanical,6.97,3,3,0,5,9,74,4,1,Startup,6.79,29.333333333333332,54.7,7,7
6064,Female,21,BTech,AI,7.94,0,2,5,9,9,56,4,0,,0.0,24.666666666666668,79.4,11,11
6065,Female,24,BSc,CS,8.84,1,2,5,9,3,43,4,0,,0.0,18.333333333333332,83.4,11,11
6066,Male,21,BE,Mechanical,8.58,2,2,0,6,9,91,3,1,Startup,12.88,35.333333333333336,75.8,5,5
6067,Female,21,BE,Mechanical,7.82,3,3,3,6,8,70,1,1,Product,8.52,28.0,63.2,7,7
6068,Female,21,BSc,Mechanical,7.15,1,2,0,3,4,68,1,0,,0.0,25.0,66.5,3,3
6069,Male,20,BTech,AI,7.25,1,3,1,9,10,69,5,1,Service,7.73,29.333333333333332,67.5,9,9
6070,Female,23,BCA,CS,7.36,1,0,5,1,5,44,1,0,,0.0,16.666666666666668,68.60000000000001,6,6
6071,Female,21,BTech,AI,7.0,3,2,0,7,2,68,3,1,Product,6.08,25.666666666666668,55.0,5,5
6072,Male,21,BCA,Mechanical,8.51,1,1,0,3,7,59,2,0,,0.0,23.0,80.1,3,3
6073,Female,24,BTech,Mechanical,6.04,2,3,5,2,2,48,5,0,,0.0,17.333333333333332,50.4,13,13
6074,Male,24,BSc,IT,9.66,2,2,2,5,1,92,1,1,Service,11.57,32.666666666666664,86.6,5,5
6075,Male,22,BCA,DS,8.85,3,1,3,5,10,76,1,1,Startup,5.07,30.333333333333332,73.5,5,5
6076,Female,22,BTech,AI,6.78,2,3,0,2,5,53,5,0,,0.0,20.0,57.8,8,8
6077,Female,24,BSc,CS,5.68,0,1,3,8,8,95,5,0,,0.0,37.0,56.8,9,9
6078,Female,23,BTech,Mechanical,8.56,2,1,0,2,4,94,0,0,,0.0,33.333333333333336,75.60000000000001,1,1
6079,Male,22,BE,AI,8.66,1,1,0,8,1,83,5,1,Product,14.27,30.666666666666668,81.6,6,6
6080,Female,23,BE,DS,9.64,1,1,0,6,4,57,4,0,,0.0,22.333333333333332,91.4,5,5
6081,Male,24,BTech,AI,6.59,2,0,2,10,9,88,1,1,Startup,5.08,35.666666666666664,55.900000000000006,3,3
6082,Female,22,BSc,DS,5.86,2,1,0,4,8,56,1,0,,0.0,22.666666666666668,48.6,2,2
6083,Female,21,BTech,AI,9.44,3,1,4,3,9,56,2,0,,0.0,22.666666666666668,79.39999999999999,7,7
6084,Female,24,BSc,IT,6.61,3,1,1,9,7,97,4,1,Service,5.36,37.666666666666664,51.10000000000001,6,6
6085,Male,22,BCA,AI,8.6,0,0,5,6,6,45,3,0,,0.0,19.0,86.0,8,8
6086,Female,23,BE,Electrical,5.76,2,3,5,5,6,60,3,0,,0.0,23.666666666666668,47.599999999999994,11,11
6087,Female,23,BCA,IT,8.77,0,2,0,10,1,96,0,1,Service,4.01,35.666666666666664,87.69999999999999,2,2
6088,Male,22,BSc,DS,6.05,2,1,5,3,3,93,2,0,,0.0,33.0,50.5,8,8
6089,Male,23,BTech,Mechanical,8.49,0,0,4,3,2,85,2,0,,0.0,30.0,84.9,6,6
6090,Female,22,BE,Mechanical,7.79,2,0,3,6,7,81,4,1,Startup,10.93,31.333333333333332,67.9,7,7
6091,Female,22,BSc,AI,9.61,2,0,2,10,10,49,2,0,,0.0,23.0,86.1,4,4
6092,Female,23,BSc,CS,5.66,2,2,3,4,6,83,5,0,,0.0,31.0,46.6,10,10
6093,Male,20,BE,AI,6.76,0,0,2,4,3,67,0,0,,0.0,24.666666666666668,67.6,2,2
6094,Male,21,BTech,IT,5.8,1,1,3,8,4,76,4,0,,0.0,29.333333333333332,53.0,8,8
6095,Male,24,BE,IT,9.28,3,1,3,2,1,84,2,0,,0.0,29.0,77.8,6,6
6096,Male,21,BTech,DS,8.05,3,1,1,6,4,94,2,1,Service,3.68,34.666666666666664,65.5,4,4
6097,Female,24,BTech,AI,7.8,0,2,1,9,2,60,5,1,Startup,12.6,23.666666666666668,78.0,8,8
6098,Male,24,BSc,DS,6.07,2,0,1,3,5,40,1,0,,0.0,16.0,50.7,2,2
6099,Male,21,BTech,CS,7.6,1,1,3,5,9,80,5,1,Product,13.56,31.333333333333332,71.0,9,9
6100,Male,22,BTech,Mechanical,7.21,0,1,5,7,9,43,1,0,,0.0,19.666666666666668,72.1,7,7
6101,Female,23,BE,Mechanical,6.86,0,3,2,1,1,76,0,0,,0.0,26.0,68.60000000000001,5,5
6102,Female,20,BE,AI,8.82,3,3,1,8,6,84,1,1,Product,4.92,32.666666666666664,73.2,5,5
6103,Male,20,BTech,DS,5.76,3,3,2,6,2,91,2,0,,0.0,33.0,42.599999999999994,7,7
6104,Male,20,BSc,DS,8.28,1,1,2,4,1,87,1,0,,0.0,30.666666666666668,77.8,4,4
6105,Female,21,BE,CS,9.04,2,2,0,6,9,45,2,0,,0.0,20.0,80.39999999999999,4,4
6106,Female,21,BCA,DS,9.4,1,1,4,2,2,64,4,0,,0.0,22.666666666666668,89.0,9,9
6107,Female,22,BSc,Electrical,8.71,3,0,3,4,6,40,1,0,,0.0,16.666666666666668,72.10000000000001,4,4
6108,Female,20,BE,Electrical,6.71,2,3,4,8,6,75,0,1,Product,13.93,29.666666666666668,57.099999999999994,7,7
6109,Female,22,BE,IT,8.08,1,0,3,4,3,81,3,0,,0.0,29.333333333333332,75.8,6,6
6110,Female,20,BCA,Electrical,6.11,0,3,2,5,6,74,2,0,,0.0,28.333333333333332,61.1,7,7
6111,Female,21,BTech,Electrical,6.0,0,2,4,2,4,42,0,0,,0.0,16.0,60.0,6,6
6112,Female,23,BE,IT,8.25,0,2,0,3,8,83,2,0,,0.0,31.333333333333332,82.5,4,4
6113,Male,23,BCA,Electrical,9.16,2,2,4,3,4,79,2,0,,0.0,28.666666666666668,81.6,8,8
6114,Male,23,BCA,Electrical,5.79,2,0,5,2,7,63,4,0,,0.0,24.0,47.9,9,9
6115,Male,23,BE,IT,5.96,3,2,4,8,10,62,2,0,,0.0,26.666666666666668,44.6,8,8
6116,Male,24,BSc,AI,7.93,1,2,0,3,2,65,3,0,,0.0,23.333333333333332,74.3,5,5
6117,Male,20,BE,IT,6.44,2,3,0,1,6,99,3,0,,0.0,35.333333333333336,54.400000000000006,6,6
6118,Male,23,BCA,IT,8.13,2,0,1,2,10,44,5,0,,0.0,18.666666666666668,71.30000000000001,6,6
6119,Female,24,BE,Electrical,6.42,1,1,5,8,5,73,3,0,,0.0,28.666666666666668,59.2,9,9
6120,Female,24,BSc,Mechanical,6.0,3,2,3,1,1,92,0,0,,0.0,31.333333333333332,45.0,5,5
6121,Male,24,BTech,Electrical,7.85,2,1,2,1,5,91,4,0,,0.0,32.333333333333336,68.5,7,7
6122,Male,22,BTech,AI,9.21,1,1,4,1,6,53,0,0,,0.0,20.0,87.10000000000001,5,5
6123,Female,22,BE,IT,8.45,2,1,4,10,2,63,0,1,Startup,5.69,25.0,74.5,5,5
6124,Female,24,BE,CS,9.02,2,1,2,8,7,77,3,1,Startup,8.69,30.666666666666668,80.19999999999999,6,6
6125,Female,23,BCA,IT,6.65,3,2,0,6,1,72,0,1,Startup,7.95,26.333333333333332,51.5,2,2
6126,Male,20,BSc,AI,9.31,0,2,0,7,1,92,2,1,Product,7.9,33.333333333333336,93.10000000000001,4,4
6127,Female,21,BCA,DS,7.12,2,2,4,4,1,95,1,0,,0.0,33.333333333333336,61.2,7,7
6128,Male,22,BCA,Electrical,9.17,3,0,4,8,2,56,2,0,,0.0,22.0,76.7,6,6
6129,Male,23,BTech,Mechanical,7.53,1,0,2,2,1,72,0,0,,0.0,25.0,70.3,2,2
6130,Female,23,BCA,Mechanical,6.65,1,1,2,9,7,83,4,1,Service,12.12,33.0,61.5,7,7
6131,Female,21,BCA,Electrical,6.62,0,3,5,4,5,83,2,0,,0.0,30.666666666666668,66.2,10,10
6132,Male,21,BTech,Electrical,7.94,1,0,3,1,7,54,0,0,,0.0,20.666666666666668,74.4,3,3
6133,Female,23,BTech,AI,5.84,0,1,0,2,5,74,4,0,,0.0,27.0,58.4,5,5
6134,Female,21,BSc,IT,9.5,2,1,1,8,8,53,3,0,,0.0,23.0,85.0,5,5
6135,Male,23,BSc,CS,6.67,0,2,5,9,10,40,1,0,,0.0,19.666666666666668,66.7,8,8
6136,Female,21,BSc,IT,6.94,2,2,1,5,8,85,0,1,Startup,7.63,32.666666666666664,59.400000000000006,3,3
6137,Male,21,BE,IT,6.5,1,0,5,4,9,53,5,0,,0.0,22.0,60.0,10,10
6138,Male,23,BTech,CS,5.51,0,2,2,10,3,77,2,0,,0.0,30.0,55.099999999999994,6,6
6139,Female,24,BE,Mechanical,8.48,3,0,3,7,2,84,1,1,Product,10.38,31.0,69.80000000000001,4,4
6140,Male,23,BE,IT,8.04,1,2,4,2,7,76,3,0,,0.0,28.333333333333332,75.39999999999999,9,9
6141,Male,20,BSc,DS,8.98,1,3,2,7,7,51,3,0,,0.0,21.666666666666668,84.80000000000001,8,8
6142,Female,21,BTech,DS,5.68,1,2,2,9,3,92,1,0,,0.0,34.666666666666664,51.8,5,5
6143,Female,22,BE,AI,9.49,1,0,5,2,2,74,0,0,,0.0,26.0,89.9,5,5
6144,Female,21,BCA,AI,6.92,1,1,2,8,10,71,0,1,Product,13.31,29.666666666666668,64.2,3,3
6145,Male,20,BCA,CS,9.43,3,0,1,6,2,41,4,0,,0.0,16.333333333333332,79.3,5,5
6146,Male,22,BTech,CS,5.96,3,2,2,6,3,72,4,0,,0.0,27.0,44.6,8,8
6147,Female,22,BE,AI,8.7,3,1,3,4,8,57,0,0,,0.0,23.0,72.0,4,4
6148,Male,23,BSc,Electrical,7.99,0,2,1,9,8,86,2,1,Service,10.57,34.333333333333336,79.9,5,5
6149,Female,24,BE,IT,7.04,1,2,3,8,1,97,3,1,Startup,10.26,35.333333333333336,65.4,8,8
6150,Female,23,BCA,Electrical,5.84,0,2,5,7,9,55,4,0,,0.0,23.666666666666668,58.4,11,11
6151,Male,22,BCA,Mechanical,8.1,0,1,1,5,5,64,1,1,Startup,13.18,24.666666666666668,81.0,3,3
6152,Female,22,BSc,DS,5.61,0,2,5,5,5,65,5,0,,0.0,25.0,56.1,12,12
6153,Male,24,BTech,CS,7.66,1,3,3,2,2,44,5,0,,0.0,16.0,71.6,11,11
6154,Male,21,BE,AI,8.1,1,0,0,5,5,55,1,0,,0.0,21.666666666666668,76.0,1,1
6155,Female,24,BCA,DS,8.65,0,3,0,3,6,83,0,0,,0.0,30.666666666666668,86.5,3,3
6156,Male,23,BE,Electrical,9.76,1,3,1,7,7,55,1,0,,0.0,23.0,92.6,5,5
6157,Female,21,BSc,CS,6.62,0,0,0,9,1,50,1,0,,0.0,20.0,66.2,1,1
6158,Male,23,BSc,CS,6.89,1,0,4,10,3,47,0,0,,0.0,20.0,63.89999999999999,4,4
6159,Male,24,BTech,IT,6.97,1,1,5,6,4,42,5,0,,0.0,17.333333333333332,64.7,11,11
6160,Male,21,BSc,CS,8.65,0,3,3,10,7,92,5,1,Service,5.88,36.333333333333336,86.5,11,11
6161,Female,24,BTech,Mechanical,9.51,3,3,1,7,8,99,2,1,Service,8.99,38.0,80.1,6,6
6162,Male,20,BE,CS,9.69,1,0,5,7,5,55,0,0,,0.0,22.333333333333332,91.89999999999999,5,5
6163,Female,22,BCA,Mechanical,9.57,0,2,0,7,7,46,3,0,,0.0,20.0,95.7,5,5
6164,Male,21,BCA,Electrical,9.28,0,3,1,4,2,67,5,0,,0.0,24.333333333333332,92.8,9,9
6165,Male,22,BTech,IT,9.76,1,1,4,6,8,41,4,0,,0.0,18.333333333333332,92.6,9,9
6166,Female,20,BCA,Mechanical,7.12,1,2,1,7,2,90,2,1,Startup,4.51,33.0,66.2,5,5
6167,Female,21,BTech,Electrical,9.58,0,3,1,10,3,74,2,1,Startup,6.85,29.0,95.8,6,6
6168,Female,22,BTech,DS,8.77,0,2,5,4,3,70,5,0,,0.0,25.666666666666668,87.69999999999999,12,12
6169,Female,22,BE,CS,6.22,0,3,2,9,6,50,1,0,,0.0,21.666666666666668,62.199999999999996,6,6
6170,Female,21,BE,AI,5.7,2,2,2,9,10,80,4,0,,0.0,33.0,47.0,8,8
6171,Male,22,BSc,AI,6.42,1,3,2,4,6,50,4,0,,0.0,20.0,59.2,9,9
6172,Male,22,BTech,Mechanical,8.85,2,0,2,8,1,40,2,0,,0.0,16.333333333333332,78.5,4,4
6173,Female,21,BE,IT,8.22,0,0,3,8,10,96,3,1,Startup,12.51,38.0,82.2,6,6
6174,Male,22,BTech,Mechanical,6.46,2,1,4,2,2,69,3,0,,0.0,24.333333333333332,54.599999999999994,8,8
6175,Male,22,BTech,Electrical,8.69,3,3,1,6,5,69,1,1,Product,14.31,26.666666666666668,71.89999999999999,5,5
6176,Male,23,BTech,Electrical,6.11,0,1,5,9,9,72,1,0,,0.0,30.0,61.1,7,7
6177,Female,23,BE,Mechanical,9.03,3,0,4,8,6,51,3,0,,0.0,21.666666666666668,75.3,7,7
6178,Male,20,BTech,Mechanical,8.91,2,3,1,1,6,49,4,0,,0.0,18.666666666666668,79.1,8,8
6179,Male,23,BTech,DS,9.68,3,0,5,5,1,94,3,1,Service,8.5,33.333333333333336,81.8,8,8
6180,Male,23,BSc,Electrical,6.15,2,2,2,5,8,83,2,0,,0.0,32.0,51.5,6,6
6181,Female,20,BTech,DS,9.4,1,0,3,9,9,85,0,1,Product,5.23,34.333333333333336,89.0,3,3
6182,Male,22,BSc,Mechanical,6.97,1,2,1,2,5,82,5,0,,0.0,29.666666666666668,64.7,8,8
6183,Male,22,BTech,IT,7.29,2,0,1,5,10,43,0,0,,0.0,19.333333333333332,62.900000000000006,1,1
6184,Female,23,BSc,CS,7.51,0,2,0,1,3,81,0,0,,0.0,28.333333333333332,75.1,2,2
6185,Female,20,BE,Electrical,8.2,1,0,3,8,10,95,4,1,Service,5.96,37.666666666666664,77.0,7,7
6186,Male,22,BE,AI,9.78,2,0,3,8,5,88,3,1,Product,11.87,33.666666666666664,87.8,6,6
6187,Male,24,BCA,DS,8.08,0,3,3,2,5,72,2,0,,0.0,26.333333333333332,80.8,8,8
6188,Female,21,BTech,Electrical,9.48,1,3,4,10,1,77,2,1,Service,3.1,29.333333333333332,89.80000000000001,9,9
6189,Female,21,BCA,CS,6.6,2,3,2,1,9,70,1,0,,0.0,26.666666666666668,56.0,6,6
6190,Female,21,BCA,DS,7.21,0,1,0,3,10,70,4,0,,0.0,27.666666666666668,72.1,5,5
6191,Female,23,BSc,Electrical,7.67,0,1,4,9,2,44,2,0,,0.0,18.333333333333332,76.7,7,7
6192,Female,21,BE,DS,6.89,2,2,5,7,5,60,1,1,Startup,3.72,24.0,58.89999999999999,8,8
6193,Female,21,BTech,DS,9.7,3,1,2,7,1,57,4,0,,0.0,21.666666666666668,82.0,7,7
6194,Female,24,BTech,Mechanical,8.62,3,1,1,10,7,57,2,0,,0.0,24.666666666666668,71.19999999999999,4,4
6195,Male,22,BSc,Mechanical,7.56,3,0,0,4,7,43,3,0,,0.0,18.0,60.599999999999994,3,3
6196,Female,24,BCA,DS,8.73,3,2,4,5,5,89,2,1,Startup,4.27,33.0,72.30000000000001,8,8
6197,Female,23,BSc,DS,7.51,0,1,0,7,10,59,5,0,,0.0,25.333333333333332,75.1,6,6
6198,Male,21,BCA,AI,5.57,3,3,2,2,10,92,5,0,,0.0,34.666666666666664,40.7,10,10
6199,Female,22,BTech,CS,7.84,2,3,5,3,2,59,4,0,,0.0,21.333333333333332,68.4,12,12
6200,Female,21,BSc,CS,8.19,0,1,5,3,8,87,1,0,,0.0,32.666666666666664,81.89999999999999,7,7
6201,Male,21,BCA,IT,9.72,3,0,4,7,3,93,4,1,Service,11.52,34.333333333333336,82.2,8,8
6202,Female,23,BSc,IT,5.68,2,3,5,7,5,67,0,0,,0.0,26.333333333333332,46.8,8,8
6203,Male,21,BE,IT,7.7,1,3,4,6,6,86,2,1,Product,13.52,32.666666666666664,72.0,9,9
6204,Male,20,BSc,Mechanical,5.92,0,0,0,1,6,52,0,0,,0.0,19.666666666666668,59.2,0,0
6205,Male,22,BTech,Mechanical,6.14,2,3,1,10,8,74,5,0,,0.0,30.666666666666668,51.4,9,9
6206,Male,22,BSc,AI,8.12,3,0,1,8,1,57,5,0,,0.0,22.0,66.19999999999999,6,6
6207,Female,20,BTech,Mechanical,6.5,2,2,1,10,5,72,3,1,Service,3.94,29.0,55.0,6,6
6208,Male,23,BTech,IT,8.72,0,0,2,10,7,76,1,1,Product,6.68,31.0,87.2,3,3
6209,Male,21,BSc,Electrical,7.71,1,2,0,4,5,75,5,0,,0.0,28.0,72.1,7,7
6210,Female,21,BSc,DS,6.44,3,0,5,8,8,48,3,0,,0.0,21.333333333333332,49.400000000000006,8,8
6211,Male,22,BSc,IT,7.62,2,1,2,7,2,65,4,1,Startup,5.28,24.666666666666668,66.2,7,7
6212,Male,23,BE,AI,5.5,1,3,2,1,5,40,2,0,,0.0,15.333333333333334,50.0,7,7
6213,Male,23,BE,DS,9.21,0,2,5,7,4,64,1,1,Product,3.21,25.0,92.10000000000001,8,8
6214,Male,23,BCA,Mechanical,5.55,3,3,1,4,3,63,0,0,,0.0,23.333333333333332,40.5,4,4
6215,Female,21,BSc,DS,5.53,1,0,1,5,2,69,0,0,,0.0,25.333333333333332,50.300000000000004,1,1
6216,Male,23,BCA,Electrical,8.13,0,0,1,6,8,81,4,1,Product,4.61,31.666666666666668,81.30000000000001,5,5
6217,Female,20,BCA,AI,9.69,3,3,5,5,4,51,0,0,,0.0,20.0,81.89999999999999,8,8
6218,Female,24,BTech,Mechanical,9.18,2,1,0,2,10,83,4,0,,0.0,31.666666666666668,81.8,5,5
6219,Male,23,BCA,CS,6.58,1,1,0,8,10,98,1,1,Product,6.71,38.666666666666664,60.8,2,2
6220,Male,24,BSc,IT,6.35,0,3,5,8,4,54,5,0,,0.0,22.0,63.5,13,13
6221,Male,21,BE,Electrical,8.19,2,1,1,5,4,59,5,0,,0.0,22.666666666666668,71.89999999999999,7,7
6222,Male,23,BCA,Electrical,9.04,3,0,2,5,9,66,3,1,Product,11.08,26.666666666666668,75.39999999999999,5,5
6223,Female,22,BCA,IT,7.06,1,3,0,7,7,68,2,1,Product,5.52,27.333333333333332,65.6,5,5
6224,Female,21,BE,AI,7.36,0,3,4,2,10,41,3,0,,0.0,17.666666666666668,73.60000000000001,10,10
6225,Female,20,BCA,AI,6.0,1,3,2,5,3,54,3,0,,0.0,20.666666666666668,55.0,8,8
6226,Male,20,BSc,Electrical,6.16,2,3,5,1,5,74,2,0,,0.0,26.666666666666668,51.6,10,10
6227,Female,24,BCA,IT,7.94,2,1,2,4,4,49,1,0,,0.0,19.0,69.4,4,4
6228,Male,24,BTech,DS,5.94,0,1,3,8,1,96,4,0,,0.0,35.0,59.400000000000006,8,8
6229,Male,22,BCA,CS,6.37,1,2,0,1,4,65,0,0,,0.0,23.333333333333332,58.7,2,2
6230,Male,22,BTech,CS,6.51,1,2,4,10,7,73,2,1,Service,14.58,30.0,60.099999999999994,8,8
6231,Male,20,BE,AI,7.41,2,2,0,1,5,47,5,0,,0.0,17.666666666666668,64.1,7,7
6232,Male,23,BE,AI,5.7,1,0,2,4,6,97,3,0,,0.0,35.666666666666664,52.0,5,5
6233,Female,20,BCA,DS,7.65,1,2,5,10,6,40,2,0,,0.0,18.666666666666668,71.5,9,9
6234,Female,20,BCA,AI,9.49,1,3,0,5,7,54,1,0,,0.0,22.0,89.9,4,4
6235,Male,22,BE,CS,5.61,0,0,2,9,1,43,2,0,,0.0,17.666666666666668,56.1,4,4
6236,Female,24,BTech,IT,8.21,2,1,4,5,6,42,0,0,,0.0,17.666666666666668,72.10000000000001,5,5
6237,Male,22,BE,Electrical,9.09,3,0,2,1,9,84,3,0,,0.0,31.333333333333332,75.9,5,5
6238,Male,22,BE,CS,6.84,0,0,5,3,10,81,0,0,,0.0,31.333333333333332,68.4,5,5
6239,Male,22,BTech,DS,6.07,2,3,1,4,5,41,5,0,,0.0,16.666666666666668,50.7,9,9
6240,Female,20,BE,IT,5.69,0,1,5,7,7,58,0,0,,0.0,24.0,56.900000000000006,6,6
6241,Male,23,BCA,IT,8.27,3,2,2,2,3,58,0,0,,0.0,21.0,67.69999999999999,4,4
6242,Male,20,BCA,Electrical,7.87,0,2,1,4,4,85,0,0,,0.0,31.0,78.7,3,3
6243,Female,21,BE,CS,6.49,0,2,4,8,4,80,5,0,,0.0,30.666666666666668,64.9,11,11
6244,Female,22,BCA,IT,9.08,3,1,4,5,6,58,2,0,,0.0,23.0,75.8,7,7
6245,Female,22,BSc,IT,8.66,1,0,2,6,3,96,2,1,Startup,13.22,35.0,81.6,4,4
6246,Male,21,BE,AI,6.69,2,3,1,3,3,59,3,0,,0.0,21.666666666666668,56.900000000000006,7,7
6247,Male,22,BSc,IT,8.74,3,1,2,4,10,88,5,0,,0.0,34.0,72.4,8,8
6248,Female,22,BE,DS,6.55,0,3,4,9,5,95,4,1,Service,11.62,36.333333333333336,65.5,11,11
6249,Male,22,BE,IT,8.4,1,1,1,2,2,97,4,0,,0.0,33.666666666666664,79.0,6,6
6250,Female,21,BSc,AI,6.01,0,1,3,3,1,76,0,0,,0.0,26.666666666666668,60.099999999999994,4,4
6251,Female,20,BE,Mechanical,8.48,1,1,3,2,2,41,5,0,,0.0,15.0,79.80000000000001,9,9
6252,Male,22,BCA,Mechanical,6.53,0,0,4,2,9,64,1,0,,0.0,25.0,65.3,5,5
6253,Male,23,BSc,DS,7.96,2,3,5,9,3,78,0,1,Startup,3.66,30.0,69.6,8,8
6254,Female,21,BE,Electrical,6.24,2,2,1,8,3,61,1,0,,0.0,24.0,52.400000000000006,4,4
6255,Female,24,BCA,Electrical,8.62,0,3,2,7,1,73,1,1,Service,13.23,27.0,86.19999999999999,6,6
6256,Female,21,BSc,DS,5.76,3,2,5,9,2,61,5,0,,0.0,24.0,42.599999999999994,12,12
6257,Female,20,BSc,IT,6.21,0,3,5,8,6,51,0,0,,0.0,21.666666666666668,62.1,8,8
6258,Male,21,BCA,IT,6.29,0,1,4,9,2,85,5,0,,0.0,32.0,62.9,10,10
6259,Female,24,BE,Mechanical,5.68,3,0,4,2,10,78,3,0,,0.0,30.0,41.8,7,7
6260,Female,23,BE,Mechanical,8.7,3,1,0,7,10,85,1,1,Product,13.07,34.0,72.0,2,2
6261,Female,24,BSc,CS,9.72,0,0,5,9,8,51,0,0,,0.0,22.666666666666668,97.2,5,5
6262,Male,21,BTech,Mechanical,8.85,1,1,5,9,6,87,0,1,Service,6.5,34.0,83.5,6,6
6263,Male,24,BE,Mechanical,9.2,2,2,2,8,2,85,0,1,Service,10.41,31.666666666666668,82.0,4,4
6264,Female,21,BE,DS,5.53,1,2,2,1,10,92,1,0,,0.0,34.333333333333336,50.300000000000004,5,5
6265,Male,23,BCA,CS,6.01,3,1,3,3,6,70,2,0,,0.0,26.333333333333332,45.099999999999994,6,6
6266,Male,23,BTech,Electrical,7.9,2,3,0,8,2,92,5,1,Service,8.88,34.0,69.0,8,8
6267,Male,20,BTech,CS,9.7,0,2,5,3,1,99,1,0,,0.0,34.333333333333336,97.0,8,8
6268,Female,23,BSc,IT,8.34,2,1,2,4,5,71,2,0,,0.0,26.666666666666668,73.4,5,5
6269,Female,22,BCA,IT,7.11,0,0,5,10,5,75,2,1,Service,7.2,30.0,71.10000000000001,7,7
6270,Male,24,BCA,CS,6.13,0,0,2,2,8,53,3,0,,0.0,21.0,61.3,5,5
6271,Female,24,BE,CS,6.16,3,0,3,3,4,65,4,0,,0.0,24.0,46.6,7,7
6272,Female,21,BSc,IT,7.06,1,0,0,5,2,67,0,1,Product,12.24,24.666666666666668,65.6,0,0
6273,Male,23,BE,DS,8.57,3,3,0,6,7,40,0,0,,0.0,17.666666666666668,70.7,3,3
6274,Male,20,BTech,DS,5.64,3,3,1,6,3,49,5,0,,0.0,19.333333333333332,41.4,9,9
6275,Female,20,BCA,DS,9.16,2,3,5,7,3,62,1,1,Startup,14.27,24.0,81.6,9,9
6276,Male,20,BSc,DS,9.55,1,1,4,10,8,74,4,1,Product,5.4,30.666666666666668,90.5,9,9
6277,Female,22,BE,IT,9.32,1,2,1,8,3,54,5,0,,0.0,21.666666666666668,88.2,8,8
6278,Female,23,BE,AI,9.43,1,0,0,6,2,92,3,1,Service,8.57,33.333333333333336,89.3,3,3
6279,Male,20,BTech,Mechanical,5.57,1,2,5,10,10,84,0,0,,0.0,34.666666666666664,50.7,7,7
6280,Female,22,BCA,Mechanical,9.7,2,1,3,6,9,47,1,0,,0.0,20.666666666666668,87.0,5,5
6281,Female,24,BTech,Mechanical,7.08,2,2,1,2,8,41,3,0,,0.0,17.0,60.8,6,6
6282,Male,21,BE,Mechanical,9.24,3,2,3,3,2,59,4,0,,0.0,21.333333333333332,77.4,9,9
6283,Male,23,BCA,IT,6.3,3,2,0,6,8,80,1,0,,0.0,31.333333333333332,48.0,3,3
6284,Male,23,BCA,AI,7.42,1,3,5,6,5,82,3,1,Service,6.89,31.0,69.2,11,11
6285,Female,24,BTech,IT,5.69,3,1,3,6,10,68,4,0,,0.0,28.0,41.900000000000006,8,8
6286,Male,23,BCA,AI,5.67,2,1,1,4,10,41,0,0,,0.0,18.333333333333332,46.7,2,2
6287,Male,23,BTech,IT,9.56,3,1,0,2,4,79,4,0,,0.0,28.333333333333332,80.60000000000001,5,5
6288,Male,23,BCA,CS,8.99,0,2,0,8,10,80,1,1,Product,4.99,32.666666666666664,89.9,3,3
6289,Male,23,BCA,AI,7.78,3,3,1,2,5,83,0,0,,0.0,30.0,62.8,4,4
6290,Female,22,BSc,Mechanical,7.76,2,0,5,3,10,90,2,0,,0.0,34.333333333333336,67.6,7,7
6291,Female,22,BCA,AI,8.72,1,3,4,1,5,54,1,0,,0.0,20.0,82.2,8,8
6292,Male,21,BE,Electrical,6.97,0,0,1,9,1,92,2,1,Startup,3.57,34.0,69.7,3,3
6293,Female,23,BSc,DS,8.78,0,2,1,3,5,43,4,0,,0.0,17.0,87.8,7,7
6294,Male,24,BTech,AI,7.59,0,3,5,2,7,81,5,0,,0.0,30.0,75.9,13,13
6295,Male,20,BE,Electrical,8.24,3,3,2,6,8,52,5,0,,0.0,22.0,67.4,10,10
6296,Female,21,BTech,DS,9.65,3,0,0,8,8,97,3,1,Service,7.19,37.666666666666664,81.5,3,3
6297,Female,20,BTech,Electrical,7.53,0,0,2,4,2,67,0,0,,0.0,24.333333333333332,75.3,2,2
6298,Male,20,BE,DS,7.3,0,2,2,1,10,95,1,0,,0.0,35.333333333333336,73.0,5,5
6299,Male,23,BTech,CS,9.39,1,3,2,7,1,79,0,1,Product,7.29,29.0,88.9,5,5
6300,Female,24,BSc,AI,9.38,1,3,3,3,4,82,4,0,,0.0,29.666666666666668,88.80000000000001,10,10
6301,Male,20,BE,Electrical,9.77,0,3,1,5,3,76,5,1,Startup,8.55,28.0,97.69999999999999,9,9
6302,Female,20,BTech,CS,7.87,1,1,2,2,8,60,4,0,,0.0,23.333333333333332,73.7,7,7
6303,Male,21,BTech,Mechanical,6.98,2,0,3,8,6,54,5,0,,0.0,22.666666666666668,59.80000000000001,8,8
6304,Male,24,BCA,AI,6.53,3,3,3,3,5,72,3,0,,0.0,26.666666666666668,50.3,9,9
6305,Female,24,BCA,IT,5.65,1,1,0,9,9,92,3,0,,0.0,36.666666666666664,51.5,4,4
6306,Female,20,BTech,IT,8.62,2,3,1,1,6,88,1,0,,0.0,31.666666666666668,76.19999999999999,5,5
6307,Female,24,BE,IT,6.5,3,0,5,6,6,51,5,0,,0.0,21.0,50.0,10,10
6308,Female,21,BSc,Electrical,8.11,1,3,4,3,1,69,0,0,,0.0,24.333333333333332,76.1,7,7
6309,Female,21,BTech,Electrical,9.44,3,3,1,4,9,43,1,0,,0.0,18.666666666666668,79.39999999999999,5,5
6310,Female,21,BTech,DS,9.59,2,2,3,4,2,78,2,0,,0.0,28.0,85.9,7,7
6311,Female,23,BTech,IT,5.52,2,2,1,8,1,50,4,0,,0.0,19.666666666666668,45.199999999999996,7,7
6312,Male,20,BCA,Mechanical,6.86,3,3,0,9,7,83,2,1,Startup,8.53,33.0,53.60000000000001,5,5
6313,Male,24,BE,Electrical,9.1,0,1,1,5,5,66,2,1,Service,9.24,25.333333333333332,91.0,4,4
6314,Male,21,BTech,AI,7.81,1,1,3,10,6,87,0,1,Product,4.88,34.333333333333336,73.1,4,4
6315,Female,20,BCA,Electrical,8.97,0,1,3,10,4,57,2,0,,0.0,23.666666666666668,89.7,6,6
6316,Female,20,BTech,AI,9.17,2,3,2,3,8,53,2,0,,0.0,21.333333333333332,81.7,7,7
6317,Female,23,BTech,Electrical,7.4,3,1,3,9,7,54,3,0,,0.0,23.333333333333332,59.0,7,7
6318,Male,24,BE,DS,7.04,1,2,0,1,1,88,1,0,,0.0,30.0,65.4,3,3
6319,Female,24,BCA,DS,7.46,1,3,3,1,6,73,3,0,,0.0,26.666666666666668,69.6,9,9
6320,Female,21,BSc,DS,8.31,0,2,1,3,3,62,0,0,,0.0,22.666666666666668,83.10000000000001,3,3
6321,Male,21,BE,Mechanical,7.08,1,2,5,2,8,74,1,0,,0.0,28.0,65.8,8,8
6322,Female,20,BSc,Electrical,8.83,1,1,5,8,6,44,1,0,,0.0,19.333333333333332,83.3,7,7
6323,Male,24,BCA,AI,9.39,1,2,5,5,6,40,4,0,,0.0,17.0,88.9,11,11
6324,Male,24,BCA,Electrical,6.71,2,2,4,10,5,65,5,1,Startup,7.77,26.666666666666668,57.099999999999994,11,11
6325,Female,21,BSc,CS,9.65,0,0,3,1,8,49,4,0,,0.0,19.333333333333332,96.5,7,7
6326,Female,22,BCA,DS,8.18,2,0,5,3,6,54,2,0,,0.0,21.0,71.8,7,7
6327,Female,20,BE,IT,9.28,3,0,0,3,7,71,1,0,,0.0,27.0,77.8,1,1
6328,Male,24,BTech,CS,5.95,3,1,0,2,9,81,1,0,,0.0,30.666666666666668,44.5,2,2
6329,Male,23,BSc,CS,6.58,0,1,5,9,6,63,4,1,Service,7.61,26.0,65.8,10,10
6330,Male,23,BTech,DS,6.88,3,2,0,1,6,75,2,0,,0.0,27.333333333333332,53.8,4,4
6331,Female,22,BSc,IT,6.8,2,2,5,10,9,84,4,1,Service,7.43,34.333333333333336,58.0,11,11
6332,Female,21,BTech,DS,6.24,2,1,0,5,6,55,1,0,,0.0,22.0,52.400000000000006,2,2
6333,Female,21,BTech,DS,9.23,2,3,1,9,7,49,0,0,,0.0,21.666666666666668,82.30000000000001,4,4
6334,Female,21,BE,IT,7.3,2,3,2,3,4,73,4,0,,0.0,26.666666666666668,63.0,9,9
6335,Male,23,BTech,CS,9.64,0,3,4,10,5,79,3,1,Product,13.6,31.333333333333332,96.4,10,10
6336,Male,21,BSc,CS,8.01,1,0,5,3,8,97,5,0,,0.0,36.0,75.1,10,10
6337,Male,23,BTech,Electrical,6.1,3,2,2,7,10,53,4,0,,0.0,23.333333333333332,46.0,8,8
6338,Male,22,BCA,IT,7.85,0,3,2,1,10,44,1,0,,0.0,18.333333333333332,78.5,6,6
6339,Female,20,BTech,CS,9.77,1,0,2,9,5,57,2,0,,0.0,23.666666666666668,92.69999999999999,4,4
6340,Female,24,BTech,Mechanical,7.93,0,2,1,7,4,96,5,1,Startup,11.81,35.666666666666664,79.3,8,8
6341,Female,22,BCA,DS,5.51,3,3,4,8,8,93,1,0,,0.0,36.333333333333336,40.099999999999994,8,8
6342,Male,23,BCA,Mechanical,9.51,0,3,3,2,5,47,2,0,,0.0,18.0,95.1,8,8
6343,Male,22,BSc,Mechanical,6.51,3,0,3,3,2,70,1,0,,0.0,25.0,50.099999999999994,4,4
6344,Female,24,BCA,Electrical,8.46,0,3,5,9,10,83,3,1,Product,4.24,34.0,84.60000000000001,11,11
6345,Female,20,BCA,Electrical,7.71,0,2,4,4,8,99,3,0,,0.0,37.0,77.1,9,9
6346,Male,24,BSc,Electrical,6.9,2,3,4,5,8,57,2,0,,0.0,23.333333333333332,59.0,9,9
6347,Female,23,BSc,Mechanical,6.72,0,0,0,9,7,52,3,0,,0.0,22.666666666666668,67.2,3,3
6348,Male,24,BTech,AI,9.49,0,3,2,10,9,76,0,1,Startup,7.29,31.666666666666668,94.9,5,5
6349,Male,22,BE,AI,9.42,1,0,0,8,9,50,5,0,,0.0,22.333333333333332,89.2,5,5
6350,Male,21,BSc,Mechanical,7.71,2,1,1,5,4,42,0,0,,0.0,17.0,67.1,2,2
6351,Female,22,BCA,DS,6.61,3,3,1,2,7,55,3,0,,0.0,21.333333333333332,51.10000000000001,7,7
6352,Female,23,BTech,Mechanical,5.94,2,2,4,3,1,47,4,0,,0.0,17.0,49.400000000000006,10,10
6353,Male,20,BCA,Mechanical,6.17,0,3,1,3,1,56,3,0,,0.0,20.0,61.7,7,7
6354,Female,24,BSc,Electrical,7.75,3,0,4,7,3,96,2,1,Startup,12.98,35.333333333333336,62.5,6,6
6355,Male,20,BE,Electrical,6.82,0,1,3,6,6,77,3,1,Product,3.97,29.666666666666668,68.2,7,7
6356,Male,23,BTech,Electrical,5.68,2,2,2,7,10,52,3,0,,0.0,23.0,46.8,7,7
6357,Male,24,BSc,AI,7.46,2,3,1,8,8,88,2,1,Startup,6.65,34.666666666666664,64.6,6,6
6358,Male,22,BSc,Mechanical,8.71,0,1,0,5,5,74,0,1,Product,11.93,28.0,87.10000000000001,1,1
6359,Female,22,BCA,DS,9.33,0,0,1,6,3,84,4,1,Startup,3.3,31.0,93.3,5,5
6360,Male,23,BE,DS,8.02,0,2,5,1,2,79,1,0,,0.0,27.333333333333332,80.19999999999999,8,8
6361,Male,24,BSc,Electrical,8.61,1,0,2,4,10,47,4,0,,0.0,20.333333333333332,81.1,6,6
6362,Female,22,BCA,Electrical,7.07,2,3,1,6,8,58,1,0,,0.0,24.0,60.7,5,5
6363,Male,23,BTech,Mechanical,7.63,1,0,4,4,9,81,3,0,,0.0,31.333333333333332,71.3,7,7
6364,Male,23,BCA,DS,8.64,2,1,1,1,7,95,0,0,,0.0,34.333333333333336,76.4,2,2
6365,Female,20,BTech,Mechanical,8.63,2,0,3,3,6,54,3,0,,0.0,21.0,76.30000000000001,6,6
6366,Female,22,BCA,AI,7.33,3,2,3,3,10,93,5,0,,0.0,35.333333333333336,58.3,10,10
6367,Female,24,BE,Mechanical,7.84,3,1,1,3,2,46,1,0,,0.0,17.0,63.400000000000006,3,3
6368,Male,22,BCA,Electrical,9.47,2,3,0,4,2,89,0,0,,0.0,31.666666666666668,84.7,3,3
6369,Female,22,BE,CS,8.22,3,0,1,9,6,40,1,0,,0.0,18.333333333333332,67.2,2,2
6370,Female,22,BE,AI,8.26,2,0,4,9,9,98,3,1,Product,13.57,38.666666666666664,72.6,7,7
6371,Male,23,BTech,DS,8.87,2,3,4,8,9,52,1,0,,0.0,23.0,78.69999999999999,8,8
6372,Male,21,BCA,DS,6.0,0,3,4,3,9,88,5,0,,0.0,33.333333333333336,60.0,12,12
6373,Male,21,BCA,Electrical,7.75,3,0,0,2,3,58,0,0,,0.0,21.0,62.5,0,0
6374,Male,20,BCA,Electrical,9.63,1,3,3,3,3,94,5,0,,0.0,33.333333333333336,91.30000000000001,11,11
6375,Male,22,BE,AI,7.06,1,1,4,5,9,96,4,1,Product,8.72,36.666666666666664,65.6,9,9
6376,Female,21,BSc,Electrical,6.77,3,2,4,7,5,41,3,0,,0.0,17.666666666666668,52.69999999999999,9,9
6377,Female,20,BCA,CS,8.09,2,1,1,2,3,61,1,0,,0.0,22.0,70.9,3,3
6378,Female,23,BCA,AI,6.45,1,0,3,6,7,47,1,0,,0.0,20.0,59.5,4,4
6379,Male,22,BSc,Electrical,7.89,3,1,4,2,6,82,5,0,,0.0,30.0,63.89999999999999,10,10
6380,Male,24,BTech,IT,6.17,1,0,4,1,10,64,4,0,,0.0,25.0,56.7,8,8
6381,Male,23,BCA,CS,7.99,0,1,1,3,3,65,0,0,,0.0,23.666666666666668,79.9,2,2
6382,Female,20,BSc,AI,8.09,2,0,1,4,6,51,5,0,,0.0,20.333333333333332,70.9,6,6
6383,Female,23,BCA,IT,7.3,0,3,2,2,10,42,2,0,,0.0,18.0,73.0,7,7
6384,Male,24,BE,Mechanical,7.15,1,1,1,3,9,60,2,0,,0.0,24.0,66.5,4,4
6385,Female,23,BSc,CS,6.56,2,0,1,6,2,44,2,0,,0.0,17.333333333333332,55.599999999999994,3,3
6386,Male,20,BE,Mechanical,6.92,2,3,2,9,5,51,3,0,,0.0,21.666666666666668,59.2,8,8
6387,Female,24,BSc,IT,7.64,2,0,4,2,10,66,5,0,,0.0,26.0,66.39999999999999,9,9
6388,Female,24,BTech,DS,6.56,3,1,5,7,5,95,2,1,Product,14.27,35.666666666666664,50.599999999999994,8,8
6389,Female,23,BE,DS,8.87,3,1,1,1,6,40,5,0,,0.0,15.666666666666666,73.69999999999999,7,7
6390,Male,24,BCA,Electrical,8.55,2,0,0,4,2,82,2,0,,0.0,29.333333333333332,75.5,2,2
6391,Female,23,BSc,DS,6.66,2,3,2,2,6,42,4,0,,0.0,16.666666666666668,56.599999999999994,9,9
6392,Female,22,BCA,Mechanical,5.92,2,2,5,4,1,93,2,0,,0.0,32.666666666666664,49.2,9,9
6393,Male,24,BTech,CS,5.5,0,0,5,2,10,93,1,0,,0.0,35.0,55.0,6,6
6394,Female,23,BSc,Mechanical,8.07,0,0,2,3,7,91,4,0,,0.0,33.666666666666664,80.7,6,6
6395,Male,22,BTech,Mechanical,6.41,1,2,5,8,1,92,1,0,,0.0,33.666666666666664,59.099999999999994,8,8
6396,Male,24,BSc,DS,5.55,2,0,4,4,2,49,3,0,,0.0,18.333333333333332,45.5,7,7
6397,Male,22,BE,Mechanical,7.04,2,1,5,6,4,52,4,0,,0.0,20.666666666666668,60.400000000000006,10,10
6398,Male,24,BCA,IT,9.64,0,1,5,9,5,58,1,0,,0.0,24.0,96.4,7,7
6399,Male,20,BE,AI,8.47,1,3,1,8,10,70,1,1,Service,14.11,29.333333333333332,79.7,5,5
6400,Female,20,BE,AI,9.19,1,2,0,2,1,52,0,0,,0.0,18.333333333333332,86.89999999999999,2,2
6401,Male,23,BE,AI,6.12,2,0,4,2,1,91,0,0,,0.0,31.333333333333332,51.2,4,4
6402,Male,21,BE,Electrical,5.82,3,1,1,3,5,69,0,0,,0.0,25.666666666666668,43.2,2,2
6403,Male,20,BSc,DS,5.55,1,0,4,2,6,53,0,0,,0.0,20.333333333333332,50.5,4,4
6404,Male,21,BCA,DS,9.61,1,2,5,3,3,97,2,0,,0.0,34.333333333333336,91.1,9,9
6405,Female,22,BSc,AI,6.79,2,1,2,2,5,71,3,0,,0.0,26.0,57.900000000000006,6,6
6406,Male,22,BSc,CS,7.48,2,2,2,6,2,81,2,1,Startup,10.77,29.666666666666668,64.80000000000001,6,6
6407,Female,21,BSc,Electrical,7.2,2,0,1,9,8,88,3,1,Startup,4.7,35.0,62.0,4,4
6408,Male,23,BE,AI,8.64,0,3,4,8,3,77,4,1,Startup,7.16,29.333333333333332,86.4,11,11
6409,Female,24,BTech,Mechanical,6.83,2,0,5,6,3,76,3,1,Service,14.77,28.333333333333332,58.3,8,8
6410,Male,21,BE,AI,7.8,3,0,1,4,9,53,2,0,,0.0,22.0,63.0,3,3
6411,Male,21,BSc,AI,9.78,3,2,5,10,4,85,4,1,Service,6.14,33.0,82.8,11,11
6412,Female,21,BE,CS,7.41,1,1,3,5,10,76,5,1,Startup,6.78,30.333333333333332,69.1,9,9
6413,Male,21,BCA,DS,7.87,0,2,1,4,3,67,4,0,,0.0,24.666666666666668,78.7,7,7
6414,Female,21,BCA,DS,7.66,1,1,5,5,5,59,5,0,,0.0,23.0,71.6,11,11
6415,Male,23,BE,Mechanical,8.95,0,0,3,2,6,64,4,0,,0.0,24.0,89.5,7,7
6416,Female,20,BE,AI,6.65,2,0,2,8,10,50,0,0,,0.0,22.666666666666668,56.5,2,2
6417,Male,24,BTech,IT,6.23,1,3,0,1,1,66,2,0,,0.0,22.666666666666668,57.300000000000004,5,5
6418,Male,20,BE,Mechanical,8.74,3,3,2,9,7,96,0,1,Service,14.49,37.333333333333336,72.4,5,5
6419,Female,21,BE,DS,7.29,0,2,0,1,4,68,5,0,,0.0,24.333333333333332,72.9,7,7
6420,Male,20,BTech,CS,9.43,1,1,4,5,9,44,1,0,,0.0,19.333333333333332,89.3,6,6
6421,Male,23,BE,DS,8.27,3,3,0,9,2,62,4,1,Startup,11.73,24.333333333333332,67.69999999999999,7,7
6422,Male,22,BE,DS,7.93,3,3,4,1,2,90,4,0,,0.0,31.0,64.3,11,11
6423,Male,20,BE,CS,5.8,2,0,3,1,10,86,4,0,,0.0,32.333333333333336,48.0,7,7
6424,Male,24,BE,AI,8.64,0,0,4,3,2,88,2,0,,0.0,31.0,86.4,6,6
6425,Male,23,BE,AI,8.45,1,2,1,8,10,56,4,0,,0.0,24.666666666666668,79.5,7,7
6426,Female,22,BSc,DS,8.25,3,2,1,3,10,42,2,0,,0.0,18.333333333333332,67.5,5,5
6427,Female,23,BE,Mechanical,6.65,0,1,5,2,8,90,1,0,,0.0,33.333333333333336,66.5,7,7
6428,Female,21,BTech,IT,9.57,2,3,1,6,2,44,1,0,,0.0,17.333333333333332,85.7,5,5
6429,Male,22,BE,Mechanical,6.88,0,0,2,10,4,95,1,1,Startup,10.16,36.333333333333336,68.8,3,3
6430,Female,24,BSc,Electrical,6.15,0,1,5,5,10,93,0,0,,0.0,36.0,61.5,6,6
6431,Male,22,BTech,Mechanical,9.74,1,3,1,9,1,47,4,0,,0.0,19.0,92.4,8,8
6432,Male,24,BTech,DS,8.71,0,1,4,3,4,94,1,0,,0.0,33.666666666666664,87.10000000000001,6,6
6433,Male,21,BE,DS,7.28,2,1,4,4,6,72,3,0,,0.0,27.333333333333332,62.8,8,8
6434,Male,24,BCA,IT,9.52,3,2,4,10,6,53,5,0,,0.0,23.0,80.19999999999999,11,11
6435,Female,23,BSc,IT,5.89,1,3,1,8,3,81,5,0,,0.0,30.666666666666668,53.9,9,9
6436,Male,20,BCA,IT,5.88,3,1,5,2,9,70,2,0,,0.0,27.0,43.8,8,8
6437,Female,23,BE,DS,8.43,0,1,3,5,5,47,5,0,,0.0,19.0,84.3,9,9
6438,Male,23,BSc,DS,6.27,2,1,3,9,9,40,3,0,,0.0,19.333333333333332,52.699999999999996,7,7
6439,Female,22,BCA,Mechanical,9.44,3,2,2,9,2,44,1,0,,0.0,18.333333333333332,79.39999999999999,5,5
6440,Female,21,BSc,DS,9.11,2,2,4,10,3,90,0,1,Product,8.43,34.333333333333336,81.1,6,6
6441,Female,20,BE,Electrical,6.82,0,0,4,9,7,78,0,1,Product,13.76,31.333333333333332,68.2,4,4
6442,Female,24,BSc,AI,9.32,0,2,2,1,5,44,3,0,,0.0,16.666666666666668,93.2,7,7
6443,Female,22,BE,AI,5.68,3,2,4,1,9,73,1,0,,0.0,27.666666666666668,41.8,7,7
6444,Female,21,BCA,IT,7.86,1,3,0,1,2,86,4,0,,0.0,29.666666666666668,73.60000000000001,7,7
6445,Male,20,BSc,DS,9.52,2,3,5,8,9,40,2,0,,0.0,19.0,85.19999999999999,10,10
6446,Female,23,BTech,Electrical,9.18,2,1,2,4,8,49,2,0,,0.0,20.333333333333332,81.8,5,5
6447,Male,21,BE,AI,7.03,2,0,4,9,5,77,0,1,Startup,4.48,30.333333333333332,60.3,4,4
6448,Female,21,BSc,Mechanical,6.29,0,2,2,6,1,77,5,0,,0.0,28.0,62.9,9,9
6449,Male,21,BTech,CS,6.41,0,3,0,3,10,53,3,0,,0.0,22.0,64.1,6,6
6450,Female,23,BTech,Mechanical,7.71,3,0,0,8,1,47,1,0,,0.0,18.666666666666668,62.099999999999994,1,1
6451,Female,24,BTech,CS,8.07,3,3,5,1,7,64,1,0,,0.0,24.0,65.7,9,9
6452,Male,22,BTech,Electrical,5.64,0,1,1,2,2,68,4,0,,0.0,24.0,56.4,6,6
6453,Female,24,BE,Mechanical,7.28,1,2,4,8,1,89,4,1,Service,11.64,32.666666666666664,67.8,10,10
6454,Female,20,BSc,AI,9.07,2,1,5,1,3,76,5,0,,0.0,26.666666666666668,80.7,11,11
6455,Female,22,BTech,DS,7.41,2,1,0,5,2,60,1,1,Service,14.28,22.333333333333332,64.1,2,2
6456,Male,20,BSc,CS,6.23,0,3,0,3,3,70,1,0,,0.0,25.333333333333332,62.300000000000004,4,4
6457,Female,23,BSc,DS,9.61,1,0,5,2,9,85,2,0,,0.0,32.0,91.1,7,7
6458,Male,24,BCA,Electrical,6.64,1,2,0,4,9,81,5,0,,0.0,31.333333333333332,61.39999999999999,7,7
6459,Female,21,BSc,DS,8.93,1,0,1,2,9,63,3,0,,0.0,24.666666666666668,84.3,4,4
6460,Female,22,BE,AI,6.33,1,1,4,5,6,80,2,0,,0.0,30.333333333333332,58.3,7,7
6461,Male,21,BE,Electrical,7.32,1,2,2,8,3,60,4,1,Startup,13.5,23.666666666666668,68.2,8,8
6462,Female,20,BTech,IT,7.61,3,1,1,4,6,92,0,0,,0.0,34.0,61.10000000000001,2,2
6463,Female,21,BSc,IT,7.65,0,3,4,7,3,42,5,0,,0.0,17.333333333333332,76.5,12,12
6464,Male,21,BE,CS,7.72,0,0,0,5,8,71,1,1,Service,3.56,28.0,77.2,1,1
6465,Female,23,BE,AI,6.47,0,0,1,9,5,45,1,0,,0.0,19.666666666666668,64.7,2,2
6466,Male,23,BE,DS,7.72,2,1,3,2,2,46,3,0,,0.0,16.666666666666668,67.2,7,7
6467,Male,24,BTech,Mechanical,7.57,1,0,3,2,5,90,4,0,,0.0,32.333333333333336,70.7,7,7
6468,Male,20,BE,Mechanical,6.4,1,0,0,1,3,54,1,0,,0.0,19.333333333333332,59.0,1,1
6469,Female,23,BSc,Electrical,9.75,2,1,4,4,2,73,2,0,,0.0,26.333333333333332,87.5,7,7
6470,Male,23,BE,CS,9.22,1,2,4,8,10,85,5,1,Service,3.55,34.333333333333336,87.2,11,11
6471,Male,24,BE,CS,9.32,1,3,1,5,10,85,5,1,Startup,7.38,33.333333333333336,88.2,9,9
6472,Female,22,BTech,CS,8.45,1,2,3,5,8,51,5,0,,0.0,21.333333333333332,79.5,10,10
6473,Male,24,BSc,AI,6.19,1,2,4,4,9,57,3,0,,0.0,23.333333333333332,56.900000000000006,9,9
6474,Female,21,BE,Mechanical,7.94,1,3,1,7,3,64,1,1,Service,7.0,24.666666666666668,74.4,5,5
6475,Female,21,BSc,Electrical,9.03,3,1,1,10,10,77,0,1,Startup,11.07,32.333333333333336,75.3,2,2
6476,Female,23,BSc,AI,5.67,0,1,3,8,4,41,4,0,,0.0,17.666666666666668,56.7,8,8
6477,Female,23,BE,Electrical,7.63,3,3,0,9,7,60,3,1,Service,14.85,25.333333333333332,61.3,6,6
6478,Male,24,BTech,AI,7.2,1,0,1,6,7,62,2,1,Service,12.01,25.0,67.0,3,3
6479,Male,24,BSc,DS,6.41,0,2,0,9,2,72,4,0,,0.0,27.666666666666668,64.1,6,6
6480,Male,20,BCA,AI,7.13,0,0,3,1,1,66,1,0,,0.0,22.666666666666668,71.3,4,4
6481,Male,21,BE,AI,9.73,0,1,1,3,3,95,0,0,,0.0,33.666666666666664,97.30000000000001,2,2
6482,Male,24,BSc,DS,8.61,0,2,2,1,2,82,2,0,,0.0,28.333333333333332,86.1,6,6
6483,Female,22,BSc,IT,6.79,2,1,3,5,8,68,4,1,Service,12.29,27.0,57.900000000000006,8,8
6484,Male,20,BSc,DS,8.1,0,3,3,8,5,86,1,1,Service,3.76,33.0,81.0,7,7
6485,Male,24,BE,CS,6.56,2,3,2,6,9,77,3,1,Startup,8.94,30.666666666666668,55.599999999999994,8,8
6486,Male,23,BCA,IT,8.13,2,0,3,10,7,56,5,0,,0.0,24.333333333333332,71.30000000000001,8,8
6487,Female,24,BSc,Mechanical,9.35,0,0,2,5,1,47,1,0,,0.0,17.666666666666668,93.5,3,3
6488,Female,23,BSc,Electrical,7.89,1,1,2,1,6,60,3,0,,0.0,22.333333333333332,73.89999999999999,6,6
6489,Male,23,BTech,AI,8.65,1,1,3,1,4,62,3,0,,0.0,22.333333333333332,81.5,7,7
6490,Female,21,BE,IT,7.45,0,3,2,5,10,97,1,1,Startup,3.57,37.333333333333336,74.5,6,6
6491,Male,21,BE,Mechanical,7.75,0,2,2,5,1,91,0,1,Service,5.05,32.333333333333336,77.5,4,4
6492,Male,24,BSc,DS,8.49,2,3,3,8,2,57,5,0,,0.0,22.333333333333332,74.9,11,11
6493,Female,24,BTech,DS,8.99,3,1,2,2,1,83,3,0,,0.0,28.666666666666668,74.9,6,6
6494,Female,22,BSc,CS,8.34,2,3,0,7,10,47,5,0,,0.0,21.333333333333332,73.4,8,8
6495,Male,20,BSc,CS,9.7,1,0,3,5,5,91,3,1,Startup,14.47,33.666666666666664,92.0,6,6
6496,Male,20,BE,IT,9.03,3,0,3,2,5,63,1,0,,0.0,23.333333333333332,75.3,4,4
6497,Female,24,BTech,Electrical,8.84,3,1,0,5,4,48,3,0,,0.0,19.0,73.4,4,4
6498,Male,21,BSc,AI,9.13,3,3,4,9,1,68,2,1,Service,10.71,26.0,76.30000000000001,9,9
6499,Female,22,BE,DS,6.71,2,1,5,5,1,50,4,0,,0.0,18.666666666666668,57.099999999999994,10,10
6500,Male,20,BSc,IT,7.36,2,2,1,5,7,84,1,1,Service,5.05,32.0,63.60000000000001,4,4
6501,Female,24,BSc,IT,7.93,0,0,2,2,10,75,2,0,,0.0,29.0,79.3,4,4
6502,Male,21,BTech,Electrical,7.49,2,3,5,9,9,47,5,0,,0.0,21.666666666666668,64.9,13,13
6503,Male,21,BTech,IT,9.14,2,0,2,2,7,43,3,0,,0.0,17.333333333333332,81.4,5,5
6504,Female,21,BTech,CS,5.62,3,3,5,5,4,85,3,0,,0.0,31.333333333333332,41.2,11,11
6505,Male,23,BSc,Electrical,6.4,3,0,1,2,4,63,3,0,,0.0,23.0,49.0,4,4
6506,Male,21,BCA,DS,9.29,2,1,2,2,9,88,4,0,,0.0,33.0,82.89999999999999,7,7
6507,Female,24,BTech,CS,5.75,1,0,5,6,6,41,0,0,,0.0,17.666666666666668,52.5,5,5
6508,Male,22,BCA,CS,6.48,3,3,2,10,10,51,1,0,,0.0,23.666666666666668,49.80000000000001,6,6
6509,Male,24,BCA,Electrical,7.01,0,1,0,3,2,51,2,0,,0.0,18.666666666666668,70.1,3,3
6510,Male,21,BCA,Electrical,8.73,1,3,0,10,1,65,0,1,Startup,7.52,25.333333333333332,82.30000000000001,3,3
6511,Female,22,BE,IT,7.91,3,2,5,9,6,58,1,0,,0.0,24.333333333333332,64.1,8,8
6512,Female,20,BSc,Mechanical,9.6,0,3,0,6,1,89,3,1,Service,8.97,32.0,96.0,6,6
6513,Female,20,BTech,Mechanical,6.48,3,3,0,10,3,65,3,0,,0.0,26.0,49.80000000000001,6,6
6514,Male,24,BSc,Mechanical,9.25,0,1,3,10,6,63,2,1,Product,10.33,26.333333333333332,92.5,6,6
6515,Male,22,BSc,IT,6.72,3,3,2,2,5,81,0,0,,0.0,29.333333333333332,52.2,5,5
6516,Male,24,BE,AI,6.56,3,2,1,1,9,99,3,0,,0.0,36.333333333333336,50.599999999999994,6,6
6517,Male,22,BE,DS,7.64,2,2,2,2,6,98,4,0,,0.0,35.333333333333336,66.39999999999999,8,8
6518,Female,22,BE,IT,5.81,1,1,3,10,3,64,1,0,,0.0,25.666666666666668,53.099999999999994,5,5
6519,Male,24,BSc,IT,7.15,1,2,3,6,10,80,2,1,Service,8.91,32.0,66.5,7,7
6520,Male,22,BCA,CS,7.03,2,1,2,2,4,55,4,0,,0.0,20.333333333333332,60.3,7,7
6521,Male,21,BSc,Mechanical,6.19,3,0,5,7,5,40,2,0,,0.0,17.333333333333332,46.900000000000006,7,7
6522,Female,22,BE,Electrical,9.2,1,3,2,7,4,71,1,1,Startup,9.71,27.333333333333332,87.0,6,6
6523,Male,22,BSc,IT,7.16,0,3,0,1,3,87,0,0,,0.0,30.333333333333332,71.6,3,3
6524,Male,24,BE,AI,9.72,0,3,3,6,9,96,4,1,Service,5.85,37.0,97.2,10,10
6525,Male,20,BE,DS,9.37,3,3,2,5,9,63,3,1,Startup,4.94,25.666666666666668,78.69999999999999,8,8
6526,Male,23,BTech,AI,6.34,3,1,1,8,5,79,2,0,,0.0,30.666666666666668,48.4,4,4
6527,Male,22,BCA,IT,7.67,0,3,1,8,1,90,0,1,Startup,9.18,33.0,76.7,4,4
6528,Female,23,BE,IT,8.09,3,2,0,9,1,95,1,1,Service,6.15,35.0,65.9,3,3
6529,Male,22,BTech,CS,9.02,2,2,0,2,7,73,3,0,,0.0,27.333333333333332,80.19999999999999,5,5
6530,Male,24,BCA,AI,9.31,1,0,2,1,3,89,2,0,,0.0,31.0,88.10000000000001,4,4
6531,Male,24,BE,CS,8.18,0,1,1,10,8,59,0,0,,0.0,25.666666666666668,81.8,2,2
6532,Male,22,BCA,Electrical,5.65,2,0,5,6,6,62,1,0,,0.0,24.666666666666668,46.5,6,6
6533,Male,24,BCA,AI,7.57,0,3,3,2,6,67,5,0,,0.0,25.0,75.7,11,11
6534,Male,24,BSc,Mechanical,9.3,0,2,4,5,6,91,5,1,Startup,13.32,34.0,93.0,11,11
6535,Male,22,BTech,Electrical,8.57,3,1,1,1,6,57,5,0,,0.0,21.333333333333332,70.7,7,7
6536,Male,20,BCA,Mechanical,9.24,1,2,3,1,3,71,0,0,,0.0,25.0,87.4,5,5
6537,Male,22,BSc,AI,8.4,2,1,1,5,6,92,1,1,Startup,8.35,34.333333333333336,74.0,3,3
6538,Male,20,BCA,CS,5.69,0,0,2,6,3,95,3,0,,0.0,34.666666666666664,56.900000000000006,5,5
6539,Female,24,BSc,Mechanical,9.66,0,3,4,7,5,85,5,1,Service,5.28,32.333333333333336,96.6,12,12
6540,Female,20,BE,IT,9.45,3,0,4,4,1,78,4,0,,0.0,27.666666666666668,79.5,8,8
6541,Female,24,BE,DS,6.04,2,3,2,4,2,78,2,0,,0.0,28.0,50.4,7,7
6542,Female,20,BSc,CS,5.98,3,2,2,5,2,96,4,0,,0.0,34.333333333333336,44.800000000000004,8,8
6543,Male,20,BE,Electrical,7.82,3,0,0,6,9,67,3,1,Product,7.02,27.333333333333332,63.2,3,3
6544,Female,22,BE,Electrical,8.76,2,0,3,8,5,76,4,1,Product,4.35,29.666666666666668,77.6,7,7
6545,Female,20,BE,AI,7.14,1,2,5,9,1,91,2,1,Service,11.65,33.666666666666664,66.39999999999999,9,9
6546,Male,24,BCA,Electrical,6.09,3,2,3,7,2,65,3,0,,0.0,24.666666666666668,45.9,8,8
6547,Female,22,BSc,DS,7.7,0,2,0,10,6,66,2,1,Startup,6.76,27.333333333333332,77.0,4,4
6548,Female,20,BTech,DS,6.95,1,1,3,3,6,83,4,0,,0.0,30.666666666666668,64.5,8,8
6549,Male,22,BTech,IT,7.01,0,2,4,6,2,96,0,1,Service,4.2,34.666666666666664,70.1,6,6
6550,Male,23,BSc,Electrical,8.27,1,1,1,9,3,98,5,1,Startup,8.17,36.666666666666664,77.69999999999999,7,7
6551,Male,22,BCA,CS,9.31,0,2,4,6,4,66,0,1,Service,6.32,25.333333333333332,93.10000000000001,6,6
6552,Female,23,BE,DS,7.9,3,1,0,10,10,84,2,1,Product,6.31,34.666666666666664,64.0,3,3
6553,Female,23,BE,CS,8.46,3,2,3,8,1,98,0,1,Service,14.16,35.666666666666664,69.60000000000001,5,5
6554,Male,22,BCA,IT,8.34,3,1,3,8,10,56,2,0,,0.0,24.666666666666668,68.4,6,6
6555,Male,24,BTech,AI,7.87,2,3,1,4,2,54,4,0,,0.0,20.0,68.7,8,8
6556,Female,24,BSc,DS,6.84,3,3,5,7,7,87,1,1,Startup,8.92,33.666666666666664,53.400000000000006,9,9
6557,Male,24,BSc,DS,7.12,1,0,1,7,6,52,3,0,,0.0,21.666666666666668,66.2,4,4
6558,Female,21,BCA,DS,6.86,3,2,1,7,5,61,4,1,Product,12.43,24.333333333333332,53.60000000000001,7,7
6559,Male,23,BE,Electrical,9.45,2,2,4,8,8,82,1,1,Startup,6.2,32.666666666666664,84.5,7,7
6560,Male,22,BE,CS,9.05,0,1,0,2,3,74,5,0,,0.0,26.333333333333332,90.5,6,6
6561,Female,24,BE,DS,7.99,2,0,0,2,8,93,4,0,,0.0,34.333333333333336,69.9,4,4
6562,Male,24,BSc,CS,9.42,1,3,0,6,5,62,1,1,Startup,5.75,24.333333333333332,89.2,4,4
6563,Male,22,BTech,Electrical,9.31,1,0,4,6,9,40,2,0,,0.0,18.333333333333332,88.10000000000001,6,6
6564,Male,23,BSc,Mechanical,9.49,2,1,2,5,9,77,3,1,Service,14.03,30.333333333333332,84.9,6,6
6565,Female,22,BCA,Mechanical,6.45,0,2,3,2,7,47,5,0,,0.0,18.666666666666668,64.5,10,10
6566,Male,21,BSc,CS,8.59,3,0,4,8,3,92,2,1,Startup,6.64,34.333333333333336,70.9,6,6
6567,Male,21,BCA,Electrical,8.12,1,2,0,3,4,44,3,0,,0.0,17.0,76.19999999999999,5,5
6568,Male,22,BSc,Mechanical,8.66,3,3,4,1,6,78,1,0,,0.0,28.333333333333332,71.6,8,8
6569,Male,23,BTech,IT,6.63,0,1,4,1,1,95,5,0,,0.0,32.333333333333336,66.3,10,10
6570,Male,24,BCA,IT,8.49,1,2,5,7,2,94,0,1,Service,7.82,34.333333333333336,79.9,7,7
6571,Male,21,BE,Mechanical,7.26,0,0,2,7,6,74,0,1,Product,12.12,29.0,72.6,2,2
6572,Female,21,BE,AI,9.09,0,1,5,6,9,93,0,1,Startup,4.08,36.0,90.9,6,6
6573,Female,23,BSc,CS,8.92,2,3,1,6,4,80,5,1,Startup,5.67,30.0,79.2,9,9
6574,Male,21,BSc,Mechanical,6.41,0,0,5,5,3,53,5,0,,0.0,20.333333333333332,64.1,10,10
6575,Female,21,BTech,CS,6.29,1,2,5,6,8,41,0,0,,0.0,18.333333333333332,57.9,7,7
6576,Female,23,BTech,Electrical,8.59,2,2,0,2,7,96,5,0,,0.0,35.0,75.9,7,7
6577,Male,22,BE,Mechanical,7.87,1,1,4,5,2,42,4,0,,0.0,16.333333333333332,73.7,9,9
6578,Female,24,BSc,IT,7.9,2,3,1,2,10,58,4,0,,0.0,23.333333333333332,69.0,8,8
6579,Female,24,BCA,Electrical,8.74,2,0,3,3,4,49,0,0,,0.0,18.666666666666668,77.4,3,3
6580,Female,21,BTech,AI,9.18,0,3,3,5,10,41,5,0,,0.0,18.666666666666668,91.8,11,11
6581,Female,24,BCA,CS,6.53,0,0,3,1,6,84,2,0,,0.0,30.333333333333332,65.3,5,5
6582,Female,22,BCA,AI,7.89,3,0,4,3,2,53,1,0,,0.0,19.333333333333332,63.89999999999999,5,5
6583,Female,21,BTech,IT,9.06,1,1,4,10,6,58,0,0,,0.0,24.666666666666668,85.60000000000001,5,5
6584,Female,24,BSc,DS,9.25,1,2,2,6,9,84,2,1,Service,7.75,33.0,87.5,6,6
6585,Female,20,BCA,DS,6.74,3,2,0,2,4,46,2,0,,0.0,17.333333333333332,52.400000000000006,4,4
6586,Male,20,BSc,CS,5.95,0,2,1,3,10,42,2,0,,0.0,18.333333333333332,59.5,5,5
6587,Male,20,BCA,Electrical,6.5,1,3,5,9,7,40,4,0,,0.0,18.666666666666668,60.0,12,12
6588,Female,20,BSc,IT,9.57,1,0,3,8,9,91,3,1,Startup,6.52,36.0,90.7,6,6
6589,Female,20,BSc,CS,7.49,0,1,1,3,8,62,5,0,,0.0,24.333333333333332,74.9,7,7
6590,Male,21,BSc,Electrical,7.3,2,3,2,7,2,52,4,0,,0.0,20.333333333333332,63.0,9,9
6591,Female,23,BSc,CS,5.56,0,0,3,4,9,77,0,0,,0.0,30.0,55.599999999999994,3,3
6592,Female,23,BTech,CS,5.72,3,1,1,7,8,99,5,0,,0.0,38.0,42.199999999999996,7,7
6593,Male,21,BCA,AI,8.38,1,0,0,5,5,83,0,1,Startup,4.28,31.0,78.80000000000001,0,0
6594,Male,21,BSc,Mechanical,8.04,2,1,0,2,9,49,0,0,,0.0,20.0,70.39999999999999,1,1
6595,Male,22,BE,IT,7.97,3,3,2,6,6,74,1,1,Startup,13.25,28.666666666666668,64.7,6,6
6596,Female,23,BCA,AI,5.97,0,0,1,1,9,70,1,0,,0.0,26.666666666666668,59.699999999999996,2,2
6597,Female,20,BCA,Electrical,7.01,2,0,2,6,9,72,3,1,Startup,12.38,29.0,60.099999999999994,5,5
6598,Male,21,BSc,Mechanical,8.99,1,3,2,1,3,63,4,0,,0.0,22.333333333333332,84.9,9,9
6599,Male,20,BCA,CS,6.25,2,1,2,3,7,52,2,0,,0.0,20.666666666666668,52.5,5,5
6600,Female,23,BE,DS,9.3,1,2,4,10,4,73,5,1,Service,12.89,29.0,88.0,11,11
6601,Male,24,BE,AI,6.02,0,2,0,7,4,92,4,0,,0.0,34.333333333333336,60.199999999999996,6,6
6602,Female,24,BE,IT,6.23,2,1,4,2,7,58,0,0,,0.0,22.333333333333332,52.300000000000004,5,5
6603,Female,21,BCA,IT,7.55,2,1,5,9,6,59,3,0,,0.0,24.666666666666668,65.5,9,9
6604,Male,22,BCA,Mechanical,9.56,2,2,4,3,4,42,1,0,,0.0,16.333333333333332,85.60000000000001,7,7
6605,Male,20,BSc,AI,6.92,1,0,0,3,5,58,5,0,,0.0,22.0,64.2,5,5
6606,Female,21,BCA,CS,8.33,0,3,2,7,6,86,3,1,Service,3.87,33.0,83.3,8,8
6607,Male,22,BCA,Mechanical,8.03,0,2,1,1,4,70,2,0,,0.0,25.0,80.3,5,5
6608,Male,20,BSc,Electrical,6.14,1,1,2,5,8,58,3,0,,0.0,23.666666666666668,56.4,6,6
6609,Male,23,BE,IT,6.57,2,0,2,10,4,81,3,1,Startup,14.72,31.666666666666668,55.7,5,5
6610,Male,24,BSc,Electrical,9.5,1,1,4,3,10,66,3,0,,0.0,26.333333333333332,90.0,8,8
6611,Female,22,BTech,AI,6.29,1,2,1,1,4,50,0,0,,0.0,18.333333333333332,57.9,3,3
6612,Female,20,BCA,DS,8.49,3,3,0,7,10,86,2,1,Product,13.25,34.333333333333336,69.9,5,5
6613,Female,21,BCA,Electrical,9.65,0,3,3,10,10,79,1,1,Startup,5.87,33.0,96.5,7,7
6614,Female,20,BTech,CS,6.01,1,0,0,7,1,50,4,0,,0.0,19.333333333333332,55.099999999999994,4,4
6615,Male,21,BTech,IT,7.22,2,3,1,9,6,56,1,0,,0.0,23.666666666666668,62.2,5,5
6616,Male,24,BTech,AI,6.46,1,2,0,7,1,73,3,0,,0.0,27.0,59.599999999999994,5,5
6617,Female,24,BSc,DS,6.45,1,2,4,4,9,89,3,0,,0.0,34.0,59.5,9,9
6618,Female,20,BE,IT,6.01,1,2,1,3,5,48,4,0,,0.0,18.666666666666668,55.099999999999994,7,7
6619,Male,20,BSc,DS,8.29,2,0,3,6,2,78,2,1,Startup,6.49,28.666666666666668,72.89999999999999,5,5
6620,Female,21,BTech,IT,8.71,3,2,3,6,9,81,3,1,Product,9.76,32.0,72.10000000000001,8,8
6621,Female,21,BSc,Mechanical,8.41,1,3,1,2,8,62,0,0,,0.0,24.0,79.1,4,4
6622,Male,22,BCA,Mechanical,9.48,0,0,0,7,4,47,5,0,,0.0,19.333333333333332,94.80000000000001,5,5
6623,Female,22,BSc,Mechanical,6.13,1,2,3,1,3,52,0,0,,0.0,18.666666666666668,56.3,5,5
6624,Male,22,BTech,AI,6.88,3,2,5,9,4,73,1,1,Service,3.62,28.666666666666668,53.8,8,8
6625,Male,20,BCA,Mechanical,6.98,1,1,1,2,10,81,0,0,,0.0,31.0,64.80000000000001,2,2
6626,Female,22,BE,AI,6.5,0,2,1,3,4,98,1,0,,0.0,35.0,65.0,4,4
6627,Male,20,BSc,CS,6.11,3,0,1,6,9,56,3,0,,0.0,23.666666666666668,46.1,4,4
6628,Female,24,BSc,Mechanical,7.59,0,1,2,7,6,87,0,1,Product,10.02,33.333333333333336,75.9,3,3
6629,Male,23,BTech,AI,9.09,0,0,0,1,4,83,0,0,,0.0,29.333333333333332,90.9,0,0
6630,Female,24,BE,IT,9.6,0,2,1,3,2,77,4,0,,0.0,27.333333333333332,96.0,7,7
6631,Female,20,BCA,AI,6.06,3,3,1,6,9,54,1,0,,0.0,23.0,45.599999999999994,5,5
6632,Female,20,BTech,Electrical,9.04,3,1,2,4,7,70,4,0,,0.0,27.0,75.39999999999999,7,7
6633,Male,23,BTech,AI,9.05,0,1,4,5,5,86,2,1,Product,13.78,32.0,90.5,7,7
6634,Male,21,BSc,Electrical,7.17,0,1,2,3,2,87,5,0,,0.0,30.666666666666668,71.7,8,8
6635,Female,21,BE,IT,5.97,2,0,1,8,1,42,4,0,,0.0,17.0,49.699999999999996,5,5
6636,Male,21,BTech,AI,9.76,3,1,0,1,7,84,0,0,,0.0,30.666666666666668,82.6,1,1
6637,Female,22,BSc,IT,8.32,1,3,2,10,3,89,0,1,Service,13.13,34.0,78.2,5,5
6638,Female,21,BCA,Electrical,9.72,3,3,1,7,8,74,2,1,Service,6.43,29.666666666666668,82.2,6,6
6639,Male,22,BTech,DS,7.58,2,1,5,2,4,75,1,0,,0.0,27.0,65.8,7,7
6640,Female,22,BCA,Mechanical,7.2,2,0,0,8,5,44,1,0,,0.0,19.0,62.0,1,1
6641,Male,21,BCA,Electrical,6.56,0,0,2,3,3,65,5,0,,0.0,23.666666666666668,65.6,7,7
6642,Female,21,BSc,CS,9.73,3,0,3,4,7,65,1,0,,0.0,25.333333333333332,82.30000000000001,4,4
6643,Male,23,BE,AI,6.59,1,2,0,2,4,91,2,0,,0.0,32.333333333333336,60.900000000000006,4,4
6644,Female,23,BCA,IT,5.6,3,0,5,5,1,63,3,0,,0.0,23.0,41.0,8,8
6645,Female,22,BTech,Mechanical,7.7,2,0,1,9,5,45,3,0,,0.0,19.666666666666668,67.0,4,4
6646,Male,23,BE,AI,7.12,1,1,0,4,2,46,2,0,,0.0,17.333333333333332,66.2,3,3
6647,Female,22,BE,Mechanical,6.62,1,2,0,7,7,91,4,1,Product,12.72,35.0,61.2,6,6
6648,Female,20,BSc,DS,8.23,0,1,1,8,2,67,2,1,Startup,13.19,25.666666666666668,82.30000000000001,4,4
6649,Male,22,BTech,AI,7.07,3,0,3,10,4,84,3,1,Startup,5.17,32.666666666666664,55.7,6,6
6650,Female,22,BTech,IT,7.23,3,0,0,1,2,53,5,0,,0.0,18.666666666666668,57.30000000000001,5,5
6651,Male,23,BSc,DS,5.6,3,1,1,6,7,78,5,0,,0.0,30.333333333333332,41.0,7,7
6652,Female,20,BSc,AI,8.03,1,2,0,5,3,60,3,1,Service,11.13,22.666666666666668,75.3,5,5
6653,Male,24,BE,Mechanical,6.02,2,2,4,10,2,50,4,0,,0.0,20.666666666666668,50.199999999999996,10,10
6654,Female,24,BCA,DS,6.42,2,1,3,10,2,51,0,0,,0.0,21.0,54.2,4,4
6655,Female,24,BCA,IT,8.58,0,0,5,1,2,89,0,0,,0.0,30.666666666666668,85.8,5,5
6656,Female,20,BCA,AI,6.85,2,2,4,9,6,96,0,1,Product,9.95,37.0,58.5,6,6
6657,Male,21,BCA,Mechanical,6.2,3,2,0,10,8,89,1,0,,0.0,35.666666666666664,47.0,3,3
6658,Male,20,BTech,Mechanical,7.98,0,3,3,7,7,99,3,1,Product,12.19,37.666666666666664,79.80000000000001,9,9
6659,Male,23,BTech,Electrical,6.42,2,1,1,1,10,73,2,0,,0.0,28.0,54.2,4,4
6660,Male,22,BSc,DS,6.67,2,2,4,2,1,74,4,0,,0.0,25.666666666666668,56.7,10,10
6661,Female,22,BSc,AI,8.17,0,3,3,4,3,91,3,0,,0.0,32.666666666666664,81.7,9,9
6662,Female,23,BCA,Electrical,8.68,1,3,3,10,8,46,0,0,,0.0,21.333333333333332,81.8,6,6
6663,Male,23,BSc,Mechanical,8.68,0,3,0,9,8,92,4,1,Product,8.01,36.333333333333336,86.8,7,7
6664,Male,22,BTech,DS,7.57,1,0,5,2,9,62,2,0,,0.0,24.333333333333332,70.7,7,7
6665,Male,21,BCA,CS,7.45,3,1,4,1,7,40,3,0,,0.0,16.0,59.5,8,8
6666,Female,21,BCA,Mechanical,8.89,1,2,5,1,5,59,2,0,,0.0,21.666666666666668,83.9,9,9
6667,Male,21,BTech,DS,6.33,0,3,1,9,3,71,3,0,,0.0,27.666666666666668,63.3,7,7
6668,Male,23,BE,CS,6.15,3,0,2,1,8,73,3,0,,0.0,27.333333333333332,46.5,5,5
6669,Female,22,BCA,DS,8.36,0,0,0,4,5,93,0,0,,0.0,34.0,83.6,0,0
6670,Female,22,BSc,Mechanical,7.26,0,1,5,5,5,89,4,1,Startup,13.27,33.0,72.6,10,10
6671,Male,22,BE,CS,8.55,1,1,3,6,8,59,5,0,,0.0,24.333333333333332,80.5,9,9
6672,Female,20,BTech,DS,6.6,1,0,4,6,8,53,5,0,,0.0,22.333333333333332,61.0,9,9
6673,Male,20,BE,AI,6.9,1,0,2,3,8,44,5,0,,0.0,18.333333333333332,64.0,7,7
6674,Female,24,BE,CS,9.36,3,3,5,7,4,63,0,1,Service,12.44,24.666666666666668,78.6,8,8
6675,Male,20,BCA,DS,7.31,1,3,3,8,3,60,3,1,Startup,7.31,23.666666666666668,68.1,9,9
6676,Male,21,BE,AI,8.04,3,2,4,1,6,51,0,0,,0.0,19.333333333333332,65.39999999999999,6,6
6677,Male,21,BSc,CS,5.96,0,3,4,9,5,41,3,0,,0.0,18.333333333333332,59.6,10,10
6678,Male,21,BCA,DS,6.27,0,3,2,6,10,49,5,0,,0.0,21.666666666666668,62.699999999999996,10,10
6679,Female,21,BTech,Mechanical,5.65,1,3,3,1,5,52,5,0,,0.0,19.333333333333332,51.5,11,11
6680,Female,24,BSc,CS,7.32,2,2,2,9,5,70,0,1,Startup,7.09,28.0,63.2,4,4
6681,Female,21,BCA,CS,9.75,0,2,1,4,3,85,3,0,,0.0,30.666666666666668,97.5,6,6
6682,Female,23,BE,AI,9.26,2,2,0,9,7,63,5,1,Product,5.55,26.333333333333332,82.6,7,7
6683,Male,23,BSc,Electrical,8.22,2,2,0,10,5,95,1,1,Product,10.66,36.666666666666664,72.2,3,3
6684,Male,23,BCA,Electrical,9.2,2,3,1,5,4,65,1,1,Product,12.99,24.666666666666668,82.0,5,5
6685,Female,20,BCA,DS,8.05,1,1,3,6,4,72,5,1,Product,6.43,27.333333333333332,75.5,9,9
6686,Female,22,BTech,Mechanical,7.09,3,2,2,9,7,80,2,1,Service,5.55,32.0,55.900000000000006,6,6
6687,Female,24,BCA,AI,6.25,0,2,0,6,1,63,3,0,,0.0,23.333333333333332,62.5,5,5
6688,Female,23,BTech,CS,8.31,2,2,1,1,8,40,0,0,,0.0,16.333333333333332,73.10000000000001,3,3
6689,Female,23,BE,Electrical,6.33,3,3,4,1,1,48,3,0,,0.0,16.666666666666668,48.3,10,10
6690,Male,21,BCA,AI,7.29,1,0,5,2,6,70,0,0,,0.0,26.0,67.9,5,5
6691,Male,23,BCA,AI,9.05,0,3,5,2,4,98,2,0,,0.0,34.666666666666664,90.5,10,10
6692,Male,21,BE,AI,6.06,3,2,0,6,7,96,5,0,,0.0,36.333333333333336,45.599999999999994,7,7
6693,Female,21,BCA,CS,6.05,1,3,0,10,6,63,5,0,,0.0,26.333333333333332,55.5,8,8
6694,Female,22,BCA,IT,6.46,0,1,1,10,5,82,5,0,,0.0,32.333333333333336,64.6,7,7
6695,Female,20,BSc,AI,7.87,0,3,2,5,5,65,3,1,Product,10.05,25.0,78.7,8,8
6696,Female,21,BTech,IT,6.58,1,0,0,7,6,78,2,1,Startup,5.41,30.333333333333332,60.8,2,2
6697,Male,21,BCA,Electrical,7.66,2,0,2,8,7,93,0,1,Service,10.85,36.0,66.6,2,2
6698,Male,22,BCA,Mechanical,6.8,0,2,5,10,3,92,4,1,Service,13.07,35.0,68.0,11,11
6699,Female,21,BTech,Electrical,7.68,0,0,1,10,3,61,5,1,Startup,5.4,24.666666666666668,76.8,6,6
6700,Male,24,BSc,Mechanical,6.69,2,2,4,10,7,72,0,1,Service,3.7,29.666666666666668,56.900000000000006,6,6
6701,Male,20,BTech,Mechanical,9.71,3,3,0,10,3,71,2,1,Service,10.97,28.0,82.10000000000001,5,5
6702,Female,24,BCA,Electrical,7.62,0,3,5,3,7,72,3,0,,0.0,27.333333333333332,76.2,11,11
6703,Female,23,BE,DS,8.7,3,2,2,9,2,48,3,0,,0.0,19.666666666666668,72.0,7,7
6704,Female,20,BE,CS,8.51,2,2,2,1,8,54,2,0,,0.0,21.0,75.1,6,6
6705,Female,23,BSc,IT,7.61,0,3,5,3,9,61,3,0,,0.0,24.333333333333332,76.10000000000001,11,11
6706,Female,21,BSc,DS,6.53,2,1,5,2,6,55,1,0,,0.0,21.0,55.3,7,7
6707,Female,22,BCA,IT,7.7,0,0,3,6,2,74,5,1,Startup,10.48,27.333333333333332,77.0,8,8
6708,Male,24,BSc,CS,8.43,0,0,2,1,9,64,4,0,,0.0,24.666666666666668,84.3,6,6
6709,Male,23,BCA,AI,7.48,0,0,5,8,5,74,2,1,Service,9.48,29.0,74.80000000000001,7,7
6710,Female,21,BE,Electrical,5.85,2,0,5,10,4,64,4,0,,0.0,26.0,48.5,9,9
6711,Male,24,BSc,DS,5.58,0,3,5,10,7,85,2,0,,0.0,34.0,55.8,10,10
6712,Female,24,BCA,CS,6.91,3,0,2,3,6,76,4,0,,0.0,28.333333333333332,54.099999999999994,6,6
6713,Female,23,BTech,Electrical,6.15,1,3,1,6,4,88,0,0,,0.0,32.666666666666664,56.5,4,4
6714,Female,21,BSc,DS,9.4,1,2,2,2,10,98,2,0,,0.0,36.666666666666664,89.0,6,6
6715,Female,22,BCA,Mechanical,6.26,1,3,3,5,2,92,3,0,,0.0,33.0,57.599999999999994,9,9
6716,Male,23,BCA,DS,7.2,3,2,4,2,4,49,4,0,,0.0,18.333333333333332,57.0,10,10
6717,Female,24,BTech,AI,8.56,0,2,3,7,1,55,0,0,,0.0,21.0,85.60000000000001,5,5
6718,Male,24,BE,AI,9.01,2,1,5,5,8,57,0,0,,0.0,23.333333333333332,80.1,6,6
6719,Female,20,BTech,IT,7.55,2,1,4,8,4,84,5,1,Service,5.26,32.0,65.5,10,10
6720,Female,21,BCA,DS,6.28,0,1,0,6,2,89,0,0,,0.0,32.333333333333336,62.800000000000004,1,1
6721,Female,20,BTech,Mechanical,6.66,3,1,4,8,5,68,3,1,Service,5.31,27.0,51.599999999999994,8,8
6722,Male,22,BTech,AI,7.3,1,0,4,9,1,56,0,0,,0.0,22.0,68.0,4,4
6723,Female,23,BCA,IT,7.07,3,1,5,7,2,97,4,1,Startup,14.93,35.333333333333336,55.7,10,10
6724,Female,24,BE,Mechanical,7.0,3,0,5,1,8,43,3,0,,0.0,17.333333333333332,55.0,8,8
6725,Female,21,BTech,Mechanical,6.07,2,0,3,9,4,43,5,0,,0.0,18.666666666666668,50.7,8,8
6726,Male,24,BTech,Mechanical,9.43,0,0,1,9,9,92,2,1,Service,12.99,36.666666666666664,94.3,3,3
6727,Male,20,BSc,CS,5.63,2,2,1,10,10,54,3,0,,0.0,24.666666666666668,46.3,6,6
6728,Male,20,BSc,AI,7.39,1,2,4,2,4,43,2,0,,0.0,16.333333333333332,68.89999999999999,8,8
6729,Female,23,BCA,CS,9.72,1,0,3,2,2,52,2,0,,0.0,18.666666666666668,92.2,5,5
6730,Male,21,BCA,CS,8.34,2,1,1,7,8,89,2,1,Product,10.58,34.666666666666664,73.4,4,4
6731,Female,21,BCA,AI,7.03,0,0,1,5,10,92,2,1,Service,3.16,35.666666666666664,70.3,3,3
6732,Male,23,BSc,DS,6.13,0,2,3,5,4,95,5,0,,0.0,34.666666666666664,61.3,10,10
6733,Male,20,BCA,Electrical,9.64,3,1,4,1,8,45,3,0,,0.0,18.0,81.4,8,8
6734,Female,20,BTech,IT,5.56,3,2,5,6,2,44,5,0,,0.0,17.333333333333332,40.599999999999994,12,12
6735,Male,20,BTech,Electrical,8.43,2,1,0,8,4,94,5,1,Startup,8.19,35.333333333333336,74.3,6,6
6736,Female,24,BE,Electrical,9.28,1,2,3,4,1,72,1,0,,0.0,25.666666666666668,87.8,6,6
6737,Female,22,BCA,Electrical,5.61,0,0,5,3,8,45,1,0,,0.0,18.666666666666668,56.1,6,6
6738,Male,20,BTech,Electrical,8.62,2,3,3,10,6,73,0,1,Startup,11.66,29.666666666666668,76.19999999999999,6,6
6739,Female,22,BTech,AI,9.8,2,3,3,10,2,44,4,0,,0.0,18.666666666666668,88.0,10,10
6740,Female,22,BE,Electrical,8.25,1,2,4,1,3,87,4,0,,0.0,30.333333333333332,77.5,10,10
6741,Male,21,BTech,IT,7.28,3,1,4,4,6,97,5,0,,0.0,35.666666666666664,57.8,10,10
6742,Male,23,BE,DS,9.26,1,2,5,2,10,75,4,0,,0.0,29.0,87.6,11,11
6743,Female,24,BE,AI,7.88,3,3,3,5,9,52,0,0,,0.0,22.0,63.8,6,6
6744,Male,22,BSc,Electrical,8.72,3,1,1,10,10,67,4,1,Service,4.2,29.0,72.2,6,6
6745,Female,24,BTech,Mechanical,8.03,0,2,0,1,7,46,3,0,,0.0,18.0,80.3,5,5
6746,Female,21,BSc,AI,5.66,0,3,5,9,9,96,5,0,,0.0,38.0,56.6,13,13
6747,Male,20,BTech,DS,6.42,3,2,2,9,10,48,5,0,,0.0,22.333333333333332,49.2,9,9
6748,Male,22,BSc,Electrical,5.84,3,0,3,5,4,65,1,0,,0.0,24.666666666666668,43.4,4,4
6749,Male,23,BE,CS,5.96,0,1,3,1,8,72,5,0,,0.0,27.0,59.6,9,9
6750,Male,21,BE,AI,5.57,3,1,4,3,2,94,2,0,,0.0,33.0,40.7,7,7
6751,Female,24,BE,Mechanical,7.31,3,0,4,7,2,62,5,1,Product,11.5,23.666666666666668,58.099999999999994,9,9
6752,Female,20,BE,AI,6.27,3,3,2,5,4,76,5,0,,0.0,28.333333333333332,47.699999999999996,10,10
6753,Male,24,BTech,CS,9.18,1,2,5,9,3,95,5,1,Service,4.72,35.666666666666664,86.8,12,12
6754,Male,23,BCA,AI,8.73,2,3,4,4,8,65,4,0,,0.0,25.666666666666668,77.30000000000001,11,11
6755,Female,22,BTech,Mechanical,7.96,3,1,4,5,2,91,0,1,Service,7.48,32.666666666666664,64.6,5,5
6756,Female,23,BSc,DS,7.6,0,3,5,3,4,50,0,0,,0.0,19.0,76.0,8,8
6757,Female,24,BTech,Mechanical,6.6,3,1,1,8,9,88,3,1,Startup,12.93,35.0,51.0,5,5
6758,Female,24,BTech,DS,7.54,3,1,0,3,9,52,2,0,,0.0,21.333333333333332,60.400000000000006,3,3
6759,Male,23,BSc,Mechanical,8.26,0,0,1,6,4,91,2,1,Product,10.1,33.666666666666664,82.6,3,3
6760,Female,23,BE,IT,8.86,0,0,3,7,3,66,0,1,Startup,4.59,25.333333333333332,88.6,3,3
6761,Female,23,BSc,AI,5.85,3,1,1,2,1,41,4,0,,0.0,14.666666666666666,43.5,6,6
6762,Male,20,BSc,AI,8.55,2,2,5,7,1,55,5,0,,0.0,21.0,75.5,12,12
6763,Female,24,BCA,CS,8.69,0,2,2,3,8,90,3,0,,0.0,33.666666666666664,86.89999999999999,7,7
6764,Female,21,BCA,IT,7.9,0,0,1,3,9,68,5,0,,0.0,26.666666666666668,79.0,6,6
6765,Male,20,BE,CS,6.42,1,2,4,5,9,59,3,0,,0.0,24.333333333333332,59.2,9,9
6766,Male,20,BSc,AI,7.82,3,0,2,4,5,71,2,0,,0.0,26.666666666666668,63.2,4,4
6767,Male,20,BSc,CS,7.66,1,1,2,10,2,62,3,1,Startup,5.96,24.666666666666668,71.6,6,6
6768,Female,21,BSc,DS,7.55,1,1,3,7,7,99,5,1,Startup,6.78,37.666666666666664,70.5,9,9
6769,Female,23,BTech,IT,7.48,2,1,3,3,4,48,1,0,,0.0,18.333333333333332,64.80000000000001,5,5
6770,Male,24,BCA,Mechanical,5.98,3,0,4,9,10,71,2,0,,0.0,30.0,44.800000000000004,6,6
6771,Male,22,BCA,DS,6.29,3,2,0,1,4,43,0,0,,0.0,16.0,47.9,2,2
6772,Female,22,BE,Electrical,5.92,1,1,2,2,4,89,3,0,,0.0,31.666666666666668,54.2,6,6
6773,Male,24,BCA,Mechanical,6.54,0,3,4,9,10,81,2,1,Product,12.2,33.333333333333336,65.4,9,9
6774,Male,21,BCA,CS,6.63,0,2,3,8,3,86,4,1,Startup,10.17,32.333333333333336,66.3,9,9
6775,Male,22,BE,AI,6.55,3,2,3,7,4,84,4,1,Service,11.66,31.666666666666668,50.5,9,9
6776,Female,20,BSc,DS,6.41,2,0,0,9,2,87,5,0,,0.0,32.666666666666664,54.099999999999994,5,5
6777,Female,22,BTech,IT,8.66,2,0,2,5,9,49,1,0,,0.0,21.0,76.6,3,3
6778,Female,24,BE,Mechanical,9.02,3,2,2,3,7,43,5,0,,0.0,17.666666666666668,75.19999999999999,9,9
6779,Female,20,BCA,Electrical,6.91,0,2,4,2,1,87,0,0,,0.0,30.0,69.1,6,6
6780,Female,22,BE,DS,6.81,2,1,0,6,5,95,4,1,Product,13.62,35.333333333333336,58.099999999999994,5,5
6781,Female,24,BCA,AI,9.13,3,1,1,2,2,50,2,0,,0.0,18.0,76.30000000000001,4,4
6782,Male,21,BSc,IT,8.18,3,3,4,8,3,41,3,0,,0.0,17.333333333333332,66.8,10,10
6783,Female,24,BSc,IT,6.76,0,1,2,5,3,67,4,1,Service,12.21,25.0,67.6,7,7
6784,Female,21,BSc,Mechanical,8.57,1,2,4,2,7,51,4,0,,0.0,20.0,80.7,10,10
6785,Male,20,BCA,DS,6.98,0,0,4,6,3,79,1,1,Startup,10.52,29.333333333333332,69.80000000000001,5,5
6786,Female,24,BE,DS,8.02,2,3,4,6,7,60,5,1,Service,5.35,24.333333333333332,70.19999999999999,12,12
6787,Female,23,BCA,IT,9.77,1,2,4,8,8,84,5,1,Service,10.06,33.333333333333336,92.69999999999999,11,11
6788,Male,23,BSc,CS,6.8,0,3,2,6,2,73,3,1,Product,3.68,27.0,68.0,8,8
6789,Male,23,BSc,IT,9.5,2,3,0,3,1,95,5,0,,0.0,33.0,85.0,8,8
6790,Male,23,BSc,AI,6.88,2,3,0,8,6,73,3,1,Product,13.06,29.0,58.8,6,6
6791,Female,23,BCA,DS,7.82,1,1,3,2,9,75,4,0,,0.0,28.666666666666668,73.2,8,8
6792,Male,21,BTech,Mechanical,7.48,0,1,5,9,6,89,3,1,Product,3.2,34.666666666666664,74.80000000000001,9,9
6793,Female,24,BSc,DS,8.87,0,0,3,6,8,93,0,1,Startup,6.27,35.666666666666664,88.69999999999999,3,3
6794,Female,20,BE,IT,5.76,2,2,1,1,5,42,0,0,,0.0,16.0,47.599999999999994,3,3
6795,Female,23,BSc,AI,8.2,3,3,0,4,8,78,4,0,,0.0,30.0,67.0,7,7
6796,Female,23,BCA,CS,8.77,3,1,4,1,4,45,4,0,,0.0,16.666666666666668,72.69999999999999,9,9
6797,Male,20,BE,DS,7.53,1,0,5,3,6,40,0,0,,0.0,16.333333333333332,70.3,5,5
6798,Male,20,BCA,IT,5.95,0,1,3,10,8,80,5,0,,0.0,32.666666666666664,59.5,9,9
6799,Female,23,BTech,Electrical,6.55,3,0,4,6,1,51,3,0,,0.0,19.333333333333332,50.5,7,7
6800,Male,21,BTech,IT,8.42,1,2,1,3,6,78,1,0,,0.0,29.0,79.2,4,4
6801,Female,20,BCA,IT,9.35,2,3,0,5,8,40,1,0,,0.0,17.666666666666668,83.5,4,4
6802,Female,24,BSc,AI,7.31,3,0,2,8,5,59,1,0,,0.0,24.0,58.099999999999994,3,3
6803,Female,24,BE,IT,7.91,0,3,1,8,3,75,3,1,Product,10.47,28.666666666666668,79.1,7,7
6804,Male,21,BSc,IT,6.48,2,2,2,9,5,77,1,0,,0.0,30.333333333333332,54.80000000000001,5,5
6805,Female,22,BCA,IT,7.27,0,2,0,4,3,87,0,0,,0.0,31.333333333333332,72.69999999999999,2,2
6806,Female,21,BCA,DS,6.95,2,1,2,5,6,86,3,1,Service,10.69,32.333333333333336,59.5,6,6
6807,Male,23,BSc,IT,8.32,0,2,0,4,6,42,0,0,,0.0,17.333333333333332,83.2,2,2
6808,Male,22,BE,AI,9.73,1,3,4,7,5,89,5,1,Startup,6.38,33.666666666666664,92.30000000000001,12,12
6809,Male,23,BE,Electrical,9.0,0,1,1,9,7,90,5,1,Service,11.39,35.333333333333336,90.0,7,7
6810,Male,24,BE,DS,6.33,0,3,4,6,7,84,3,0,,0.0,32.333333333333336,63.3,10,10
6811,Female,20,BE,Electrical,7.98,2,1,0,2,6,59,1,0,,0.0,22.333333333333332,69.80000000000001,2,2
6812,Male,23,BE,IT,5.79,0,3,0,7,6,85,1,0,,0.0,32.666666666666664,57.9,4,4
6813,Female,24,BTech,CS,6.56,0,2,4,3,4,85,4,0,,0.0,30.666666666666668,65.6,10,10
6814,Male,21,BTech,Electrical,6.24,0,0,5,8,4,47,2,0,,0.0,19.666666666666668,62.400000000000006,7,7
6815,Male,23,BCA,AI,6.94,2,2,4,3,3,50,0,0,,0.0,18.666666666666668,59.400000000000006,6,6
6816,Male,24,BTech,CS,8.42,3,3,4,9,10,83,1,1,Startup,12.47,34.0,69.2,8,8
6817,Male,20,BE,AI,7.65,3,2,1,1,7,95,3,0,,0.0,34.333333333333336,61.5,6,6
6818,Male,23,BE,CS,9.51,3,0,1,6,3,40,4,0,,0.0,16.333333333333332,80.1,5,5
6819,Male,24,BE,IT,6.41,0,3,5,10,9,69,0,0,,0.0,29.333333333333332,64.1,8,8
6820,Female,23,BCA,CS,7.07,1,3,0,7,9,99,1,1,Product,14.24,38.333333333333336,65.7,4,4
6821,Male,20,BCA,Electrical,6.92,1,1,3,3,6,80,4,0,,0.0,29.666666666666668,64.2,8,8
6822,Male,23,BSc,CS,6.51,2,1,4,6,7,91,1,1,Product,8.82,34.666666666666664,55.099999999999994,6,6
6823,Male,23,BTech,AI,9.77,3,2,2,10,3,53,1,0,,0.0,22.0,82.69999999999999,5,5
6824,Male,24,BTech,IT,7.17,0,0,2,3,3,59,1,0,,0.0,21.666666666666668,71.7,3,3
6825,Female,22,BSc,AI,9.54,2,0,5,9,1,85,4,1,Service,14.87,31.666666666666668,85.39999999999999,9,9
6826,Male,23,BSc,IT,7.18,0,0,2,6,6,69,5,1,Product,3.55,27.0,71.8,7,7
6827,Male,22,BTech,Electrical,6.38,2,0,5,8,3,84,5,0,,0.0,31.666666666666668,53.8,10,10
6828,Male,21,BE,Mechanical,6.01,3,3,4,4,1,51,2,0,,0.0,18.666666666666668,45.099999999999994,9,9
6829,Male,23,BTech,DS,9.18,0,2,3,8,8,51,1,0,,0.0,22.333333333333332,91.8,6,6
6830,Female,22,BE,Electrical,5.64,3,3,5,5,8,91,0,0,,0.0,34.666666666666664,41.4,8,8
6831,Male,21,BCA,Electrical,9.65,3,2,3,8,8,78,5,1,Startup,6.3,31.333333333333332,81.5,10,10
6832,Female,24,BTech,DS,7.3,0,1,5,2,8,41,5,0,,0.0,17.0,73.0,11,11
6833,Male,23,BTech,AI,6.56,3,0,5,3,5,62,4,0,,0.0,23.333333333333332,50.599999999999994,9,9
6834,Female,24,BCA,Electrical,8.16,2,2,1,10,7,97,1,1,Startup,13.5,38.0,71.6,4,4
6835,Female,21,BCA,IT,6.07,2,3,3,4,3,50,5,0,,0.0,19.0,50.7,11,11
6836,Male,24,BCA,CS,5.81,2,3,2,1,10,87,4,0,,0.0,32.666666666666664,48.099999999999994,9,9
6837,Male,24,BCA,Electrical,9.06,3,3,2,5,2,52,0,0,,0.0,19.666666666666668,75.60000000000001,5,5
6838,Female,20,BCA,DS,7.33,0,3,4,3,6,57,5,0,,0.0,22.0,73.3,12,12
6839,Female,21,BSc,Electrical,7.73,3,2,1,7,1,58,0,0,,0.0,22.0,62.30000000000001,3,3
6840,Male,24,BSc,AI,6.26,3,0,5,2,2,66,3,0,,0.0,23.333333333333332,47.599999999999994,8,8
6841,Female,22,BCA,AI,5.76,2,3,0,1,7,50,3,0,,0.0,19.333333333333332,47.599999999999994,6,6
6842,Female,21,BCA,AI,7.08,0,0,5,2,9,92,2,0,,0.0,34.333333333333336,70.8,7,7
6843,Female,20,BCA,IT,7.68,1,1,1,3,7,69,3,0,,0.0,26.333333333333332,71.8,5,5
6844,Male,23,BCA,Electrical,8.79,1,0,0,10,10,40,4,0,,0.0,20.0,82.89999999999999,4,4
6845,Female,24,BE,AI,7.65,0,1,5,5,8,52,5,0,,0.0,21.666666666666668,76.5,11,11
6846,Female,22,BE,Mechanical,8.86,0,1,1,6,8,98,3,1,Startup,8.22,37.333333333333336,88.6,5,5
6847,Female,20,BCA,CS,6.0,2,0,3,8,10,47,4,0,,0.0,21.666666666666668,50.0,7,7
6848,Male,21,BCA,AI,5.78,0,0,1,4,3,61,4,0,,0.0,22.666666666666668,57.800000000000004,5,5
6849,Male,24,BTech,IT,6.18,0,2,4,4,6,59,2,0,,0.0,23.0,61.8,8,8
6850,Female,20,BCA,CS,8.82,3,3,0,2,2,53,4,0,,0.0,19.0,73.2,7,7
6851,Male,20,BCA,CS,8.77,3,0,3,3,9,53,3,0,,0.0,21.666666666666668,72.69999999999999,6,6
6852,Female,22,BSc,DS,6.11,1,0,3,3,7,55,5,0,,0.0,21.666666666666668,56.1,8,8
6853,Male,23,BE,AI,5.63,2,1,1,2,3,58,5,0,,0.0,21.0,46.3,7,7
6854,Male,23,BCA,AI,8.45,2,0,3,1,6,78,3,0,,0.0,28.333333333333332,74.5,6,6
6855,Female,23,BE,Electrical,9.18,0,3,2,2,10,99,1,0,,0.0,37.0,91.8,6,6
6856,Male,21,BE,IT,8.74,2,2,2,5,1,68,5,1,Product,3.5,24.666666666666668,77.4,9,9
6857,Male,20,BTech,Mechanical,6.37,1,3,2,8,7,77,2,0,,0.0,30.666666666666668,58.7,7,7
6858,Male,21,BE,Electrical,8.01,3,3,1,5,9,48,0,0,,0.0,20.666666666666668,65.1,4,4
6859,Female,20,BE,Mechanical,8.76,1,2,0,3,5,89,0,0,,0.0,32.333333333333336,82.6,2,2
6860,Male,22,BCA,DS,6.6,1,0,1,7,9,45,1,0,,0.0,20.333333333333332,61.0,2,2
6861,Male,22,BSc,Mechanical,7.77,0,0,4,4,8,65,3,0,,0.0,25.666666666666668,77.69999999999999,7,7
6862,Female,21,BCA,IT,6.85,3,1,3,7,8,88,2,1,Product,8.76,34.333333333333336,53.5,6,6
6863,Male,21,BCA,DS,6.47,0,0,2,8,6,75,3,0,,0.0,29.666666666666668,64.7,5,5
6864,Male,22,BSc,AI,9.67,1,1,1,3,3,59,5,0,,0.0,21.666666666666668,91.7,7,7
6865,Male,24,BSc,Mechanical,9.42,1,0,1,10,4,80,1,1,Service,12.49,31.333333333333332,89.2,2,2
6866,Male,23,BTech,IT,7.42,2,1,3,1,1,64,0,0,,0.0,22.0,64.2,4,4
6867,Male,23,BSc,IT,6.09,2,2,1,8,6,47,2,0,,0.0,20.333333333333332,50.9,5,5
6868,Female,22,BCA,AI,8.63,2,0,2,6,7,86,5,1,Startup,9.08,33.0,76.30000000000001,7,7
6869,Female,23,BSc,IT,6.6,2,0,3,3,10,79,3,0,,0.0,30.666666666666668,56.0,6,6
6870,Male,24,BSc,DS,6.22,1,3,0,9,9,66,4,0,,0.0,28.0,57.199999999999996,7,7
6871,Male,24,BSc,DS,7.14,2,1,2,1,5,60,4,0,,0.0,22.0,61.39999999999999,7,7
6872,Male,20,BE,Electrical,7.78,3,1,4,8,2,50,4,0,,0.0,20.0,62.8,9,9
6873,Female,21,BTech,CS,5.92,1,3,4,9,7,58,0,0,,0.0,24.666666666666668,54.2,7,7
6874,Female,23,BE,AI,7.96,1,0,5,10,7,52,4,0,,0.0,23.0,74.6,9,9
6875,Male,24,BE,IT,5.57,3,1,5,1,5,97,4,0,,0.0,34.333333333333336,40.7,10,10
6876,Male,21,BTech,Mechanical,9.34,0,0,3,9,2,86,1,1,Startup,14.94,32.333333333333336,93.4,4,4
6877,Female,21,BE,Electrical,9.46,2,2,2,5,7,44,5,0,,0.0,18.666666666666668,84.60000000000001,9,9
6878,Male,20,BSc,DS,8.65,1,1,5,5,1,65,1,1,Service,13.66,23.666666666666668,81.5,7,7
6879,Female,21,BTech,AI,7.51,3,0,2,5,6,46,1,0,,0.0,19.0,60.099999999999994,3,3
6880,Female,21,BE,AI,6.6,0,2,2,1,6,52,3,0,,0.0,19.666666666666668,66.0,7,7
6881,Male,22,BCA,DS,8.7,0,0,4,5,6,87,4,1,Product,3.95,32.666666666666664,87.0,8,8
6882,Female,20,BE,CS,9.51,3,0,3,10,3,63,5,1,Service,3.82,25.333333333333332,80.1,8,8
6883,Male,20,BCA,AI,6.18,1,2,4,10,3,87,0,0,,0.0,33.333333333333336,56.8,6,6
6884,Male,23,BSc,IT,7.5,1,1,5,6,1,63,4,1,Product,11.85,23.333333333333332,70.0,10,10
6885,Male,21,BCA,Mechanical,6.86,2,3,1,5,4,73,4,1,Product,14.96,27.333333333333332,58.60000000000001,8,8
6886,Male,23,BE,Mechanical,7.03,2,3,5,6,7,78,3,1,Product,12.73,30.333333333333332,60.3,11,11
6887,Male,24,BE,DS,7.24,3,2,0,9,1,43,1,0,,0.0,17.666666666666668,57.400000000000006,3,3
6888,Male,21,BE,AI,9.59,3,0,4,7,10,59,4,0,,0.0,25.333333333333332,80.9,8,8
6889,Female,24,BTech,Mechanical,6.61,1,3,3,5,10,52,2,0,,0.0,22.333333333333332,61.10000000000001,8,8
6890,Female,22,BTech,AI,7.62,1,2,4,10,2,96,2,1,Startup,5.97,36.0,71.2,8,8
6891,Female,21,BE,DS,9.59,3,3,1,9,10,94,1,1,Startup,10.39,37.666666666666664,80.9,5,5
6892,Female,23,BE,CS,7.55,3,0,1,5,2,99,5,1,Service,9.36,35.333333333333336,60.5,6,6
6893,Male,23,BSc,Mechanical,9.21,0,2,1,5,5,92,1,1,Startup,9.45,34.0,92.10000000000001,4,4
6894,Female,21,BTech,IT,5.75,0,1,1,6,8,69,4,0,,0.0,27.666666666666668,57.5,6,6
6895,Female,23,BTech,Electrical,9.6,0,2,0,8,5,76,2,1,Service,4.45,29.666666666666668,96.0,4,4
6896,Female,21,BTech,DS,6.31,0,2,2,1,1,62,0,0,,0.0,21.333333333333332,63.099999999999994,4,4
6897,Male,20,BCA,Electrical,9.71,0,3,5,9,1,83,0,1,Product,7.3,31.0,97.10000000000001,8,8
6898,Female,23,BE,CS,6.25,3,3,1,8,5,52,2,0,,0.0,21.666666666666668,47.5,6,6
6899,Male,21,BSc,IT,7.41,2,1,0,7,2,80,1,1,Startup,7.68,29.666666666666668,64.1,2,2
6900,Female,21,BSc,Electrical,6.83,3,3,4,5,3,87,3,1,Product,11.54,31.666666666666668,53.3,10,10
6901,Male,23,BE,IT,7.36,0,3,1,1,2,77,3,0,,0.0,26.666666666666668,73.60000000000001,7,7
6902,Male,20,BE,Mechanical,6.58,3,3,4,7,9,97,0,1,Startup,14.31,37.666666666666664,50.8,7,7
6903,Female,23,BSc,AI,9.65,1,0,4,9,5,94,1,1,Service,8.64,36.0,91.5,5,5
6904,Male,21,BCA,DS,6.81,3,2,3,3,1,84,4,0,,0.0,29.333333333333332,53.099999999999994,9,9
6905,Male,20,BSc,IT,8.31,3,3,0,8,3,53,2,0,,0.0,21.333333333333332,68.10000000000001,5,5
6906,Female,24,BCA,Mechanical,6.09,2,0,0,3,8,75,0,0,,0.0,28.666666666666668,50.9,0,0
6907,Female,22,BCA,CS,9.04,0,2,1,3,4,96,3,0,,0.0,34.333333333333336,90.39999999999999,6,6
6908,Female,23,BTech,IT,7.83,0,1,1,7,8,95,3,1,Service,12.57,36.666666666666664,78.3,5,5
6909,Male,21,BE,CS,9.71,3,2,1,6,1,80,4,1,Service,11.78,29.0,82.10000000000001,7,7
6910,Male,20,BTech,DS,7.32,3,0,0,5,8,44,4,0,,0.0,19.0,58.2,4,4
6911,Male,20,BCA,Mechanical,6.34,0,0,4,7,10,50,3,0,,0.0,22.333333333333332,63.4,7,7
6912,Female,24,BSc,CS,6.99,1,1,4,9,9,55,1,0,,0.0,24.333333333333332,64.9,6,6
6913,Male,23,BTech,AI,8.67,0,0,1,1,7,51,3,0,,0.0,19.666666666666668,86.7,4,4
6914,Male,20,BSc,Electrical,8.33,1,1,4,10,3,56,2,0,,0.0,23.0,78.3,7,7
6915,Male,24,BCA,CS,8.85,3,1,1,1,2,70,1,0,,0.0,24.333333333333332,73.5,3,3
6916,Male,21,BSc,CS,5.82,3,0,5,5,1,47,4,0,,0.0,17.666666666666668,43.2,9,9
6917,Male,24,BTech,Mechanical,8.0,1,0,2,8,10,51,5,0,,0.0,23.0,75.0,7,7
6918,Male,23,BCA,Mechanical,9.51,0,3,4,7,10,47,5,0,,0.0,21.333333333333332,95.1,12,12
6919,Male,24,BE,IT,5.96,3,3,5,7,7,52,4,0,,0.0,22.0,44.6,12,12
6920,Female,20,BTech,Electrical,5.91,0,1,0,3,1,94,4,0,,0.0,32.666666666666664,59.1,5,5
6921,Female,20,BTech,CS,8.58,3,0,5,9,6,62,2,1,Service,8.72,25.666666666666668,70.8,7,7
6922,Female,22,BE,CS,6.86,2,3,3,5,1,44,4,0,,0.0,16.666666666666668,58.60000000000001,10,10
6923,Male,24,BCA,Mechanical,8.33,2,3,5,10,10,47,1,0,,0.0,22.333333333333332,73.3,9,9
6924,Male,21,BE,AI,7.85,2,3,5,3,4,42,4,0,,0.0,16.333333333333332,68.5,12,12
6925,Female,23,BTech,Mechanical,9.74,1,3,5,6,5,82,5,1,Startup,8.47,31.0,92.4,13,13
6926,Male,22,BCA,AI,9.32,0,1,0,8,1,44,4,0,,0.0,17.666666666666668,93.2,5,5
6927,Female,24,BSc,Electrical,8.42,2,2,0,8,8,87,3,1,Startup,5.75,34.333333333333336,74.2,5,5
6928,Male,21,BTech,Mechanical,6.63,1,0,3,4,7,81,3,0,,0.0,30.666666666666668,61.3,6,6
6929,Male,22,BSc,Electrical,6.63,2,0,1,4,1,81,2,0,,0.0,28.666666666666668,56.3,3,3
6930,Female,20,BE,DS,9.29,3,3,4,9,5,64,1,1,Service,6.9,26.0,77.89999999999999,8,8
6931,Female,23,BCA,CS,8.02,2,1,0,10,4,71,5,1,Product,9.93,28.333333333333332,70.19999999999999,6,6
6932,Female,24,BE,Electrical,8.89,0,2,4,2,1,55,1,0,,0.0,19.333333333333332,88.9,7,7
6933,Female,21,BSc,AI,7.43,0,2,3,9,4,50,3,0,,0.0,21.0,74.3,8,8
6934,Female,20,BTech,DS,5.94,1,0,5,8,4,63,1,0,,0.0,25.0,54.400000000000006,6,6
6935,Male,22,BCA,AI,6.93,0,1,3,3,6,80,4,0,,0.0,29.666666666666668,69.3,8,8
6936,Male,23,BE,IT,6.19,2,1,4,2,4,63,2,0,,0.0,23.0,51.900000000000006,7,7
6937,Male,22,BSc,IT,8.86,3,0,4,2,5,93,3,0,,0.0,33.333333333333336,73.6,7,7
6938,Female,22,BSc,CS,8.51,3,2,3,1,10,78,4,0,,0.0,29.666666666666668,70.1,9,9
6939,Female,21,BTech,DS,5.88,1,1,1,10,3,99,3,0,,0.0,37.333333333333336,53.8,5,5
6940,Female,20,BSc,DS,8.17,3,3,4,9,7,85,3,1,Service,4.18,33.666666666666664,66.7,10,10
6941,Female,24,BCA,IT,9.26,1,1,2,1,3,85,5,0,,0.0,29.666666666666668,87.6,8,8
6942,Female,21,BSc,CS,8.5,1,0,5,2,5,61,2,0,,0.0,22.666666666666668,80.0,7,7
6943,Female,23,BTech,Electrical,7.7,1,0,2,7,2,57,2,0,,0.0,22.0,72.0,4,4
6944,Male,22,BE,IT,6.84,0,3,4,5,10,56,3,0,,0.0,23.666666666666668,68.4,10,10
6945,Male,23,BCA,DS,9.31,2,2,0,1,10,40,5,0,,0.0,17.0,83.10000000000001,7,7
6946,Male,21,BE,AI,7.32,0,2,3,4,8,51,4,0,,0.0,21.0,73.2,9,9
6947,Male,21,BE,DS,9.18,3,3,1,6,4,62,0,1,Service,8.73,24.0,76.8,4,4
6948,Male,24,BSc,CS,8.87,0,1,2,8,1,47,4,0,,0.0,18.666666666666668,88.69999999999999,7,7
6949,Female,22,BSc,DS,9.01,1,0,2,2,2,72,5,0,,0.0,25.333333333333332,85.1,7,7
6950,Female,21,BTech,Mechanical,9.76,0,3,0,10,7,51,1,0,,0.0,22.666666666666668,97.6,4,4
6951,Female,23,BSc,DS,8.72,0,0,4,3,7,56,3,0,,0.0,22.0,87.2,7,7
6952,Female,24,BSc,Mechanical,5.65,3,0,0,7,2,69,3,0,,0.0,26.0,41.5,3,3
6953,Female,23,BE,IT,6.38,2,3,1,1,8,78,2,0,,0.0,29.0,53.8,6,6
6954,Female,22,BCA,Electrical,5.65,1,2,4,7,1,82,1,0,,0.0,30.0,51.5,7,7
6955,Male,24,BSc,Mechanical,6.32,0,2,2,1,4,52,0,0,,0.0,19.0,63.2,4,4
6956,Female,24,BCA,DS,5.76,3,3,2,8,8,99,0,0,,0.0,38.333333333333336,42.599999999999994,5,5
6957,Female,24,BSc,Electrical,7.66,3,3,3,6,5,60,5,1,Service,12.39,23.666666666666668,61.599999999999994,11,11
6958,Female,20,BSc,Electrical,5.62,1,1,1,10,8,96,2,0,,0.0,38.0,51.2,4,4
6959,Female,24,BTech,DS,7.53,3,3,2,7,8,48,0,0,,0.0,21.0,60.3,5,5
6960,Male,23,BSc,DS,9.37,2,0,0,2,9,94,5,0,,0.0,35.0,83.69999999999999,5,5
6961,Male,23,BTech,CS,8.72,3,2,2,6,1,67,3,1,Product,5.71,24.666666666666668,72.2,7,7
6962,Female,22,BE,IT,9.56,0,0,0,5,1,46,0,0,,0.0,17.333333333333332,95.60000000000001,0,0
6963,Male,21,BCA,Mechanical,6.47,2,2,0,3,9,57,0,0,,0.0,23.0,54.7,2,2
6964,Male,21,BSc,AI,7.78,2,0,5,9,7,89,4,1,Product,9.99,35.0,67.8,9,9
6965,Female,20,BTech,Mechanical,6.87,3,3,5,5,9,81,5,1,Service,7.19,31.666666666666668,53.7,13,13
6966,Female,24,BE,DS,7.62,1,3,5,8,2,98,0,1,Product,10.56,36.0,71.2,8,8
6967,Female,20,BSc,AI,7.9,1,1,4,4,8,72,4,0,,0.0,28.0,74.0,9,9
6968,Female,22,BTech,AI,5.66,1,2,4,6,1,85,1,0,,0.0,30.666666666666668,51.6,7,7
6969,Female,22,BTech,Mechanical,6.5,0,3,2,4,4,62,4,0,,0.0,23.333333333333332,65.0,9,9
6970,Male,21,BE,Mechanical,8.53,3,2,2,4,8,92,1,0,,0.0,34.666666666666664,70.3,5,5
6971,Female,22,BSc,Mechanical,8.82,1,3,0,9,4,40,2,0,,0.0,17.666666666666668,83.2,5,5
6972,Female,24,BSc,Mechanical,7.95,0,1,4,5,3,94,3,1,Service,5.87,34.0,79.5,8,8
6973,Female,23,BCA,IT,6.66,2,3,2,1,7,78,2,0,,0.0,28.666666666666668,56.599999999999994,7,7
6974,Male,22,BSc,CS,7.24,1,3,4,7,5,97,2,1,Product,4.5,36.333333333333336,67.4,9,9
6975,Female,20,BTech,CS,5.91,2,1,1,3,1,58,2,0,,0.0,20.666666666666668,49.1,4,4
6976,Female,24,BCA,Mechanical,9.6,1,0,0,3,4,58,1,0,,0.0,21.666666666666668,91.0,1,1
6977,Female,22,BCA,CS,9.24,3,2,5,6,4,43,5,0,,0.0,17.666666666666668,77.4,12,12
6978,Male,22,BSc,Mechanical,5.78,2,0,4,3,1,46,0,0,,0.0,16.666666666666668,47.800000000000004,4,4
6979,Female,24,BCA,Mechanical,6.22,3,0,2,1,10,68,4,0,,0.0,26.333333333333332,47.199999999999996,6,6
6980,Female,22,BTech,Mechanical,8.0,0,0,0,6,5,87,2,1,Service,3.69,32.666666666666664,80.0,2,2
6981,Female,23,BTech,Electrical,6.5,2,2,3,7,2,78,2,1,Service,11.58,29.0,55.0,7,7
6982,Male,21,BE,IT,9.52,0,1,0,5,8,50,0,0,,0.0,21.0,95.19999999999999,1,1
6983,Female,24,BTech,DS,8.75,1,3,1,1,9,68,2,0,,0.0,26.0,82.5,6,6
6984,Female,20,BE,CS,6.68,1,3,0,2,2,47,1,0,,0.0,17.0,61.8,4,4
6985,Female,22,BCA,CS,5.53,1,0,5,2,10,84,1,0,,0.0,32.0,50.300000000000004,6,6
6986,Male,21,BE,IT,8.94,0,2,5,10,10,48,5,0,,0.0,22.666666666666668,89.39999999999999,12,12
6987,Female,20,BSc,IT,7.32,1,0,4,8,4,44,0,0,,0.0,18.666666666666668,68.2,4,4
6988,Female,20,BE,Mechanical,8.26,3,1,4,8,2,70,1,1,Service,7.58,26.666666666666668,67.6,6,6
6989,Female,23,BSc,Mechanical,6.73,0,3,2,8,5,49,5,0,,0.0,20.666666666666668,67.30000000000001,10,10
6990,Male,21,BCA,Electrical,6.11,0,3,2,2,7,82,2,0,,0.0,30.333333333333332,61.1,7,7
6991,Male,24,BE,Electrical,8.4,2,3,0,5,5,63,5,1,Product,9.76,24.333333333333332,74.0,8,8
6992,Female,21,BTech,DS,7.44,1,3,5,5,5,56,2,0,,0.0,22.0,69.4,10,10
6993,Male,21,BSc,CS,6.51,2,1,0,4,2,86,3,0,,0.0,30.666666666666668,55.099999999999994,4,4
6994,Male,20,BCA,IT,6.09,0,2,5,8,3,50,5,0,,0.0,20.333333333333332,60.9,12,12
6995,Male,23,BTech,DS,8.0,2,2,0,8,6,73,3,1,Startup,13.13,29.0,70.0,5,5
6996,Female,23,BSc,CS,8.62,3,1,4,9,6,63,0,1,Service,7.18,26.0,71.19999999999999,5,5
6997,Female,21,BCA,DS,6.72,1,3,4,4,1,47,2,0,,0.0,17.333333333333332,62.2,9,9
6998,Male,21,BCA,DS,8.66,0,2,3,1,1,96,2,0,,0.0,32.666666666666664,86.6,7,7
6999,Male,22,BTech,Mechanical,6.29,2,1,3,9,10,83,4,0,,0.0,34.0,52.9,8,8
7000,Male,20,BCA,DS,6.96,1,0,3,1,9,78,5,0,,0.0,29.333333333333332,64.6,8,8
7001,Female,24,BE,Mechanical,8.7,3,1,2,4,2,63,1,0,,0.0,23.0,72.0,4,4
7002,Female,24,BCA,CS,8.34,1,3,4,10,2,41,0,0,,0.0,17.666666666666668,78.4,7,7
7003,Male,23,BSc,Electrical,6.66,2,3,0,1,9,47,0,0,,0.0,19.0,56.599999999999994,3,3
7004,Male,20,BSc,CS,6.03,3,3,0,3,5,70,5,0,,0.0,26.0,45.300000000000004,8,8
7005,Male,23,BSc,Mechanical,5.68,0,0,3,3,6,86,1,0,,0.0,31.666666666666668,56.8,4,4
7006,Male,24,BE,Electrical,9.1,3,2,2,7,3,83,4,1,Product,10.14,31.0,76.0,8,8
7007,Female,21,BTech,AI,5.82,1,3,2,3,7,74,3,0,,0.0,28.0,53.2,8,8
7008,Male,20,BE,Electrical,5.99,0,0,3,6,2,97,4,0,,0.0,35.0,59.900000000000006,7,7
7009,Female,20,BE,DS,6.52,1,1,0,10,5,43,3,0,,0.0,19.333333333333332,60.19999999999999,4,4
7010,Male,22,BE,CS,7.42,0,2,2,4,4,51,3,0,,0.0,19.666666666666668,74.2,7,7
7011,Male,21,BCA,DS,8.9,3,2,5,6,8,94,4,1,Product,6.01,36.0,74.0,11,11
7012,Male,21,BTech,Electrical,6.56,0,1,5,9,2,78,0,1,Startup,5.27,29.666666666666668,65.6,6,6
7013,Male,23,BCA,AI,7.84,1,2,1,7,1,55,2,0,,0.0,21.0,73.4,5,5
7014,Male,20,BE,DS,5.89,2,1,5,1,2,61,0,0,,0.0,21.333333333333332,48.9,6,6
7015,Female,23,BSc,AI,7.5,2,0,3,8,2,56,2,0,,0.0,22.0,65.0,5,5
7016,Male,21,BE,IT,6.26,2,3,0,4,8,64,0,0,,0.0,25.333333333333332,52.599999999999994,3,3
7017,Male,22,BTech,AI,6.41,0,0,1,8,1,90,4,0,,0.0,33.0,64.1,5,5
7018,Male,20,BSc,CS,7.08,2,3,4,3,1,97,4,0,,0.0,33.666666666666664,60.8,11,11
7019,Female,21,BTech,Electrical,8.77,2,2,0,10,10,54,4,0,,0.0,24.666666666666668,77.69999999999999,6,6
7020,Female,22,BE,Mechanical,8.7,1,1,1,5,1,59,5,0,,0.0,21.666666666666668,82.0,7,7
7021,Female,24,BTech,Mechanical,7.28,3,1,4,3,3,70,2,0,,0.0,25.333333333333332,57.8,7,7
7022,Female,21,BCA,DS,6.01,0,0,2,3,5,89,0,0,,0.0,32.333333333333336,60.099999999999994,2,2
7023,Male,24,BSc,Electrical,6.71,2,0,0,3,8,44,3,0,,0.0,18.333333333333332,57.099999999999994,3,3
7024,Male,23,BTech,IT,7.67,1,2,0,4,8,69,5,0,,0.0,27.0,71.7,7,7
7025,Male,24,BSc,DS,9.24,0,1,2,3,10,93,0,0,,0.0,35.333333333333336,92.4,3,3
7026,Female,21,BSc,AI,9.66,1,3,0,2,5,98,0,0,,0.0,35.0,91.6,3,3
7027,Male,24,BE,Mechanical,8.24,3,2,3,6,5,93,1,1,Service,8.81,34.666666666666664,67.4,6,6
7028,Male,20,BE,AI,7.01,2,2,1,1,7,66,0,0,,0.0,24.666666666666668,60.099999999999994,3,3
7029,Female,21,BSc,Mechanical,8.48,0,2,4,5,1,85,5,1,Service,7.03,30.333333333333332,84.80000000000001,11,11
7030,Female,22,BTech,Mechanical,6.95,0,1,4,6,1,53,3,0,,0.0,20.0,69.5,8,8
7031,Female,24,BSc,Mechanical,8.19,2,0,1,1,1,85,0,0,,0.0,29.0,71.89999999999999,1,1
7032,Male,20,BE,Electrical,6.55,1,1,3,1,8,56,1,0,,0.0,21.666666666666668,60.5,5,5
7033,Male,23,BTech,CS,6.65,3,3,0,7,8,69,1,1,Startup,12.38,28.0,51.5,4,4
7034,Female,23,BSc,Electrical,5.82,0,1,2,6,4,85,3,0,,0.0,31.666666666666668,58.2,6,6
7035,Male,24,BE,AI,7.31,0,3,2,9,5,43,5,0,,0.0,19.0,73.1,10,10
7036,Female,23,BSc,Electrical,8.16,3,3,0,4,7,81,0,0,,0.0,30.666666666666668,66.6,3,3
7037,Female,22,BSc,DS,8.89,0,3,5,3,6,43,4,0,,0.0,17.333333333333332,88.9,12,12
7038,Male,21,BSc,IT,8.98,3,1,4,6,2,42,4,0,,0.0,16.666666666666668,74.80000000000001,9,9
7039,Female,20,BTech,DS,9.77,2,3,1,8,7,46,1,0,,0.0,20.333333333333332,87.69999999999999,5,5
7040,Female,24,BE,Electrical,5.88,3,3,1,5,2,91,3,0,,0.0,32.666666666666664,43.8,7,7
7041,Female,23,BE,AI,7.62,3,2,4,3,4,78,4,0,,0.0,28.333333333333332,61.2,10,10
7042,Male,21,BCA,IT,7.74,1,2,1,3,4,74,1,0,,0.0,27.0,72.4,4,4
7043,Female,22,BSc,DS,8.96,3,1,4,1,5,52,1,0,,0.0,19.333333333333332,74.60000000000001,6,6
7044,Female,23,BSc,IT,6.65,2,2,3,6,1,75,5,1,Product,6.41,27.333333333333332,56.5,10,10
7045,Female,23,BCA,AI,5.8,0,2,0,10,3,90,0,0,,0.0,34.333333333333336,58.0,2,2
7046,Female,20,BSc,Mechanical,6.85,1,0,4,7,8,75,5,1,Service,11.94,30.0,63.5,9,9
7047,Female,22,BTech,AI,9.73,3,1,3,9,6,86,3,1,Product,9.4,33.666666666666664,82.30000000000001,7,7
7048,Female,22,BCA,CS,9.37,1,1,4,6,3,67,4,1,Service,10.68,25.333333333333332,88.69999999999999,9,9
7049,Female,24,BE,IT,7.2,2,2,3,8,2,97,0,1,Product,14.33,35.666666666666664,62.0,5,5
7050,Male,20,BSc,AI,9.27,2,1,3,6,6,91,2,1,Product,14.31,34.333333333333336,82.69999999999999,6,6
7051,Male,24,BE,Mechanical,5.64,0,1,3,2,3,71,3,0,,0.0,25.333333333333332,56.4,7,7
7052,Female,20,BSc,Mechanical,6.85,2,1,0,3,7,83,1,0,,0.0,31.0,58.5,2,2
7053,Male,22,BCA,AI,8.63,2,1,4,1,7,53,0,0,,0.0,20.333333333333332,76.30000000000001,5,5
7054,Male,20,BE,DS,6.45,3,2,5,5,2,75,4,0,,0.0,27.333333333333332,49.5,11,11
7055,Female,20,BSc,AI,6.35,2,0,4,6,4,74,1,0,,0.0,28.0,53.5,5,5
7056,Male,20,BTech,Mechanical,9.21,2,2,4,6,3,98,1,1,Startup,7.9,35.666666666666664,82.10000000000001,7,7
7057,Female,21,BCA,AI,8.15,2,0,3,2,8,77,4,0,,0.0,29.0,71.5,7,7
7058,Female,21,BSc,CS,9.75,0,1,1,1,8,86,2,0,,0.0,31.666666666666668,97.5,4,4
7059,Female,22,BSc,DS,6.08,3,3,1,7,4,99,5,0,,0.0,36.666666666666664,45.8,9,9
7060,Female,20,BSc,AI,7.03,3,1,4,4,4,44,3,0,,0.0,17.333333333333332,55.3,8,8
7061,Female,22,BCA,Mechanical,6.84,1,1,1,9,6,45,3,0,,0.0,20.0,63.400000000000006,5,5
7062,Male,21,BSc,AI,9.28,2,3,5,8,6,51,1,0,,0.0,21.666666666666668,82.8,9,9
7063,Female,20,BSc,AI,6.6,1,1,1,6,6,78,0,1,Product,8.69,30.0,61.0,2,2
7064,Male,24,BE,IT,7.02,1,1,1,10,2,91,2,1,Service,3.92,34.333333333333336,65.19999999999999,4,4
7065,Female,21,BE,AI,6.11,2,3,3,3,8,82,2,0,,0.0,31.0,51.1,8,8
7066,Female,21,BCA,CS,8.83,3,1,4,8,7,96,1,1,Service,10.21,37.0,73.3,6,6
7067,Female,21,BCA,Mechanical,6.52,2,1,5,10,2,88,5,1,Service,11.02,33.333333333333336,55.19999999999999,11,11
7068,Male,20,BTech,Electrical,5.79,1,0,5,1,8,51,0,0,,0.0,20.0,52.9,5,5
7069,Female,23,BSc,IT,7.37,0,2,4,9,1,47,5,0,,0.0,19.0,73.7,11,11
7070,Female,24,BE,Electrical,7.18,1,1,5,10,10,84,5,1,Product,11.87,34.666666666666664,66.8,11,11
7071,Female,24,BE,AI,6.26,3,1,2,9,7,57,4,0,,0.0,24.333333333333332,47.599999999999994,7,7
7072,Female,22,BSc,DS,6.07,0,1,2,10,6,90,5,0,,0.0,35.333333333333336,60.7,8,8
7073,Male,20,BSc,CS,9.36,1,0,1,8,9,57,4,0,,0.0,24.666666666666668,88.6,5,5
7074,Female,21,BCA,CS,5.79,2,1,4,10,3,49,1,0,,0.0,20.666666666666668,47.9,6,6
7075,Male,23,BTech,CS,5.93,3,2,1,4,9,45,5,0,,0.0,19.333333333333332,44.3,8,8
7076,Female,20,BTech,IT,6.55,0,3,3,9,5,44,0,0,,0.0,19.333333333333332,65.5,6,6
7077,Male,20,BCA,AI,9.6,3,0,4,9,5,84,2,1,Startup,4.5,32.666666666666664,81.0,6,6
7078,Male,23,BCA,CS,5.87,1,3,5,10,6,62,2,0,,0.0,26.0,53.7,10,10
7079,Female,21,BE,AI,9.01,3,0,3,5,3,64,2,1,Product,13.44,24.0,75.1,5,5
7080,Female,20,BCA,DS,9.34,0,1,3,6,4,46,3,0,,0.0,18.666666666666668,93.4,7,7
7081,Male,24,BTech,AI,7.12,2,0,4,7,10,82,2,1,Product,4.21,33.0,61.2,6,6
7082,Female,24,BE,Electrical,6.76,0,1,1,9,6,96,4,1,Service,11.79,37.0,67.6,6,6
7083,Female,23,BTech,AI,8.41,3,3,2,7,5,84,0,1,Product,8.48,32.0,69.1,5,5
7084,Female,21,BSc,AI,8.52,2,3,1,1,10,44,2,0,,0.0,18.333333333333332,75.19999999999999,6,6
7085,Male,23,BTech,Mechanical,8.85,2,2,2,9,8,70,5,1,Product,9.74,29.0,78.5,9,9
7086,Female,20,BE,Electrical,9.07,3,2,0,6,7,58,1,0,,0.0,23.666666666666668,75.7,3,3
7087,Female,24,BTech,IT,6.65,0,0,2,2,1,90,5,0,,0.0,31.0,66.5,7,7
7088,Female,22,BE,AI,8.45,2,0,4,10,6,75,1,1,Startup,14.76,30.333333333333332,74.5,5,5
7089,Male,23,BE,CS,6.08,2,1,2,9,5,83,4,0,,0.0,32.333333333333336,50.8,7,7
7090,Female,22,BCA,Mechanical,7.7,3,3,0,1,10,89,2,0,,0.0,33.333333333333336,62.0,5,5
7091,Male,22,BTech,AI,8.14,2,3,5,5,9,74,4,1,Startup,10.35,29.333333333333332,71.4,12,12
7092,Female,24,BCA,Mechanical,6.2,0,0,5,9,3,82,4,0,,0.0,31.333333333333332,62.0,9,9
7093,Male,23,BCA,IT,5.83,2,3,2,1,4,96,4,0,,0.0,33.666666666666664,48.3,9,9
7094,Female,22,BTech,Mechanical,6.34,1,2,1,2,4,48,3,0,,0.0,18.0,58.4,6,6
7095,Female,20,BE,CS,7.31,2,0,2,7,4,99,2,1,Product,9.91,36.666666666666664,63.099999999999994,4,4
7096,Male,21,BSc,AI,9.32,1,2,4,10,9,63,1,1,Startup,11.95,27.333333333333332,88.2,7,7
7097,Male,21,BTech,CS,7.79,0,1,4,2,8,57,5,0,,0.0,22.333333333333332,77.9,10,10
7098,Male,24,BCA,DS,8.72,1,2,3,9,9,83,3,1,Product,5.33,33.666666666666664,82.2,8,8
7099,Female,23,BCA,Mechanical,6.25,2,0,1,9,4,48,4,0,,0.0,20.333333333333332,52.5,5,5
7100,Female,23,BE,Mechanical,5.96,2,2,1,10,3,92,1,0,,0.0,35.0,49.6,4,4
7101,Female,21,BCA,Mechanical,6.53,3,2,2,8,5,95,5,1,Startup,12.46,36.0,50.3,9,9
7102,Female,20,BSc,Electrical,6.85,3,0,2,2,2,77,4,0,,0.0,27.0,53.5,6,6
7103,Male,21,BCA,IT,7.86,2,1,4,10,5,73,3,1,Product,7.39,29.333333333333332,68.60000000000001,8,8
7104,Female,21,BE,Electrical,9.29,2,2,3,3,2,72,0,0,,0.0,25.666666666666668,82.89999999999999,5,5
7105,Female,23,BTech,CS,7.33,2,0,0,3,10,43,4,0,,0.0,18.666666666666668,63.3,4,4
7106,Female,22,BE,DS,7.73,2,2,2,8,2,59,4,0,,0.0,23.0,67.30000000000001,8,8
7107,Female,20,BCA,IT,5.52,0,2,1,8,7,62,5,0,,0.0,25.666666666666668,55.199999999999996,8,8
7108,Female,23,BE,IT,5.64,2,3,5,6,10,89,1,0,,0.0,35.0,46.4,9,9
7109,Female,21,BCA,AI,5.86,1,2,2,7,4,75,1,0,,0.0,28.666666666666668,53.6,5,5
7110,Female,22,BE,DS,8.51,3,1,3,1,6,65,4,0,,0.0,24.0,70.1,8,8
7111,Male,20,BTech,Mechanical,7.59,1,2,1,8,9,82,2,1,Startup,5.12,33.0,70.9,5,5
7112,Female,24,BCA,Electrical,6.33,1,0,5,7,10,40,1,0,,0.0,19.0,58.3,6,6
7113,Female,20,BSc,Mechanical,8.05,0,0,5,5,3,78,0,1,Service,9.5,28.666666666666668,80.5,5,5
7114,Female,20,BSc,AI,7.84,1,3,3,5,1,82,0,1,Service,11.62,29.333333333333332,73.4,6,6
7115,Female,21,BSc,Electrical,5.88,1,3,1,2,3,71,4,0,,0.0,25.333333333333332,53.8,8,8
7116,Male,21,BSc,Mechanical,8.25,1,2,2,1,3,87,1,0,,0.0,30.333333333333332,77.5,5,5
7117,Male,24,BCA,CS,8.8,3,3,3,9,3,90,0,1,Product,11.39,34.0,73.0,6,6
7118,Male,24,BCA,Mechanical,6.73,0,1,4,10,4,67,3,1,Product,7.9,27.0,67.30000000000001,8,8
7119,Male,24,BTech,Electrical,8.46,1,3,1,3,3,63,5,0,,0.0,23.0,79.60000000000001,9,9
7120,Male,23,BE,CS,6.36,1,0,3,5,5,52,5,0,,0.0,20.666666666666668,58.6,8,8
7121,Male,23,BCA,AI,8.75,0,3,3,8,8,99,0,1,Service,5.63,38.333333333333336,87.5,6,6
7122,Female,21,BSc,AI,9.42,2,1,0,7,3,72,1,1,Product,3.13,27.333333333333332,84.2,2,2
7123,Male,21,BCA,CS,7.4,1,1,0,7,10,51,4,0,,0.0,22.666666666666668,69.0,5,5
7124,Male,24,BSc,Electrical,6.55,3,3,5,10,6,72,0,1,Startup,11.82,29.333333333333332,50.5,8,8
7125,Female,23,BTech,Electrical,7.22,3,3,2,10,1,53,4,0,,0.0,21.333333333333332,57.2,9,9
7126,Male,22,BE,Mechanical,6.58,2,3,4,10,4,52,3,0,,0.0,22.0,55.8,10,10
7127,Female,23,BCA,AI,5.51,1,0,4,4,1,87,5,0,,0.0,30.666666666666668,50.099999999999994,9,9
7128,Female,21,BE,AI,8.3,0,0,3,10,2,96,0,1,Service,6.98,36.0,83.0,3,3
7129,Male,23,BSc,CS,5.68,2,1,3,4,3,76,4,0,,0.0,27.666666666666668,46.8,8,8
7130,Female,21,BSc,AI,6.4,3,3,5,10,5,66,0,0,,0.0,27.0,49.0,8,8
7131,Male,24,BE,Mechanical,8.61,3,2,3,6,9,43,5,0,,0.0,19.333333333333332,71.1,10,10
7132,Male,24,BTech,AI,8.36,0,1,1,10,9,43,0,0,,0.0,20.666666666666668,83.6,2,2
7133,Female,24,BE,CS,5.82,2,0,2,4,3,79,1,0,,0.0,28.666666666666668,48.2,3,3
7134,Female,22,BE,Mechanical,8.34,0,1,2,7,8,96,5,1,Service,13.81,37.0,83.4,8,8
7135,Male,22,BCA,DS,9.5,2,0,0,2,2,86,1,0,,0.0,30.0,85.0,1,1
7136,Female,21,BCA,CS,5.82,2,2,5,7,9,55,2,0,,0.0,23.666666666666668,48.2,9,9
7137,Female,20,BSc,DS,7.29,2,3,3,3,4,78,1,0,,0.0,28.333333333333332,62.900000000000006,7,7
7138,Male,22,BCA,AI,8.64,1,3,3,8,2,79,1,1,Startup,8.85,29.666666666666668,81.4,7,7
7139,Male,21,BTech,Mechanical,8.37,3,3,1,5,5,57,2,0,,0.0,22.333333333333332,68.69999999999999,6,6
7140,Female,23,BTech,AI,6.47,3,2,3,9,7,55,2,0,,0.0,23.666666666666668,49.7,7,7
7141,Male,24,BTech,Mechanical,6.2,3,2,3,4,6,86,0,0,,0.0,32.0,47.0,5,5
7142,Male,24,BSc,IT,8.87,2,2,2,5,9,70,0,1,Service,5.99,28.0,78.69999999999999,4,4
7143,Male,24,BTech,AI,9.61,2,2,3,1,7,65,0,0,,0.0,24.333333333333332,86.1,5,5
7144,Male,21,BTech,AI,8.8,1,0,5,3,6,62,1,0,,0.0,23.666666666666668,83.0,6,6
7145,Male,24,BCA,AI,9.64,3,1,1,4,8,91,4,0,,0.0,34.333333333333336,81.4,6,6
7146,Male,22,BSc,Electrical,8.1,3,2,1,9,7,95,5,1,Service,14.31,37.0,66.0,8,8
7147,Male,23,BE,CS,9.5,1,0,4,8,7,97,4,1,Product,13.72,37.333333333333336,90.0,8,8
7148,Female,24,BTech,Electrical,8.47,3,1,4,2,8,95,5,0,,0.0,35.0,69.7,10,10
7149,Male,21,BCA,Mechanical,9.41,0,1,0,6,6,87,1,1,Service,13.53,33.0,94.1,2,2
7150,Female,23,BE,Mechanical,6.19,0,2,1,4,10,87,3,0,,0.0,33.666666666666664,61.900000000000006,6,6
7151,Female,24,BTech,Mechanical,9.01,1,2,5,5,5,97,0,1,Product,5.1,35.666666666666664,85.1,7,7
7152,Female,20,BE,CS,6.35,3,1,1,10,4,41,1,0,,0.0,18.333333333333332,48.5,3,3
7153,Male,24,BE,Mechanical,5.62,1,1,5,9,8,96,3,0,,0.0,37.666666666666664,51.2,9,9
7154,Male,22,BSc,Electrical,7.73,1,0,5,4,9,77,0,0,,0.0,30.0,72.30000000000001,5,5
7155,Female,23,BSc,Electrical,6.87,1,2,2,5,9,50,2,0,,0.0,21.333333333333332,63.7,6,6
7156,Male,22,BTech,AI,5.69,3,1,4,7,4,44,1,0,,0.0,18.333333333333332,41.900000000000006,6,6
7157,Female,20,BTech,DS,9.72,1,1,5,7,9,86,3,1,Startup,13.29,34.0,92.2,9,9
7158,Male,20,BSc,IT,8.37,3,3,0,6,2,53,4,0,,0.0,20.333333333333332,68.69999999999999,7,7
7159,Male,22,BTech,Mechanical,9.38,0,2,2,3,7,55,1,0,,0.0,21.666666666666668,93.80000000000001,5,5
7160,Female,23,BTech,CS,9.8,1,0,5,1,4,87,4,0,,0.0,30.666666666666668,93.0,9,9
7161,Female,20,BSc,CS,7.19,1,0,2,9,4,80,3,1,Service,13.69,31.0,66.9,5,5
7162,Female,20,BE,Mechanical,6.6,3,3,4,6,8,90,1,1,Service,5.44,34.666666666666664,51.0,8,8
7163,Male,24,BTech,DS,6.29,0,2,2,3,3,76,1,0,,0.0,27.333333333333332,62.9,5,5
7164,Female,21,BCA,Electrical,7.72,3,0,4,1,5,60,1,0,,0.0,22.0,62.2,5,5
7165,Male,20,BSc,Mechanical,8.11,2,3,1,6,5,47,5,0,,0.0,19.333333333333332,71.1,9,9
7166,Male,23,BTech,CS,7.53,3,0,1,3,3,53,1,0,,0.0,19.666666666666668,60.3,2,2
7167,Male,23,BTech,IT,7.17,0,0,4,1,4,48,2,0,,0.0,17.666666666666668,71.7,6,6
7168,Female,24,BSc,DS,6.22,0,3,5,5,9,51,1,0,,0.0,21.666666666666668,62.199999999999996,9,9
7169,Female,23,BCA,Mechanical,7.4,1,1,3,1,3,54,3,0,,0.0,19.333333333333332,69.0,7,7
7170,Female,24,BCA,IT,5.87,3,1,3,3,10,64,3,0,,0.0,25.666666666666668,43.7,7,7
7171,Male,20,BSc,Mechanical,9.22,3,0,0,3,9,60,2,0,,0.0,24.0,77.2,2,2
7172,Male,20,BCA,DS,5.7,2,2,3,6,10,85,1,0,,0.0,33.666666666666664,47.0,6,6
7173,Female,20,BTech,CS,7.14,0,2,0,4,1,73,1,0,,0.0,26.0,71.39999999999999,3,3
7174,Male,20,BCA,Electrical,5.93,3,2,4,8,5,65,0,0,,0.0,26.0,44.3,6,6
7175,Male,21,BTech,Electrical,8.83,2,3,5,3,5,93,0,0,,0.0,33.666666666666664,78.3,8,8
7176,Female,21,BE,DS,6.84,3,0,4,8,9,43,4,0,,0.0,20.0,53.400000000000006,8,8
7177,Female,20,BCA,AI,5.99,0,3,4,7,8,64,2,0,,0.0,26.333333333333332,59.900000000000006,9,9
7178,Female,23,BE,Electrical,7.79,1,2,0,2,7,79,0,0,,0.0,29.333333333333332,72.9,2,2
7179,Male,24,BSc,Mechanical,9.44,3,3,2,8,1,71,3,1,Startup,14.74,26.666666666666668,79.39999999999999,8,8
7180,Male,22,BCA,IT,9.41,0,1,0,1,7,68,3,0,,0.0,25.333333333333332,94.1,4,4
7181,Male,24,BTech,IT,6.57,0,2,5,9,2,61,3,1,Startup,3.17,24.0,65.7,10,10
7182,Male,22,BCA,Electrical,8.59,0,2,5,7,9,73,2,1,Startup,7.77,29.666666666666668,85.9,9,9
7183,Male,22,BSc,DS,5.63,2,1,2,6,3,58,5,0,,0.0,22.333333333333332,46.3,8,8
7184,Female,20,BSc,DS,6.07,2,1,1,8,9,89,3,0,,0.0,35.333333333333336,50.7,5,5
7185,Male,22,BTech,DS,7.65,1,0,1,9,5,45,0,0,,0.0,19.666666666666668,71.5,1,1
7186,Male,20,BCA,IT,6.48,3,3,2,8,4,59,0,0,,0.0,23.666666666666668,49.80000000000001,5,5
7187,Male,21,BE,CS,8.93,2,0,5,6,5,55,4,0,,0.0,22.0,79.3,9,9
7188,Female,23,BSc,IT,9.5,2,0,2,4,2,72,4,0,,0.0,26.0,85.0,6,6
7189,Female,22,BSc,CS,5.52,2,0,3,9,8,48,2,0,,0.0,21.666666666666668,45.199999999999996,5,5
7190,Female,23,BTech,DS,6.5,3,0,2,8,8,61,4,1,Service,12.07,25.666666666666668,50.0,6,6
7191,Male,20,BCA,AI,7.39,1,1,2,8,8,73,2,1,Product,8.51,29.666666666666668,68.89999999999999,5,5
7192,Female,22,BE,IT,7.92,1,1,4,3,8,86,1,0,,0.0,32.333333333333336,74.2,6,6
7193,Female,24,BCA,DS,9.44,1,3,0,10,7,58,4,0,,0.0,25.0,89.39999999999999,7,7
7194,Female,21,BCA,IT,9.34,3,3,2,9,2,95,2,1,Startup,11.92,35.333333333333336,78.4,7,7
7195,Male,21,BE,DS,8.24,3,3,4,7,8,80,0,1,Product,8.31,31.666666666666668,67.4,7,7
7196,Female,22,BTech,IT,6.61,1,1,2,1,6,80,4,0,,0.0,29.0,61.10000000000001,7,7
7197,Male,21,BSc,Mechanical,8.87,0,2,3,2,5,76,4,0,,0.0,27.666666666666668,88.69999999999999,9,9
7198,Male,24,BTech,IT,6.37,3,2,2,2,2,43,5,0,,0.0,15.666666666666666,48.7,9,9
7199,Female,23,BTech,Mechanical,9.65,3,3,2,1,3,44,2,0,,0.0,16.0,81.5,7,7
7200,Male,24,BCA,CS,5.53,1,2,4,1,4,51,1,0,,0.0,18.666666666666668,50.300000000000004,7,7
7201,Female,21,BE,IT,7.95,1,0,2,4,4,72,4,0,,0.0,26.666666666666668,74.5,6,6
7202,Male,23,BSc,CS,5.88,0,3,4,7,5,90,2,0,,0.0,34.0,58.8,9,9
7203,Female,24,BCA,AI,7.25,0,2,0,6,2,98,1,1,Service,11.01,35.333333333333336,72.5,3,3
7204,Female,20,BSc,Electrical,8.23,2,0,4,7,9,48,2,0,,0.0,21.333333333333332,72.30000000000001,6,6
7205,Female,20,BCA,Electrical,8.47,2,0,5,8,9,83,1,1,Service,8.63,33.333333333333336,74.7,6,6
7206,Male,23,BE,Mechanical,8.88,1,0,0,8,9,95,3,1,Service,14.11,37.333333333333336,83.80000000000001,3,3
7207,Female,23,BSc,IT,8.05,2,0,5,3,5,68,4,0,,0.0,25.333333333333332,70.5,9,9
7208,Male,23,BSc,Electrical,6.58,3,2,2,7,4,69,3,1,Service,12.9,26.666666666666668,50.8,7,7
7209,Female,20,BTech,CS,9.32,0,1,0,6,9,68,2,1,Service,9.77,27.666666666666668,93.2,3,3
7210,Male,24,BCA,Electrical,8.99,2,0,1,8,8,84,3,1,Startup,7.28,33.333333333333336,79.9,4,4
7211,Male,23,BCA,Electrical,6.19,2,3,5,3,7,91,1,0,,0.0,33.666666666666664,51.900000000000006,9,9
7212,Female,20,BCA,DS,9.05,1,2,1,9,5,56,0,0,,0.0,23.333333333333332,85.5,3,3
7213,Female,23,BTech,Electrical,9.68,0,0,4,5,8,74,5,1,Startup,6.81,29.0,96.8,9,9
7214,Female,23,BTech,CS,8.24,0,3,3,2,5,52,3,0,,0.0,19.666666666666668,82.4,9,9
7215,Female,23,BSc,Electrical,6.71,2,0,2,4,2,85,5,0,,0.0,30.333333333333332,57.099999999999994,7,7
7216,Female,20,BCA,IT,8.11,3,1,5,7,6,75,2,1,Startup,10.1,29.333333333333332,66.1,8,8
7217,Male,24,BCA,Electrical,6.97,3,0,1,1,2,43,4,0,,0.0,15.333333333333334,54.7,5,5
7218,Female,20,BSc,AI,8.41,3,1,3,1,10,40,3,0,,0.0,17.0,69.1,7,7
7219,Female,20,BSc,Electrical,7.84,3,3,4,9,9,77,3,1,Service,8.32,31.666666666666668,63.400000000000006,10,10
7220,Male,23,BSc,Mechanical,9.5,3,2,0,3,7,82,0,0,,0.0,30.666666666666668,80.0,2,2
7221,Female,22,BE,DS,8.16,2,0,2,1,3,66,2,0,,0.0,23.333333333333332,71.6,4,4
7222,Female,22,BE,CS,6.42,3,1,5,7,10,67,3,0,,0.0,28.0,49.2,9,9
7223,Male,22,BSc,Electrical,8.62,2,3,0,7,8,64,4,1,Product,3.96,26.333333333333332,76.19999999999999,7,7
7224,Female,20,BTech,Electrical,6.79,1,0,2,2,1,63,1,0,,0.0,22.0,62.900000000000006,3,3
7225,Female,23,BTech,IT,6.67,2,0,1,8,9,41,4,0,,0.0,19.333333333333332,56.7,5,5
7226,Female,22,BCA,IT,7.18,3,0,3,3,7,62,3,0,,0.0,24.0,56.8,6,6
7227,Male,21,BE,Mechanical,5.55,2,1,4,3,10,90,5,0,,0.0,34.333333333333336,45.5,10,10
7228,Female,21,BE,DS,9.67,3,2,2,5,2,61,5,1,Startup,6.2,22.666666666666668,81.7,9,9
7229,Male,21,BSc,CS,7.79,1,3,1,2,8,57,3,0,,0.0,22.333333333333332,72.9,7,7
7230,Female,24,BSc,CS,8.83,3,1,5,4,6,95,0,0,,0.0,35.0,73.3,6,6
7231,Male,23,BSc,CS,6.61,0,2,4,2,6,91,2,0,,0.0,33.0,66.10000000000001,8,8
7232,Female,20,BSc,Mechanical,8.71,1,3,2,9,4,93,0,1,Product,14.81,35.333333333333336,82.10000000000001,5,5
7233,Male,20,BSc,Mechanical,7.94,2,1,1,6,5,55,4,0,,0.0,22.0,69.4,6,6
7234,Male,23,BTech,Electrical,7.32,2,1,4,1,9,71,2,0,,0.0,27.0,63.2,7,7
7235,Male,24,BTech,DS,9.67,3,2,0,9,7,42,0,0,,0.0,19.333333333333332,81.7,2,2
7236,Male,23,BSc,CS,7.62,0,3,3,8,1,40,3,0,,0.0,16.333333333333332,76.2,9,9
7237,Male,24,BTech,CS,8.33,1,2,3,2,2,73,2,0,,0.0,25.666666666666668,78.3,7,7
7238,Male,22,BSc,Electrical,5.57,2,2,5,3,1,84,1,0,,0.0,29.333333333333332,45.7,8,8
7239,Female,22,BSc,DS,6.8,3,1,5,7,9,65,1,1,Service,14.7,27.0,53.0,7,7
7240,Female,24,BE,DS,9.32,0,2,0,4,10,85,4,0,,0.0,33.0,93.2,6,6
7241,Male,23,BTech,DS,8.76,2,0,3,8,1,79,0,1,Startup,11.37,29.333333333333332,77.6,3,3
7242,Male,22,BTech,IT,7.81,3,0,3,1,3,99,5,0,,0.0,34.333333333333336,63.099999999999994,8,8
7243,Male,23,BE,DS,9.37,3,0,2,10,6,85,4,1,Product,6.83,33.666666666666664,78.69999999999999,6,6
7244,Male,22,BTech,AI,7.59,0,0,1,4,6,45,1,0,,0.0,18.333333333333332,75.9,2,2
7245,Female,23,BE,Mechanical,7.94,2,3,0,1,9,83,3,0,,0.0,31.0,69.4,6,6
7246,Male,23,BCA,DS,7.14,3,2,5,7,9,75,3,1,Startup,13.46,30.333333333333332,56.39999999999999,10,10
7247,Female,21,BTech,IT,8.17,2,2,1,9,4,48,3,0,,0.0,20.333333333333332,71.7,6,6
7248,Female,24,BSc,AI,6.87,0,0,3,1,1,46,5,0,,0.0,16.0,68.7,8,8
7249,Male,20,BE,IT,7.16,0,3,1,8,10,70,3,1,Service,5.12,29.333333333333332,71.6,7,7
7250,Male,24,BSc,IT,9.66,2,2,4,10,9,72,3,1,Startup,10.2,30.333333333333332,86.6,9,9
7251,Female,23,BSc,Electrical,5.98,0,0,0,6,2,93,1,0,,0.0,33.666666666666664,59.800000000000004,1,1
7252,Female,23,BTech,IT,5.95,3,1,0,6,10,43,2,0,,0.0,19.666666666666668,44.5,3,3
7253,Male,24,BE,IT,5.69,2,2,0,8,10,45,5,0,,0.0,21.0,46.900000000000006,7,7
7254,Male,23,BCA,CS,6.88,3,1,2,1,4,50,3,0,,0.0,18.333333333333332,53.8,6,6
7255,Male,22,BSc,Mechanical,7.21,2,2,1,9,7,79,5,1,Product,5.29,31.666666666666668,62.099999999999994,8,8
7256,Female,23,BSc,Electrical,5.91,1,2,1,6,2,52,5,0,,0.0,20.0,54.1,8,8
7257,Female,24,BCA,Electrical,7.86,3,2,5,3,9,48,5,0,,0.0,20.0,63.60000000000001,12,12
7258,Male,24,BE,CS,8.01,3,1,2,1,5,90,2,0,,0.0,32.0,65.1,5,5
7259,Female,24,BTech,AI,8.73,2,3,0,4,10,57,3,0,,0.0,23.666666666666668,77.30000000000001,6,6
7260,Female,21,BSc,CS,9.7,2,1,2,5,9,65,4,1,Product,4.32,26.333333333333332,87.0,7,7
7261,Male,21,BTech,Electrical,8.16,3,0,2,4,9,62,0,0,,0.0,25.0,66.6,2,2
7262,Male,21,BE,AI,5.98,0,3,3,7,8,62,2,0,,0.0,25.666666666666668,59.800000000000004,8,8
7263,Female,21,BCA,Electrical,5.88,3,1,0,6,3,90,0,0,,0.0,33.0,43.8,1,1
7264,Female,21,BTech,DS,8.84,1,1,5,10,9,44,1,0,,0.0,21.0,83.4,7,7
7265,Male,21,BE,AI,8.3,0,0,4,5,3,49,4,0,,0.0,19.0,83.0,8,8
7266,Male,21,BTech,Electrical,6.2,0,1,5,3,9,86,3,0,,0.0,32.666666666666664,62.0,9,9
7267,Male,24,BTech,CS,6.59,2,3,3,9,2,79,3,1,Product,8.36,30.0,55.900000000000006,9,9
7268,Male,20,BSc,Electrical,8.73,2,1,0,3,7,58,1,0,,0.0,22.666666666666668,77.30000000000001,2,2
7269,Male,21,BTech,CS,7.93,3,3,0,3,2,47,2,0,,0.0,17.333333333333332,64.3,5,5
7270,Female,24,BSc,AI,8.02,3,0,0,3,5,54,3,0,,0.0,20.666666666666668,65.19999999999999,3,3
7271,Female,20,BE,CS,6.4,2,3,1,8,2,58,2,0,,0.0,22.666666666666668,54.0,6,6
7272,Female,21,BE,AI,8.2,3,1,0,2,8,43,3,0,,0.0,17.666666666666668,67.0,4,4
7273,Female,20,BSc,IT,8.81,0,0,0,4,2,74,2,0,,0.0,26.666666666666668,88.10000000000001,2,2
7274,Male,20,BCA,Mechanical,9.31,3,3,4,8,9,76,0,1,Startup,7.7,31.0,78.10000000000001,7,7
7275,Male,22,BTech,AI,8.67,0,3,0,1,2,51,2,0,,0.0,18.0,86.7,5,5
7276,Male,23,BE,IT,7.98,2,2,2,3,4,70,1,0,,0.0,25.666666666666668,69.80000000000001,5,5
7277,Female,22,BE,IT,8.4,3,2,0,4,7,55,3,0,,0.0,22.0,69.0,5,5
7278,Female,20,BCA,IT,7.59,0,1,0,6,9,79,4,1,Service,4.49,31.333333333333332,75.9,5,5
7279,Female,24,BE,IT,6.48,1,2,5,2,3,60,2,0,,0.0,21.666666666666668,59.80000000000001,9,9
7280,Male,21,BSc,AI,9.29,1,1,0,7,2,94,4,1,Startup,7.04,34.333333333333336,87.89999999999999,5,5
7281,Female,23,BCA,CS,7.79,1,0,1,3,6,59,2,0,,0.0,22.666666666666668,72.9,3,3
7282,Male,21,BE,IT,8.06,0,3,3,8,1,99,0,1,Product,10.87,36.0,80.60000000000001,6,6
7283,Male,24,BCA,DS,9.76,3,0,1,2,5,97,4,0,,0.0,34.666666666666664,82.6,5,5
7284,Male,23,BCA,IT,9.74,1,0,4,9,8,89,1,1,Service,13.8,35.333333333333336,92.4,5,5
7285,Male,22,BE,CS,8.02,2,2,5,4,3,61,4,0,,0.0,22.666666666666668,70.19999999999999,11,11
7286,Male,20,BE,CS,5.65,2,3,5,8,5,83,2,0,,0.0,32.0,46.5,10,10
7287,Male,24,BE,Mechanical,7.2,2,0,4,4,9,44,1,0,,0.0,19.0,62.0,5,5
7288,Female,20,BCA,Mechanical,9.53,1,3,2,6,1,47,0,0,,0.0,18.0,90.3,5,5
7289,Male,20,BSc,IT,6.74,1,3,2,8,9,47,4,0,,0.0,21.333333333333332,62.400000000000006,9,9
7290,Male,21,BSc,IT,9.8,3,0,4,5,1,72,1,1,Service,13.38,26.0,83.0,5,5
7291,Female,24,BTech,Electrical,5.86,0,3,3,6,4,66,4,0,,0.0,25.333333333333332,58.6,10,10
7292,Male,20,BE,Electrical,7.94,2,1,5,2,1,69,0,0,,0.0,24.0,69.4,6,6
7293,Female,22,BSc,Mechanical,7.72,3,3,3,4,8,67,0,0,,0.0,26.333333333333332,62.2,6,6
7294,Female,23,BTech,IT,6.6,0,1,4,5,7,79,0,1,Product,6.45,30.333333333333332,66.0,5,5
7295,Female,24,BTech,Electrical,9.58,1,1,0,1,3,90,0,0,,0.0,31.333333333333332,90.8,1,1
7296,Male,21,BE,DS,8.16,0,1,1,7,5,57,1,0,,0.0,23.0,81.6,3,3
7297,Male,24,BTech,AI,6.49,2,0,1,6,2,98,1,0,,0.0,35.333333333333336,54.900000000000006,2,2
7298,Female,21,BSc,Mechanical,7.15,0,1,0,4,10,97,5,0,,0.0,37.0,71.5,6,6
7299,Male,23,BTech,Mechanical,8.6,0,3,3,4,5,91,0,0,,0.0,33.333333333333336,86.0,6,6
7300,Male,22,BTech,CS,6.78,1,2,1,3,5,49,5,0,,0.0,19.0,62.8,8,8
7301,Female,20,BSc,IT,9.28,1,2,1,1,9,79,5,0,,0.0,29.666666666666668,87.8,8,8
7302,Female,24,BTech,Mechanical,6.21,3,2,2,6,5,52,2,0,,0.0,21.0,47.1,6,6
7303,Male,21,BTech,Mechanical,6.64,1,1,3,5,2,76,1,1,Product,3.6,27.666666666666668,61.39999999999999,5,5
7304,Female,23,BCA,Electrical,6.12,1,0,4,6,3,82,0,0,,0.0,30.333333333333332,56.2,4,4
7305,Female,20,BTech,DS,5.95,2,1,4,10,6,94,1,0,,0.0,36.666666666666664,49.5,6,6
7306,Female,23,BTech,IT,6.79,2,2,0,1,1,79,4,0,,0.0,27.0,57.900000000000006,6,6
7307,Male,22,BCA,AI,9.8,0,3,1,2,6,90,2,0,,0.0,32.666666666666664,98.0,6,6
7308,Male,20,BCA,DS,5.91,2,1,4,7,5,62,5,0,,0.0,24.666666666666668,49.1,10,10
7309,Male,20,BCA,AI,6.42,3,2,0,9,2,94,0,0,,0.0,35.0,49.2,2,2
7310,Female,20,BE,CS,6.67,3,3,2,6,2,96,2,1,Product,8.95,34.666666666666664,51.7,7,7
7311,Male,21,BE,Mechanical,8.16,0,0,3,6,2,58,5,0,,0.0,22.0,81.6,8,8
7312,Female,20,BSc,Electrical,8.7,3,3,1,5,3,93,1,1,Product,4.13,33.666666666666664,72.0,5,5
7313,Male,23,BTech,DS,8.73,3,0,1,5,10,62,1,1,Product,9.92,25.666666666666668,72.30000000000001,2,2
7314,Male,21,BSc,AI,5.54,1,3,0,6,2,80,4,0,,0.0,29.333333333333332,50.4,7,7
7315,Female,20,BE,IT,8.3,0,0,1,2,3,55,0,0,,0.0,20.0,83.0,1,1
7316,Male,23,BTech,CS,8.21,3,0,3,10,9,51,0,0,,0.0,23.333333333333332,67.10000000000001,3,3
7317,Female,23,BTech,CS,7.73,0,0,4,6,3,75,3,1,Service,10.04,28.0,77.30000000000001,7,7
7318,Male,24,BCA,Mechanical,7.13,3,1,0,4,7,43,5,0,,0.0,18.0,56.3,6,6
7319,Male,23,BE,Mechanical,8.93,2,3,3,3,3,51,4,0,,0.0,19.0,79.3,10,10
7320,Female,22,BTech,AI,6.98,0,0,1,7,6,66,5,1,Startup,6.51,26.333333333333332,69.80000000000001,6,6
7321,Female,20,BCA,AI,6.49,2,3,4,5,9,53,2,0,,0.0,22.333333333333332,54.900000000000006,9,9
7322,Female,20,BTech,CS,6.83,0,1,3,10,6,55,0,0,,0.0,23.666666666666668,68.3,4,4
7323,Male,20,BE,AI,7.39,2,2,4,3,4,92,3,0,,0.0,33.0,63.89999999999999,9,9
7324,Male,23,BSc,Mechanical,6.42,1,2,4,8,5,68,5,0,,0.0,27.0,59.2,11,11
7325,Male,23,BSc,CS,8.11,2,0,0,5,8,97,5,1,Product,7.16,36.666666666666664,71.1,5,5
7326,Female,20,BTech,CS,9.3,3,1,1,3,8,51,2,0,,0.0,20.666666666666668,78.0,4,4
7327,Female,21,BCA,IT,8.06,1,3,2,9,7,92,1,1,Startup,12.18,36.0,75.60000000000001,6,6
7328,Female,21,BCA,IT,7.42,2,0,2,2,5,54,1,0,,0.0,20.333333333333332,64.2,3,3
7329,Male,22,BCA,AI,8.93,1,2,2,3,9,40,4,0,,0.0,17.333333333333332,84.3,8,8
7330,Male,24,BE,AI,8.72,1,1,3,3,1,67,1,0,,0.0,23.666666666666668,82.2,5,5
7331,Female,22,BSc,Mechanical,7.08,3,2,2,1,4,47,1,0,,0.0,17.333333333333332,55.8,5,5
7332,Male,20,BSc,Mechanical,8.1,2,1,5,7,10,71,3,1,Product,12.95,29.333333333333332,71.0,9,9
7333,Female,20,BTech,IT,8.64,1,2,5,6,7,95,2,1,Startup,12.63,36.0,81.4,9,9
7334,Male,20,BSc,CS,6.56,3,0,1,6,5,64,5,1,Product,6.32,25.0,50.599999999999994,6,6
7335,Male,24,BCA,DS,7.07,0,0,2,6,4,74,2,1,Service,11.44,28.0,70.7,4,4
7336,Female,23,BE,Electrical,5.95,0,0,4,7,5,51,3,0,,0.0,21.0,59.5,7,7
7337,Male,24,BCA,Electrical,9.75,1,2,5,6,1,99,2,1,Startup,9.19,35.333333333333336,92.5,9,9
7338,Male,22,BCA,DS,5.87,1,3,4,9,4,45,5,0,,0.0,19.333333333333332,53.7,12,12
7339,Female,23,BSc,AI,6.23,1,2,4,5,1,70,2,0,,0.0,25.333333333333332,57.300000000000004,8,8
7340,Female,23,BE,Electrical,7.56,3,2,2,1,2,98,4,0,,0.0,33.666666666666664,60.599999999999994,8,8
7341,Male,22,BE,Electrical,9.22,3,3,1,1,9,97,0,0,,0.0,35.666666666666664,77.2,4,4
7342,Female,23,BCA,DS,7.03,2,0,1,1,5,48,2,0,,0.0,18.0,60.3,3,3
7343,Male,21,BTech,DS,8.8,0,2,2,2,9,91,2,0,,0.0,34.0,88.0,6,6
7344,Female,22,BSc,IT,8.41,1,2,1,4,9,64,2,0,,0.0,25.666666666666668,79.1,5,5
7345,Male,22,BTech,CS,8.25,1,0,5,6,10,93,1,1,Service,13.14,36.333333333333336,77.5,6,6
7346,Male,21,BCA,Mechanical,9.13,3,2,2,7,5,59,3,0,,0.0,23.666666666666668,76.30000000000001,7,7
7347,Female,24,BSc,IT,5.56,3,3,1,5,3,77,4,0,,0.0,28.333333333333332,40.599999999999994,8,8
7348,Male,24,BTech,Electrical,9.5,2,1,0,7,4,54,5,0,,0.0,21.666666666666668,85.0,6,6
7349,Male,24,BTech,Mechanical,9.07,0,2,0,2,5,93,1,0,,0.0,33.333333333333336,90.7,3,3
7350,Female,23,BTech,IT,9.53,1,3,1,6,6,75,3,1,Startup,4.02,29.0,90.3,7,7
7351,Female,21,BSc,IT,8.91,3,0,4,3,6,65,4,0,,0.0,24.666666666666668,74.1,8,8
7352,Male,22,BTech,DS,9.28,0,1,5,9,8,76,5,1,Startup,14.97,31.0,92.8,11,11
7353,Female,22,BE,Mechanical,6.37,2,0,0,10,8,88,1,0,,0.0,35.333333333333336,53.7,1,1
7354,Female,22,BCA,IT,6.87,0,0,5,10,8,80,4,1,Startup,12.74,32.666666666666664,68.7,9,9
7355,Male,23,BSc,DS,6.86,1,0,3,4,3,50,2,0,,0.0,19.0,63.60000000000001,5,5
7356,Male,23,BE,AI,5.97,3,1,5,5,4,66,5,0,,0.0,25.0,44.699999999999996,11,11
7357,Female,24,BTech,Mechanical,8.64,1,3,2,5,4,78,1,1,Service,11.65,29.0,81.4,6,6
7358,Female,23,BCA,IT,6.09,0,3,3,2,7,60,1,0,,0.0,23.0,60.9,7,7
7359,Female,24,BTech,Electrical,5.73,3,3,1,4,5,92,0,0,,0.0,33.666666666666664,42.300000000000004,4,4
7360,Male,24,BE,AI,8.83,2,3,1,7,4,45,2,0,,0.0,18.666666666666668,78.3,6,6
7361,Male,22,BTech,DS,9.39,2,1,4,2,10,50,2,0,,0.0,20.666666666666668,83.9,7,7
7362,Male,23,BSc,IT,8.79,3,0,0,5,5,85,1,1,Startup,3.26,31.666666666666668,72.89999999999999,1,1
7363,Male,24,BE,Electrical,9.05,2,2,5,5,1,70,1,1,Product,6.43,25.333333333333332,80.5,8,8
7364,Male,21,BSc,DS,8.06,2,1,0,5,4,95,5,1,Product,11.92,34.666666666666664,70.60000000000001,6,6
7365,Male,21,BCA,DS,9.32,3,0,5,7,7,50,3,0,,0.0,21.333333333333332,78.2,8,8
7366,Male,23,BSc,Electrical,7.64,1,2,3,10,3,90,0,1,Service,3.4,34.333333333333336,71.39999999999999,5,5
7367,Female,22,BSc,DS,9.75,0,0,0,7,7,84,1,1,Service,12.24,32.666666666666664,97.5,1,1
7368,Female,22,BTech,Mechanical,5.94,1,3,1,8,5,47,5,0,,0.0,20.0,54.400000000000006,9,9
7369,Male,24,BTech,AI,8.98,0,1,4,1,1,58,4,0,,0.0,20.0,89.80000000000001,9,9
7370,Male,23,BE,AI,8.26,0,1,2,3,4,71,3,0,,0.0,26.0,82.6,6,6
7371,Male,21,BCA,CS,8.0,3,2,3,1,10,65,1,0,,0.0,25.333333333333332,65.0,6,6
7372,Female,24,BE,IT,8.62,2,1,5,7,3,85,2,1,Product,10.45,31.666666666666668,76.19999999999999,8,8
7373,Male,24,BCA,DS,9.11,2,0,3,5,4,76,0,1,Product,3.53,28.333333333333332,81.1,3,3
7374,Female,20,BCA,IT,9.21,0,0,2,2,6,82,3,0,,0.0,30.0,92.10000000000001,5,5
7375,Female,23,BSc,AI,6.25,0,2,1,10,10,92,4,0,,0.0,37.333333333333336,62.5,7,7
7376,Female,24,BTech,AI,6.35,3,2,3,2,4,73,3,0,,0.0,26.333333333333332,48.5,8,8
7377,Female,21,BCA,DS,5.57,0,2,0,7,7,86,0,0,,0.0,33.333333333333336,55.7,2,2
7378,Female,20,BTech,Mechanical,6.07,1,2,0,5,8,55,0,0,,0.0,22.666666666666668,55.7,2,2
7379,Male,21,BCA,Electrical,6.63,0,3,0,4,3,72,3,0,,0.0,26.333333333333332,66.3,6,6
7380,Male,22,BTech,DS,8.6,1,0,4,8,3,74,4,1,Service,6.35,28.333333333333332,81.0,8,8
7381,Female,20,BE,DS,7.55,3,0,2,3,2,49,3,0,,0.0,18.0,60.5,5,5
7382,Male,20,BTech,CS,8.76,0,0,1,3,6,75,2,0,,0.0,28.0,87.6,3,3
7383,Female,24,BSc,Electrical,7.59,2,0,0,8,6,62,3,1,Startup,14.22,25.333333333333332,65.9,3,3
7384,Female,22,BCA,Mechanical,7.89,3,3,0,2,1,94,1,0,,0.0,32.333333333333336,63.89999999999999,4,4
7385,Male,24,BSc,IT,5.98,0,2,4,3,9,87,1,0,,0.0,33.0,59.800000000000004,7,7
7386,Male,23,BCA,Electrical,8.84,0,1,0,4,2,80,4,0,,0.0,28.666666666666668,88.4,5,5
7387,Male,21,BSc,Mechanical,8.76,1,0,5,10,4,43,1,0,,0.0,19.0,82.6,6,6
7388,Male,21,BCA,DS,6.82,0,1,4,3,9,58,1,0,,0.0,23.333333333333332,68.2,6,6
7389,Male,24,BTech,DS,6.91,1,3,5,8,7,99,5,1,Product,3.86,38.0,64.1,13,13
7390,Female,21,BCA,DS,6.44,1,3,2,6,3,58,3,0,,0.0,22.333333333333332,59.400000000000006,8,8
7391,Male,21,BSc,DS,9.0,2,2,3,3,10,81,3,0,,0.0,31.333333333333332,80.0,8,8
7392,Male,23,BSc,DS,8.71,2,3,0,7,2,81,0,1,Service,14.01,30.0,77.10000000000001,3,3
7393,Male,22,BCA,Electrical,8.12,2,2,0,4,9,53,5,0,,0.0,22.0,71.19999999999999,7,7
7394,Female,20,BCA,Electrical,6.53,3,1,2,3,2,72,1,0,,0.0,25.666666666666668,50.3,4,4
7395,Male,24,BE,Electrical,6.24,2,3,3,2,4,87,1,0,,0.0,31.0,52.400000000000006,7,7
7396,Female,24,BE,Mechanical,5.72,1,2,4,8,2,93,5,0,,0.0,34.333333333333336,52.199999999999996,11,11
7397,Male,23,BTech,DS,5.7,0,1,3,8,7,91,5,0,,0.0,35.333333333333336,57.0,9,9
7398,Male,23,BTech,AI,6.3,1,0,0,2,6,76,0,0,,0.0,28.0,58.0,0,0
7399,Female,20,BTech,Electrical,5.93,2,2,2,9,8,85,0,0,,0.0,34.0,49.3,4,4
7400,Male,22,BTech,AI,7.89,0,2,5,7,3,57,4,0,,0.0,22.333333333333332,78.89999999999999,11,11
7401,Male,24,BTech,CS,7.04,1,1,1,6,7,47,0,0,,0.0,20.0,65.4,2,2
7402,Female,23,BCA,IT,7.41,0,1,2,3,8,49,0,0,,0.0,20.0,74.1,3,3
7403,Male,24,BE,Electrical,8.05,1,1,4,3,1,70,1,0,,0.0,24.666666666666668,75.5,6,6
7404,Female,21,BCA,AI,8.33,0,1,4,4,8,74,2,0,,0.0,28.666666666666668,83.3,7,7
7405,Female,24,BE,CS,8.29,0,1,0,9,1,94,4,1,Service,5.39,34.666666666666664,82.89999999999999,5,5
7406,Female,22,BE,Mechanical,6.62,2,2,2,8,6,64,4,1,Startup,3.44,26.0,56.2,8,8
7407,Female,22,BSc,IT,8.98,3,1,1,2,2,64,5,0,,0.0,22.666666666666668,74.80000000000001,7,7
7408,Female,24,BSc,DS,9.45,2,0,2,5,9,79,3,1,Service,8.53,31.0,84.5,5,5
7409,Male,21,BE,Electrical,6.86,0,1,4,10,10,86,4,1,Product,3.96,35.333333333333336,68.60000000000001,9,9
7410,Male,22,BCA,Electrical,5.57,0,3,2,6,10,85,0,0,,0.0,33.666666666666664,55.7,5,5
7411,Male,23,BE,DS,9.37,2,2,0,5,10,42,4,0,,0.0,19.0,83.69999999999999,6,6
7412,Female,24,BTech,Mechanical,9.47,1,0,4,1,3,54,4,0,,0.0,19.333333333333332,89.7,8,8
7413,Female,21,BCA,IT,5.72,0,2,2,9,4,71,3,0,,0.0,28.0,57.199999999999996,7,7
7414,Female,23,BCA,Electrical,5.52,1,3,2,10,10,60,3,0,,0.0,26.666666666666668,50.199999999999996,8,8
7415,Female,24,BE,AI,9.01,2,1,0,6,5,97,4,1,Startup,13.18,36.0,80.1,5,5
7416,Male,21,BTech,IT,6.8,3,2,0,5,3,72,1,1,Product,8.95,26.666666666666668,53.0,3,3
7417,Male,23,BE,CS,9.43,3,2,2,6,7,78,0,1,Startup,10.62,30.333333333333332,79.3,4,4
7418,Female,22,BTech,Electrical,6.43,0,1,1,3,2,66,0,0,,0.0,23.666666666666668,64.3,2,2
7419,Female,24,BCA,Mechanical,9.2,1,2,4,9,7,53,0,0,,0.0,23.0,87.0,6,6
7420,Male,24,BE,AI,5.8,2,2,2,4,5,75,3,0,,0.0,28.0,48.0,7,7
7421,Female,22,BTech,IT,6.62,0,2,0,6,9,85,0,1,Service,7.93,33.333333333333336,66.2,2,2
7422,Female,20,BSc,IT,9.68,3,3,4,6,2,80,1,1,Startup,4.6,29.333333333333332,81.8,8,8
7423,Female,23,BCA,AI,6.49,3,3,0,2,9,49,0,0,,0.0,20.0,49.900000000000006,3,3
7424,Male,22,BCA,CS,6.07,1,3,4,9,9,63,3,0,,0.0,27.0,55.7,10,10
7425,Male,24,BSc,CS,9.19,0,0,2,2,8,49,1,0,,0.0,19.666666666666668,91.89999999999999,3,3
7426,Female,23,BTech,IT,6.01,1,2,5,10,5,70,4,0,,0.0,28.333333333333332,55.099999999999994,11,11
7427,Male,23,BCA,DS,5.92,1,1,5,5,3,78,2,0,,0.0,28.666666666666668,54.2,8,8
7428,Female,20,BTech,AI,6.89,0,1,3,2,10,86,1,0,,0.0,32.666666666666664,68.89999999999999,5,5
7429,Female,24,BSc,Electrical,8.23,2,2,5,9,1,97,3,1,Startup,14.65,35.666666666666664,72.30000000000001,10,10
7430,Male,21,BE,CS,8.56,3,1,3,2,10,67,5,0,,0.0,26.333333333333332,70.60000000000001,9,9
7431,Female,20,BCA,Electrical,9.29,0,0,4,8,3,43,1,0,,0.0,18.0,92.89999999999999,5,5
7432,Female,20,BCA,CS,7.83,3,1,0,1,6,89,1,0,,0.0,32.0,63.3,2,2
7433,Male,21,BTech,CS,7.19,2,3,0,3,4,87,3,0,,0.0,31.333333333333332,61.900000000000006,6,6
7434,Female,21,BCA,Mechanical,7.04,3,3,0,7,6,58,2,0,,0.0,23.666666666666668,55.400000000000006,5,5
7435,Female,20,BE,Electrical,9.14,3,3,2,6,4,79,4,1,Product,13.12,29.666666666666668,76.4,9,9
7436,Female,23,BSc,DS,8.61,1,3,4,2,9,55,3,0,,0.0,22.0,81.1,10,10
7437,Male,22,BCA,CS,9.39,1,1,2,9,8,71,4,1,Startup,9.29,29.333333333333332,88.9,7,7
7438,Female,22,BSc,DS,9.65,1,2,3,2,10,45,4,0,,0.0,19.0,91.5,9,9
7439,Male,20,BTech,IT,6.79,2,0,3,6,6,90,5,1,Startup,14.2,34.0,57.900000000000006,8,8
7440,Female,23,BE,IT,7.78,1,0,0,1,10,49,0,0,,0.0,20.0,72.8,0,0
7441,Female,21,BCA,Mechanical,8.22,3,1,0,3,8,98,1,0,,0.0,36.333333333333336,67.2,2,2
7442,Female,20,BSc,DS,6.2,3,1,4,5,7,84,2,0,,0.0,32.0,47.0,7,7
7443,Female,24,BE,AI,5.73,3,3,3,7,5,55,4,0,,0.0,22.333333333333332,42.300000000000004,10,10
7444,Male,23,BSc,Mechanical,9.23,0,2,4,3,9,41,5,0,,0.0,17.666666666666668,92.30000000000001,11,11
7445,Male,24,BTech,CS,7.8,3,3,3,9,4,47,4,0,,0.0,20.0,63.0,10,10
7446,Female,24,BE,IT,7.95,1,2,1,4,4,80,1,0,,0.0,29.333333333333332,74.5,4,4
7447,Female,20,BE,IT,7.89,2,3,4,9,10,78,0,1,Service,6.0,32.333333333333336,68.89999999999999,7,7
7448,Female,23,BTech,AI,8.75,2,0,1,3,9,44,0,0,,0.0,18.666666666666668,77.5,1,1
7449,Female,24,BTech,Mechanical,6.13,3,2,2,3,4,69,2,0,,0.0,25.333333333333332,46.3,6,6
7450,Female,23,BCA,DS,8.14,3,0,3,4,4,47,0,0,,0.0,18.333333333333332,66.4,3,3
7451,Female,22,BTech,IT,7.52,0,3,1,2,8,68,2,0,,0.0,26.0,75.19999999999999,6,6
7452,Female,24,BTech,CS,9.36,3,0,2,5,6,42,2,0,,0.0,17.666666666666668,78.6,4,4
7453,Female,24,BSc,AI,7.73,3,1,4,9,7,52,5,0,,0.0,22.666666666666668,62.30000000000001,10,10
7454,Male,23,BE,AI,9.55,3,0,1,8,4,91,5,1,Startup,10.74,34.333333333333336,80.5,6,6
7455,Male,22,BSc,Electrical,7.02,0,0,1,8,1,66,5,1,Product,5.87,25.0,70.19999999999999,6,6
7456,Male,24,BTech,AI,9.66,2,3,2,8,4,90,4,1,Product,8.13,34.0,86.6,9,9
7457,Female,20,BCA,CS,9.26,3,0,1,8,4,51,2,0,,0.0,21.0,77.6,3,3
7458,Female,23,BSc,AI,8.01,2,0,2,6,2,90,3,1,Startup,13.15,32.666666666666664,70.1,5,5
7459,Female,23,BSc,DS,7.02,0,1,5,7,8,79,5,1,Service,6.3,31.333333333333332,70.19999999999999,11,11
7460,Male,24,BE,Electrical,7.12,0,2,3,10,5,90,2,1,Product,5.62,35.0,71.2,7,7
7461,Female,22,BE,DS,8.82,3,2,3,5,9,45,2,0,,0.0,19.666666666666668,73.2,7,7
7462,Male,24,BE,Mechanical,8.0,0,0,3,6,5,78,3,1,Startup,4.05,29.666666666666668,80.0,6,6
7463,Female,21,BCA,Mechanical,7.23,0,2,1,3,4,88,1,0,,0.0,31.666666666666668,72.30000000000001,4,4
7464,Male,24,BCA,DS,8.24,2,2,1,5,3,54,5,0,,0.0,20.666666666666668,72.4,8,8
7465,Male,21,BTech,CS,8.65,1,0,0,10,10,85,0,1,Service,14.93,35.0,81.5,0,0
7466,Male,20,BTech,Electrical,5.6,2,3,0,3,10,86,0,0,,0.0,33.0,46.0,3,3
7467,Female,23,BE,Mechanical,5.89,3,0,2,5,1,98,0,0,,0.0,34.666666666666664,43.9,2,2
7468,Male,23,BSc,AI,5.91,0,2,1,10,7,47,1,0,,0.0,21.333333333333332,59.1,4,4
7469,Female,22,BE,DS,6.5,3,1,2,1,9,79,5,0,,0.0,29.666666666666668,50.0,8,8
7470,Female,24,BTech,IT,7.34,2,2,4,1,2,98,3,0,,0.0,33.666666666666664,63.400000000000006,9,9
7471,Female,20,BSc,CS,8.96,0,3,1,10,4,91,0,1,Startup,4.73,35.0,89.60000000000001,4,4
7472,Female,21,BTech,CS,7.01,3,0,5,6,8,63,5,1,Product,11.2,25.666666666666668,55.099999999999994,10,10
7473,Female,22,BCA,DS,5.58,3,2,4,8,9,71,0,0,,0.0,29.333333333333332,40.8,6,6
7474,Male,20,BE,IT,7.58,2,2,1,4,9,70,2,0,,0.0,27.666666666666668,65.8,5,5
7475,Female,20,BE,CS,9.79,3,1,3,7,6,77,1,1,Service,3.96,30.0,82.89999999999999,5,5
7476,Female,21,BSc,Electrical,7.0,0,3,2,5,2,94,0,1,Startup,12.44,33.666666666666664,70.0,5,5
7477,Female,21,BE,Mechanical,9.63,3,2,5,2,1,42,1,0,,0.0,15.0,81.30000000000001,8,8
7478,Female,23,BTech,Electrical,5.94,0,2,0,5,4,87,0,0,,0.0,32.0,59.400000000000006,2,2
7479,Female,24,BTech,IT,6.24,3,0,3,2,6,74,0,0,,0.0,27.333333333333332,47.400000000000006,3,3
7480,Male,22,BCA,Electrical,8.61,2,3,5,9,2,52,0,0,,0.0,21.0,76.1,8,8
7481,Male,24,BTech,AI,7.66,0,1,0,1,6,98,3,0,,0.0,35.0,76.6,4,4
7482,Female,22,BSc,Mechanical,8.79,3,2,1,3,1,97,2,0,,0.0,33.666666666666664,72.89999999999999,5,5
7483,Male,20,BTech,IT,9.21,1,3,4,1,6,86,3,0,,0.0,31.0,87.10000000000001,10,10
7484,Male,21,BCA,DS,6.58,0,3,4,5,5,81,1,1,Service,11.41,30.333333333333332,65.8,8,8
7485,Female,21,BCA,CS,8.44,0,3,5,4,2,80,2,0,,0.0,28.666666666666668,84.39999999999999,10,10
7486,Male,20,BE,Mechanical,8.11,0,3,3,6,4,97,4,1,Service,11.22,35.666666666666664,81.1,10,10
7487,Female,20,BSc,DS,9.2,1,2,0,5,9,54,3,0,,0.0,22.666666666666668,87.0,5,5
7488,Male,22,BTech,IT,7.35,2,3,5,7,2,65,2,1,Product,3.66,24.666666666666668,63.5,10,10
7489,Male,20,BCA,AI,5.72,3,0,2,7,5,51,0,0,,0.0,21.0,42.199999999999996,2,2
7490,Male,22,BTech,CS,7.97,1,0,2,10,3,99,5,1,Product,3.58,37.333333333333336,74.7,7,7
7491,Female,24,BCA,CS,9.62,3,1,2,5,2,64,0,1,Product,12.06,23.666666666666668,81.19999999999999,3,3
7492,Male,21,BE,Mechanical,5.56,1,1,0,10,10,67,3,0,,0.0,29.0,50.599999999999994,4,4
7493,Male,21,BCA,DS,6.53,1,3,4,1,8,58,2,0,,0.0,22.333333333333332,60.3,9,9
7494,Female,21,BE,IT,6.86,3,1,4,9,10,48,5,0,,0.0,22.333333333333332,53.60000000000001,10,10
7495,Female,24,BSc,IT,8.79,3,3,3,2,9,74,3,0,,0.0,28.333333333333332,72.89999999999999,9,9
7496,Male,24,BTech,DS,6.89,3,0,0,7,6,84,4,1,Service,13.24,32.333333333333336,53.89999999999999,4,4
7497,Female,23,BTech,CS,6.53,2,0,1,3,5,75,1,0,,0.0,27.666666666666668,55.3,2,2
7498,Male,22,BE,DS,8.29,0,0,1,10,7,71,3,1,Startup,7.66,29.333333333333332,82.89999999999999,4,4
7499,Male,22,BSc,Electrical,5.7,1,0,2,6,3,42,5,0,,0.0,17.0,52.0,7,7
7500,Female,23,BE,IT,6.23,0,1,5,5,6,44,1,0,,0.0,18.333333333333332,62.300000000000004,7,7
7501,Female,21,BCA,DS,7.25,3,1,5,6,7,99,5,1,Startup,10.86,37.333333333333336,57.5,11,11
7502,Female,22,BE,CS,7.03,3,3,5,10,1,91,2,1,Service,8.42,34.0,55.3,10,10
7503,Male,22,BSc,Mechanical,6.99,1,1,4,5,4,80,5,1,Product,11.7,29.666666666666668,64.9,10,10
7504,Female,21,BCA,Electrical,5.97,1,0,4,9,7,57,5,0,,0.0,24.333333333333332,54.699999999999996,9,9
7505,Male,20,BTech,CS,7.05,1,0,0,8,10,81,4,1,Startup,6.84,33.0,65.5,4,4
7506,Female,20,BTech,AI,8.93,1,3,0,1,6,95,3,0,,0.0,34.0,84.3,6,6
7507,Male,23,BTech,AI,7.28,1,0,3,9,10,90,2,1,Product,9.52,36.333333333333336,67.8,5,5
7508,Female,24,BSc,DS,8.02,3,0,0,2,2,54,5,0,,0.0,19.333333333333332,65.19999999999999,5,5
7509,Male,22,BSc,CS,6.2,1,3,3,5,8,64,5,0,,0.0,25.666666666666668,57.0,11,11
7510,Female,22,BSc,CS,5.8,2,3,2,6,7,57,5,0,,0.0,23.333333333333332,48.0,10,10
7511,Male,23,BSc,IT,9.28,0,2,2,10,2,46,3,0,,0.0,19.333333333333332,92.8,7,7
7512,Female,23,BSc,Mechanical,6.92,0,1,4,1,9,61,5,0,,0.0,23.666666666666668,69.2,10,10
7513,Female,22,BCA,Electrical,7.01,2,1,4,7,6,63,0,1,Startup,12.64,25.333333333333332,60.099999999999994,5,5
7514,Male,21,BE,CS,9.27,1,3,4,8,2,74,2,1,Product,10.7,28.0,87.69999999999999,9,9
7515,Female,21,BTech,Electrical,8.54,3,2,1,1,5,61,4,0,,0.0,22.333333333333332,70.39999999999999,7,7
7516,Male,24,BSc,DS,8.75,3,1,3,10,1,66,5,1,Startup,8.71,25.666666666666668,72.5,9,9
7517,Male,22,BTech,IT,8.43,2,0,5,4,2,41,2,0,,0.0,15.666666666666666,74.3,7,7
7518,Female,22,BSc,Electrical,5.95,2,3,5,2,9,50,5,0,,0.0,20.333333333333332,49.5,13,13
7519,Male,22,BTech,Electrical,9.62,2,3,2,5,10,97,4,1,Product,8.59,37.333333333333336,86.19999999999999,9,9
7520,Female,22,BE,Electrical,9.41,0,1,3,2,1,86,0,0,,0.0,29.666666666666668,94.1,4,4
7521,Female,23,BTech,Electrical,6.52,2,0,1,9,4,65,5,1,Startup,11.96,26.0,55.19999999999999,6,6
7522,Male,20,BTech,Electrical,8.96,3,0,1,9,9,46,0,0,,0.0,21.333333333333332,74.60000000000001,1,1
7523,Female,22,BSc,IT,7.26,1,3,2,10,4,58,1,0,,0.0,24.0,67.6,6,6
7524,Male,20,BCA,DS,8.44,3,3,2,5,10,76,1,1,Product,12.49,30.333333333333332,69.39999999999999,6,6
7525,Male,21,BCA,Electrical,6.21,2,0,4,5,1,58,0,0,,0.0,21.333333333333332,52.1,4,4
7526,Female,24,BTech,Electrical,7.82,3,3,1,4,5,49,0,0,,0.0,19.333333333333332,63.2,4,4
7527,Female,21,BCA,DS,6.04,0,2,4,1,6,86,1,0,,0.0,31.0,60.4,7,7
7528,Male,22,BE,CS,7.81,3,1,2,10,1,70,1,1,Service,12.8,27.0,63.099999999999994,4,4
7529,Male,21,BE,CS,6.55,0,0,5,3,8,40,1,0,,0.0,17.0,65.5,6,6
7530,Female,23,BCA,IT,7.45,1,1,1,4,1,56,2,0,,0.0,20.333333333333332,69.5,4,4
7531,Female,20,BCA,IT,8.37,2,2,1,7,6,49,0,0,,0.0,20.666666666666668,73.69999999999999,3,3
7532,Female,22,BE,Mechanical,9.27,1,3,0,7,9,75,3,1,Startup,13.42,30.333333333333332,87.69999999999999,6,6
7533,Female,23,BCA,IT,6.21,2,1,1,7,3,60,4,0,,0.0,23.333333333333332,52.1,6,6
7534,Male,20,BCA,DS,9.34,1,1,4,7,5,56,4,0,,0.0,22.666666666666668,88.4,9,9
7535,Female,23,BSc,Electrical,7.18,1,3,0,4,1,81,4,0,,0.0,28.666666666666668,66.8,7,7
7536,Male,21,BSc,DS,9.13,1,1,1,9,1,83,4,1,Product,8.93,31.0,86.30000000000001,6,6
7537,Male,22,BCA,Mechanical,7.7,0,1,0,4,2,82,1,0,,0.0,29.333333333333332,77.0,2,2
7538,Female,21,BCA,AI,9.21,0,2,1,6,6,42,1,0,,0.0,18.0,92.10000000000001,4,4
7539,Male,24,BSc,AI,8.35,3,1,3,1,7,90,0,0,,0.0,32.666666666666664,68.5,4,4
7540,Female,22,BSc,DS,7.69,3,3,5,1,5,89,1,0,,0.0,31.666666666666668,61.900000000000006,9,9
7541,Male,21,BCA,AI,6.84,3,3,4,6,1,61,4,1,Startup,14.01,22.666666666666668,53.400000000000006,11,11
7542,Female,22,BSc,AI,9.67,2,3,4,1,1,69,2,0,,0.0,23.666666666666668,86.7,9,9
7543,Male,20,BE,Mechanical,8.94,0,0,0,1,1,89,5,0,,0.0,30.333333333333332,89.39999999999999,5,5
7544,Male,22,BTech,Electrical,7.14,1,2,3,6,3,75,2,1,Startup,12.17,28.0,66.39999999999999,7,7
7545,Female,22,BE,IT,6.22,3,1,0,8,4,44,3,0,,0.0,18.666666666666668,47.199999999999996,4,4
7546,Female,20,BSc,IT,8.85,0,1,0,9,8,42,0,0,,0.0,19.666666666666668,88.5,1,1
7547,Male,21,BE,AI,9.76,0,3,2,6,9,40,2,0,,0.0,18.333333333333332,97.6,7,7
7548,Male,22,BTech,CS,6.7,2,3,0,1,5,56,2,0,,0.0,20.666666666666668,57.0,5,5
7549,Female,23,BSc,Mechanical,9.44,1,3,1,7,4,88,2,1,Startup,5.54,33.0,89.39999999999999,6,6
7550,Male,22,BE,Electrical,6.04,0,3,2,2,10,93,4,0,,0.0,35.0,60.4,9,9
7551,Female,21,BE,Electrical,9.59,0,0,2,7,9,91,4,1,Startup,7.5,35.666666666666664,95.9,6,6
7552,Male,20,BTech,AI,8.7,3,2,0,10,6,61,3,1,Product,3.07,25.666666666666668,72.0,5,5
7553,Female,21,BSc,CS,6.99,2,2,2,10,3,66,1,1,Product,11.3,26.333333333333332,59.900000000000006,5,5
7554,Male,24,BCA,CS,6.81,2,0,4,4,7,72,1,0,,0.0,27.666666666666668,58.099999999999994,5,5
7555,Female,22,BSc,Electrical,8.27,1,1,5,1,9,60,1,0,,0.0,23.333333333333332,77.69999999999999,7,7
7556,Female,22,BTech,Mechanical,8.05,2,1,2,9,10,40,2,0,,0.0,19.666666666666668,70.5,5,5
7557,Male,20,BTech,IT,9.45,1,2,2,1,2,43,1,0,,0.0,15.333333333333334,89.5,5,5
7558,Female,22,BTech,Electrical,8.79,1,2,1,7,9,80,5,1,Service,7.62,32.0,82.89999999999999,8,8
7559,Male,23,BTech,Electrical,7.82,3,1,4,6,2,45,1,0,,0.0,17.666666666666668,63.2,6,6
7560,Female,23,BCA,DS,9.49,3,0,2,7,5,67,4,1,Product,8.39,26.333333333333332,79.9,6,6
7561,Female,21,BSc,CS,8.05,0,0,1,10,1,51,4,0,,0.0,20.666666666666668,80.5,5,5
7562,Female,20,BSc,DS,9.15,3,1,4,1,2,84,1,0,,0.0,29.0,76.5,6,6
7563,Male,24,BE,DS,9.12,0,0,2,1,7,91,4,0,,0.0,33.0,91.19999999999999,6,6
7564,Female,21,BCA,Mechanical,9.45,0,3,0,6,4,97,4,1,Product,12.09,35.666666666666664,94.5,7,7
7565,Male,20,BCA,Electrical,5.79,0,2,2,8,7,62,2,0,,0.0,25.666666666666668,57.9,6,6
7566,Female,20,BE,IT,8.01,0,1,5,3,4,82,3,0,,0.0,29.666666666666668,80.1,9,9
7567,Male,21,BE,Mechanical,7.51,1,3,4,10,1,51,4,0,,0.0,20.666666666666668,70.1,11,11
7568,Male,21,BSc,CS,7.61,0,3,5,2,6,81,3,0,,0.0,29.666666666666668,76.10000000000001,11,11
7569,Male,22,BSc,IT,7.48,0,0,2,4,9,87,5,0,,0.0,33.333333333333336,74.80000000000001,7,7
7570,Female,24,BSc,Electrical,9.1,0,0,5,8,6,97,0,1,Startup,13.25,37.0,91.0,5,5
7571,Male,23,BCA,AI,6.87,1,2,4,9,7,88,1,1,Product,5.18,34.666666666666664,63.7,7,7
7572,Female,22,BCA,IT,7.49,2,2,0,6,7,84,3,1,Product,4.87,32.333333333333336,64.9,5,5
7573,Male,20,BE,Mechanical,6.36,2,1,2,7,1,72,3,0,,0.0,26.666666666666668,53.6,6,6
7574,Male,24,BTech,Mechanical,6.58,0,2,4,1,2,60,0,0,,0.0,21.0,65.8,6,6
7575,Male,24,BTech,DS,8.34,2,3,5,5,1,94,1,1,Product,7.75,33.333333333333336,73.4,9,9
7576,Male,21,BTech,Electrical,6.0,3,2,1,6,1,80,5,0,,0.0,29.0,45.0,8,8
7577,Female,24,BTech,AI,6.31,3,3,5,10,8,96,1,0,,0.0,38.0,48.099999999999994,9,9
7578,Male,24,BTech,Electrical,7.77,3,3,2,6,4,97,1,1,Service,13.15,35.666666666666664,62.69999999999999,6,6
7579,Male,20,BSc,IT,5.69,3,1,5,6,10,79,5,0,,0.0,31.666666666666668,41.900000000000006,11,11
7580,Female,22,BE,AI,6.05,1,0,5,7,8,66,4,0,,0.0,27.0,55.5,9,9
7581,Male,24,BTech,Electrical,9.21,0,2,5,4,5,89,2,0,,0.0,32.666666666666664,92.10000000000001,9,9
7582,Male,21,BTech,DS,9.14,1,1,0,5,1,71,2,1,Startup,8.36,25.666666666666668,86.4,3,3
7583,Male,22,BTech,AI,7.0,1,2,1,6,9,40,4,0,,0.0,18.333333333333332,65.0,7,7
7584,Male,21,BSc,AI,7.0,0,3,5,9,3,71,1,1,Startup,7.07,27.666666666666668,70.0,9,9
7585,Female,24,BTech,IT,9.53,1,2,2,4,7,42,5,0,,0.0,17.666666666666668,90.3,9,9
7586,Female,22,BE,AI,5.61,0,0,4,4,7,72,0,0,,0.0,27.666666666666668,56.1,4,4
7587,Male,24,BSc,DS,8.0,1,2,3,7,10,40,4,0,,0.0,19.0,75.0,9,9
7588,Female,20,BSc,CS,8.07,2,2,5,1,10,63,4,0,,0.0,24.666666666666668,70.7,11,11
7589,Female,22,BCA,CS,8.89,2,3,1,7,4,58,5,0,,0.0,23.0,78.9,9,9
7590,Male,21,BCA,Mechanical,9.59,3,2,4,8,8,57,5,0,,0.0,24.333333333333332,80.9,11,11
7591,Female,20,BSc,CS,7.03,2,0,1,2,8,71,5,0,,0.0,27.0,60.3,6,6
7592,Male,23,BTech,IT,7.38,3,2,2,4,2,83,3,0,,0.0,29.666666666666668,58.8,7,7
7593,Female,21,BTech,Mechanical,8.39,3,3,0,4,8,45,5,0,,0.0,19.0,68.9,8,8
7594,Female,24,BTech,CS,9.66,3,1,5,10,5,56,4,0,,0.0,23.666666666666668,81.6,10,10
7595,Female,21,BTech,CS,9.33,1,3,0,10,2,51,1,0,,0.0,21.0,88.3,4,4
7596,Male,23,BCA,Mechanical,8.37,0,3,5,6,6,73,4,1,Service,7.13,28.333333333333332,83.69999999999999,12,12
7597,Female,21,BE,IT,9.18,2,3,5,7,8,75,2,1,Product,6.35,30.0,81.8,10,10
7598,Male,20,BSc,Mechanical,5.87,0,1,1,7,4,78,2,0,,0.0,29.666666666666668,58.7,4,4
7599,Male,21,BTech,IT,7.12,2,0,3,4,10,41,4,0,,0.0,18.333333333333332,61.2,7,7
7600,Female,22,BCA,IT,5.56,2,3,2,3,9,59,0,0,,0.0,23.666666666666668,45.599999999999994,5,5
7601,Male,23,BE,Electrical,6.26,1,3,4,4,8,59,3,0,,0.0,23.666666666666668,57.599999999999994,10,10
7602,Female,21,BSc,DS,8.21,2,0,2,9,7,95,5,1,Service,3.89,37.0,72.10000000000001,7,7
7603,Male,23,BSc,CS,9.31,0,0,3,10,7,86,4,1,Product,7.25,34.333333333333336,93.10000000000001,7,7
7604,Male,20,BSc,Electrical,8.22,0,2,4,7,8,78,1,1,Startup,13.02,31.0,82.2,7,7
7605,Female,22,BTech,CS,8.36,2,0,3,3,7,94,0,0,,0.0,34.666666666666664,73.6,3,3
7606,Female,24,BSc,Electrical,5.95,0,1,2,3,1,96,1,0,,0.0,33.333333333333336,59.5,4,4
7607,Female,21,BTech,AI,8.36,3,3,2,5,5,90,1,1,Product,8.04,33.333333333333336,68.6,6,6
7608,Female,20,BE,Mechanical,7.45,0,3,1,8,2,71,5,1,Product,5.56,27.0,74.5,9,9
7609,Male,23,BCA,Electrical,8.3,3,1,5,5,5,42,3,0,,0.0,17.333333333333332,68.0,9,9
7610,Male,23,BCA,DS,6.9,3,2,3,6,5,65,3,1,Service,13.02,25.333333333333332,54.0,8,8
7611,Male,20,BCA,CS,8.0,0,3,0,9,6,80,2,1,Service,6.45,31.666666666666668,80.0,5,5
7612,Female,21,BSc,AI,7.32,3,3,3,9,6,51,1,0,,0.0,22.0,58.2,7,7
7613,Male,24,BCA,DS,7.9,0,2,3,6,6,89,4,1,Product,7.3,33.666666666666664,79.0,9,9
7614,Female,21,BE,IT,6.13,0,2,4,5,7,42,1,0,,0.0,18.0,61.3,7,7
7615,Male,22,BTech,CS,7.2,2,2,5,8,2,67,2,1,Startup,4.72,25.666666666666668,62.0,9,9
7616,Female,21,BCA,Electrical,7.11,0,1,4,1,4,48,1,0,,0.0,17.666666666666668,71.10000000000001,6,6
7617,Male,22,BTech,Mechanical,8.67,0,1,1,3,5,65,3,0,,0.0,24.333333333333332,86.7,5,5
7618,Male,23,BTech,DS,8.54,2,0,0,6,10,45,2,0,,0.0,20.333333333333332,75.39999999999999,2,2
7619,Female,22,BCA,AI,9.41,1,2,2,8,7,44,0,0,,0.0,19.666666666666668,89.1,4,4
7620,Male,24,BCA,Mechanical,8.22,0,1,0,6,2,48,1,0,,0.0,18.666666666666668,82.2,2,2
7621,Female,20,BCA,IT,6.85,1,1,0,10,8,94,1,1,Startup,5.98,37.333333333333336,63.5,2,2
7622,Male,22,BSc,Mechanical,8.87,1,0,0,6,2,85,5,1,Service,14.85,31.0,83.69999999999999,5,5
7623,Male,21,BCA,AI,7.64,2,1,1,4,5,73,3,0,,0.0,27.333333333333332,66.39999999999999,5,5
7624,Female,22,BSc,IT,6.33,1,3,1,7,9,67,0,0,,0.0,27.666666666666668,58.3,4,4
7625,Female,23,BE,AI,8.71,1,1,0,7,2,65,1,1,Product,8.71,24.666666666666668,82.10000000000001,2,2
7626,Male,22,BTech,CS,6.07,3,2,2,1,2,96,1,0,,0.0,33.0,45.7,5,5
7627,Male,24,BE,AI,6.27,1,0,2,3,2,98,0,0,,0.0,34.333333333333336,57.699999999999996,2,2
7628,Male,22,BCA,Mechanical,8.76,2,2,2,9,7,93,5,1,Startup,13.65,36.333333333333336,77.6,9,9
7629,Male,24,BTech,CS,8.81,0,2,1,6,5,74,3,1,Startup,12.72,28.333333333333332,88.10000000000001,6,6
7630,Male,21,BCA,CS,8.9,3,0,4,4,9,40,4,0,,0.0,17.666666666666668,74.0,8,8
7631,Male,23,BCA,DS,6.76,2,3,2,8,4,43,0,0,,0.0,18.333333333333332,57.599999999999994,5,5
7632,Female,20,BTech,Mechanical,9.23,2,0,4,7,1,98,3,1,Product,9.35,35.333333333333336,82.30000000000001,7,7
7633,Female,21,BE,Mechanical,8.61,3,3,0,10,8,52,5,0,,0.0,23.333333333333332,71.1,8,8
7634,Female,21,BCA,IT,9.09,3,3,2,6,6,79,1,1,Product,8.86,30.333333333333332,75.9,6,6
7635,Male,20,BTech,AI,8.55,2,2,0,4,9,92,0,0,,0.0,35.0,75.5,2,2
7636,Male,22,BE,Electrical,7.99,0,2,0,4,3,60,3,0,,0.0,22.333333333333332,79.9,5,5
7637,Male,22,BSc,AI,5.97,1,2,5,8,10,57,1,0,,0.0,25.0,54.699999999999996,8,8
7638,Female,22,BE,Mechanical,8.56,0,2,3,3,7,59,2,0,,0.0,23.0,85.60000000000001,7,7
7639,Female,23,BE,AI,8.47,1,0,0,9,1,43,3,0,,0.0,17.666666666666668,79.7,3,3
7640,Male,21,BTech,Mechanical,6.84,0,1,0,8,2,71,3,1,Service,13.07,27.0,68.4,4,4
7641,Male,24,BE,CS,8.66,3,0,5,4,5,66,3,0,,0.0,25.0,71.6,8,8
7642,Female,20,BSc,AI,7.87,3,1,1,3,10,64,1,0,,0.0,25.666666666666668,63.7,3,3
7643,Female,21,BSc,AI,7.91,3,0,0,4,2,46,5,0,,0.0,17.333333333333332,64.1,5,5
7644,Female,22,BCA,Mechanical,7.08,2,2,2,2,8,84,4,0,,0.0,31.333333333333332,60.8,8,8
7645,Male,20,BSc,Mechanical,6.0,2,1,1,6,5,69,4,0,,0.0,26.666666666666668,50.0,6,6
7646,Male,24,BCA,IT,6.43,1,0,3,3,9,62,2,0,,0.0,24.666666666666668,59.3,5,5
7647,Male,21,BSc,AI,8.81,3,0,3,3,3,68,0,0,,0.0,24.666666666666668,73.10000000000001,3,3
7648,Female,21,BE,DS,6.67,2,3,0,1,6,96,2,0,,0.0,34.333333333333336,56.7,5,5
7649,Female,23,BCA,Mechanical,5.51,2,0,4,8,4,96,0,0,,0.0,36.0,45.099999999999994,4,4
7650,Male,21,BSc,DS,9.79,3,2,3,8,7,60,0,1,Service,6.44,25.0,82.89999999999999,5,5
7651,Male,21,BE,CS,6.41,0,0,3,9,7,72,2,0,,0.0,29.333333333333332,64.1,5,5
7652,Female,24,BE,CS,8.32,3,0,5,5,5,57,2,0,,0.0,22.333333333333332,68.2,7,7
7653,Male,24,BCA,DS,9.49,1,2,3,4,10,66,3,0,,0.0,26.666666666666668,89.9,8,8
7654,Female,20,BTech,Electrical,8.08,3,1,2,9,5,53,1,0,,0.0,22.333333333333332,65.8,4,4
7655,Female,22,BE,CS,8.94,0,1,4,3,4,79,4,0,,0.0,28.666666666666668,89.39999999999999,9,9
7656,Male,24,BE,DS,9.7,0,2,0,4,9,93,0,0,,0.0,35.333333333333336,97.0,2,2
7657,Female,20,BTech,IT,9.2,3,1,5,8,7,70,0,1,Service,7.88,28.333333333333332,77.0,6,6
7658,Male,21,BCA,IT,7.9,2,3,5,2,6,81,3,0,,0.0,29.666666666666668,69.0,11,11
7659,Female,20,BSc,CS,7.06,0,0,5,3,3,47,4,0,,0.0,17.666666666666668,70.6,9,9
7660,Female,20,BSc,DS,7.57,1,0,0,3,5,42,1,0,,0.0,16.666666666666668,70.7,1,1
7661,Male,20,BE,DS,9.12,2,1,1,8,4,74,3,1,Product,6.36,28.666666666666668,81.19999999999999,5,5
7662,Female,20,BTech,DS,9.17,1,1,2,2,5,77,5,0,,0.0,28.0,86.7,8,8
7663,Male,24,BE,Electrical,9.14,1,1,5,8,2,50,1,0,,0.0,20.0,86.4,7,7
7664,Male,22,BCA,CS,8.07,1,2,4,7,5,75,5,1,Startup,3.78,29.0,75.7,11,11
7665,Female,20,BE,Electrical,7.55,1,3,1,1,7,91,0,0,,0.0,33.0,70.5,4,4
7666,Male,23,BSc,DS,6.84,0,3,4,8,10,87,4,1,Startup,6.52,35.0,68.4,11,11
7667,Male,21,BTech,Mechanical,5.51,2,1,3,1,10,82,0,0,,0.0,31.0,45.099999999999994,4,4
7668,Male,21,BCA,DS,8.79,3,2,4,9,3,91,3,1,Product,6.11,34.333333333333336,72.89999999999999,9,9
7669,Male,21,BE,Mechanical,6.69,0,1,5,1,4,73,1,0,,0.0,26.0,66.9,7,7
7670,Male,21,BSc,IT,6.92,2,2,1,5,1,62,1,1,Product,3.38,22.666666666666668,59.2,4,4
7671,Male,21,BE,Mechanical,9.13,3,2,2,8,9,44,0,0,,0.0,20.333333333333332,76.30000000000001,4,4
7672,Female,20,BSc,IT,5.72,3,0,5,4,3,69,3,0,,0.0,25.333333333333332,42.199999999999996,8,8
7673,Male,22,BTech,CS,9.49,0,1,2,6,10,76,4,1,Product,14.77,30.666666666666668,94.9,7,7
7674,Female,23,BCA,Electrical,5.51,2,0,3,1,6,55,2,0,,0.0,20.666666666666668,45.099999999999994,5,5
7675,Female,24,BE,Electrical,9.54,1,0,0,3,1,53,5,0,,0.0,19.0,90.39999999999999,5,5
7676,Male,23,BCA,IT,7.46,1,3,1,5,5,46,3,0,,0.0,18.666666666666668,69.6,7,7
7677,Female,24,BTech,IT,5.94,3,2,0,2,10,92,4,0,,0.0,34.666666666666664,44.400000000000006,6,6
7678,Female,24,BSc,DS,8.4,0,2,3,1,5,72,5,0,,0.0,26.0,84.0,10,10
7679,Male,23,BTech,AI,9.35,0,2,4,9,5,41,4,0,,0.0,18.333333333333332,93.5,10,10
7680,Male,20,BTech,IT,7.38,1,2,4,8,1,85,1,1,Startup,11.42,31.333333333333332,68.8,7,7
7681,Male,21,BCA,Mechanical,8.47,0,0,3,3,7,44,2,0,,0.0,18.0,84.7,5,5
7682,Female,20,BTech,CS,9.71,0,2,2,6,5,84,5,1,Product,7.29,31.666666666666668,97.10000000000001,9,9
7683,Female,21,BE,Electrical,6.54,2,3,1,8,1,84,2,1,Startup,3.37,31.0,55.400000000000006,6,6
7684,Male,22,BSc,Mechanical,9.03,2,3,3,6,8,78,2,1,Startup,4.99,30.666666666666668,80.3,8,8
7685,Male,24,BTech,Electrical,6.77,3,0,3,8,6,99,0,1,Startup,6.57,37.666666666666664,52.69999999999999,3,3
7686,Female,23,BE,CS,7.33,2,0,1,3,7,54,1,0,,0.0,21.333333333333332,63.3,2,2
7687,Female,22,BSc,Mechanical,6.71,0,1,5,4,4,99,3,0,,0.0,35.666666666666664,67.1,9,9
7688,Female,21,BCA,Electrical,7.42,1,1,2,8,1,81,0,1,Service,8.42,30.0,69.2,3,3
7689,Female,20,BSc,IT,5.52,1,2,2,10,8,41,0,0,,0.0,19.666666666666668,50.199999999999996,4,4
7690,Male,23,BCA,AI,6.8,1,0,1,10,1,63,2,1,Startup,9.09,24.666666666666668,63.0,3,3
7691,Female,24,BSc,IT,7.41,3,0,0,8,9,68,2,1,Startup,10.04,28.333333333333332,59.099999999999994,2,2
7692,Female,22,BTech,Electrical,8.22,1,3,5,6,6,68,4,1,Startup,14.2,26.666666666666668,77.2,12,12
7693,Female,24,BCA,DS,8.24,2,3,4,10,5,60,4,1,Product,10.81,25.0,72.4,11,11
7694,Female,21,BCA,Mechanical,8.01,2,3,1,6,2,64,1,1,Product,12.09,24.0,70.1,5,5
7695,Male,24,BCA,AI,6.76,0,0,2,9,8,61,1,1,Product,3.47,26.0,67.6,3,3
7696,Male,20,BTech,Mechanical,9.57,3,1,5,8,9,58,3,0,,0.0,25.0,80.7,9,9
7697,Female,22,BTech,DS,7.19,1,0,0,3,3,99,0,0,,0.0,35.0,66.9,0,0
7698,Female,22,BSc,DS,6.43,0,0,3,7,10,52,2,0,,0.0,23.0,64.3,5,5
7699,Male,20,BSc,DS,7.88,1,0,3,9,8,77,2,1,Service,13.19,31.333333333333332,73.8,5,5
7700,Male,24,BTech,Electrical,8.72,1,1,3,10,10,96,1,1,Startup,14.48,38.666666666666664,82.2,5,5
7701,Female,20,BTech,IT,5.55,0,3,4,3,5,72,4,0,,0.0,26.666666666666668,55.5,11,11
7702,Female,23,BCA,Electrical,6.69,2,2,5,9,10,72,5,1,Product,13.67,30.333333333333332,56.900000000000006,12,12
7703,Male,20,BSc,IT,9.05,0,2,2,5,4,95,3,1,Startup,5.33,34.666666666666664,90.5,7,7
7704,Male,24,BSc,AI,7.68,3,2,0,10,10,51,5,0,,0.0,23.666666666666668,61.8,7,7
7705,Male,20,BCA,DS,7.26,0,1,2,9,9,85,0,1,Service,8.39,34.333333333333336,72.6,3,3
7706,Male,21,BCA,IT,9.5,1,1,5,1,7,62,1,0,,0.0,23.333333333333332,90.0,7,7
7707,Male,20,BCA,CS,5.89,2,2,4,4,4,98,4,0,,0.0,35.333333333333336,48.9,10,10
7708,Male,20,BE,CS,8.15,0,2,4,9,5,68,4,1,Startup,9.92,27.333333333333332,81.5,10,10
7709,Female,24,BE,IT,6.97,2,1,5,9,5,68,0,1,Service,3.54,27.333333333333332,59.7,6,6
7710,Male,23,BTech,AI,5.8,2,2,1,6,2,82,0,0,,0.0,30.0,48.0,3,3
7711,Male,23,BSc,Mechanical,6.42,2,0,5,10,5,99,5,0,,0.0,38.0,54.2,10,10
7712,Male,24,BCA,Electrical,8.2,2,3,2,6,3,40,1,0,,0.0,16.333333333333332,72.0,6,6
7713,Male,24,BCA,DS,5.62,1,1,3,3,5,63,0,0,,0.0,23.666666666666668,51.2,4,4
7714,Female,24,BSc,IT,8.05,1,3,1,10,1,44,2,0,,0.0,18.333333333333332,75.5,6,6
7715,Female,21,BE,AI,9.61,1,2,2,5,8,96,4,1,Startup,7.41,36.333333333333336,91.1,8,8
7716,Male,22,BSc,Electrical,8.92,1,2,1,8,9,74,4,1,Startup,8.19,30.333333333333332,84.2,7,7
7717,Female,20,BTech,Mechanical,6.99,1,1,1,2,9,84,2,0,,0.0,31.666666666666668,64.9,4,4
7718,Female,24,BE,AI,6.09,3,1,5,2,8,44,3,0,,0.0,18.0,45.9,9,9
7719,Female,24,BSc,Mechanical,7.5,3,0,0,4,2,52,3,0,,0.0,19.333333333333332,60.0,3,3
7720,Female,24,BSc,CS,7.19,0,1,1,9,2,71,0,1,Startup,9.46,27.333333333333332,71.9,2,2
7721,Female,23,BTech,Electrical,9.68,2,3,5,5,10,94,5,1,Startup,14.73,36.333333333333336,86.8,13,13
7722,Female,24,BSc,Electrical,9.76,3,1,4,3,5,81,1,0,,0.0,29.666666666666668,82.6,6,6
7723,Male,20,BE,Mechanical,7.27,1,0,3,8,6,66,3,1,Service,12.84,26.666666666666668,67.69999999999999,6,6
7724,Male,24,BCA,CS,6.14,2,3,0,7,5,63,5,0,,0.0,25.0,51.4,8,8
7725,Male,20,BCA,DS,9.42,1,2,1,9,1,42,1,0,,0.0,17.333333333333332,89.2,4,4
7726,Male,21,BCA,IT,8.91,1,1,0,10,1,40,1,0,,0.0,17.0,84.1,2,2
7727,Male,22,BE,CS,7.7,0,2,5,6,8,99,3,1,Service,9.48,37.666666666666664,77.0,10,10
7728,Female,23,BSc,AI,7.07,2,0,3,2,5,68,1,0,,0.0,25.0,60.7,4,4
7729,Male,20,BSc,Mechanical,7.43,1,1,3,1,8,84,0,0,,0.0,31.0,69.3,4,4
7730,Male,21,BSc,Electrical,9.38,1,0,0,5,3,61,2,1,Product,5.52,23.0,88.80000000000001,2,2
7731,Female,22,BSc,AI,6.29,0,2,2,7,5,44,5,0,,0.0,18.666666666666668,62.9,9,9
7732,Female,22,BCA,Electrical,8.97,2,3,3,7,2,82,5,1,Startup,4.18,30.333333333333332,79.7,11,11
7733,Male,22,BE,CS,5.58,3,0,4,2,8,60,2,0,,0.0,23.333333333333332,40.8,6,6
7734,Female,20,BTech,Electrical,9.46,2,1,4,6,1,98,0,1,Service,9.85,35.0,84.60000000000001,5,5
7735,Female,21,BE,Electrical,7.65,1,1,1,1,5,51,0,0,,0.0,19.0,71.5,2,2
7736,Female,24,BSc,Electrical,6.48,3,2,2,1,7,67,4,0,,0.0,25.0,49.80000000000001,8,8
7737,Female,21,BSc,Electrical,5.51,0,2,2,2,10,50,2,0,,0.0,20.666666666666668,55.099999999999994,6,6
7738,Male,21,BE,AI,7.91,0,2,5,5,5,54,0,0,,0.0,21.333333333333332,79.1,7,7
7739,Female,21,BE,Mechanical,6.55,1,2,1,10,3,77,3,1,Product,13.18,30.0,60.5,6,6
7740,Male,20,BCA,IT,8.21,2,1,3,10,4,74,1,1,Product,4.55,29.333333333333332,72.10000000000001,5,5
7741,Male,20,BSc,AI,6.71,1,1,0,2,9,87,5,0,,0.0,32.666666666666664,62.099999999999994,6,6
7742,Female,20,BE,DS,5.88,2,1,2,10,5,84,0,0,,0.0,33.0,48.8,3,3
7743,Female,21,BSc,Mechanical,7.67,0,0,2,3,3,55,3,0,,0.0,20.333333333333332,76.7,5,5
7744,Female,20,BE,Mechanical,7.93,1,3,5,9,7,76,4,1,Service,7.45,30.666666666666668,74.3,12,12
7745,Male,22,BSc,DS,7.45,1,3,3,5,6,54,2,0,,0.0,21.666666666666668,69.5,8,8
7746,Female,20,BE,CS,7.47,3,3,5,3,3,71,3,0,,0.0,25.666666666666668,59.7,11,11
7747,Female,23,BSc,DS,8.04,1,0,0,5,10,97,1,1,Product,9.6,37.333333333333336,75.39999999999999,1,1
7748,Female,20,BTech,CS,7.76,2,2,4,3,3,98,3,0,,0.0,34.666666666666664,67.6,9,9
7749,Female,20,BCA,IT,6.07,3,2,2,5,4,55,5,0,,0.0,21.333333333333332,45.7,9,9
7750,Female,20,BTech,CS,6.35,2,2,5,10,10,72,4,0,,0.0,30.666666666666668,53.5,11,11
7751,Male,20,BCA,IT,6.11,3,1,3,6,3,79,1,0,,0.0,29.333333333333332,46.1,5,5
7752,Female,23,BCA,IT,8.48,0,0,5,9,6,96,2,1,Product,11.32,37.0,84.80000000000001,7,7
7753,Female,24,BE,Electrical,7.77,2,3,2,2,1,59,1,0,,0.0,20.666666666666668,67.69999999999999,6,6
7754,Female,20,BTech,Electrical,7.35,2,2,4,3,1,76,3,0,,0.0,26.666666666666668,63.5,9,9
7755,Male,22,BCA,DS,8.93,1,3,1,6,7,78,0,1,Service,11.89,30.333333333333332,84.3,4,4
7756,Female,23,BSc,IT,6.9,0,2,5,2,8,71,0,0,,0.0,27.0,69.0,7,7
7757,Male,24,BE,CS,7.94,3,3,3,8,4,49,1,0,,0.0,20.333333333333332,64.4,7,7
7758,Male,20,BE,AI,5.82,3,1,0,10,7,55,5,0,,0.0,24.0,43.2,6,6
7759,Female,24,BSc,Electrical,8.7,0,0,1,7,2,44,1,0,,0.0,17.666666666666668,87.0,2,2
7760,Female,22,BSc,Mechanical,8.49,1,2,5,1,9,59,4,0,,0.0,23.0,79.9,11,11
7761,Female,23,BCA,Mechanical,8.95,2,2,0,5,9,95,3,1,Startup,14.26,36.333333333333336,79.5,5,5
7762,Male,23,BSc,CS,9.3,2,2,4,5,7,66,1,1,Service,13.48,26.0,83.0,7,7
7763,Male,24,BE,Electrical,8.76,1,2,0,1,5,82,0,0,,0.0,29.333333333333332,82.6,2,2
7764,Male,20,BSc,AI,9.13,3,0,2,6,7,99,2,1,Startup,11.25,37.333333333333336,76.30000000000001,4,4
7765,Male,21,BTech,IT,6.99,1,0,4,2,7,93,5,0,,0.0,34.0,64.9,9,9
7766,Male,23,BE,Electrical,6.98,2,2,1,3,3,89,3,0,,0.0,31.666666666666668,59.80000000000001,6,6
7767,Male,21,BSc,CS,9.56,0,3,2,5,7,98,4,1,Product,8.84,36.666666666666664,95.60000000000001,9,9
7768,Female,23,BE,IT,9.43,3,1,5,6,3,59,3,0,,0.0,22.666666666666668,79.3,9,9
7769,Female,20,BCA,Electrical,7.86,1,2,2,2,3,52,0,0,,0.0,19.0,73.60000000000001,4,4
7770,Male,20,BTech,DS,7.08,2,1,4,4,7,58,3,0,,0.0,23.0,60.8,8,8
7771,Female,23,BCA,AI,9.22,3,3,0,3,7,83,4,0,,0.0,31.0,77.2,7,7
7772,Female,24,BTech,Mechanical,6.89,1,2,5,1,6,89,4,0,,0.0,32.0,63.89999999999999,11,11
7773,Male,20,BSc,CS,6.16,0,2,0,4,7,54,2,0,,0.0,21.666666666666668,61.6,4,4
7774,Male,20,BE,Mechanical,8.25,3,1,1,6,10,77,3,1,Product,13.1,31.0,67.5,5,5
7775,Female,22,BSc,IT,5.68,0,2,4,10,10,66,2,0,,0.0,28.666666666666668,56.8,8,8
7776,Male,20,BCA,IT,7.13,2,3,1,7,5,81,1,1,Service,9.96,31.0,61.3,5,5
7777,Male,22,BE,DS,8.97,3,0,3,6,9,56,2,0,,0.0,23.666666666666668,74.7,5,5
7778,Female,20,BSc,IT,6.77,0,1,4,1,1,49,1,0,,0.0,17.0,67.69999999999999,6,6
7779,Male,20,BSc,IT,9.5,1,0,3,5,5,75,1,1,Product,6.77,28.333333333333332,90.0,4,4
7780,Female,24,BE,Mechanical,9.61,0,1,1,5,3,79,1,1,Startup,9.96,29.0,96.1,3,3
7781,Female,24,BE,Mechanical,9.01,2,0,3,6,8,44,0,0,,0.0,19.333333333333332,80.1,3,3
7782,Female,20,BCA,CS,9.75,1,3,3,5,7,90,5,1,Service,10.41,34.0,92.5,11,11
7783,Female,23,BTech,CS,7.78,0,3,2,9,1,89,4,1,Startup,8.6,33.0,77.8,9,9
7784,Female,23,BTech,IT,7.95,3,2,2,6,9,87,1,1,Service,5.75,34.0,64.5,5,5
7785,Male,20,BE,Electrical,9.1,0,3,1,9,5,66,5,1,Startup,6.25,26.666666666666668,91.0,9,9
7786,Male,23,BTech,AI,7.62,3,3,1,4,1,98,3,0,,0.0,34.333333333333336,61.2,7,7
7787,Male,20,BCA,CS,7.25,3,2,0,3,1,93,0,0,,0.0,32.333333333333336,57.5,2,2
7788,Male,24,BTech,IT,8.14,0,1,5,6,8,67,1,1,Startup,6.48,27.0,81.4,7,7
7789,Female,21,BE,Electrical,8.33,2,3,3,1,3,43,1,0,,0.0,15.666666666666666,73.3,7,7
7790,Female,22,BCA,Electrical,8.73,3,3,5,10,9,46,4,0,,0.0,21.666666666666668,72.30000000000001,12,12
7791,Male,23,BE,Mechanical,8.37,2,0,0,5,8,47,0,0,,0.0,20.0,73.69999999999999,0,0
7792,Female,23,BCA,Electrical,8.71,3,3,0,2,6,54,0,0,,0.0,20.666666666666668,72.10000000000001,3,3
7793,Male,24,BCA,DS,8.4,3,2,4,6,6,80,5,1,Startup,14.39,30.666666666666668,69.0,11,11
7794,Male,23,BE,Mechanical,7.57,0,3,0,3,5,68,2,0,,0.0,25.333333333333332,75.7,5,5
7795,Male,20,BSc,Mechanical,6.08,3,0,0,9,2,78,3,0,,0.0,29.666666666666668,45.8,3,3
7796,Female,20,BE,DS,8.88,1,3,3,2,6,48,4,0,,0.0,18.666666666666668,83.80000000000001,10,10
7797,Female,21,BCA,Mechanical,5.63,0,0,0,1,8,59,5,0,,0.0,22.666666666666668,56.3,5,5
7798,Female,21,BE,CS,9.77,1,3,3,7,6,40,2,0,,0.0,17.666666666666668,92.69999999999999,8,8
7799,Female,21,BE,Mechanical,9.06,1,1,5,5,7,46,2,0,,0.0,19.333333333333332,85.60000000000001,8,8
7800,Male,20,BCA,DS,8.38,3,2,3,1,2,73,3,0,,0.0,25.333333333333332,68.80000000000001,8,8
7801,Female,21,BTech,IT,9.66,2,3,0,5,2,86,5,1,Startup,10.42,31.0,86.6,8,8
7802,Female,21,BCA,IT,8.13,0,1,3,4,3,49,4,0,,0.0,18.666666666666668,81.30000000000001,8,8
7803,Female,20,BE,IT,5.74,2,1,1,1,10,98,5,0,,0.0,36.333333333333336,47.400000000000006,7,7
7804,Male,24,BCA,DS,7.91,0,2,1,8,7,80,5,1,Product,6.22,31.666666666666668,79.1,8,8
7805,Male,23,BCA,DS,6.69,1,0,3,4,8,87,3,0,,0.0,33.0,61.900000000000006,6,6
7806,Female,22,BTech,CS,7.09,3,1,5,10,4,45,4,0,,0.0,19.666666666666668,55.900000000000006,10,10
7807,Female,20,BSc,DS,7.48,3,2,5,7,10,64,1,1,Product,9.33,27.0,59.80000000000001,8,8
7808,Female,20,BE,Electrical,8.83,3,3,1,6,6,51,5,0,,0.0,21.0,73.3,9,9
7809,Female,22,BE,IT,7.66,2,0,4,9,9,79,0,1,Startup,5.17,32.333333333333336,66.6,4,4
7810,Male,22,BTech,DS,7.54,3,0,5,1,7,80,1,0,,0.0,29.333333333333332,60.400000000000006,6,6
7811,Female,21,BCA,AI,6.8,3,0,2,10,4,78,1,1,Startup,3.52,30.666666666666668,53.0,3,3
7812,Female,22,BSc,Mechanical,7.82,2,1,1,9,8,53,1,0,,0.0,23.333333333333332,68.2,3,3
7813,Female,23,BE,CS,6.57,2,1,0,8,8,50,3,0,,0.0,22.0,55.7,4,4
7814,Male,23,BSc,IT,6.62,3,2,1,5,7,51,4,0,,0.0,21.0,51.2,7,7
7815,Male,23,BSc,Electrical,8.76,3,0,4,3,5,58,1,0,,0.0,22.0,72.6,5,5
7816,Female,23,BCA,Electrical,6.97,1,0,4,10,10,81,0,1,Service,6.85,33.666666666666664,64.7,4,4
7817,Female,23,BCA,IT,5.72,3,2,4,2,10,67,1,0,,0.0,26.333333333333332,42.199999999999996,7,7
7818,Female,21,BCA,Electrical,6.98,2,3,5,9,6,92,2,1,Service,11.63,35.666666666666664,59.80000000000001,10,10
7819,Female,20,BE,AI,8.25,0,0,5,3,10,58,2,0,,0.0,23.666666666666668,82.5,7,7
7820,Female,22,BSc,CS,9.0,3,0,1,4,3,68,3,0,,0.0,25.0,75.0,4,4
7821,Male,20,BSc,Mechanical,9.64,0,2,2,6,3,84,5,1,Startup,11.85,31.0,96.4,9,9
7822,Male,22,BE,CS,8.71,3,2,0,5,4,74,5,1,Startup,11.16,27.666666666666668,72.10000000000001,7,7
7823,Male,21,BTech,CS,7.34,3,1,2,6,2,62,0,1,Service,13.51,23.333333333333332,58.400000000000006,3,3
7824,Female,21,BCA,IT,6.79,1,3,5,2,6,99,3,0,,0.0,35.666666666666664,62.900000000000006,11,11
7825,Male,24,BE,DS,6.06,3,1,5,5,3,55,3,0,,0.0,21.0,45.599999999999994,9,9
7826,Male,24,BCA,Mechanical,8.2,2,1,1,4,2,93,3,0,,0.0,33.0,72.0,5,5
7827,Male,21,BSc,CS,7.69,3,2,2,1,9,76,5,0,,0.0,28.666666666666668,61.900000000000006,9,9
7828,Female,21,BE,AI,8.41,0,1,3,4,1,99,1,0,,0.0,34.666666666666664,84.1,5,5
7829,Female,22,BTech,IT,6.52,3,3,0,2,4,60,4,0,,0.0,22.0,50.19999999999999,7,7
7830,Male,21,BCA,DS,6.89,2,0,3,7,9,98,4,1,Service,4.5,38.0,58.89999999999999,7,7
7831,Female,20,BSc,DS,6.76,3,1,3,7,5,79,0,1,Product,10.19,30.333333333333332,52.599999999999994,4,4
7832,Male,22,BSc,IT,8.93,0,1,2,5,6,40,1,0,,0.0,17.0,89.3,4,4
7833,Male,21,BTech,CS,6.24,3,1,3,1,4,85,5,0,,0.0,30.0,47.400000000000006,9,9
7834,Male,22,BTech,Electrical,8.12,1,3,0,1,10,91,4,0,,0.0,34.0,76.19999999999999,7,7
7835,Male,22,BCA,IT,5.72,3,3,3,7,6,76,2,0,,0.0,29.666666666666668,42.199999999999996,8,8
7836,Female,23,BSc,Electrical,7.86,0,3,1,10,7,64,5,1,Product,10.4,27.0,78.60000000000001,9,9
7837,Female,24,BTech,DS,5.77,0,2,0,1,6,55,5,0,,0.0,20.666666666666668,57.699999999999996,7,7
7838,Female,22,BE,DS,6.26,0,0,1,2,6,72,3,0,,0.0,26.666666666666668,62.599999999999994,4,4
7839,Female,22,BTech,AI,5.99,1,2,1,4,3,64,5,0,,0.0,23.666666666666668,54.900000000000006,8,8
7840,Male,23,BE,AI,6.99,3,0,5,5,8,61,4,1,Product,7.7,24.666666666666668,54.900000000000006,9,9
7841,Female,21,BSc,DS,6.98,0,1,4,1,8,42,5,0,,0.0,17.0,69.80000000000001,10,10
7842,Male,22,BCA,AI,9.05,1,3,4,1,4,42,3,0,,0.0,15.666666666666666,85.5,10,10
7843,Female,23,BSc,AI,6.47,1,3,1,3,8,50,1,0,,0.0,20.333333333333332,59.7,5,5
7844,Female,20,BSc,AI,5.87,0,3,5,1,9,82,4,0,,0.0,30.666666666666668,58.7,12,12
7845,Female,23,BSc,DS,8.1,2,1,3,3,5,91,3,0,,0.0,33.0,71.0,7,7
7846,Male,24,BSc,CS,8.46,3,0,1,5,3,44,4,0,,0.0,17.333333333333332,69.60000000000001,5,5
7847,Male,24,BCA,CS,6.77,0,2,1,3,7,83,4,0,,0.0,31.0,67.69999999999999,7,7
7848,Male,21,BTech,Mechanical,8.09,3,2,4,10,4,64,0,1,Startup,9.18,26.0,65.9,6,6
7849,Male,21,BCA,AI,8.84,1,1,2,8,8,77,5,1,Startup,9.75,31.0,83.4,8,8
7850,Female,24,BCA,CS,6.99,3,0,2,5,3,92,0,1,Service,4.46,33.333333333333336,54.900000000000006,2,2
7851,Male,24,BCA,Mechanical,7.76,2,3,5,5,1,55,1,0,,0.0,20.333333333333332,67.6,9,9
7852,Male,22,BCA,IT,6.13,3,0,5,6,5,71,3,0,,0.0,27.333333333333332,46.3,8,8
7853,Female,24,BTech,AI,5.6,0,0,2,4,6,68,5,0,,0.0,26.0,56.0,7,7
7854,Female,21,BSc,CS,9.72,0,3,1,5,9,45,0,0,,0.0,19.666666666666668,97.2,4,4
7855,Male,24,BTech,CS,6.79,0,0,1,6,3,61,0,1,Startup,4.75,23.333333333333332,67.9,1,1
7856,Female,21,BTech,Electrical,6.7,3,1,3,6,6,48,1,0,,0.0,20.0,52.0,5,5
7857,Male,20,BSc,CS,9.68,0,2,5,5,8,49,2,0,,0.0,20.666666666666668,96.8,9,9
7858,Female,24,BTech,Electrical,8.63,3,1,4,10,10,94,2,1,Startup,11.32,38.0,71.30000000000001,7,7
7859,Male,21,BCA,Mechanical,8.02,3,0,5,6,4,53,4,0,,0.0,21.0,65.19999999999999,9,9
7860,Male,23,BCA,Electrical,8.51,0,3,1,9,10,86,1,1,Product,4.81,35.0,85.1,5,5
7861,Male,22,BSc,IT,8.55,2,2,0,8,10,78,3,1,Product,5.03,32.0,75.5,5,5
7862,Male,21,BSc,AI,8.78,0,1,5,4,6,59,5,0,,0.0,23.0,87.8,11,11
7863,Male,24,BSc,CS,5.79,1,0,0,2,3,44,0,0,,0.0,16.333333333333332,52.9,0,0
7864,Female,24,BCA,DS,7.28,1,3,4,4,10,46,2,0,,0.0,20.0,67.8,9,9
7865,Male,20,BSc,AI,6.77,2,1,0,6,9,79,0,1,Service,12.86,31.333333333333332,57.69999999999999,1,1
7866,Male,23,BTech,DS,5.8,1,0,0,10,6,93,4,0,,0.0,36.333333333333336,53.0,4,4
7867,Male,21,BTech,Mechanical,7.27,2,3,4,7,2,95,0,1,Service,7.11,34.666666666666664,62.69999999999999,7,7
7868,Male,23,BE,CS,8.15,3,1,5,4,7,53,1,0,,0.0,21.333333333333332,66.5,7,7
7869,Male,20,BE,AI,6.27,1,3,1,3,7,96,3,0,,0.0,35.333333333333336,57.699999999999996,7,7
7870,Female,22,BSc,AI,6.81,2,1,1,1,1,54,0,0,,0.0,18.666666666666668,58.099999999999994,2,2
7871,Female,23,BE,CS,8.25,0,1,3,7,4,56,5,0,,0.0,22.333333333333332,82.5,9,9
7872,Male,20,BCA,IT,7.99,1,0,1,1,1,59,5,0,,0.0,20.333333333333332,74.9,6,6
7873,Female,21,BCA,Mechanical,9.24,1,2,0,8,6,55,3,0,,0.0,23.0,87.4,5,5
7874,Male,22,BTech,CS,8.9,2,2,0,5,5,80,5,1,Startup,6.31,30.0,79.0,7,7
7875,Female,24,BTech,Electrical,9.65,3,3,3,8,3,60,1,1,Product,10.31,23.666666666666668,81.5,7,7
7876,Female,20,BE,AI,8.07,2,3,4,2,9,50,4,0,,0.0,20.333333333333332,70.7,11,11
7877,Male,24,BE,IT,8.5,2,3,0,3,9,43,1,0,,0.0,18.333333333333332,75.0,4,4
7878,Female,22,BCA,AI,9.2,1,3,1,4,6,64,2,0,,0.0,24.666666666666668,87.0,6,6
7879,Female,20,BTech,DS,9.11,2,3,1,2,6,41,4,0,,0.0,16.333333333333332,81.1,8,8
7880,Male,20,BE,AI,8.59,0,0,1,4,9,41,0,0,,0.0,18.0,85.9,1,1
7881,Male,22,BCA,Mechanical,7.65,2,3,0,6,2,66,3,1,Startup,14.85,24.666666666666668,66.5,6,6
7882,Female,21,BTech,CS,6.67,0,2,2,7,1,70,4,1,Service,8.92,26.0,66.7,8,8
7883,Female,20,BCA,AI,9.27,0,2,0,6,10,86,4,1,Product,13.69,34.0,92.69999999999999,6,6
7884,Female,22,BCA,Electrical,8.84,2,1,0,7,3,47,2,0,,0.0,19.0,78.4,3,3
7885,Male,23,BTech,DS,9.1,3,1,2,2,8,87,0,0,,0.0,32.333333333333336,76.0,3,3
7886,Female,24,BCA,DS,6.11,0,0,2,1,2,47,5,0,,0.0,16.666666666666668,61.1,7,7
7887,Female,20,BE,CS,6.85,0,0,1,9,8,44,4,0,,0.0,20.333333333333332,68.5,5,5
7888,Female,23,BCA,DS,7.33,0,3,1,7,10,61,2,1,Startup,4.13,26.0,73.3,6,6
7889,Male,20,BE,CS,9.1,3,1,1,2,6,82,3,0,,0.0,30.0,76.0,5,5
7890,Male,21,BSc,Mechanical,9.34,2,0,0,7,4,44,3,0,,0.0,18.333333333333332,83.4,3,3
7891,Male,22,BSc,CS,6.73,3,0,5,4,4,79,5,0,,0.0,29.0,52.30000000000001,10,10
7892,Male,20,BSc,IT,8.45,2,2,4,3,7,87,0,0,,0.0,32.333333333333336,74.5,6,6
7893,Female,22,BCA,DS,5.83,0,0,5,4,7,45,5,0,,0.0,18.666666666666668,58.3,10,10
7894,Male,20,BSc,DS,7.26,1,0,3,5,9,77,0,1,Product,9.66,30.333333333333332,67.6,3,3
7895,Female,21,BSc,Electrical,7.59,0,1,4,9,4,46,0,0,,0.0,19.666666666666668,75.9,5,5
7896,Female,21,BCA,AI,8.79,2,3,2,4,9,57,3,0,,0.0,23.333333333333332,77.89999999999999,8,8
7897,Female,23,BTech,IT,9.34,3,3,0,9,4,64,1,1,Product,11.44,25.666666666666668,78.4,4,4
7898,Female,21,BCA,AI,6.95,0,0,5,4,2,42,0,0,,0.0,16.0,69.5,5,5
7899,Male,22,BE,CS,7.77,0,1,0,1,7,64,1,0,,0.0,24.0,77.69999999999999,2,2
7900,Male,21,BCA,Mechanical,8.28,2,3,3,1,9,97,1,0,,0.0,35.666666666666664,72.8,7,7
7901,Male,20,BTech,Electrical,6.91,2,3,4,4,10,60,0,0,,0.0,24.666666666666668,59.099999999999994,7,7
7902,Male,21,BSc,DS,9.74,1,0,2,4,2,70,1,0,,0.0,25.333333333333332,92.4,3,3
7903,Male,22,BCA,Mechanical,9.27,0,3,3,10,6,85,1,1,Startup,14.79,33.666666666666664,92.69999999999999,7,7
7904,Female,20,BSc,CS,6.77,0,3,0,7,6,88,1,1,Service,10.09,33.666666666666664,67.69999999999999,4,4
7905,Male,23,BE,CS,7.68,0,2,3,1,10,81,5,0,,0.0,30.666666666666668,76.8,10,10
7906,Male,23,BTech,IT,6.49,1,1,1,5,3,55,2,0,,0.0,21.0,59.900000000000006,4,4
7907,Male,23,BSc,AI,7.71,1,0,4,10,8,91,4,1,Startup,3.29,36.333333333333336,72.1,8,8
7908,Male,20,BSc,DS,8.44,0,0,2,8,5,61,0,1,Startup,4.39,24.666666666666668,84.39999999999999,2,2
7909,Female,23,BSc,DS,5.87,2,2,1,8,4,90,2,0,,0.0,34.0,48.7,5,5
7910,Female,21,BSc,Mechanical,9.24,3,0,4,7,4,68,0,1,Product,10.88,26.333333333333332,77.4,4,4
7911,Female,20,BCA,IT,8.05,0,2,1,4,5,51,4,0,,0.0,20.0,80.5,7,7
7912,Female,20,BTech,Electrical,9.76,0,1,3,7,10,93,1,1,Service,7.89,36.666666666666664,97.6,5,5
7913,Female,20,BTech,CS,5.61,0,3,2,1,4,85,2,0,,0.0,30.0,56.1,7,7
7914,Male,24,BSc,IT,9.08,2,3,5,6,6,82,0,1,Service,10.97,31.333333333333332,80.8,8,8
7915,Female,22,BTech,DS,8.91,1,1,3,7,8,40,1,0,,0.0,18.333333333333332,84.1,5,5
7916,Female,24,BSc,Electrical,6.07,3,0,3,3,2,65,3,0,,0.0,23.333333333333332,45.7,6,6
7917,Female,24,BE,AI,6.94,3,1,4,8,7,49,2,0,,0.0,21.333333333333332,54.400000000000006,7,7
7918,Male,24,BE,Mechanical,9.3,1,3,2,8,6,64,5,1,Startup,12.64,26.0,88.0,10,10
7919,Male,22,BE,CS,7.73,0,2,2,8,4,64,2,1,Service,9.85,25.333333333333332,77.30000000000001,6,6
7920,Female,24,BTech,CS,7.23,0,2,3,5,2,82,3,1,Service,7.3,29.666666666666668,72.30000000000001,8,8
7921,Male,23,BSc,CS,9.39,3,0,2,7,1,43,1,0,,0.0,17.0,78.9,3,3
7922,Male,20,BCA,AI,5.9,3,3,0,5,8,57,4,0,,0.0,23.333333333333332,44.0,7,7
7923,Female,20,BCA,DS,7.53,0,2,2,8,8,99,3,1,Service,8.2,38.333333333333336,75.3,7,7
7924,Male,21,BE,DS,8.31,2,2,3,9,9,82,3,1,Service,9.04,33.333333333333336,73.10000000000001,8,8
7925,Male,23,BE,IT,8.12,0,2,0,4,5,47,0,0,,0.0,18.666666666666668,81.19999999999999,2,2
7926,Male,22,BTech,Electrical,6.64,2,0,0,4,9,46,2,0,,0.0,19.666666666666668,56.39999999999999,2,2
7927,Female,20,BCA,IT,7.92,0,3,4,7,4,56,4,0,,0.0,22.333333333333332,79.2,11,11
7928,Female,24,BTech,DS,8.55,3,1,3,7,10,45,4,0,,0.0,20.666666666666668,70.5,8,8
7929,Female,21,BE,CS,8.02,0,2,2,8,4,81,4,1,Service,7.29,31.0,80.19999999999999,8,8
7930,Male,21,BSc,AI,8.44,0,1,5,7,5,83,2,1,Service,10.08,31.666666666666668,84.39999999999999,8,8
7931,Female,20,BSc,DS,6.6,1,1,0,7,3,60,4,1,Startup,9.24,23.333333333333332,61.0,5,5
7932,Male,23,BSc,AI,9.08,0,0,3,6,5,41,0,0,,0.0,17.333333333333332,90.8,3,3
7933,Male,21,BE,Mechanical,7.43,0,0,4,6,5,52,1,0,,0.0,21.0,74.3,5,5
7934,Male,20,BTech,CS,9.75,0,1,1,10,10,71,0,1,Product,3.51,30.333333333333332,97.5,2,2
7935,Female,23,BSc,Mechanical,5.6,3,0,1,3,4,52,1,0,,0.0,19.666666666666668,41.0,2,2
7936,Female,20,BCA,DS,7.14,0,1,2,4,5,68,5,0,,0.0,25.666666666666668,71.39999999999999,8,8
7937,Female,20,BCA,IT,6.28,2,2,1,10,5,44,2,0,,0.0,19.666666666666668,52.800000000000004,5,5
7938,Female,23,BE,DS,7.89,2,3,0,4,9,93,3,0,,0.0,35.333333333333336,68.89999999999999,6,6
7939,Male,23,BCA,Mechanical,6.55,0,1,5,9,1,65,3,1,Service,10.0,25.0,65.5,9,9
7940,Female,23,BCA,AI,8.67,3,3,0,6,7,77,4,1,Service,5.04,30.0,71.7,7,7
7941,Male,20,BE,Electrical,9.29,2,1,3,10,1,71,4,1,Product,3.15,27.333333333333332,82.89999999999999,8,8
7942,Female,21,BTech,Electrical,6.41,0,2,2,3,1,87,2,0,,0.0,30.333333333333332,64.1,6,6
7943,Female,22,BSc,DS,6.19,0,0,5,4,3,57,3,0,,0.0,21.333333333333332,61.900000000000006,8,8
7944,Female,22,BE,IT,9.26,2,1,3,6,5,56,1,0,,0.0,22.333333333333332,82.6,5,5
7945,Male,20,BCA,Mechanical,7.05,3,0,5,6,9,59,2,0,,0.0,24.666666666666668,55.5,7,7
7946,Male,20,BSc,DS,7.37,3,2,3,5,9,54,3,0,,0.0,22.666666666666668,58.7,8,8
7947,Male,21,BSc,Mechanical,6.45,2,3,2,1,1,99,1,0,,0.0,33.666666666666664,54.5,6,6
7948,Male,23,BSc,Mechanical,7.33,0,1,5,10,3,54,4,0,,0.0,22.333333333333332,73.3,10,10
7949,Male,20,BE,CS,6.49,3,1,5,6,1,86,4,0,,0.0,31.0,49.900000000000006,10,10
7950,Female,24,BSc,Electrical,8.36,1,3,3,4,1,43,3,0,,0.0,16.0,78.6,9,9
7951,Male,23,BTech,Electrical,7.65,0,1,5,8,9,48,1,0,,0.0,21.666666666666668,76.5,7,7
7952,Male,20,BCA,AI,8.89,3,1,1,10,2,83,5,1,Product,5.19,31.666666666666668,73.9,7,7
7953,Male,24,BE,CS,6.84,0,3,4,1,1,85,2,0,,0.0,29.0,68.4,9,9
7954,Male,21,BE,Electrical,7.67,1,0,3,5,6,72,3,1,Startup,11.11,27.666666666666668,71.7,6,6
7955,Female,24,BSc,Mechanical,6.62,2,0,5,4,2,98,3,0,,0.0,34.666666666666664,56.2,8,8
7956,Male,20,BCA,IT,9.52,1,3,0,5,5,49,5,0,,0.0,19.666666666666668,90.19999999999999,8,8
7957,Female,22,BSc,IT,7.74,0,2,0,9,3,86,5,1,Startup,3.7,32.666666666666664,77.4,7,7
7958,Female,20,BSc,CS,6.25,2,3,1,7,10,82,0,0,,0.0,33.0,52.5,4,4
7959,Female,22,BE,IT,6.67,1,3,3,3,5,40,5,0,,0.0,16.0,61.7,11,11
7960,Male,21,BTech,Mechanical,5.86,3,0,3,3,8,79,0,0,,0.0,30.0,43.6,3,3
7961,Female,21,BCA,DS,5.62,1,1,2,7,6,92,5,0,,0.0,35.0,51.2,8,8
7962,Male,23,BCA,Mechanical,7.76,0,2,3,1,8,48,0,0,,0.0,19.0,77.6,5,5
7963,Male,23,BCA,Electrical,6.95,3,1,3,8,6,61,3,1,Startup,9.77,25.0,54.5,7,7
7964,Male,22,BCA,DS,9.64,1,1,0,3,4,65,1,0,,0.0,24.0,91.4,2,2
7965,Male,22,BTech,IT,6.24,0,2,2,8,4,74,2,0,,0.0,28.666666666666668,62.400000000000006,6,6
7966,Male,21,BE,AI,8.91,2,3,3,8,10,72,2,1,Product,3.78,30.0,79.1,8,8
7967,Female,24,BTech,AI,6.86,1,3,5,2,10,49,4,0,,0.0,20.333333333333332,63.60000000000001,12,12
7968,Female,22,BSc,Mechanical,6.46,2,1,1,3,3,77,3,0,,0.0,27.666666666666668,54.599999999999994,5,5
7969,Male,22,BE,Mechanical,9.67,3,1,3,10,8,98,0,1,Product,7.7,38.666666666666664,81.7,4,4
7970,Female,24,BTech,IT,8.95,2,2,2,1,10,58,2,0,,0.0,23.0,79.5,6,6
7971,Male,23,BCA,AI,8.21,0,0,1,6,9,43,1,0,,0.0,19.333333333333332,82.10000000000001,2,2
7972,Female,23,BCA,AI,8.5,3,2,1,3,8,58,1,0,,0.0,23.0,70.0,4,4
7973,Female,22,BE,Mechanical,9.76,1,2,1,9,9,46,3,0,,0.0,21.333333333333332,92.6,6,6
7974,Female,23,BTech,Electrical,8.05,2,2,0,1,10,51,5,0,,0.0,20.666666666666668,70.5,7,7
7975,Female,23,BE,AI,5.94,3,0,0,8,9,66,1,0,,0.0,27.666666666666668,44.400000000000006,1,1
7976,Female,23,BCA,Mechanical,5.78,3,3,1,7,3,71,4,0,,0.0,27.0,42.800000000000004,8,8
7977,Male,21,BTech,CS,8.37,1,2,5,7,4,66,3,1,Product,7.86,25.666666666666668,78.69999999999999,10,10
7978,Male,20,BCA,AI,8.33,1,0,0,8,3,96,3,1,Product,6.63,35.666666666666664,78.3,3,3
7979,Female,22,BE,DS,8.72,1,1,1,9,5,60,5,1,Startup,6.36,24.666666666666668,82.2,7,7
7980,Male,22,BE,IT,5.97,1,2,1,8,9,93,4,0,,0.0,36.666666666666664,54.699999999999996,7,7
7981,Female,21,BE,Mechanical,9.56,2,1,4,6,3,44,4,0,,0.0,17.666666666666668,85.60000000000001,9,9
7982,Male,20,BE,AI,7.87,3,1,0,1,6,58,5,0,,0.0,21.666666666666668,63.7,6,6
7983,Female,20,BE,AI,8.29,1,0,4,1,4,90,1,0,,0.0,31.666666666666668,77.89999999999999,5,5
7984,Female,21,BSc,Electrical,5.65,3,1,5,7,1,91,0,0,,0.0,33.0,41.5,6,6
7985,Female,24,BE,Mechanical,9.63,3,1,5,3,8,92,2,0,,0.0,34.333333333333336,81.30000000000001,8,8
7986,Male,24,BE,DS,7.92,0,2,1,3,3,46,3,0,,0.0,17.333333333333332,79.2,6,6
7987,Male,20,BCA,AI,7.92,0,1,1,9,8,53,3,0,,0.0,23.333333333333332,79.2,5,5
7988,Female,24,BE,CS,9.56,1,2,4,10,5,48,2,0,,0.0,21.0,90.60000000000001,8,8
7989,Female,24,BTech,IT,9.5,1,1,2,4,8,76,1,0,,0.0,29.333333333333332,90.0,4,4
7990,Male,24,BE,Mechanical,6.45,0,3,1,3,1,89,2,0,,0.0,31.0,64.5,6,6
7991,Male,20,BSc,AI,9.5,3,3,5,2,6,48,0,0,,0.0,18.666666666666668,80.0,8,8
7992,Male,24,BE,Electrical,8.67,1,0,5,5,3,44,1,0,,0.0,17.333333333333332,81.7,6,6
7993,Male,22,BCA,Electrical,5.58,2,1,0,9,5,93,3,0,,0.0,35.666666666666664,45.8,4,4
7994,Male,20,BTech,IT,6.53,1,0,3,8,4,87,2,1,Service,8.93,33.0,60.3,5,5
7995,Female,21,BTech,Mechanical,7.28,1,2,5,8,9,48,2,0,,0.0,21.666666666666668,67.8,9,9
7996,Male,24,BE,Mechanical,8.01,2,2,3,1,3,91,1,0,,0.0,31.666666666666668,70.1,6,6
7997,Female,23,BE,Mechanical,8.52,1,1,3,9,7,82,3,1,Startup,11.03,32.666666666666664,80.19999999999999,7,7
7998,Female,20,BE,DS,6.4,3,1,4,8,4,69,2,0,,0.0,27.0,49.0,7,7
7999,Male,21,BE,CS,9.1,2,3,1,3,3,53,4,0,,0.0,19.666666666666668,81.0,8,8
8000,Male,22,BCA,Electrical,9.14,2,2,5,8,10,99,2,1,Startup,14.95,39.0,81.4,9,9
8001,Female,21,BCA,Mechanical,8.23,0,2,5,9,3,42,2,0,,0.0,18.0,82.30000000000001,9,9
8002,Male,24,BTech,DS,9.46,3,2,2,2,4,91,0,0,,0.0,32.333333333333336,79.60000000000001,4,4
8003,Female,23,BE,Mechanical,9.0,0,0,0,1,7,63,0,0,,0.0,23.666666666666668,90.0,0,0
8004,Male,24,BCA,Mechanical,6.45,3,1,3,1,9,67,2,0,,0.0,25.666666666666668,49.5,6,6
8005,Male,21,BCA,DS,8.93,1,2,3,1,6,78,2,0,,0.0,28.333333333333332,84.3,7,7
8006,Male,20,BTech,CS,9.6,0,2,0,5,1,94,0,1,Service,14.02,33.333333333333336,96.0,2,2
8007,Female,23,BTech,IT,6.09,1,1,3,2,8,50,4,0,,0.0,20.0,55.9,8,8
8008,Male,23,BSc,Electrical,9.71,1,1,4,4,2,56,3,0,,0.0,20.666666666666668,92.10000000000001,8,8
8009,Female,21,BCA,AI,5.61,0,0,1,1,9,57,1,0,,0.0,22.333333333333332,56.1,2,2
8010,Male,24,BTech,Mechanical,7.75,0,3,1,2,3,90,2,0,,0.0,31.666666666666668,77.5,6,6
8011,Female,21,BCA,CS,8.83,1,2,2,7,10,56,3,0,,0.0,24.333333333333332,83.3,7,7
8012,Male,23,BCA,Electrical,8.9,1,3,4,9,7,64,2,1,Product,10.06,26.666666666666668,84.0,9,9
8013,Female,21,BE,AI,8.66,3,1,2,6,6,80,0,1,Service,11.43,30.666666666666668,71.6,3,3
8014,Female,23,BE,Mechanical,7.78,1,3,3,10,9,53,5,0,,0.0,24.0,72.8,11,11
8015,Female,24,BE,AI,8.3,2,0,5,10,3,60,2,1,Service,8.87,24.333333333333332,73.0,7,7
8016,Female,20,BE,DS,8.51,1,3,1,5,2,50,3,0,,0.0,19.0,80.1,7,7
8017,Female,20,BCA,Electrical,7.63,1,2,2,10,3,86,5,1,Service,13.76,33.0,71.3,9,9
8018,Female,21,BSc,CS,8.06,1,0,2,7,4,66,1,1,Startup,4.51,25.666666666666668,75.60000000000001,3,3
8019,Male,23,BSc,CS,9.14,0,1,4,9,5,43,0,0,,0.0,19.0,91.4,5,5
8020,Female,20,BSc,Electrical,6.85,0,0,5,2,6,90,4,0,,0.0,32.666666666666664,68.5,9,9
8021,Female,23,BCA,IT,7.75,2,2,3,6,7,80,2,1,Product,11.17,31.0,67.5,7,7
8022,Female,24,BSc,IT,5.54,1,1,0,3,10,73,1,0,,0.0,28.666666666666668,50.4,2,2
8023,Male,21,BCA,AI,8.46,3,3,4,10,3,79,3,1,Service,3.62,30.666666666666668,69.60000000000001,10,10
8024,Male,23,BTech,DS,6.34,3,2,4,10,9,46,5,0,,0.0,21.666666666666668,48.4,11,11
8025,Male,21,BSc,AI,7.57,1,0,3,4,3,57,0,0,,0.0,21.333333333333332,70.7,3,3
8026,Female,23,BCA,Mechanical,6.4,1,0,0,5,3,99,1,0,,0.0,35.666666666666664,59.0,1,1
8027,Male,23,BTech,CS,5.6,1,0,4,5,8,58,4,0,,0.0,23.666666666666668,51.0,8,8
8028,Male,24,BE,AI,7.58,1,1,2,10,10,57,2,0,,0.0,25.666666666666668,70.8,5,5
8029,Female,21,BTech,AI,7.33,1,0,2,8,3,54,0,0,,0.0,21.666666666666668,68.3,2,2
8030,Female,22,BTech,Electrical,7.33,0,1,2,5,7,50,1,0,,0.0,20.666666666666668,73.3,4,4
8031,Male,23,BSc,CS,6.4,2,0,5,2,1,51,3,0,,0.0,18.0,54.0,8,8
8032,Female,23,BE,CS,9.57,0,0,5,2,1,74,3,0,,0.0,25.666666666666668,95.7,8,8
8033,Female,20,BE,IT,5.52,3,1,2,1,5,75,5,0,,0.0,27.0,40.199999999999996,8,8
8034,Female,21,BSc,IT,9.33,0,1,0,2,9,92,5,0,,0.0,34.333333333333336,93.3,6,6
8035,Female,22,BTech,CS,8.67,0,1,5,1,8,89,5,0,,0.0,32.666666666666664,86.7,11,11
8036,Male,24,BCA,AI,6.24,2,2,3,3,2,51,4,0,,0.0,18.666666666666668,52.400000000000006,9,9
8037,Female,22,BSc,Mechanical,7.53,3,3,3,5,8,55,5,0,,0.0,22.666666666666668,60.3,11,11
8038,Male,24,BTech,AI,9.75,3,0,0,3,10,99,2,0,,0.0,37.333333333333336,82.5,2,2
8039,Male,22,BCA,Mechanical,8.27,1,2,3,7,9,67,4,1,Startup,4.96,27.666666666666668,77.69999999999999,9,9
8040,Male,22,BSc,CS,6.05,2,3,2,10,4,83,1,0,,0.0,32.333333333333336,50.5,6,6
8041,Male,21,BSc,Electrical,7.47,0,0,0,2,9,78,5,0,,0.0,29.666666666666668,74.7,5,5
8042,Female,20,BE,Mechanical,7.51,0,0,2,5,4,83,0,1,Startup,5.12,30.666666666666668,75.1,2,2
8043,Female,22,BE,IT,8.95,0,0,3,3,8,75,0,0,,0.0,28.666666666666668,89.5,3,3
8044,Female,23,BE,Electrical,9.44,3,3,4,2,7,98,1,0,,0.0,35.666666666666664,79.39999999999999,8,8
8045,Male,23,BCA,CS,5.85,3,0,0,4,7,69,0,0,,0.0,26.666666666666668,43.5,0,0
8046,Male,23,BSc,DS,6.85,0,2,1,9,9,55,5,0,,0.0,24.333333333333332,68.5,8,8
8047,Male,20,BE,Mechanical,6.78,3,0,1,9,8,55,1,0,,0.0,24.0,52.8,2,2
8048,Female,22,BE,Mechanical,9.78,1,2,5,6,10,88,5,1,Service,3.64,34.666666666666664,92.8,12,12
8049,Male,24,BSc,Electrical,7.9,0,1,2,7,10,59,4,0,,0.0,25.333333333333332,79.0,7,7
8050,Female,24,BCA,DS,9.28,0,3,3,1,6,48,2,0,,0.0,18.333333333333332,92.8,8,8
8051,Female,21,BE,DS,7.33,1,2,2,3,4,85,3,0,,0.0,30.666666666666668,68.3,7,7
8052,Female,20,BTech,CS,8.61,3,0,5,2,5,44,3,0,,0.0,17.0,71.1,8,8
8053,Female,22,BCA,Electrical,6.73,0,2,5,9,4,70,3,1,Product,6.48,27.666666666666668,67.30000000000001,10,10
8054,Male,23,BE,AI,9.42,1,2,1,10,1,57,0,0,,0.0,22.666666666666668,89.2,3,3
8055,Female,20,BTech,DS,7.46,2,1,0,8,6,83,4,1,Service,14.65,32.333333333333336,64.6,5,5
8056,Male,20,BE,Mechanical,8.96,1,3,2,3,9,61,4,0,,0.0,24.333333333333332,84.60000000000001,9,9
8057,Female,22,BCA,DS,6.6,0,1,3,10,7,78,3,1,Product,9.28,31.666666666666668,66.0,7,7
8058,Male,21,BSc,CS,8.48,1,3,1,8,10,41,5,0,,0.0,19.666666666666668,79.80000000000001,9,9
8059,Male,21,BSc,CS,7.24,3,1,0,10,4,97,4,1,Product,10.16,37.0,57.400000000000006,5,5
8060,Female,21,BCA,Mechanical,5.64,0,3,2,8,1,89,1,0,,0.0,32.666666666666664,56.4,6,6
8061,Female,23,BE,Mechanical,7.28,0,0,0,8,8,97,3,1,Service,3.75,37.666666666666664,72.8,3,3
8062,Female,23,BCA,Mechanical,7.87,3,2,4,4,2,42,3,0,,0.0,16.0,63.7,9,9
8063,Male,22,BTech,AI,6.15,3,2,1,7,2,86,2,0,,0.0,31.666666666666668,46.5,5,5
8064,Female,21,BE,Mechanical,6.29,3,1,2,10,7,67,3,0,,0.0,28.0,47.9,6,6
8065,Female,22,BCA,Electrical,7.5,2,0,0,8,8,50,0,0,,0.0,22.0,65.0,0,0
8066,Male,21,BSc,CS,6.97,0,0,2,10,2,49,5,0,,0.0,20.333333333333332,69.7,7,7
8067,Female,20,BCA,CS,7.4,0,0,3,5,2,59,1,0,,0.0,22.0,74.0,4,4
8068,Male,24,BE,DS,7.48,0,1,3,9,4,70,4,1,Startup,5.2,27.666666666666668,74.80000000000001,8,8
8069,Female,24,BCA,Mechanical,6.1,1,3,2,9,9,92,5,0,,0.0,36.666666666666664,56.0,10,10
8070,Male,21,BSc,AI,6.28,0,0,1,3,9,90,0,0,,0.0,34.0,62.800000000000004,1,1
8071,Male,22,BTech,Electrical,9.15,0,0,5,3,8,84,1,0,,0.0,31.666666666666668,91.5,6,6
8072,Female,23,BCA,IT,6.2,3,3,2,8,7,87,5,0,,0.0,34.0,47.0,10,10
8073,Male,21,BCA,DS,8.36,3,3,2,7,8,91,5,1,Startup,8.44,35.333333333333336,68.6,10,10
8074,Female,21,BTech,Electrical,7.3,3,0,2,9,7,94,2,1,Startup,12.51,36.666666666666664,58.0,4,4
8075,Female,23,BCA,AI,9.66,0,1,2,2,3,61,3,0,,0.0,22.0,96.6,6,6
8076,Male,21,BSc,Mechanical,5.78,3,1,1,2,4,57,4,0,,0.0,21.0,42.800000000000004,6,6
8077,Female,20,BTech,AI,9.07,2,2,4,7,2,51,5,0,,0.0,20.0,80.7,11,11
8078,Male,23,BSc,IT,7.61,3,2,4,8,8,54,3,0,,0.0,23.333333333333332,61.10000000000001,9,9
8079,Male,20,BSc,Electrical,5.52,2,2,0,3,8,94,0,0,,0.0,35.0,45.199999999999996,2,2
8080,Male,24,BSc,AI,6.63,1,1,1,1,7,73,3,0,,0.0,27.0,61.3,5,5
8081,Male,23,BE,IT,7.25,2,2,1,10,9,84,1,1,Product,8.84,34.333333333333336,62.5,4,4
8082,Male,23,BTech,IT,6.85,2,0,1,7,7,67,3,1,Startup,12.54,27.0,58.5,4,4
8083,Male,22,BE,Electrical,7.06,1,1,3,6,3,83,3,1,Product,12.22,30.666666666666668,65.6,7,7
8084,Male,22,BE,IT,9.44,2,1,1,1,8,54,2,0,,0.0,21.0,84.39999999999999,4,4
8085,Male,23,BCA,Electrical,7.05,0,2,3,9,3,99,3,1,Startup,8.56,37.0,70.5,8,8
8086,Female,24,BTech,AI,7.3,0,0,4,6,1,74,2,1,Startup,12.92,27.0,73.0,6,6
8087,Female,21,BCA,Mechanical,8.77,3,0,4,5,1,56,0,0,,0.0,20.666666666666668,72.69999999999999,4,4
8088,Male,22,BE,CS,8.91,3,1,3,3,4,77,2,0,,0.0,28.0,74.1,6,6
8089,Female,24,BCA,CS,5.86,3,1,2,9,2,50,2,0,,0.0,20.333333333333332,43.6,5,5
8090,Female,24,BSc,AI,8.53,3,2,4,7,10,65,0,1,Product,4.88,27.333333333333332,70.3,6,6
8091,Female,22,BE,Mechanical,7.58,0,0,2,4,8,68,2,0,,0.0,26.666666666666668,75.8,4,4
8092,Female,21,BSc,CS,6.08,3,1,0,1,1,91,3,0,,0.0,31.0,45.8,4,4
8093,Female,22,BTech,IT,6.64,2,3,3,4,6,64,0,0,,0.0,24.666666666666668,56.39999999999999,6,6
8094,Female,24,BCA,AI,5.69,1,0,5,3,4,43,0,0,,0.0,16.666666666666668,51.900000000000006,5,5
8095,Male,20,BE,AI,7.05,2,3,0,6,8,66,2,1,Startup,9.45,26.666666666666668,60.5,5,5
8096,Female,22,BTech,DS,6.6,1,1,3,1,3,81,2,0,,0.0,28.333333333333332,61.0,6,6
8097,Female,24,BSc,DS,7.14,0,2,0,4,5,61,1,0,,0.0,23.333333333333332,71.39999999999999,3,3
8098,Female,22,BCA,DS,8.0,1,1,0,1,7,63,0,0,,0.0,23.666666666666668,75.0,1,1
8099,Female,24,BCA,Electrical,8.65,3,1,1,1,1,92,4,0,,0.0,31.333333333333332,71.5,6,6
8100,Male,21,BE,Mechanical,8.1,0,3,5,6,4,58,3,0,,0.0,22.666666666666668,81.0,11,11
8101,Male,24,BCA,AI,8.42,3,1,4,6,2,80,5,1,Service,14.21,29.333333333333332,69.2,10,10
8102,Male,23,BCA,DS,9.22,2,2,3,9,4,66,5,1,Service,14.94,26.333333333333332,82.2,10,10
8103,Male,20,BSc,AI,9.26,2,3,4,7,2,58,2,0,,0.0,22.333333333333332,82.6,9,9
8104,Female,24,BSc,IT,9.2,3,3,1,6,2,86,5,1,Product,3.21,31.333333333333332,77.0,9,9
8105,Male,22,BSc,DS,6.16,1,2,4,3,10,80,0,0,,0.0,31.0,56.6,6,6
8106,Male,22,BTech,AI,6.58,2,3,5,3,7,52,0,0,,0.0,20.666666666666668,55.8,8,8
8107,Male,24,BTech,Mechanical,7.66,1,2,3,5,8,70,3,1,Product,9.3,27.666666666666668,71.6,8,8
8108,Male,23,BCA,Electrical,7.04,2,3,1,6,7,41,0,0,,0.0,18.0,60.400000000000006,4,4
8109,Female,24,BTech,Mechanical,6.07,3,1,2,6,9,66,4,0,,0.0,27.0,45.7,7,7
8110,Male,21,BE,Mechanical,6.74,3,1,1,8,8,47,1,0,,0.0,21.0,52.400000000000006,3,3
8111,Female,23,BSc,DS,9.69,2,0,5,8,8,51,3,0,,0.0,22.333333333333332,86.89999999999999,8,8
8112,Male,24,BTech,Mechanical,6.99,2,3,3,1,6,68,4,0,,0.0,25.0,59.900000000000006,10,10
8113,Female,20,BCA,Electrical,7.3,1,2,0,3,5,68,0,0,,0.0,25.333333333333332,68.0,2,2
8114,Female,23,BSc,CS,5.53,1,2,4,5,1,61,0,0,,0.0,22.333333333333332,50.300000000000004,6,6
8115,Male,24,BTech,Electrical,8.59,1,3,5,9,2,69,2,1,Startup,5.82,26.666666666666668,80.9,10,10
8116,Male,20,BSc,IT,7.28,3,1,0,4,10,48,3,0,,0.0,20.666666666666668,57.8,4,4
8117,Male,24,BTech,Electrical,5.94,2,2,2,5,1,44,1,0,,0.0,16.666666666666668,49.400000000000006,5,5
8118,Male,21,BCA,AI,9.66,0,0,0,1,9,75,2,0,,0.0,28.333333333333332,96.6,2,2
8119,Female,22,BTech,CS,8.84,1,2,4,7,4,52,5,0,,0.0,21.0,83.4,11,11
8120,Female,24,BTech,DS,8.62,0,2,0,2,3,86,0,0,,0.0,30.333333333333332,86.19999999999999,2,2
8121,Male,23,BTech,AI,9.62,3,2,1,1,10,41,1,0,,0.0,17.333333333333332,81.19999999999999,4,4
8122,Male,24,BSc,Electrical,7.25,1,0,3,2,2,72,3,0,,0.0,25.333333333333332,67.5,6,6
8123,Female,24,BTech,AI,8.59,1,0,5,8,7,43,4,0,,0.0,19.333333333333332,80.9,9,9
8124,Male,24,BTech,Mechanical,6.39,0,2,5,1,6,95,1,0,,0.0,34.0,63.9,8,8
8125,Female,24,BTech,AI,8.5,0,0,0,1,10,49,2,0,,0.0,20.0,85.0,2,2
8126,Male,23,BSc,AI,5.56,2,1,3,1,10,96,4,0,,0.0,35.666666666666664,45.599999999999994,8,8
8127,Female,23,BCA,Electrical,6.04,0,2,3,2,7,72,4,0,,0.0,27.0,60.4,9,9
8128,Female,24,BCA,IT,7.33,3,0,5,1,1,41,1,0,,0.0,14.333333333333334,58.3,6,6
8129,Female,22,BCA,Electrical,5.55,1,0,3,2,1,51,5,0,,0.0,18.0,50.5,8,8
8130,Female,24,BTech,DS,7.49,0,0,1,7,10,55,1,0,,0.0,24.0,74.9,2,2
8131,Female,23,BSc,CS,7.75,3,1,3,1,4,99,2,0,,0.0,34.666666666666664,62.5,6,6
8132,Male,21,BCA,Mechanical,8.17,0,0,5,10,5,74,1,1,Service,7.78,29.666666666666668,81.7,6,6
8133,Female,24,BCA,IT,5.93,0,3,0,2,2,95,3,0,,0.0,33.0,59.3,6,6
8134,Male,24,BCA,CS,6.28,0,3,5,3,10,98,4,0,,0.0,37.0,62.800000000000004,12,12
8135,Female,24,BE,CS,8.14,2,1,3,2,6,48,4,0,,0.0,18.666666666666668,71.4,8,8
8136,Female,24,BSc,IT,8.33,1,1,1,3,2,42,2,0,,0.0,15.666666666666666,78.3,4,4
8137,Male,20,BE,Mechanical,5.61,1,0,5,7,7,67,1,0,,0.0,27.0,51.1,6,6
8138,Male,24,BTech,DS,7.82,1,1,3,2,10,91,5,0,,0.0,34.333333333333336,73.2,9,9
8139,Male,23,BCA,IT,8.88,2,0,0,3,2,55,1,0,,0.0,20.0,78.80000000000001,1,1
8140,Male,23,BTech,IT,5.8,0,0,1,6,1,79,4,0,,0.0,28.666666666666668,58.0,5,5
8141,Female,20,BSc,IT,7.28,1,0,2,4,9,58,4,0,,0.0,23.666666666666668,67.8,6,6
8142,Male,24,BTech,Mechanical,6.9,1,3,2,1,4,50,2,0,,0.0,18.333333333333332,64.0,7,7
8143,Female,22,BTech,IT,9.43,0,3,0,8,1,77,1,1,Service,14.7,28.666666666666668,94.3,4,4
8144,Male,24,BCA,IT,6.3,1,2,4,7,8,85,0,0,,0.0,33.333333333333336,58.0,6,6
8145,Male,23,BSc,AI,6.87,0,1,3,8,9,70,1,1,Service,14.01,29.0,68.7,5,5
8146,Female,21,BTech,AI,9.36,2,3,5,9,6,40,2,0,,0.0,18.333333333333332,83.6,10,10
8147,Female,21,BE,AI,6.92,1,1,4,9,10,83,4,1,Service,9.65,34.0,64.2,9,9
8148,Male,22,BCA,AI,7.78,1,0,1,3,10,94,4,0,,0.0,35.666666666666664,72.8,5,5
8149,Female,24,BE,IT,5.64,0,1,3,9,4,69,0,0,,0.0,27.333333333333332,56.4,4,4
8150,Female,20,BCA,AI,9.74,3,0,5,6,2,60,0,1,Startup,3.63,22.666666666666668,82.4,5,5
8151,Female,24,BTech,CS,9.05,2,1,5,10,8,54,2,0,,0.0,24.0,80.5,8,8
8152,Female,22,BCA,DS,8.23,1,3,5,10,3,55,1,0,,0.0,22.666666666666668,77.30000000000001,9,9
8153,Female,22,BTech,AI,5.76,0,1,4,2,6,43,4,0,,0.0,17.0,57.599999999999994,9,9
8154,Female,22,BE,Mechanical,5.82,2,0,0,1,6,63,5,0,,0.0,23.333333333333332,48.2,5,5
8155,Female,21,BTech,DS,7.84,0,3,1,4,1,79,3,0,,0.0,28.0,78.4,7,7
8156,Female,24,BCA,Electrical,6.73,3,0,3,9,7,62,3,1,Startup,9.32,26.0,52.30000000000001,6,6
8157,Male,24,BCA,Electrical,8.18,1,0,2,2,7,56,3,0,,0.0,21.666666666666668,76.8,5,5
8158,Female,20,BCA,CS,8.07,3,3,5,1,5,97,4,0,,0.0,34.333333333333336,65.7,12,12
8159,Male,22,BE,DS,9.11,1,1,5,2,2,93,4,0,,0.0,32.333333333333336,86.1,10,10
8160,Female,22,BSc,DS,6.71,3,2,3,7,4,74,3,1,Startup,3.08,28.333333333333332,52.099999999999994,8,8
8161,Female,23,BE,CS,7.98,1,2,5,5,7,95,0,1,Startup,11.73,35.666666666666664,74.80000000000001,7,7
8162,Female,23,BTech,Electrical,8.84,0,1,1,5,6,65,3,1,Service,9.94,25.333333333333332,88.4,5,5
8163,Female,21,BTech,AI,7.61,2,1,2,10,9,74,0,1,Service,10.48,31.0,66.10000000000001,3,3
8164,Male,24,BE,CS,9.07,1,3,0,4,8,54,2,0,,0.0,22.0,85.7,5,5
8165,Male,20,BE,Mechanical,6.06,1,0,3,1,5,54,5,0,,0.0,20.0,55.599999999999994,8,8
8166,Female,20,BTech,CS,8.66,0,3,4,8,7,66,3,1,Product,4.88,27.0,86.6,10,10
8167,Male,22,BTech,IT,9.55,3,3,4,1,3,47,5,0,,0.0,17.0,80.5,12,12
8168,Female,20,BTech,Electrical,6.93,1,0,0,10,4,92,3,1,Startup,11.78,35.333333333333336,64.3,3,3
8169,Female,22,BSc,IT,7.08,3,0,1,3,7,54,0,0,,0.0,21.333333333333332,55.8,1,1
8170,Male,24,BSc,Electrical,5.86,0,1,0,2,1,92,0,0,,0.0,31.666666666666668,58.6,1,1
8171,Male,20,BE,Electrical,8.26,1,0,1,2,9,47,5,0,,0.0,19.333333333333332,77.6,6,6
8172,Female,22,BE,DS,7.88,2,0,2,9,7,90,0,1,Service,3.84,35.333333333333336,68.8,2,2
8173,Female,24,BSc,AI,5.67,1,1,1,9,9,43,2,0,,0.0,20.333333333333332,51.7,4,4
8174,Male,24,BCA,AI,8.73,0,3,2,5,7,40,3,0,,0.0,17.333333333333332,87.30000000000001,8,8
8175,Female,22,BSc,Electrical,9.07,3,2,3,2,5,64,5,0,,0.0,23.666666666666668,75.7,10,10
8176,Male,22,BE,Electrical,9.4,1,0,3,10,1,74,0,1,Service,6.5,28.333333333333332,89.0,3,3
8177,Female,21,BSc,IT,7.85,0,3,0,7,7,47,5,0,,0.0,20.333333333333332,78.5,8,8
8178,Female,24,BCA,Mechanical,7.45,0,3,0,8,10,88,5,1,Service,9.52,35.333333333333336,74.5,8,8
8179,Male,22,BE,CS,9.27,0,2,3,9,9,56,2,0,,0.0,24.666666666666668,92.69999999999999,7,7
8180,Male,24,BTech,Electrical,7.21,3,0,4,4,3,67,2,0,,0.0,24.666666666666668,57.099999999999994,6,6
8181,Male,20,BE,Electrical,8.32,3,3,2,1,5,45,4,0,,0.0,17.0,68.2,9,9
8182,Female,23,BSc,CS,8.15,2,3,5,7,10,99,0,1,Startup,12.03,38.666666666666664,71.5,8,8
8183,Female,23,BSc,CS,7.1,2,0,3,7,3,82,0,1,Startup,14.15,30.666666666666668,61.0,3,3
8184,Female,22,BCA,Mechanical,5.87,1,0,5,1,1,45,5,0,,0.0,15.666666666666666,53.7,10,10
8185,Female,22,BSc,Mechanical,5.59,0,3,5,4,8,94,0,0,,0.0,35.333333333333336,55.9,8,8
8186,Male,24,BCA,CS,7.34,2,1,4,4,7,40,4,0,,0.0,17.0,63.400000000000006,9,9
8187,Female,22,BE,Electrical,7.57,3,1,5,1,10,42,0,0,,0.0,17.666666666666668,60.7,6,6
8188,Female,24,BSc,Electrical,9.04,0,3,1,7,8,91,0,1,Service,14.55,35.333333333333336,90.39999999999999,4,4
8189,Female,22,BE,CS,7.28,1,0,3,3,3,48,2,0,,0.0,18.0,67.8,5,5
8190,Male,24,BTech,Electrical,6.71,0,0,4,1,5,54,0,0,,0.0,20.0,67.1,4,4
8191,Female,22,BTech,Mechanical,7.49,2,1,3,7,7,79,3,1,Product,7.81,31.0,64.9,7,7
8192,Female,21,BCA,CS,6.52,2,1,5,3,9,59,1,0,,0.0,23.666666666666668,55.19999999999999,7,7
8193,Male,24,BSc,Mechanical,5.89,0,2,1,3,6,55,0,0,,0.0,21.333333333333332,58.9,3,3
8194,Female,21,BE,Electrical,5.99,3,1,1,3,3,49,2,0,,0.0,18.333333333333332,44.900000000000006,4,4
8195,Female,21,BE,Electrical,6.87,0,0,2,4,7,53,4,0,,0.0,21.333333333333332,68.7,6,6
8196,Male,21,BSc,DS,5.55,0,1,1,5,7,94,4,0,,0.0,35.333333333333336,55.5,6,6
8197,Female,21,BE,IT,6.45,0,3,1,1,3,55,5,0,,0.0,19.666666666666668,64.5,9,9
8198,Female,20,BSc,IT,8.89,0,2,2,3,5,54,5,0,,0.0,20.666666666666668,88.9,9,9
8199,Female,23,BSc,Mechanical,6.51,0,2,3,1,6,80,1,0,,0.0,29.0,65.1,6,6
8200,Male,20,BTech,CS,5.98,3,0,3,3,1,65,2,0,,0.0,23.0,44.800000000000004,5,5
8201,Female,22,BSc,IT,9.58,1,3,2,3,1,49,0,0,,0.0,17.666666666666668,90.8,5,5
8202,Female,22,BE,Electrical,8.18,1,1,3,4,4,79,4,0,,0.0,29.0,76.8,8,8
8203,Male,23,BSc,AI,5.76,2,2,3,10,10,99,4,0,,0.0,39.666666666666664,47.599999999999994,9,9
8204,Male,23,BTech,CS,5.77,3,2,5,1,7,51,3,0,,0.0,19.666666666666668,42.699999999999996,10,10
8205,Female,23,BTech,Mechanical,8.13,0,3,4,5,7,76,1,1,Service,12.03,29.333333333333332,81.30000000000001,8,8
8206,Female,21,BCA,Electrical,7.82,3,2,2,4,8,53,3,0,,0.0,21.666666666666668,63.2,7,7
8207,Female,20,BE,Electrical,5.79,1,3,2,5,6,64,4,0,,0.0,25.0,52.9,9,9
8208,Female,22,BSc,AI,6.46,0,0,5,6,7,69,5,0,,0.0,27.333333333333332,64.6,10,10
8209,Male,20,BE,Mechanical,9.49,3,2,0,3,6,92,0,0,,0.0,33.666666666666664,79.9,2,2
8210,Female,20,BE,CS,7.96,2,1,4,3,5,69,0,0,,0.0,25.666666666666668,69.6,5,5
8211,Male,20,BSc,Electrical,7.39,1,3,3,5,10,98,3,1,Product,11.01,37.666666666666664,68.89999999999999,9,9
8212,Male,23,BTech,DS,6.58,0,0,0,5,6,74,0,1,Service,6.26,28.333333333333332,65.8,0,0
8213,Female,23,BE,Electrical,6.07,0,1,4,9,10,54,1,0,,0.0,24.333333333333332,60.7,6,6
8214,Female,22,BCA,DS,7.23,0,3,3,7,4,70,3,1,Service,4.75,27.0,72.30000000000001,9,9
8215,Male,22,BE,DS,9.47,0,1,4,6,7,77,2,1,Product,8.03,30.0,94.7,7,7
8216,Male,22,BTech,CS,5.71,0,2,1,2,8,99,0,0,,0.0,36.333333333333336,57.1,3,3
8217,Female,20,BCA,CS,9.76,0,0,3,9,8,90,0,1,Startup,13.12,35.666666666666664,97.6,3,3
8218,Male,23,BCA,AI,6.39,3,3,4,10,4,57,5,0,,0.0,23.666666666666668,48.9,12,12
8219,Female,21,BCA,Electrical,7.26,2,3,4,3,3,46,2,0,,0.0,17.333333333333332,62.599999999999994,9,9
8220,Female,20,BCA,CS,5.69,3,0,0,7,7,42,1,0,,0.0,18.666666666666668,41.900000000000006,1,1
8221,Male,24,BSc,CS,8.01,3,1,4,8,7,44,3,0,,0.0,19.666666666666668,65.1,8,8
8222,Male,20,BSc,AI,7.58,0,0,1,9,3,64,3,1,Service,10.24,25.333333333333332,75.8,4,4
8223,Female,23,BSc,AI,8.37,0,0,1,5,1,55,5,0,,0.0,20.333333333333332,83.69999999999999,6,6
8224,Male,24,BCA,Electrical,7.83,3,0,4,6,3,54,1,0,,0.0,21.0,63.3,5,5
8225,Female,20,BTech,Mechanical,7.21,1,0,3,6,3,59,5,0,,0.0,22.666666666666668,67.1,8,8
8226,Female,23,BE,IT,8.67,0,2,0,5,6,80,3,1,Startup,10.85,30.333333333333332,86.7,5,5
8227,Female,23,BCA,Electrical,5.61,0,3,3,7,2,99,0,0,,0.0,36.0,56.1,6,6
8228,Male,21,BTech,IT,7.83,1,1,4,1,4,61,1,0,,0.0,22.0,73.3,6,6
8229,Female,20,BE,Mechanical,5.99,3,1,1,5,5,74,0,0,,0.0,28.0,44.900000000000006,2,2
8230,Female,23,BCA,DS,7.37,1,0,2,10,6,66,0,1,Product,7.22,27.333333333333332,68.7,2,2
8231,Female,22,BE,Electrical,8.9,0,0,0,6,10,51,5,0,,0.0,22.333333333333332,89.0,5,5
8232,Female,23,BSc,CS,6.11,2,1,3,3,9,72,0,0,,0.0,28.0,51.1,4,4
8233,Female,21,BSc,AI,9.52,1,1,1,2,10,63,2,0,,0.0,25.0,90.19999999999999,4,4
8234,Female,23,BSc,Electrical,9.32,1,2,3,4,5,65,1,0,,0.0,24.666666666666668,88.2,6,6
8235,Female,20,BTech,AI,7.28,0,0,4,3,2,91,5,0,,0.0,32.0,72.8,9,9
8236,Female,20,BSc,DS,5.53,1,1,5,6,7,77,0,0,,0.0,30.0,50.300000000000004,6,6
8237,Female,24,BTech,AI,8.9,0,3,3,6,10,73,1,1,Startup,9.98,29.666666666666668,89.0,7,7
8238,Female,20,BSc,DS,9.29,2,2,0,4,1,52,4,0,,0.0,19.0,82.89999999999999,6,6
8239,Female,24,BSc,Mechanical,6.25,2,2,2,4,8,67,5,0,,0.0,26.333333333333332,52.5,9,9
8240,Male,22,BSc,DS,9.44,3,0,2,10,7,59,5,0,,0.0,25.333333333333332,79.39999999999999,7,7
8241,Female,21,BTech,IT,9.43,0,2,4,10,8,47,0,0,,0.0,21.666666666666668,94.3,6,6
8242,Female,22,BE,Electrical,7.53,2,2,0,10,1,89,3,1,Product,11.37,33.333333333333336,65.3,5,5
8243,Female,24,BTech,DS,8.93,0,3,2,2,6,93,4,0,,0.0,33.666666666666664,89.3,9,9
8244,Male,23,BCA,Electrical,7.41,1,2,1,7,5,55,3,0,,0.0,22.333333333333332,69.1,6,6
8245,Female,23,BCA,Mechanical,7.93,1,3,3,9,2,73,4,1,Service,9.34,28.0,74.3,10,10
8246,Male,22,BTech,DS,6.88,0,2,4,9,8,95,5,1,Product,12.26,37.333333333333336,68.8,11,11
8247,Female,23,BTech,Mechanical,6.19,0,2,1,10,10,71,5,0,,0.0,30.333333333333332,61.900000000000006,8,8
8248,Female,24,BE,IT,8.71,1,0,4,2,2,87,2,0,,0.0,30.333333333333332,82.10000000000001,6,6
8249,Male,21,BTech,CS,5.51,0,0,0,9,2,69,2,0,,0.0,26.666666666666668,55.099999999999994,2,2
8250,Female,20,BSc,Mechanical,7.99,1,0,4,5,9,74,4,1,Service,9.63,29.333333333333332,74.9,8,8
8251,Male,24,BE,CS,9.22,3,0,2,6,6,55,5,0,,0.0,22.333333333333332,77.2,7,7
8252,Male,24,BTech,Mechanical,6.45,3,1,0,1,3,87,4,0,,0.0,30.333333333333332,49.5,5,5
8253,Female,20,BTech,DS,6.93,3,0,5,7,9,48,1,0,,0.0,21.333333333333332,54.3,6,6
8254,Female,20,BCA,CS,8.03,0,0,4,8,2,93,2,1,Startup,4.76,34.333333333333336,80.3,6,6
8255,Female,21,BE,Mechanical,6.56,1,0,1,5,8,70,5,1,Product,14.55,27.666666666666668,60.599999999999994,6,6
8256,Female,21,BCA,Electrical,9.14,2,2,0,6,4,58,1,0,,0.0,22.666666666666668,81.4,3,3
8257,Male,21,BTech,Mechanical,7.08,2,2,5,4,10,82,3,0,,0.0,32.0,60.8,10,10
8258,Male,23,BE,CS,8.0,1,2,5,3,2,73,2,0,,0.0,26.0,75.0,9,9
8259,Female,24,BSc,Electrical,6.47,1,0,0,3,5,55,1,0,,0.0,21.0,59.7,1,1
8260,Male,20,BTech,Mechanical,5.68,1,3,4,2,3,63,0,0,,0.0,22.666666666666668,51.8,7,7
8261,Male,24,BTech,CS,6.25,1,1,4,10,9,55,3,0,,0.0,24.666666666666668,57.5,8,8
8262,Female,24,BCA,IT,5.7,1,3,5,6,8,54,2,0,,0.0,22.666666666666668,52.0,10,10
8263,Male,21,BSc,AI,7.51,2,3,0,9,6,70,0,1,Service,3.66,28.333333333333332,65.1,3,3
8264,Male,21,BTech,IT,8.02,3,3,3,3,6,91,4,0,,0.0,33.333333333333336,65.19999999999999,10,10
8265,Female,24,BCA,CS,5.69,1,3,3,1,9,95,0,0,,0.0,35.0,51.900000000000006,6,6
8266,Male,21,BCA,DS,5.89,0,1,2,10,2,46,4,0,,0.0,19.333333333333332,58.9,7,7
8267,Female,23,BTech,DS,7.59,3,3,0,1,7,83,4,0,,0.0,30.333333333333332,60.900000000000006,7,7
8268,Male,20,BE,AI,8.94,2,0,3,4,3,54,4,0,,0.0,20.333333333333332,79.39999999999999,7,7
8269,Female,24,BTech,CS,8.2,1,3,1,1,3,41,4,0,,0.0,15.0,77.0,8,8
8270,Male,20,BSc,Electrical,5.95,0,1,0,10,4,78,3,0,,0.0,30.666666666666668,59.5,4,4
8271,Male,23,BTech,Mechanical,9.32,2,1,3,2,5,91,5,0,,0.0,32.666666666666664,83.2,9,9
8272,Female,21,BE,IT,9.45,3,3,4,4,5,61,4,0,,0.0,23.333333333333332,79.5,11,11
8273,Female,22,BCA,Electrical,6.9,3,0,1,4,10,63,4,0,,0.0,25.666666666666668,54.0,5,5
8274,Female,23,BSc,IT,8.15,0,3,2,8,1,64,4,1,Product,13.78,24.333333333333332,81.5,9,9
8275,Female,22,BSc,AI,7.62,1,2,3,4,10,51,2,0,,0.0,21.666666666666668,71.2,7,7
8276,Male,20,BSc,AI,9.55,0,1,4,3,6,91,5,0,,0.0,33.333333333333336,95.5,10,10
8277,Male,24,BSc,AI,7.69,0,3,1,4,2,90,1,0,,0.0,32.0,76.9,5,5
8278,Male,21,BE,Electrical,9.63,2,2,1,5,2,53,0,0,,0.0,20.0,86.30000000000001,3,3
8279,Female,23,BE,Electrical,6.36,0,0,2,5,9,73,0,0,,0.0,29.0,63.6,2,2
8280,Male,21,BE,AI,6.99,0,2,5,4,1,85,1,0,,0.0,30.0,69.9,8,8
8281,Male,22,BE,Electrical,8.86,3,1,5,10,2,59,3,0,,0.0,23.666666666666668,73.6,9,9
8282,Female,22,BCA,AI,8.87,2,2,4,2,10,53,4,0,,0.0,21.666666666666668,78.69999999999999,10,10
8283,Female,24,BTech,Electrical,8.65,1,2,3,3,9,57,5,0,,0.0,23.0,81.5,10,10
8284,Male,22,BE,AI,9.2,3,2,0,10,4,74,5,1,Product,10.38,29.333333333333332,77.0,7,7
8285,Female,24,BTech,Mechanical,8.52,0,0,1,10,4,56,2,0,,0.0,23.333333333333332,85.19999999999999,3,3
8286,Male,23,BSc,Mechanical,8.24,1,0,3,3,10,87,0,0,,0.0,33.333333333333336,77.4,3,3
8287,Male,24,BCA,IT,7.47,2,0,0,5,9,84,1,1,Startup,3.23,32.666666666666664,64.7,1,1
8288,Female,22,BCA,IT,7.51,3,0,5,2,5,62,4,0,,0.0,23.0,60.099999999999994,9,9
8289,Male,20,BTech,AI,7.25,1,3,3,2,4,61,0,0,,0.0,22.333333333333332,67.5,6,6
8290,Female,24,BTech,IT,8.17,0,2,3,10,9,88,0,1,Service,14.96,35.666666666666664,81.7,5,5
8291,Female,21,BTech,Electrical,7.25,0,1,1,2,4,70,0,0,,0.0,25.333333333333332,72.5,2,2
8292,Male,20,BCA,AI,6.13,1,2,1,6,4,68,4,0,,0.0,26.0,56.3,7,7
8293,Male,24,BE,Mechanical,5.96,3,3,3,8,7,64,3,0,,0.0,26.333333333333332,44.6,9,9
8294,Male,21,BCA,DS,9.48,1,2,3,10,10,71,1,1,Product,6.95,30.333333333333332,89.80000000000001,6,6
8295,Female,20,BE,Mechanical,5.61,0,2,5,6,10,70,5,0,,0.0,28.666666666666668,56.1,12,12
8296,Male,24,BSc,CS,5.95,2,1,2,4,1,45,5,0,,0.0,16.666666666666668,49.5,8,8
8297,Female,23,BE,Mechanical,7.41,3,1,0,8,3,76,5,1,Startup,5.96,29.0,59.099999999999994,6,6
8298,Female,21,BTech,CS,6.63,0,1,4,4,10,56,1,0,,0.0,23.333333333333332,66.3,6,6
8299,Male,23,BE,IT,7.25,0,2,4,9,4,86,0,1,Service,8.15,33.0,72.5,6,6
8300,Female,22,BE,Mechanical,6.01,1,3,2,8,8,70,5,0,,0.0,28.666666666666668,55.099999999999994,10,10
8301,Male,24,BCA,DS,6.06,0,0,5,4,9,97,5,0,,0.0,36.666666666666664,60.599999999999994,10,10
8302,Male,24,BTech,Electrical,8.94,3,0,3,7,1,60,3,1,Startup,10.23,22.666666666666668,74.39999999999999,6,6
8303,Male,21,BSc,Mechanical,8.76,1,2,3,10,3,41,3,0,,0.0,18.0,82.6,8,8
8304,Male,24,BE,Electrical,5.95,2,0,2,9,3,46,4,0,,0.0,19.333333333333332,49.5,6,6
8305,Male,22,BSc,Mechanical,8.37,0,0,4,6,8,66,1,1,Product,4.67,26.666666666666668,83.69999999999999,5,5
8306,Male,24,BTech,Mechanical,8.12,3,2,1,1,5,61,5,0,,0.0,22.333333333333332,66.19999999999999,8,8
8307,Male,20,BE,Electrical,8.57,3,2,1,6,5,43,0,0,,0.0,18.0,70.7,3,3
8308,Female,23,BCA,Electrical,7.54,2,3,5,8,8,66,0,1,Startup,14.03,27.333333333333332,65.4,8,8
8309,Male,22,BSc,AI,6.66,3,0,3,9,6,90,3,1,Service,10.32,35.0,51.599999999999994,6,6
8310,Female,22,BCA,Mechanical,8.35,3,2,0,1,6,84,2,0,,0.0,30.333333333333332,68.5,4,4
8311,Female,23,BSc,Mechanical,7.1,2,0,4,5,7,71,4,1,Startup,13.06,27.666666666666668,61.0,8,8
8312,Female,23,BTech,DS,6.44,0,1,0,5,10,60,3,0,,0.0,25.0,64.4,4,4
8313,Male,22,BE,Electrical,7.26,3,1,3,8,1,74,4,1,Startup,11.12,27.666666666666668,57.599999999999994,8,8
8314,Female,23,BSc,Electrical,8.78,1,3,5,7,9,48,3,0,,0.0,21.333333333333332,82.8,11,11
8315,Female,21,BCA,CS,7.55,3,2,5,5,5,67,3,1,Product,12.05,25.666666666666668,60.5,10,10
8316,Male,23,BSc,CS,6.79,1,0,4,6,8,93,5,1,Service,12.86,35.666666666666664,62.900000000000006,9,9
8317,Male,20,BSc,Electrical,9.08,3,1,1,8,10,49,3,0,,0.0,22.333333333333332,75.8,5,5
8318,Female,20,BSc,DS,9.29,0,2,5,6,6,89,2,1,Service,4.79,33.666666666666664,92.89999999999999,9,9
8319,Male,21,BSc,IT,7.36,3,1,1,10,6,62,1,1,Startup,7.65,26.0,58.60000000000001,3,3
8320,Male,23,BSc,Mechanical,7.11,1,1,5,5,4,63,0,1,Service,13.97,24.0,66.10000000000001,6,6
8321,Male,20,BSc,IT,8.13,3,2,0,10,3,96,4,1,Product,4.13,36.333333333333336,66.30000000000001,6,6
8322,Male,24,BCA,DS,5.75,1,1,4,1,2,87,3,0,,0.0,30.0,52.5,8,8
8323,Female,23,BSc,IT,8.47,2,2,5,8,10,43,0,0,,0.0,20.333333333333332,74.7,7,7
8324,Male,21,BSc,CS,8.86,3,3,3,8,4,56,3,0,,0.0,22.666666666666668,73.6,9,9
8325,Male,23,BSc,AI,7.21,3,2,2,6,1,87,1,1,Product,6.92,31.333333333333332,57.099999999999994,5,5
8326,Male,22,BE,IT,6.25,1,1,5,7,6,63,1,0,,0.0,25.333333333333332,57.5,7,7
8327,Female,22,BTech,AI,5.62,1,1,5,7,7,97,1,0,,0.0,37.0,51.2,7,7
8328,Female,20,BTech,IT,8.24,0,0,5,2,5,40,3,0,,0.0,15.666666666666666,82.4,8,8
8329,Male,22,BTech,DS,6.66,2,3,5,6,10,76,0,1,Startup,13.16,30.666666666666668,56.599999999999994,8,8
8330,Male,21,BCA,AI,7.49,1,1,2,7,10,41,1,0,,0.0,19.333333333333332,69.9,4,4
8331,Female,20,BCA,IT,7.16,0,3,2,8,10,79,5,1,Product,13.22,32.333333333333336,71.6,10,10
8332,Male,21,BCA,DS,6.25,1,0,5,2,1,87,4,0,,0.0,30.0,57.5,9,9
8333,Male,21,BSc,Electrical,7.69,2,3,3,10,3,92,2,1,Service,14.2,35.0,66.9,8,8
8334,Female,22,BTech,CS,7.48,2,2,2,8,6,45,2,0,,0.0,19.666666666666668,64.80000000000001,6,6
8335,Male,22,BSc,Mechanical,8.18,2,3,0,2,7,53,2,0,,0.0,20.666666666666668,71.8,5,5
8336,Male,21,BE,DS,6.58,2,1,1,9,9,94,2,1,Product,8.57,37.333333333333336,55.8,4,4
8337,Female,22,BTech,DS,6.42,3,1,2,2,2,75,2,0,,0.0,26.333333333333332,49.2,5,5
8338,Female,22,BE,CS,9.0,2,2,1,3,3,60,2,0,,0.0,22.0,80.0,5,5
8339,Male,22,BE,AI,8.52,2,1,5,8,4,64,3,1,Service,5.74,25.333333333333332,75.19999999999999,9,9
8340,Female,23,BSc,IT,8.82,0,0,5,6,5,93,0,1,Service,6.75,34.666666666666664,88.2,5,5
8341,Male,21,BTech,AI,6.03,2,1,0,9,7,47,4,0,,0.0,21.0,50.300000000000004,5,5
8342,Male,24,BE,DS,6.46,1,0,4,8,6,91,0,0,,0.0,35.0,59.599999999999994,4,4
8343,Male,21,BTech,Electrical,7.97,1,3,5,10,5,66,4,1,Product,13.63,27.0,74.7,12,12
8344,Female,20,BE,IT,9.19,1,3,4,6,6,53,1,0,,0.0,21.666666666666668,86.89999999999999,8,8
8345,Female,22,BE,Mechanical,9.34,3,1,3,3,1,43,5,0,,0.0,15.666666666666666,78.4,9,9
8346,Male,22,BSc,Mechanical,9.08,1,1,1,3,8,85,5,0,,0.0,32.0,85.8,7,7
8347,Male,24,BTech,IT,5.69,2,2,3,2,7,47,5,0,,0.0,18.666666666666668,46.900000000000006,10,10
8348,Female,20,BSc,DS,9.03,3,3,2,8,3,66,4,1,Startup,4.57,25.666666666666668,75.3,9,9
8349,Female,23,BSc,Electrical,9.37,2,0,3,10,2,58,3,0,,0.0,23.333333333333332,83.69999999999999,6,6
8350,Female,21,BSc,CS,5.74,0,2,5,5,9,69,1,0,,0.0,27.666666666666668,57.400000000000006,8,8
8351,Male,23,BSc,Electrical,7.29,2,2,0,9,5,67,2,1,Product,6.72,27.0,62.900000000000006,4,4
8352,Female,20,BSc,AI,7.81,1,3,3,5,9,66,3,1,Product,8.09,26.666666666666668,73.1,9,9
8353,Female,24,BE,Electrical,6.5,0,2,5,5,9,76,3,1,Product,10.29,30.0,65.0,10,10
8354,Male,20,BTech,Electrical,7.72,0,0,2,8,3,83,0,1,Service,14.41,31.333333333333332,77.2,2,2
8355,Male,24,BTech,AI,9.31,0,2,2,8,3,42,0,0,,0.0,17.666666666666668,93.10000000000001,4,4
8356,Male,23,BSc,CS,9.23,0,0,0,2,9,88,1,0,,0.0,33.0,92.30000000000001,1,1
8357,Female,23,BTech,CS,9.54,3,0,1,8,3,67,3,1,Startup,8.17,26.0,80.39999999999999,4,4
8358,Male,20,BE,Mechanical,7.58,2,1,4,7,7,58,5,0,,0.0,24.0,65.8,10,10
8359,Male,20,BSc,CS,7.27,0,3,0,6,3,77,1,1,Startup,5.16,28.666666666666668,72.69999999999999,4,4
8360,Male,22,BCA,IT,8.36,3,3,4,3,1,66,2,0,,0.0,23.333333333333332,68.6,9,9
8361,Male,24,BCA,Mechanical,7.29,3,3,0,5,3,93,5,1,Startup,8.7,33.666666666666664,57.900000000000006,8,8
8362,Female,22,BE,DS,5.68,3,3,0,2,5,62,5,0,,0.0,23.0,41.8,8,8
8363,Male,21,BE,Mechanical,8.6,2,0,3,9,10,58,0,0,,0.0,25.666666666666668,76.0,3,3
8364,Female,21,BCA,Electrical,6.71,0,3,3,5,8,96,3,1,Product,12.46,36.333333333333336,67.1,9,9
8365,Female,20,BSc,Electrical,5.71,2,3,3,8,7,52,2,0,,0.0,22.333333333333332,47.1,8,8
8366,Female,23,BE,Mechanical,5.59,3,0,0,5,10,97,3,0,,0.0,37.333333333333336,40.9,3,3
8367,Male,21,BCA,AI,9.5,3,1,3,10,1,69,2,1,Service,11.3,26.666666666666668,80.0,6,6
8368,Female,21,BSc,CS,6.58,2,3,5,9,2,80,4,1,Startup,13.0,30.333333333333332,55.8,12,12
8369,Male,22,BE,Electrical,7.43,3,2,0,1,9,89,2,0,,0.0,33.0,59.3,4,4
8370,Male,22,BTech,Electrical,9.59,3,1,3,6,10,85,4,1,Service,3.74,33.666666666666664,80.9,8,8
8371,Male,21,BTech,IT,7.51,1,1,4,8,8,47,0,0,,0.0,21.0,70.1,5,5
8372,Female,20,BTech,CS,5.84,3,1,1,7,2,68,4,0,,0.0,25.666666666666668,43.4,6,6
8373,Male,22,BSc,Electrical,7.87,2,3,3,2,3,82,1,0,,0.0,29.0,68.7,7,7
8374,Male,21,BE,AI,5.88,0,0,2,2,8,89,5,0,,0.0,33.0,58.8,7,7
8375,Male,23,BCA,Electrical,5.91,0,3,5,10,4,89,2,0,,0.0,34.333333333333336,59.1,10,10
8376,Female,22,BE,CS,9.16,2,3,1,1,2,86,0,0,,0.0,29.666666666666668,81.6,4,4
8377,Female,21,BTech,IT,6.74,2,1,2,1,4,45,5,0,,0.0,16.666666666666668,57.400000000000006,8,8
8378,Female,24,BTech,CS,8.42,3,0,1,3,6,95,3,0,,0.0,34.666666666666664,69.2,4,4
8379,Male,22,BSc,AI,7.69,2,3,3,3,8,56,2,0,,0.0,22.333333333333332,66.9,8,8
8380,Female,24,BCA,IT,6.46,2,3,4,8,3,68,2,0,,0.0,26.333333333333332,54.599999999999994,9,9
8381,Male,22,BSc,CS,7.73,3,3,3,9,5,95,4,1,Startup,8.27,36.333333333333336,62.30000000000001,10,10
8382,Male,22,BCA,AI,5.8,1,3,5,5,3,79,4,0,,0.0,29.0,53.0,12,12
8383,Female,24,BE,AI,6.99,1,0,0,1,8,91,2,0,,0.0,33.333333333333336,64.9,2,2
8384,Male,20,BSc,Mechanical,7.75,3,0,2,2,8,87,2,0,,0.0,32.333333333333336,62.5,4,4
8385,Female,21,BSc,Electrical,6.48,1,0,1,4,6,93,1,0,,0.0,34.333333333333336,59.80000000000001,2,2
8386,Male,20,BSc,IT,8.34,1,2,4,9,10,41,3,0,,0.0,20.0,78.4,9,9
8387,Female,20,BTech,IT,5.72,3,0,2,5,1,72,1,0,,0.0,26.0,42.199999999999996,3,3
8388,Male,21,BTech,Electrical,7.58,1,0,4,9,3,98,1,1,Service,10.75,36.666666666666664,70.8,5,5
8389,Male,23,BCA,CS,8.57,2,1,2,1,7,84,3,0,,0.0,30.666666666666668,75.7,6,6
8390,Male,20,BE,Mechanical,7.35,1,3,3,9,8,78,0,1,Product,10.57,31.666666666666668,68.5,6,6
8391,Male,20,BSc,IT,9.26,1,3,5,8,3,94,3,1,Product,3.32,35.0,87.6,11,11
8392,Male,20,BTech,AI,8.22,2,1,0,1,6,90,0,0,,0.0,32.333333333333336,72.2,1,1
8393,Female,23,BSc,IT,9.62,2,0,2,7,2,74,2,1,Product,5.08,27.666666666666668,86.19999999999999,4,4
8394,Male,22,BCA,Mechanical,6.72,0,3,4,5,1,70,5,1,Service,14.3,25.333333333333332,67.2,12,12
8395,Female,24,BCA,Electrical,9.54,3,2,3,10,9,51,1,0,,0.0,23.333333333333332,80.39999999999999,6,6
8396,Female,24,BE,DS,8.11,0,2,1,8,9,70,2,1,Product,11.5,29.0,81.1,5,5
8397,Female,23,BCA,Electrical,8.7,0,1,1,4,5,65,1,0,,0.0,24.666666666666668,87.0,3,3
8398,Male,20,BSc,AI,9.38,1,2,5,2,1,83,4,0,,0.0,28.666666666666668,88.80000000000001,11,11
8399,Male,24,BE,IT,7.87,2,1,3,1,2,71,1,0,,0.0,24.666666666666668,68.7,5,5
8400,Male,23,BE,Electrical,9.21,0,2,5,7,1,88,1,1,Product,3.47,32.0,92.10000000000001,8,8
8401,Female,21,BTech,AI,7.83,3,2,1,1,6,99,1,0,,0.0,35.333333333333336,63.3,4,4
8402,Male,24,BSc,CS,8.08,0,2,4,9,2,88,0,1,Startup,13.27,33.0,80.8,6,6
8403,Male,21,BCA,AI,7.41,1,1,5,1,1,89,4,0,,0.0,30.333333333333332,69.1,10,10
8404,Female,20,BTech,IT,6.13,0,3,0,6,10,97,0,0,,0.0,37.666666666666664,61.3,3,3
8405,Female,24,BSc,CS,7.88,2,1,5,2,6,99,3,0,,0.0,35.666666666666664,68.8,9,9
8406,Female,23,BSc,CS,9.7,2,0,3,6,2,42,3,0,,0.0,16.666666666666668,87.0,6,6
8407,Female,22,BE,CS,8.88,3,0,0,6,9,59,4,0,,0.0,24.666666666666668,73.80000000000001,4,4
8408,Female,24,BE,DS,8.71,0,2,0,5,10,95,3,1,Service,11.7,36.666666666666664,87.10000000000001,5,5
8409,Female,24,BSc,DS,8.27,2,2,3,5,3,92,2,1,Service,4.75,33.333333333333336,72.69999999999999,7,7
8410,Male,24,BTech,CS,7.0,0,3,2,8,10,86,0,1,Service,6.25,34.666666666666664,70.0,5,5
8411,Female,24,BE,Electrical,6.23,0,3,4,7,8,41,1,0,,0.0,18.666666666666668,62.300000000000004,8,8
8412,Male,23,BE,Electrical,6.47,2,3,3,5,9,78,2,0,,0.0,30.666666666666668,54.7,8,8
8413,Male,23,BSc,Electrical,5.53,2,2,4,4,10,95,1,0,,0.0,36.333333333333336,45.300000000000004,7,7
8414,Male,22,BSc,IT,8.4,1,1,0,1,5,84,3,0,,0.0,30.0,79.0,4,4
8415,Female,23,BE,CS,8.99,1,2,0,2,6,52,0,0,,0.0,20.0,84.9,2,2
8416,Male,23,BTech,Electrical,6.66,3,0,2,10,10,68,3,1,Startup,10.85,29.333333333333332,51.599999999999994,5,5
8417,Female,20,BE,CS,5.89,3,2,0,7,5,90,5,0,,0.0,34.0,43.9,7,7
8418,Female,20,BSc,AI,6.94,3,3,3,10,6,45,5,0,,0.0,20.333333333333332,54.400000000000006,11,11
8419,Male,21,BE,Electrical,6.76,0,0,4,1,2,81,0,0,,0.0,28.0,67.6,4,4
8420,Female,22,BSc,AI,7.44,3,2,2,9,9,47,1,0,,0.0,21.666666666666668,59.400000000000006,5,5
8421,Male,20,BE,AI,6.64,2,3,5,6,7,65,1,1,Service,5.91,26.0,56.39999999999999,9,9
8422,Male,22,BSc,Electrical,6.96,3,2,3,5,6,93,5,1,Startup,4.4,34.666666666666664,54.599999999999994,10,10
8423,Female,22,BSc,Mechanical,9.4,0,2,4,6,4,49,1,0,,0.0,19.666666666666668,94.0,7,7
8424,Male,24,BTech,AI,6.94,1,3,4,1,10,77,4,0,,0.0,29.333333333333332,64.4,11,11
8425,Male,22,BSc,Electrical,8.88,0,0,1,2,9,95,3,0,,0.0,35.333333333333336,88.80000000000001,4,4
8426,Male,24,BE,AI,8.19,2,0,1,7,7,83,4,1,Service,13.45,32.333333333333336,71.89999999999999,5,5
8427,Female,21,BSc,IT,6.95,3,1,3,6,4,40,2,0,,0.0,16.666666666666668,54.5,6,6
8428,Male,21,BCA,DS,9.02,3,0,2,7,3,41,4,0,,0.0,17.0,75.19999999999999,6,6
8429,Female,21,BE,DS,8.06,2,2,4,6,10,82,1,1,Startup,8.76,32.666666666666664,70.60000000000001,7,7
8430,Female,24,BTech,DS,5.54,3,3,4,7,8,74,0,0,,0.0,29.666666666666668,40.4,7,7
8431,Male,24,BE,Mechanical,5.8,1,0,3,7,6,94,3,0,,0.0,35.666666666666664,53.0,6,6
8432,Male,21,BTech,CS,8.74,0,2,2,6,2,40,3,0,,0.0,16.0,87.4,7,7
8433,Female,24,BCA,AI,7.42,0,2,5,8,7,43,3,0,,0.0,19.333333333333332,74.2,10,10
8434,Female,23,BTech,IT,7.24,2,0,0,7,8,42,2,0,,0.0,19.0,62.400000000000006,2,2
8435,Male,23,BSc,Mechanical,6.13,1,3,5,9,5,63,3,0,,0.0,25.666666666666668,56.3,11,11
8436,Male,24,BCA,DS,6.18,2,3,2,5,3,94,5,0,,0.0,34.0,51.8,10,10
8437,Female,24,BCA,Mechanical,8.93,2,1,0,8,8,56,2,0,,0.0,24.0,79.3,3,3
8438,Female,20,BTech,IT,9.06,1,3,4,8,2,66,1,1,Product,7.38,25.333333333333332,85.60000000000001,8,8
8439,Female,20,BE,Electrical,7.91,2,3,1,8,10,64,0,1,Startup,5.8,27.333333333333332,69.1,4,4
8440,Female,22,BTech,Mechanical,6.77,0,0,1,4,6,98,1,0,,0.0,36.0,67.69999999999999,2,2
8441,Female,22,BTech,DS,9.51,3,0,3,9,7,59,4,0,,0.0,25.0,80.1,7,7
8442,Male,22,BCA,CS,8.18,0,2,5,10,10,78,3,1,Service,3.57,32.666666666666664,81.8,10,10
8443,Female,21,BSc,DS,8.93,3,0,2,4,9,83,4,0,,0.0,32.0,74.3,6,6
8444,Female,23,BE,DS,5.51,3,1,2,6,5,93,2,0,,0.0,34.666666666666664,40.099999999999994,5,5
8445,Male,21,BTech,DS,7.44,0,2,0,6,1,90,1,1,Product,14.32,32.333333333333336,74.4,3,3
8446,Male,24,BSc,Mechanical,9.25,2,3,3,2,10,69,3,0,,0.0,27.0,82.5,9,9
8447,Female,20,BSc,IT,6.95,1,0,2,7,2,45,5,0,,0.0,18.0,64.5,7,7
8448,Female,24,BE,DS,8.62,3,1,3,7,8,46,2,0,,0.0,20.333333333333332,71.19999999999999,6,6
8449,Male,24,BSc,Electrical,8.33,1,2,0,1,1,66,1,0,,0.0,22.666666666666668,78.3,3,3
8450,Female,20,BTech,Mechanical,6.15,1,1,5,5,2,44,1,0,,0.0,17.0,56.5,7,7
8451,Female,24,BCA,IT,8.83,3,1,4,9,5,65,2,1,Startup,7.63,26.333333333333332,73.3,7,7
8452,Male,22,BSc,CS,5.98,1,3,3,10,10,75,0,0,,0.0,31.666666666666668,54.800000000000004,6,6
8453,Female,20,BCA,DS,8.63,1,2,1,5,3,50,1,0,,0.0,19.333333333333332,81.30000000000001,4,4
8454,Male,24,BE,AI,9.76,2,0,4,10,4,93,3,1,Startup,5.3,35.666666666666664,87.6,7,7
8455,Male,22,BE,Mechanical,9.62,1,3,2,7,10,81,4,1,Startup,4.26,32.666666666666664,91.19999999999999,9,9
8456,Male,22,BSc,Electrical,8.94,0,1,5,9,5,95,2,1,Product,3.19,36.333333333333336,89.39999999999999,8,8
8457,Male,23,BCA,CS,7.8,3,2,0,1,3,62,0,0,,0.0,22.0,63.0,2,2
8458,Female,22,BTech,CS,8.4,2,3,0,9,5,42,1,0,,0.0,18.666666666666668,74.0,4,4
8459,Male,21,BCA,CS,8.63,0,0,1,4,3,89,4,0,,0.0,32.0,86.30000000000001,5,5
8460,Female,20,BSc,Mechanical,5.54,1,1,3,1,1,54,5,0,,0.0,18.666666666666668,50.4,9,9
8461,Female,20,BCA,IT,5.94,1,2,1,8,7,97,0,0,,0.0,37.333333333333336,54.400000000000006,3,3
8462,Female,20,BCA,AI,8.07,0,3,3,3,4,83,2,0,,0.0,30.0,80.7,8,8
8463,Female,24,BE,Electrical,5.53,0,3,1,8,8,92,1,0,,0.0,36.0,55.300000000000004,5,5
8464,Female,24,BSc,IT,9.41,2,1,1,6,4,64,5,1,Product,9.15,24.666666666666668,84.1,7,7
8465,Male,21,BCA,DS,7.61,1,3,0,6,7,55,1,0,,0.0,22.666666666666668,71.10000000000001,4,4
8466,Male,22,BSc,AI,6.61,1,0,3,8,3,98,5,1,Startup,5.39,36.333333333333336,61.10000000000001,8,8
8467,Male,24,BTech,IT,7.19,1,0,1,9,2,71,2,1,Startup,14.2,27.333333333333332,66.9,3,3
8468,Male,22,BSc,DS,9.16,0,0,5,8,3,65,4,1,Product,7.63,25.333333333333332,91.6,9,9
8469,Female,22,BTech,AI,9.49,1,2,5,7,7,44,4,0,,0.0,19.333333333333332,89.9,11,11
8470,Male,24,BSc,Mechanical,6.0,3,3,2,3,3,49,3,0,,0.0,18.333333333333332,45.0,8,8
8471,Female,24,BSc,Electrical,8.85,3,0,5,4,10,50,1,0,,0.0,21.333333333333332,73.5,6,6
8472,Female,21,BCA,Electrical,7.99,2,0,5,9,8,72,2,1,Product,6.25,29.666666666666668,69.9,7,7
8473,Male,23,BCA,DS,8.02,2,2,5,4,8,67,1,0,,0.0,26.333333333333332,70.19999999999999,8,8
8474,Male,20,BTech,IT,8.85,0,3,0,8,1,96,3,1,Service,10.68,35.0,88.5,6,6
8475,Male,24,BTech,AI,6.46,3,0,0,6,7,55,3,0,,0.0,22.666666666666668,49.599999999999994,3,3
8476,Male,24,BE,DS,7.78,0,0,0,5,8,83,0,1,Service,3.86,32.0,77.8,0,0
8477,Female,22,BCA,DS,6.87,2,0,0,7,9,41,1,0,,0.0,19.0,58.7,1,1
8478,Female,23,BTech,Mechanical,5.91,0,2,1,1,8,68,2,0,,0.0,25.666666666666668,59.1,5,5
8479,Male,24,BCA,DS,5.95,0,3,5,10,10,83,0,0,,0.0,34.333333333333336,59.5,8,8
8480,Female,23,BSc,AI,6.09,1,0,1,3,6,41,5,0,,0.0,16.666666666666668,55.9,6,6
8481,Female,20,BE,CS,8.14,2,1,5,5,8,61,2,1,Startup,13.74,24.666666666666668,71.4,8,8
8482,Female,22,BCA,AI,5.96,1,2,0,4,3,50,3,0,,0.0,19.0,54.6,5,5
8483,Male,21,BCA,AI,7.95,2,1,1,3,2,74,4,0,,0.0,26.333333333333332,69.5,6,6
8484,Female,20,BCA,Mechanical,8.03,1,3,1,3,1,71,4,0,,0.0,25.0,75.3,8,8
8485,Male,23,BCA,Mechanical,9.39,2,2,3,9,8,76,2,1,Product,8.03,31.0,83.9,7,7
8486,Male,23,BTech,Electrical,8.19,2,2,2,5,7,86,2,1,Startup,4.18,32.666666666666664,71.89999999999999,6,6
8487,Female,20,BTech,Electrical,9.74,3,2,3,3,6,44,4,0,,0.0,17.666666666666668,82.4,9,9
8488,Female,23,BE,DS,5.63,2,3,4,5,3,66,0,0,,0.0,24.666666666666668,46.3,7,7
8489,Male,21,BSc,Electrical,8.53,0,1,3,9,6,90,4,1,Service,11.7,35.0,85.3,8,8
8490,Female,21,BSc,Mechanical,5.61,3,0,2,3,5,51,3,0,,0.0,19.666666666666668,41.1,5,5
8491,Female,23,BE,DS,8.64,1,3,2,5,5,47,1,0,,0.0,19.0,81.4,6,6
8492,Male,23,BSc,CS,7.16,0,0,3,2,4,42,2,0,,0.0,16.0,71.6,5,5
8493,Male,21,BTech,IT,8.13,0,0,5,8,5,71,0,1,Startup,9.6,28.0,81.30000000000001,5,5
8494,Male,23,BCA,Mechanical,6.83,2,0,3,6,5,61,5,1,Startup,11.85,24.0,58.3,8,8
8495,Male,24,BSc,Mechanical,6.18,2,2,5,8,5,67,3,0,,0.0,26.666666666666668,51.8,10,10
8496,Female,22,BCA,CS,8.61,0,2,4,1,10,65,1,0,,0.0,25.333333333333332,86.1,7,7
8497,Female,24,BCA,Mechanical,9.39,3,1,5,2,10,84,0,0,,0.0,32.0,78.9,6,6
8498,Male,23,BTech,Electrical,6.29,0,3,0,7,8,60,2,0,,0.0,25.0,62.9,5,5
8499,Male,23,BCA,Electrical,9.46,0,0,2,7,2,50,0,0,,0.0,19.666666666666668,94.60000000000001,2,2
8500,Male,22,BSc,Electrical,6.1,2,3,0,9,2,66,3,0,,0.0,25.666666666666668,51.0,6,6
8501,Female,23,BTech,CS,8.66,2,3,5,6,6,82,4,1,Product,13.35,31.333333333333332,76.6,12,12
8502,Male,22,BE,DS,9.63,2,3,4,7,3,46,2,0,,0.0,18.666666666666668,86.30000000000001,9,9
8503,Female,21,BTech,Mechanical,6.13,1,2,1,4,10,77,1,0,,0.0,30.333333333333332,56.3,4,4
8504,Male,22,BSc,Mechanical,7.37,0,0,1,2,10,82,5,0,,0.0,31.333333333333332,73.7,6,6
8505,Male,22,BTech,Electrical,6.95,0,0,5,9,10,48,2,0,,0.0,22.333333333333332,69.5,7,7
8506,Male,24,BSc,DS,7.17,1,3,0,1,10,86,3,0,,0.0,32.333333333333336,66.7,6,6
8507,Female,23,BSc,Mechanical,8.74,0,1,3,6,4,87,1,1,Product,5.56,32.333333333333336,87.4,5,5
8508,Female,21,BTech,AI,8.34,0,2,2,10,3,98,3,1,Product,8.9,37.0,83.4,7,7
8509,Female,20,BSc,CS,9.67,0,3,0,9,4,73,2,1,Service,9.7,28.666666666666668,96.7,5,5
8510,Male,22,BE,IT,6.3,3,3,3,10,2,98,0,0,,0.0,36.666666666666664,48.0,6,6
8511,Female,20,BSc,AI,7.84,1,0,4,10,9,82,3,1,Product,10.65,33.666666666666664,73.4,7,7
8512,Female,23,BE,IT,7.43,1,1,3,2,3,65,4,0,,0.0,23.333333333333332,69.3,8,8
8513,Male,22,BE,AI,9.45,0,3,4,2,7,45,4,0,,0.0,18.0,94.5,11,11
8514,Male,20,BSc,AI,5.55,2,1,0,9,9,51,2,0,,0.0,23.0,45.5,3,3
8515,Female,24,BCA,AI,9.75,0,0,1,10,9,97,5,1,Product,12.13,38.666666666666664,97.5,6,6
8516,Female,20,BE,CS,7.56,0,0,5,10,6,97,1,1,Product,3.61,37.666666666666664,75.6,6,6
8517,Female,24,BE,IT,8.19,3,3,2,9,1,76,0,1,Service,10.0,28.666666666666668,66.89999999999999,5,5
8518,Female,21,BTech,DS,7.05,3,1,0,4,10,96,1,0,,0.0,36.666666666666664,55.5,2,2
8519,Male,23,BE,DS,9.17,2,3,1,8,2,89,3,1,Startup,4.18,33.0,81.7,7,7
8520,Male,20,BE,Electrical,7.92,3,3,4,8,9,83,2,1,Startup,14.55,33.333333333333336,64.2,9,9
8521,Male,22,BE,Mechanical,8.35,0,3,2,2,5,79,0,0,,0.0,28.666666666666668,83.5,5,5
8522,Female,23,BE,CS,8.29,0,3,3,4,10,94,2,0,,0.0,36.0,82.89999999999999,8,8
8523,Female,20,BCA,Electrical,7.07,3,1,0,6,2,40,2,0,,0.0,16.0,55.7,3,3
8524,Male,22,BE,Electrical,5.83,3,3,3,4,6,74,2,0,,0.0,28.0,43.3,8,8
8525,Male,22,BSc,CS,8.97,1,0,2,7,7,43,1,0,,0.0,19.0,84.7,3,3
8526,Female,22,BCA,CS,6.75,0,0,0,10,10,79,3,1,Product,3.8,33.0,67.5,3,3
8527,Female,22,BE,AI,9.15,2,1,0,5,10,89,3,1,Product,4.0,34.666666666666664,81.5,4,4
8528,Male,20,BSc,CS,8.12,3,3,5,4,10,47,5,0,,0.0,20.333333333333332,66.19999999999999,13,13
8529,Male,21,BSc,DS,7.02,3,3,3,6,6,41,1,0,,0.0,17.666666666666668,55.19999999999999,7,7
8530,Male,24,BCA,CS,8.06,1,2,3,6,1,51,4,0,,0.0,19.333333333333332,75.60000000000001,9,9
8531,Female,24,BCA,AI,8.28,1,3,1,5,1,90,0,1,Product,4.97,32.0,77.8,4,4
8532,Female,24,BSc,IT,8.54,3,1,5,6,2,47,5,0,,0.0,18.333333333333332,70.39999999999999,11,11
8533,Female,21,BCA,Electrical,9.04,2,1,3,5,9,98,0,1,Product,7.11,37.333333333333336,80.39999999999999,4,4
8534,Female,22,BCA,CS,6.19,2,2,4,7,1,80,1,0,,0.0,29.333333333333332,51.900000000000006,7,7
8535,Female,22,BTech,Electrical,9.56,3,0,1,5,9,99,2,1,Product,3.4,37.666666666666664,80.60000000000001,3,3
8536,Female,23,BCA,IT,7.27,1,1,3,4,6,70,2,0,,0.0,26.666666666666668,67.69999999999999,6,6
8537,Male,24,BTech,Mechanical,9.2,0,3,0,9,2,60,3,1,Startup,7.65,23.666666666666668,92.0,6,6
8538,Male,24,BCA,AI,6.45,0,3,3,5,10,70,1,0,,0.0,28.333333333333332,64.5,7,7
8539,Female,22,BCA,Electrical,5.62,1,0,5,6,3,71,4,0,,0.0,26.666666666666668,51.2,9,9
8540,Male,24,BSc,CS,7.97,0,2,2,2,9,59,4,0,,0.0,23.333333333333332,79.7,8,8
8541,Female,22,BTech,Mechanical,6.9,1,1,1,1,10,86,0,0,,0.0,32.333333333333336,64.0,2,2
8542,Male,22,BCA,Mechanical,9.73,2,3,0,3,2,58,0,0,,0.0,21.0,87.30000000000001,3,3
8543,Female,22,BE,IT,5.95,0,0,3,7,5,86,2,0,,0.0,32.666666666666664,59.5,5,5
8544,Male,20,BCA,Electrical,5.7,3,0,2,1,8,69,2,0,,0.0,26.0,42.0,4,4
8545,Male,20,BSc,Electrical,5.69,3,0,1,1,10,90,1,0,,0.0,33.666666666666664,41.900000000000006,2,2
8546,Female,20,BSc,DS,6.43,0,3,1,8,6,48,2,0,,0.0,20.666666666666668,64.3,6,6
8547,Female,20,BSc,DS,7.99,3,0,1,3,8,59,2,0,,0.0,23.333333333333332,64.9,3,3
8548,Male,21,BTech,DS,7.67,1,0,0,2,6,57,3,0,,0.0,21.666666666666668,71.7,3,3
8549,Male,23,BTech,Electrical,7.01,1,0,3,8,4,87,1,1,Startup,12.27,33.0,65.1,4,4
8550,Female,23,BTech,Electrical,5.88,3,1,0,10,8,52,0,0,,0.0,23.333333333333332,43.8,1,1
8551,Male,22,BE,DS,6.51,0,3,4,2,9,99,5,0,,0.0,36.666666666666664,65.1,12,12
8552,Female,24,BTech,AI,6.29,0,1,3,10,5,69,1,0,,0.0,28.0,62.9,5,5
8553,Female,20,BSc,CS,8.71,0,2,4,7,3,86,4,1,Service,14.0,32.0,87.10000000000001,10,10
8554,Male,23,BTech,CS,8.85,2,0,3,7,1,68,2,1,Service,5.34,25.333333333333332,78.5,5,5
8555,Female,23,BTech,AI,8.84,0,3,1,10,2,91,5,1,Startup,8.23,34.333333333333336,88.4,9,9
8556,Male,20,BCA,IT,9.67,0,2,0,6,1,90,0,1,Startup,13.09,32.333333333333336,96.7,2,2
8557,Male,21,BTech,CS,9.3,1,1,4,1,10,69,1,0,,0.0,26.666666666666668,88.0,6,6
8558,Female,21,BCA,Electrical,7.64,2,2,1,1,9,86,5,0,,0.0,32.0,66.39999999999999,8,8
8559,Male,23,BTech,Mechanical,7.28,1,1,1,3,7,44,5,0,,0.0,18.0,67.8,7,7
8560,Female,21,BCA,Electrical,9.44,3,3,5,4,10,43,0,0,,0.0,19.0,79.39999999999999,8,8
8561,Female,20,BSc,CS,8.13,3,1,4,9,2,89,2,1,Startup,14.8,33.333333333333336,66.30000000000001,7,7
8562,Female,23,BTech,AI,6.77,0,2,3,7,3,85,0,1,Service,10.82,31.666666666666668,67.69999999999999,5,5
8563,Male,20,BSc,IT,7.93,2,1,4,1,3,98,0,0,,0.0,34.0,69.3,5,5
8564,Female,21,BTech,CS,9.77,3,1,0,4,1,70,0,0,,0.0,25.0,82.69999999999999,1,1
8565,Male,20,BE,AI,9.15,0,2,2,6,3,81,5,1,Product,10.41,30.0,91.5,9,9
8566,Female,21,BE,Mechanical,6.71,2,2,3,6,1,72,5,1,Service,7.29,26.333333333333332,57.099999999999994,10,10
8567,Female,21,BSc,DS,9.6,3,0,1,7,3,88,4,1,Startup,5.6,32.666666666666664,81.0,5,5
8568,Female,20,BSc,Mechanical,9.72,3,2,5,9,3,40,3,0,,0.0,17.333333333333332,82.2,10,10
8569,Male,21,BE,Mechanical,6.49,2,1,4,6,5,58,1,0,,0.0,23.0,54.900000000000006,6,6
8570,Male,22,BE,IT,9.35,2,3,5,1,3,54,5,0,,0.0,19.333333333333332,83.5,13,13
8571,Female,20,BCA,CS,9.3,2,3,5,3,10,41,0,0,,0.0,18.0,83.0,8,8
8572,Female,22,BTech,DS,5.67,2,0,2,1,3,43,4,0,,0.0,15.666666666666666,46.7,6,6
8573,Male,20,BE,AI,8.38,3,1,5,6,1,42,0,0,,0.0,16.333333333333332,68.80000000000001,6,6
8574,Male,21,BSc,DS,6.81,2,2,4,7,9,62,0,1,Product,9.61,26.0,58.099999999999994,6,6
8575,Male,21,BSc,CS,8.4,1,1,2,3,1,79,3,0,,0.0,27.666666666666668,79.0,6,6
8576,Female,23,BE,IT,9.43,1,2,3,10,7,99,4,1,Product,9.07,38.666666666666664,89.3,9,9
8577,Male,23,BSc,CS,7.64,3,2,4,9,7,82,5,1,Startup,3.92,32.666666666666664,61.39999999999999,11,11
8578,Female,22,BTech,AI,7.28,3,2,4,1,8,92,3,0,,0.0,33.666666666666664,57.8,9,9
8579,Male,21,BCA,DS,9.46,0,0,2,1,7,45,4,0,,0.0,17.666666666666668,94.60000000000001,6,6
8580,Female,23,BTech,Mechanical,9.69,3,2,0,7,10,69,1,1,Product,13.96,28.666666666666668,81.89999999999999,3,3
8581,Female,21,BCA,CS,5.77,2,1,5,5,6,62,1,0,,0.0,24.333333333333332,47.699999999999996,7,7
8582,Female,20,BCA,Electrical,9.47,2,0,1,5,8,80,3,1,Product,7.91,31.0,84.7,4,4
8583,Male,23,BE,IT,5.86,3,0,2,5,10,88,1,0,,0.0,34.333333333333336,43.6,3,3
8584,Male,22,BSc,IT,6.95,1,3,5,5,4,54,0,0,,0.0,21.0,64.5,8,8
8585,Male,23,BCA,DS,8.78,0,0,4,2,4,84,1,0,,0.0,30.0,87.8,5,5
8586,Female,21,BE,Mechanical,8.84,3,1,2,1,3,86,1,0,,0.0,30.0,73.4,4,4
8587,Female,24,BSc,AI,8.62,3,3,2,5,8,89,1,1,Product,5.03,34.0,71.19999999999999,6,6
8588,Male,24,BSc,Mechanical,5.67,0,2,4,10,6,56,0,0,,0.0,24.0,56.7,6,6
8589,Female,21,BCA,DS,6.07,1,3,4,9,8,48,4,0,,0.0,21.666666666666668,55.7,11,11
8590,Female,20,BSc,Mechanical,9.53,3,0,0,8,8,41,1,0,,0.0,19.0,80.3,1,1
8591,Female,23,BTech,DS,5.85,1,2,0,9,7,89,1,0,,0.0,35.0,53.5,3,3
8592,Male,24,BSc,Mechanical,5.84,2,2,0,3,3,92,2,0,,0.0,32.666666666666664,48.4,4,4
8593,Female,20,BTech,CS,9.09,1,1,5,2,5,80,5,0,,0.0,29.0,85.9,11,11
8594,Male,21,BSc,IT,8.26,2,0,4,5,2,68,5,1,Product,4.89,25.0,72.6,9,9
8595,Male,20,BCA,DS,7.01,0,1,3,7,1,90,2,1,Product,7.16,32.666666666666664,70.1,6,6
8596,Male,21,BCA,DS,6.21,3,0,0,4,3,81,5,0,,0.0,29.333333333333332,47.1,5,5
8597,Male,23,BE,IT,9.3,2,0,1,2,4,85,4,0,,0.0,30.333333333333332,83.0,5,5
8598,Male,20,BTech,Electrical,9.75,1,2,5,9,4,70,1,1,Startup,6.36,27.666666666666668,92.5,8,8
8599,Female,23,BTech,Electrical,5.71,3,2,5,6,2,71,1,0,,0.0,26.333333333333332,42.1,8,8
8600,Male,20,BCA,AI,7.88,2,3,3,3,3,95,4,0,,0.0,33.666666666666664,68.8,10,10
8601,Male,21,BCA,DS,6.62,2,0,0,1,8,97,4,0,,0.0,35.333333333333336,56.2,4,4
8602,Male,21,BCA,CS,9.08,1,0,1,1,9,40,2,0,,0.0,16.666666666666668,85.8,3,3
8603,Female,20,BTech,Mechanical,6.99,2,2,4,8,2,69,5,1,Product,5.55,26.333333333333332,59.900000000000006,11,11
8604,Female,21,BE,CS,8.57,0,0,1,4,6,67,5,0,,0.0,25.666666666666668,85.7,6,6
8605,Female,22,BTech,DS,7.82,2,0,0,9,1,65,0,1,Product,7.06,25.0,68.2,0,0
8606,Female,22,BCA,AI,7.83,1,0,2,5,4,57,4,0,,0.0,22.0,73.3,6,6
8607,Male,23,BE,DS,9.19,3,1,2,5,9,95,2,1,Service,9.27,36.333333333333336,76.89999999999999,5,5
8608,Male,22,BSc,AI,7.52,1,3,1,8,1,40,5,0,,0.0,16.333333333333332,70.19999999999999,9,9
8609,Female,22,BSc,IT,9.14,1,3,4,7,3,80,3,1,Startup,3.24,30.0,86.4,10,10
8610,Female,24,BCA,Mechanical,7.06,3,0,3,8,7,91,0,1,Startup,13.77,35.333333333333336,55.599999999999994,3,3
8611,Female,24,BE,CS,6.25,2,0,2,4,8,87,2,0,,0.0,33.0,52.5,4,4
8612,Female,24,BCA,AI,7.46,0,2,5,10,7,58,4,0,,0.0,25.0,74.6,11,11
8613,Male,24,BTech,CS,7.64,1,3,3,2,7,74,3,0,,0.0,27.666666666666668,71.39999999999999,9,9
8614,Female,21,BTech,IT,7.56,1,3,4,6,6,72,5,1,Startup,4.88,28.0,70.6,12,12
8615,Female,23,BE,DS,8.98,0,2,2,7,7,47,3,0,,0.0,20.333333333333332,89.80000000000001,7,7
8616,Female,23,BCA,AI,7.93,1,3,4,6,7,91,4,1,Startup,9.23,34.666666666666664,74.3,11,11
8617,Female,22,BCA,Mechanical,9.32,3,1,0,3,9,88,4,0,,0.0,33.333333333333336,78.2,5,5
8618,Female,23,BSc,AI,7.71,2,2,3,3,9,66,3,0,,0.0,26.0,67.1,8,8
8619,Female,22,BE,Electrical,6.47,3,0,0,5,10,76,0,0,,0.0,30.333333333333332,49.7,0,0
8620,Female,23,BCA,DS,6.06,1,1,4,7,10,81,3,0,,0.0,32.666666666666664,55.599999999999994,8,8
8621,Male,20,BTech,DS,9.23,3,3,4,2,10,47,4,0,,0.0,19.666666666666668,77.30000000000001,11,11
8622,Male,20,BCA,Mechanical,5.74,1,0,1,4,8,95,0,0,,0.0,35.666666666666664,52.400000000000006,1,1
8623,Male,23,BCA,Mechanical,6.01,2,3,1,8,9,97,5,0,,0.0,38.0,50.099999999999994,9,9
8624,Male,21,BTech,IT,5.77,3,3,2,3,6,83,2,0,,0.0,30.666666666666668,42.699999999999996,7,7
8625,Male,22,BTech,CS,7.32,3,0,0,7,4,87,1,1,Product,4.86,32.666666666666664,58.2,1,1
8626,Male,23,BCA,AI,7.79,0,0,0,10,9,71,1,1,Startup,8.83,30.0,77.9,1,1
8627,Female,22,BTech,IT,5.59,0,1,4,3,2,58,1,0,,0.0,21.0,55.9,6,6
8628,Female,24,BSc,CS,7.72,1,3,1,8,8,69,2,1,Startup,14.95,28.333333333333332,72.2,6,6
8629,Male,23,BSc,IT,7.19,3,2,3,7,2,99,5,1,Startup,3.63,36.0,56.900000000000006,10,10
8630,Female,21,BSc,Electrical,8.83,2,2,4,1,7,75,2,0,,0.0,27.666666666666668,78.3,8,8
8631,Male,24,BTech,Mechanical,9.07,2,2,0,4,9,99,3,0,,0.0,37.333333333333336,80.7,5,5
8632,Female,23,BTech,Mechanical,8.45,0,3,0,7,10,49,2,0,,0.0,22.0,84.5,5,5
8633,Female,20,BTech,DS,7.54,0,3,4,5,4,75,2,1,Product,11.75,28.0,75.4,9,9
8634,Female,23,BE,AI,6.43,0,0,4,3,8,55,4,0,,0.0,22.0,64.3,8,8
8635,Female,20,BTech,AI,9.14,2,1,5,2,7,42,2,0,,0.0,17.0,81.4,8,8
8636,Female,20,BSc,AI,6.97,2,3,4,9,10,61,4,1,Product,4.24,26.666666666666668,59.7,11,11
8637,Female,23,BSc,IT,7.03,2,2,0,10,3,90,3,1,Startup,10.08,34.333333333333336,60.3,5,5
8638,Male,23,BSc,IT,9.44,1,3,5,6,1,61,1,1,Product,8.19,22.666666666666668,89.39999999999999,9,9
8639,Male,20,BE,AI,9.7,3,1,3,10,8,60,0,1,Product,6.98,26.0,82.0,4,4
8640,Female,22,BCA,DS,9.36,1,3,0,1,9,69,1,0,,0.0,26.333333333333332,88.6,4,4
8641,Male,24,BSc,CS,9.79,3,1,4,5,5,66,5,1,Product,9.59,25.333333333333332,82.89999999999999,10,10
8642,Female,21,BE,Electrical,9.24,3,0,1,7,4,41,3,0,,0.0,17.333333333333332,77.4,4,4
8643,Male,23,BCA,IT,8.53,3,1,3,8,2,47,0,0,,0.0,19.0,70.3,4,4
8644,Female,24,BE,AI,6.76,0,2,5,5,1,82,1,1,Service,14.19,29.333333333333332,67.6,8,8
8645,Male,24,BE,Mechanical,9.6,3,3,5,10,4,62,3,1,Service,6.14,25.333333333333332,81.0,11,11
8646,Female,22,BCA,IT,9.27,0,3,2,10,8,78,3,1,Startup,8.42,32.0,92.69999999999999,8,8
8647,Male,24,BTech,CS,6.54,3,2,5,1,9,77,4,0,,0.0,29.0,50.400000000000006,11,11
8648,Female,23,BTech,IT,7.6,1,1,0,2,1,80,2,0,,0.0,27.666666666666668,71.0,3,3
8649,Male,24,BSc,CS,5.8,1,3,3,4,4,75,4,0,,0.0,27.666666666666668,53.0,10,10
8650,Female,23,BCA,CS,9.6,3,3,3,10,5,53,4,0,,0.0,22.666666666666668,81.0,10,10
8651,Female,23,BSc,IT,7.96,1,1,4,1,2,92,1,0,,0.0,31.666666666666668,74.6,6,6
8652,Female,20,BE,CS,6.55,1,1,3,4,2,70,3,0,,0.0,25.333333333333332,60.5,7,7
8653,Male,22,BTech,IT,6.76,3,1,5,6,3,96,2,1,Startup,3.42,35.0,52.599999999999994,8,8
8654,Male,21,BSc,IT,9.72,3,3,0,6,1,86,3,1,Product,13.09,31.0,82.2,6,6
8655,Male,20,BSc,DS,8.15,0,2,1,2,8,90,0,0,,0.0,33.333333333333336,81.5,3,3
8656,Female,21,BTech,Mechanical,7.31,1,2,3,1,1,58,1,0,,0.0,20.0,68.1,6,6
8657,Male,23,BE,Electrical,7.65,1,0,5,8,4,69,4,1,Service,6.17,27.0,71.5,9,9
8658,Female,20,BSc,CS,5.92,3,1,0,9,7,55,2,0,,0.0,23.666666666666668,44.2,3,3
8659,Male,24,BSc,IT,5.82,2,2,5,9,3,51,5,0,,0.0,21.0,48.2,12,12
8660,Male,24,BCA,CS,8.05,0,1,5,7,9,99,2,1,Service,11.92,38.333333333333336,80.5,8,8
8661,Male,21,BCA,IT,7.7,0,3,5,4,3,63,2,0,,0.0,23.333333333333332,77.0,10,10
8662,Male,23,BTech,Electrical,7.04,2,2,4,2,5,81,0,0,,0.0,29.333333333333332,60.400000000000006,6,6
8663,Female,21,BTech,IT,7.93,0,3,3,7,2,77,4,1,Startup,10.85,28.666666666666668,79.3,10,10
8664,Male,22,BE,IT,5.81,0,0,2,6,5,71,2,0,,0.0,27.333333333333332,58.099999999999994,4,4
8665,Male,24,BE,Mechanical,9.56,1,2,2,7,2,89,3,1,Service,10.69,32.666666666666664,90.60000000000001,7,7
8666,Female,20,BSc,CS,6.76,1,2,1,1,8,58,5,0,,0.0,22.333333333333332,62.599999999999994,8,8
8667,Female,20,BCA,Mechanical,5.81,3,0,4,4,9,79,5,0,,0.0,30.666666666666668,43.099999999999994,9,9
8668,Male,20,BE,Mechanical,6.23,3,1,0,1,5,86,2,0,,0.0,30.666666666666668,47.300000000000004,3,3
8669,Male,24,BSc,Mechanical,5.91,0,2,3,7,6,44,5,0,,0.0,19.0,59.1,10,10
8670,Female,23,BSc,Mechanical,6.27,2,0,0,6,4,84,2,0,,0.0,31.333333333333332,52.699999999999996,2,2
8671,Female,24,BTech,DS,7.29,3,3,2,10,10,85,2,1,Product,6.32,35.0,57.900000000000006,7,7
8672,Female,24,BCA,CS,8.67,3,0,4,8,7,86,0,1,Startup,12.92,33.666666666666664,71.7,4,4
8673,Male,20,BSc,CS,6.67,2,3,0,2,10,41,4,0,,0.0,17.666666666666668,56.7,7,7
8674,Male,24,BTech,IT,7.37,0,0,3,8,5,90,3,1,Startup,4.69,34.333333333333336,73.7,6,6
8675,Male,20,BSc,CS,9.49,0,2,4,8,5,71,5,1,Service,9.26,28.0,94.9,11,11
8676,Female,23,BCA,Electrical,6.77,3,1,3,2,1,66,1,0,,0.0,23.0,52.69999999999999,5,5
8677,Female,22,BSc,Mechanical,8.92,0,2,3,7,2,41,2,0,,0.0,16.666666666666668,89.2,7,7
8678,Female,20,BSc,AI,6.18,0,2,4,3,2,76,4,0,,0.0,27.0,61.8,10,10
8679,Male,21,BE,CS,6.27,3,3,4,5,4,76,0,0,,0.0,28.333333333333332,47.699999999999996,7,7
8680,Female,22,BE,AI,7.46,3,2,5,8,5,96,3,1,Product,11.59,36.333333333333336,59.599999999999994,10,10
8681,Male,23,BTech,Electrical,6.51,1,0,3,1,10,61,4,0,,0.0,24.0,60.099999999999994,7,7
8682,Female,22,BSc,DS,9.38,1,1,2,1,4,73,2,0,,0.0,26.0,88.80000000000001,5,5
8683,Male,20,BTech,IT,5.72,0,2,3,10,3,66,4,0,,0.0,26.333333333333332,57.199999999999996,9,9
8684,Male,23,BCA,IT,8.07,2,1,4,8,4,56,0,0,,0.0,22.666666666666668,70.7,5,5
8685,Female,21,BTech,IT,8.1,1,3,5,6,5,78,1,1,Product,6.82,29.666666666666668,76.0,9,9
8686,Male,20,BSc,DS,5.78,0,2,1,3,3,62,0,0,,0.0,22.666666666666668,57.800000000000004,3,3
8687,Female,20,BE,Mechanical,8.65,2,1,0,8,6,49,5,0,,0.0,21.0,76.5,6,6
8688,Male,23,BE,AI,7.52,1,0,3,8,4,61,5,1,Product,12.17,24.333333333333332,70.19999999999999,8,8
8689,Female,23,BTech,CS,8.61,1,1,5,9,2,54,1,0,,0.0,21.666666666666668,81.1,7,7
8690,Female,22,BE,Mechanical,9.06,0,0,0,10,3,99,2,1,Startup,3.13,37.333333333333336,90.60000000000001,2,2
8691,Male,21,BSc,IT,6.89,3,0,3,10,1,89,3,1,Product,8.06,33.333333333333336,53.89999999999999,6,6
8692,Female,22,BSc,IT,7.58,3,3,5,6,10,79,5,1,Product,11.33,31.666666666666668,60.8,13,13
8693,Male,22,BCA,Mechanical,6.62,2,1,3,7,7,75,0,1,Product,4.91,29.666666666666668,56.2,4,4
8694,Female,20,BE,AI,6.37,3,2,5,6,5,82,3,0,,0.0,31.0,48.7,10,10
8695,Female,23,BE,Mechanical,5.5,0,2,1,3,7,78,0,0,,0.0,29.333333333333332,55.0,3,3
8696,Female,20,BCA,DS,9.64,1,2,4,9,5,55,3,0,,0.0,23.0,91.4,9,9
8697,Female,21,BTech,IT,7.4,2,2,5,1,1,95,1,0,,0.0,32.333333333333336,64.0,8,8
8698,Male,22,BCA,AI,5.56,3,1,2,5,3,94,4,0,,0.0,34.0,40.599999999999994,7,7
8699,Female,21,BE,CS,5.54,1,3,5,6,9,67,4,0,,0.0,27.333333333333332,50.4,12,12
8700,Female,23,BTech,IT,6.74,0,2,4,6,7,74,1,1,Startup,5.37,29.0,67.4,7,7
8701,Male,23,BSc,Mechanical,5.56,0,2,0,1,7,95,1,0,,0.0,34.333333333333336,55.599999999999994,3,3
8702,Male,24,BSc,AI,7.11,1,0,0,8,5,71,2,1,Service,14.84,28.0,66.10000000000001,2,2
8703,Male,21,BCA,IT,5.77,0,1,3,1,3,91,5,0,,0.0,31.666666666666668,57.699999999999996,9,9
8704,Male,20,BSc,CS,5.67,0,0,4,3,10,86,5,0,,0.0,33.0,56.7,9,9
8705,Male,21,BE,CS,8.38,1,0,1,8,4,63,0,1,Product,8.65,25.0,78.80000000000001,1,1
8706,Male,22,BCA,Electrical,9.4,3,3,2,8,4,60,3,1,Product,13.18,24.0,79.0,8,8
8707,Female,23,BE,Mechanical,7.26,2,2,4,1,6,80,1,0,,0.0,29.0,62.599999999999994,7,7
8708,Male,23,BE,DS,9.1,1,2,3,1,6,58,3,0,,0.0,21.666666666666668,86.0,8,8
8709,Female,21,BTech,Mechanical,5.63,1,1,0,8,7,71,0,0,,0.0,28.666666666666668,51.3,1,1
8710,Male,21,BTech,AI,8.84,3,0,4,2,8,85,3,0,,0.0,31.666666666666668,73.4,7,7
8711,Female,21,BTech,Mechanical,5.77,2,2,0,5,9,73,5,0,,0.0,29.0,47.699999999999996,7,7
8712,Female,22,BSc,AI,9.11,0,3,5,8,8,91,4,1,Product,4.53,35.666666666666664,91.1,12,12
8713,Female,22,BTech,Electrical,9.29,3,0,3,5,9,57,2,0,,0.0,23.666666666666668,77.89999999999999,5,5
8714,Male,20,BE,Electrical,8.88,2,3,0,7,9,50,0,0,,0.0,22.0,78.80000000000001,3,3
8715,Male,21,BCA,Electrical,9.03,1,3,3,6,3,50,0,0,,0.0,19.666666666666668,85.3,6,6
8716,Male,20,BCA,DS,7.91,2,3,5,5,7,99,2,1,Service,12.12,37.0,69.1,10,10
8717,Male,24,BE,Electrical,6.64,3,2,2,3,3,57,5,0,,0.0,21.0,51.39999999999999,9,9
8718,Female,22,BSc,Mechanical,8.27,0,3,1,6,5,40,5,0,,0.0,17.0,82.69999999999999,9,9
8719,Male,23,BCA,CS,7.39,2,3,0,9,10,79,0,1,Startup,11.99,32.666666666666664,63.89999999999999,3,3
8720,Female,24,BE,AI,5.52,2,2,4,7,9,40,2,0,,0.0,18.666666666666668,45.199999999999996,8,8
8721,Female,23,BE,AI,7.55,1,2,2,10,8,63,5,1,Startup,13.65,27.0,70.5,9,9
8722,Male,24,BE,CS,8.3,2,2,1,1,3,80,5,0,,0.0,28.0,73.0,8,8
8723,Male,20,BCA,Mechanical,5.56,1,1,4,5,6,61,1,0,,0.0,24.0,50.599999999999994,6,6
8724,Male,20,BCA,DS,8.17,3,0,5,7,5,46,1,0,,0.0,19.333333333333332,66.7,6,6
8725,Female,22,BTech,IT,8.31,0,0,4,7,10,93,5,1,Startup,4.22,36.666666666666664,83.10000000000001,9,9
8726,Male,23,BTech,Mechanical,6.18,3,1,3,7,4,56,3,0,,0.0,22.333333333333332,46.8,7,7
8727,Female,24,BE,Electrical,7.35,2,1,1,6,6,88,4,1,Product,7.61,33.333333333333336,63.5,6,6
8728,Male,21,BE,Mechanical,9.65,2,1,4,2,8,51,4,0,,0.0,20.333333333333332,86.5,9,9
8729,Female,21,BE,AI,9.3,1,2,4,2,8,40,0,0,,0.0,16.666666666666668,88.0,6,6
8730,Male,22,BE,AI,7.27,1,3,4,10,3,42,5,0,,0.0,18.333333333333332,67.69999999999999,12,12
8731,Male,23,BCA,DS,7.0,3,2,2,6,6,86,0,1,Startup,14.68,32.666666666666664,55.0,4,4
8732,Female,21,BTech,Electrical,6.03,3,3,1,1,1,69,3,0,,0.0,23.666666666666668,45.300000000000004,7,7
8733,Male,22,BSc,DS,5.65,3,0,3,6,1,62,4,0,,0.0,23.0,41.5,7,7
8734,Male,22,BE,DS,6.78,0,3,5,5,1,98,1,1,Product,9.48,34.666666666666664,67.8,9,9
8735,Male,23,BTech,CS,9.54,1,1,2,1,9,47,1,0,,0.0,19.0,90.39999999999999,4,4
8736,Male,21,BE,IT,9.62,3,0,2,5,10,83,2,1,Product,13.77,32.666666666666664,81.19999999999999,4,4
8737,Male,21,BCA,IT,8.99,1,3,2,4,9,56,1,0,,0.0,23.0,84.9,6,6
8738,Male,21,BSc,Electrical,7.01,3,1,3,9,10,45,4,0,,0.0,21.333333333333332,55.099999999999994,8,8
8739,Male,20,BTech,DS,6.12,0,3,3,1,5,99,2,0,,0.0,35.0,61.2,8,8
8740,Female,21,BTech,AI,8.06,1,3,5,10,7,95,0,1,Product,7.84,37.333333333333336,75.60000000000001,8,8
8741,Female,24,BSc,IT,8.28,1,3,2,3,4,51,3,0,,0.0,19.333333333333332,77.8,8,8
8742,Male,20,BCA,Mechanical,7.33,1,0,2,2,2,60,4,0,,0.0,21.333333333333332,68.3,6,6
8743,Male,20,BSc,CS,8.47,1,3,5,1,6,50,1,0,,0.0,19.0,79.7,9,9
8744,Male,20,BTech,AI,8.71,0,1,0,2,2,41,5,0,,0.0,15.0,87.10000000000001,6,6
8745,Female,20,BSc,CS,8.87,3,3,3,7,7,59,2,0,,0.0,24.333333333333332,73.69999999999999,8,8
8746,Female,22,BCA,Mechanical,7.66,0,1,4,5,4,87,5,1,Startup,14.66,32.0,76.6,10,10
8747,Male,24,BCA,IT,8.9,1,2,1,2,4,59,1,0,,0.0,21.666666666666668,84.0,4,4
8748,Female,23,BE,CS,5.61,2,0,1,4,2,70,5,0,,0.0,25.333333333333332,46.1,6,6
8749,Male,21,BSc,Electrical,8.43,0,2,1,6,9,75,0,1,Product,13.06,30.0,84.3,3,3
8750,Male,20,BSc,CS,6.51,2,2,5,8,3,63,1,1,Product,4.73,24.666666666666668,55.099999999999994,8,8
8751,Male,23,BTech,CS,6.66,1,0,2,6,6,61,5,1,Product,11.0,24.333333333333332,61.599999999999994,7,7
8752,Male,22,BCA,Mechanical,5.89,1,2,5,6,10,48,1,0,,0.0,21.333333333333332,53.9,8,8
8753,Female,23,BSc,AI,6.33,0,1,3,6,9,97,3,0,,0.0,37.333333333333336,63.3,7,7
8754,Female,20,BTech,AI,9.77,2,1,0,5,8,88,5,1,Service,10.58,33.666666666666664,87.69999999999999,6,6
8755,Male,24,BE,Mechanical,7.29,0,1,0,5,9,56,1,0,,0.0,23.333333333333332,72.9,2,2
8756,Female,23,BSc,CS,9.49,0,1,5,6,7,73,5,1,Product,13.88,28.666666666666668,94.9,11,11
8757,Female,20,BSc,CS,6.2,0,2,1,6,9,92,3,0,,0.0,35.666666666666664,62.0,6,6
8758,Male,20,BTech,DS,6.38,1,0,4,1,10,50,2,0,,0.0,20.333333333333332,58.8,6,6
8759,Female,21,BTech,Electrical,7.9,3,2,4,7,9,45,0,0,,0.0,20.333333333333332,64.0,6,6
8760,Male,21,BCA,IT,7.0,2,0,4,6,5,98,5,1,Service,3.75,36.333333333333336,60.0,9,9
8761,Male,24,BCA,IT,8.27,3,0,4,6,7,90,5,1,Product,11.84,34.333333333333336,67.69999999999999,9,9
8762,Male,21,BCA,AI,7.31,3,2,0,1,5,88,3,0,,0.0,31.333333333333332,58.099999999999994,5,5
8763,Male,24,BSc,Mechanical,8.99,1,2,0,7,1,62,1,1,Startup,8.28,23.333333333333332,84.9,3,3
8764,Female,22,BTech,CS,7.36,1,1,3,6,7,87,2,1,Product,11.41,33.333333333333336,68.60000000000001,6,6
8765,Male,22,BCA,Electrical,7.96,1,0,0,10,9,88,3,1,Service,3.73,35.666666666666664,74.6,3,3
8766,Female,21,BSc,IT,6.88,0,0,3,2,5,94,3,0,,0.0,33.666666666666664,68.8,6,6
8767,Male,22,BCA,Mechanical,8.53,1,3,3,8,4,96,2,1,Product,6.11,36.0,80.3,8,8
8768,Male,23,BE,Mechanical,8.32,1,0,5,8,5,86,0,1,Service,12.77,33.0,78.2,5,5
8769,Female,23,BSc,CS,7.21,1,1,2,7,4,84,2,1,Product,6.87,31.666666666666668,67.1,5,5
8770,Male,23,BCA,Electrical,6.69,1,0,0,7,9,88,5,1,Product,11.81,34.666666666666664,61.900000000000006,5,5
8771,Female,22,BCA,Mechanical,8.14,3,3,4,7,10,79,0,1,Service,14.03,32.0,66.4,7,7
8772,Female,23,BE,IT,9.56,3,3,1,4,8,65,0,0,,0.0,25.666666666666668,80.60000000000001,4,4
8773,Male,24,BE,DS,6.07,1,0,3,1,5,48,1,0,,0.0,18.0,55.7,4,4
8774,Male,20,BCA,IT,8.94,3,1,1,9,5,47,3,0,,0.0,20.333333333333332,74.39999999999999,5,5
8775,Male,21,BCA,Electrical,7.83,1,3,4,1,5,88,2,0,,0.0,31.333333333333332,73.3,9,9
8776,Male,24,BTech,DS,7.76,2,3,3,5,7,91,0,1,Service,14.09,34.333333333333336,67.6,6,6
8777,Male,23,BCA,Mechanical,9.64,0,3,3,10,10,85,2,1,Product,6.08,35.0,96.4,8,8
8778,Male,20,BCA,IT,8.11,1,2,5,9,7,65,3,1,Service,14.63,27.0,76.1,10,10
8779,Female,21,BTech,CS,9.07,3,1,0,2,3,91,2,0,,0.0,32.0,75.7,3,3
8780,Female,24,BTech,Electrical,7.71,0,1,2,5,1,51,4,0,,0.0,19.0,77.1,7,7
8781,Male,21,BCA,Mechanical,6.57,3,2,1,1,8,72,2,0,,0.0,27.0,50.7,5,5
8782,Female,22,BTech,CS,8.49,2,0,5,2,10,84,0,0,,0.0,32.0,74.9,5,5
8783,Female,23,BSc,DS,9.47,2,3,5,1,4,46,1,0,,0.0,17.0,84.7,9,9
8784,Male,24,BE,AI,9.12,0,3,4,3,4,94,4,0,,0.0,33.666666666666664,91.19999999999999,11,11
8785,Male,24,BSc,AI,6.35,2,2,2,4,9,55,5,0,,0.0,22.666666666666668,53.5,9,9
8786,Female,20,BE,DS,6.86,1,0,5,1,7,65,1,0,,0.0,24.333333333333332,63.60000000000001,6,6
8787,Male,20,BE,AI,7.72,2,1,5,10,7,64,1,1,Startup,9.34,27.0,67.2,7,7
8788,Female,20,BCA,Electrical,7.96,3,0,2,1,8,95,3,0,,0.0,34.666666666666664,64.6,5,5
8789,Male,21,BE,Mechanical,6.33,1,1,5,2,1,74,1,0,,0.0,25.666666666666668,58.3,7,7
8790,Female,23,BSc,Mechanical,6.49,3,3,0,4,9,82,1,0,,0.0,31.666666666666668,49.900000000000006,4,4
8791,Female,21,BCA,Electrical,8.76,0,0,5,2,1,68,2,0,,0.0,23.666666666666668,87.6,7,7
8792,Female,23,BTech,IT,8.64,0,1,3,2,10,89,4,0,,0.0,33.666666666666664,86.4,8,8
8793,Female,24,BSc,Mechanical,9.11,0,0,4,8,5,81,4,1,Service,4.94,31.333333333333332,91.1,8,8
8794,Male,21,BCA,AI,9.51,3,0,2,8,9,67,2,1,Startup,13.81,28.0,80.1,4,4
8795,Male,21,BE,Electrical,6.83,3,0,2,7,3,55,0,0,,0.0,21.666666666666668,53.3,2,2
8796,Female,21,BSc,CS,9.2,0,2,1,4,2,58,4,0,,0.0,21.333333333333332,92.0,7,7
8797,Female,22,BE,IT,8.36,3,1,4,7,2,79,4,1,Product,10.01,29.333333333333332,68.6,9,9
8798,Male,23,BCA,CS,9.62,0,1,5,6,7,45,4,0,,0.0,19.333333333333332,96.19999999999999,10,10
8799,Male,23,BCA,AI,6.67,0,3,4,7,5,66,3,1,Service,8.36,26.0,66.7,10,10
8800,Female,21,BTech,CS,6.66,3,1,2,1,8,42,4,0,,0.0,17.0,51.599999999999994,7,7
8801,Female,22,BTech,AI,8.53,1,3,3,5,5,73,0,1,Product,12.92,27.666666666666668,80.3,6,6
8802,Female,21,BSc,Mechanical,9.49,0,2,4,5,2,56,4,0,,0.0,21.0,94.9,10,10
8803,Female,23,BTech,IT,9.05,2,3,4,7,7,71,5,1,Product,14.95,28.333333333333332,80.5,12,12
8804,Female,24,BE,DS,8.63,1,3,1,4,7,63,0,0,,0.0,24.666666666666668,81.30000000000001,4,4
8805,Male,22,BE,AI,7.17,1,2,1,1,2,74,4,0,,0.0,25.666666666666668,66.7,7,7
8806,Female,22,BTech,Electrical,8.59,1,2,5,3,6,74,5,0,,0.0,27.666666666666668,80.9,12,12
8807,Male,21,BTech,Electrical,8.94,1,2,1,4,5,71,0,0,,0.0,26.666666666666668,84.39999999999999,3,3
8808,Male,24,BTech,Mechanical,8.74,0,0,5,5,4,92,2,1,Product,12.7,33.666666666666664,87.4,7,7
8809,Male,23,BSc,Electrical,8.41,0,1,5,8,10,99,4,1,Service,12.84,39.0,84.1,10,10
8810,Female,20,BSc,CS,5.7,0,0,3,8,8,54,0,0,,0.0,23.333333333333332,57.0,3,3
8811,Male,23,BE,Mechanical,8.34,2,3,3,2,8,76,3,0,,0.0,28.666666666666668,73.4,9,9
8812,Male,23,BSc,Electrical,7.56,0,2,4,10,5,64,3,1,Service,3.27,26.333333333333332,75.6,9,9
8813,Male,24,BSc,CS,9.63,0,2,3,4,4,60,2,0,,0.0,22.666666666666668,96.30000000000001,7,7
8814,Male,22,BCA,CS,8.11,2,0,1,2,9,53,1,0,,0.0,21.333333333333332,71.1,2,2
8815,Female,23,BE,CS,8.12,0,3,3,5,5,62,3,1,Service,5.36,24.0,81.19999999999999,9,9
8816,Female,22,BE,Electrical,9.77,3,1,4,4,4,94,4,0,,0.0,34.0,82.69999999999999,9,9
8817,Male,24,BTech,CS,5.9,3,3,2,2,2,46,2,0,,0.0,16.666666666666668,44.0,7,7
8818,Male,24,BCA,IT,6.69,0,2,0,3,6,44,0,0,,0.0,17.666666666666668,66.9,2,2
8819,Female,21,BTech,Electrical,8.32,1,3,3,3,5,53,5,0,,0.0,20.333333333333332,78.2,11,11
8820,Female,20,BSc,CS,6.86,0,0,2,7,6,58,5,0,,0.0,23.666666666666668,68.60000000000001,7,7
8821,Female,24,BE,IT,6.99,2,3,4,4,1,82,5,0,,0.0,29.0,59.900000000000006,12,12
8822,Male,24,BSc,DS,9.34,1,0,2,1,6,46,0,0,,0.0,17.666666666666668,88.4,2,2
8823,Female,22,BSc,IT,7.99,2,3,2,5,5,47,0,0,,0.0,19.0,69.9,5,5
8824,Male,24,BCA,Electrical,5.94,3,3,2,6,7,43,0,0,,0.0,18.666666666666668,44.400000000000006,5,5
8825,Male,23,BCA,Electrical,6.84,2,0,5,6,1,45,4,0,,0.0,17.333333333333332,58.400000000000006,9,9
8826,Female,21,BE,CS,5.83,0,0,1,10,3,99,3,0,,0.0,37.333333333333336,58.3,4,4
8827,Male,21,BE,Electrical,7.89,3,1,3,2,2,76,5,0,,0.0,26.666666666666668,63.89999999999999,9,9
8828,Female,23,BCA,DS,6.25,1,1,2,5,6,49,0,0,,0.0,20.0,57.5,3,3
8829,Male,24,BCA,Mechanical,9.19,0,3,4,4,1,89,5,0,,0.0,31.333333333333332,91.89999999999999,12,12
8830,Female,20,BCA,IT,7.98,3,2,0,5,3,99,4,1,Service,14.5,35.666666666666664,64.80000000000001,6,6
8831,Male,24,BCA,Mechanical,5.76,1,2,5,7,4,88,2,0,,0.0,33.0,52.599999999999994,9,9
8832,Male,21,BE,DS,6.79,3,1,0,3,6,99,5,0,,0.0,36.0,52.900000000000006,6,6
8833,Female,20,BE,IT,8.15,1,1,0,8,5,53,4,0,,0.0,22.0,76.5,5,5
8834,Female,22,BSc,CS,6.94,1,3,5,9,5,52,5,0,,0.0,22.0,64.4,13,13
8835,Female,22,BSc,IT,7.71,2,0,1,1,5,77,2,0,,0.0,27.666666666666668,67.1,3,3
8836,Female,24,BSc,CS,9.41,0,0,3,1,1,87,5,0,,0.0,29.666666666666668,94.1,8,8
8837,Male,24,BE,AI,7.01,1,0,0,9,8,81,3,1,Service,7.5,32.666666666666664,65.1,3,3
8838,Female,20,BTech,IT,6.94,1,2,1,10,10,93,5,1,Product,3.04,37.666666666666664,64.4,8,8
8839,Female,20,BSc,IT,9.02,2,2,4,1,2,46,5,0,,0.0,16.333333333333332,80.19999999999999,11,11
8840,Male,24,BTech,Mechanical,6.87,1,2,4,2,6,60,0,0,,0.0,22.666666666666668,63.7,6,6
8841,Female,21,BTech,Mechanical,5.84,1,2,1,3,7,72,5,0,,0.0,27.333333333333332,53.4,8,8
8842,Female,22,BTech,DS,6.28,3,0,3,7,10,50,1,0,,0.0,22.333333333333332,47.800000000000004,4,4
8843,Male,20,BCA,CS,9.58,0,3,4,10,10,45,5,0,,0.0,21.666666666666668,95.8,12,12
8844,Female,21,BE,Electrical,9.51,2,3,5,3,4,75,2,0,,0.0,27.333333333333332,85.1,10,10
8845,Female,24,BE,Mechanical,6.47,2,2,3,9,8,50,1,0,,0.0,22.333333333333332,54.7,6,6
8846,Female,23,BSc,DS,7.88,1,2,1,2,1,94,4,0,,0.0,32.333333333333336,73.8,7,7
8847,Female,20,BSc,CS,6.09,1,0,4,3,9,73,4,0,,0.0,28.333333333333332,55.9,8,8
8848,Female,23,BE,CS,8.4,2,0,4,9,4,69,1,1,Service,13.17,27.333333333333332,74.0,5,5
8849,Female,21,BCA,CS,6.3,1,3,2,6,10,48,3,0,,0.0,21.333333333333332,58.0,8,8
8850,Male,22,BE,AI,5.71,1,1,5,9,9,46,0,0,,0.0,21.333333333333332,52.1,6,6
8851,Female,21,BTech,CS,9.05,3,3,4,5,2,85,4,1,Product,14.51,30.666666666666668,75.5,11,11
8852,Male,22,BE,DS,6.9,2,3,5,4,10,76,1,0,,0.0,30.0,59.0,9,9
8853,Male,21,BCA,CS,5.97,1,3,0,2,8,99,1,0,,0.0,36.333333333333336,54.699999999999996,4,4
8854,Male,20,BE,Electrical,9.09,0,0,2,1,5,57,5,0,,0.0,21.0,90.9,7,7
8855,Male,20,BE,Electrical,8.78,1,2,1,5,7,88,2,1,Service,3.22,33.333333333333336,82.8,5,5
8856,Female,23,BE,CS,8.44,3,0,0,1,5,68,1,0,,0.0,24.666666666666668,69.39999999999999,1,1
8857,Female,21,BTech,DS,9.42,3,2,0,6,6,60,1,1,Service,4.24,24.0,79.2,3,3
8858,Female,21,BSc,IT,7.6,2,1,5,6,7,53,2,0,,0.0,22.0,66.0,8,8
8859,Male,23,BCA,CS,6.05,3,1,3,7,9,55,2,0,,0.0,23.666666666666668,45.5,6,6
8860,Female,24,BTech,DS,5.76,3,1,2,9,6,65,4,0,,0.0,26.666666666666668,42.599999999999994,7,7
8861,Female,21,BE,Mechanical,6.87,0,2,5,6,1,92,5,1,Startup,6.91,33.0,68.7,12,12
8862,Female,21,BE,DS,5.87,3,3,3,3,1,70,3,0,,0.0,24.666666666666668,43.7,9,9
8863,Male,21,BSc,AI,7.8,1,2,2,8,1,98,4,1,Product,10.59,35.666666666666664,73.0,8,8
8864,Male,24,BSc,Mechanical,5.56,3,1,2,5,10,90,3,0,,0.0,35.0,40.599999999999994,6,6
8865,Female,20,BSc,Electrical,7.41,0,3,0,8,5,96,5,1,Product,14.51,36.333333333333336,74.1,8,8
8866,Male,23,BTech,Electrical,6.27,2,1,4,8,6,50,0,0,,0.0,21.333333333333332,52.699999999999996,5,5
8867,Male,24,BCA,IT,7.08,0,2,3,3,6,71,2,0,,0.0,26.666666666666668,70.8,7,7
8868,Female,22,BSc,IT,8.4,1,3,3,7,9,65,4,1,Service,6.59,27.0,79.0,10,10
8869,Male,22,BE,DS,7.01,1,2,5,4,10,72,5,0,,0.0,28.666666666666668,65.1,12,12
8870,Male,24,BCA,DS,6.97,2,2,0,9,1,99,2,1,Product,7.51,36.333333333333336,59.7,4,4
8871,Female,24,BE,CS,9.76,0,2,4,7,3,76,2,1,Startup,12.29,28.666666666666668,97.6,8,8
8872,Male,20,BE,CS,8.59,0,3,5,10,4,50,3,0,,0.0,21.333333333333332,85.9,11,11
8873,Male,22,BCA,Electrical,7.71,2,1,5,2,9,59,1,0,,0.0,23.333333333333332,67.1,7,7
8874,Male,23,BTech,AI,7.99,2,1,5,1,1,52,5,0,,0.0,18.0,69.9,11,11
8875,Male,21,BCA,CS,8.17,2,3,2,6,8,73,5,1,Service,7.32,29.0,71.7,10,10
8876,Male,21,BSc,Electrical,5.61,2,0,2,6,3,99,1,0,,0.0,36.0,46.1,3,3
8877,Male,20,BCA,DS,5.85,1,3,5,10,8,72,5,0,,0.0,30.0,53.5,13,13
8878,Male,20,BSc,DS,8.29,1,0,4,5,2,97,2,1,Product,6.79,34.666666666666664,77.89999999999999,6,6
8879,Male,22,BSc,CS,7.07,2,2,2,2,6,82,4,0,,0.0,30.0,60.7,8,8
8880,Female,23,BCA,AI,5.74,3,1,3,9,2,43,4,0,,0.0,18.0,42.400000000000006,8,8
8881,Female,23,BCA,Electrical,6.78,2,2,3,6,7,93,5,1,Product,12.79,35.333333333333336,57.8,10,10
8882,Female,24,BSc,DS,6.06,3,0,3,4,6,47,3,0,,0.0,19.0,45.599999999999994,6,6
8883,Female,20,BE,Electrical,9.44,3,3,0,7,7,97,0,1,Product,6.7,37.0,79.39999999999999,3,3
8884,Male,21,BCA,AI,6.37,0,2,2,9,9,89,4,0,,0.0,35.666666666666664,63.7,8,8
8885,Female,21,BTech,DS,6.12,3,3,0,8,10,99,5,0,,0.0,39.0,46.2,8,8
8886,Female,22,BSc,Electrical,8.19,3,3,2,1,9,50,0,0,,0.0,20.0,66.89999999999999,5,5
8887,Male,21,BE,AI,7.74,3,0,3,3,6,41,2,0,,0.0,16.666666666666668,62.400000000000006,5,5
8888,Male,23,BCA,AI,7.98,1,3,3,10,8,61,3,1,Product,3.21,26.333333333333332,74.80000000000001,9,9
8889,Male,23,BCA,AI,7.37,0,0,4,2,10,43,5,0,,0.0,18.333333333333332,73.7,9,9
8890,Male,20,BE,CS,7.51,0,3,2,3,6,81,3,0,,0.0,30.0,75.1,8,8
8891,Male,22,BTech,IT,8.85,3,3,1,5,10,64,2,1,Product,12.94,26.333333333333332,73.5,6,6
8892,Female,21,BSc,Electrical,6.45,1,3,0,6,2,91,2,0,,0.0,33.0,59.5,5,5
8893,Male,20,BCA,AI,7.21,2,1,3,3,5,83,0,0,,0.0,30.333333333333332,62.099999999999994,4,4
8894,Female,24,BTech,Electrical,9.62,1,3,4,2,5,89,4,0,,0.0,32.0,91.19999999999999,11,11
8895,Female,24,BSc,AI,6.32,0,2,4,5,4,54,5,0,,0.0,21.0,63.2,11,11
8896,Male,21,BTech,Electrical,6.76,3,1,3,4,9,51,4,0,,0.0,21.333333333333332,52.599999999999994,8,8
8897,Female,21,BSc,DS,6.32,1,0,2,5,2,72,1,0,,0.0,26.333333333333332,58.2,3,3
8898,Female,21,BSc,Electrical,5.59,3,3,4,10,7,71,0,0,,0.0,29.333333333333332,40.9,7,7
8899,Male,23,BTech,IT,6.66,2,0,2,4,6,45,3,0,,0.0,18.333333333333332,56.599999999999994,5,5
8900,Female,21,BSc,DS,5.7,1,2,4,4,3,82,0,0,,0.0,29.666666666666668,52.0,6,6
8901,Female,24,BCA,DS,6.17,2,2,0,8,7,40,5,0,,0.0,18.333333333333332,51.7,7,7
8902,Female,21,BCA,AI,7.06,2,2,2,6,8,77,0,1,Service,3.99,30.333333333333332,60.599999999999994,4,4
8903,Male,22,BTech,Mechanical,5.59,0,2,4,2,4,79,2,0,,0.0,28.333333333333332,55.9,8,8
8904,Male,24,BTech,IT,8.74,0,3,3,3,8,77,2,0,,0.0,29.333333333333332,87.4,8,8
8905,Male,22,BSc,DS,8.92,3,0,1,8,6,59,2,0,,0.0,24.333333333333332,74.2,3,3
8906,Female,24,BSc,Mechanical,7.27,2,0,3,1,5,83,2,0,,0.0,29.666666666666668,62.69999999999999,5,5
8907,Male,20,BTech,Mechanical,9.73,2,0,2,6,8,89,5,1,Service,8.72,34.333333333333336,87.30000000000001,7,7
8908,Female,24,BE,DS,8.42,0,1,5,3,6,44,2,0,,0.0,17.666666666666668,84.2,8,8
8909,Male,24,BTech,AI,8.7,2,1,3,9,10,76,0,1,Service,3.11,31.666666666666668,77.0,4,4
8910,Female,22,BE,CS,6.33,1,3,3,10,8,79,2,0,,0.0,32.333333333333336,58.3,8,8
8911,Male,22,BE,DS,9.1,2,1,5,1,6,90,5,0,,0.0,32.333333333333336,81.0,11,11
8912,Male,24,BTech,AI,9.56,2,2,1,2,4,41,4,0,,0.0,15.666666666666666,85.60000000000001,7,7
8913,Female,24,BTech,IT,6.52,0,3,5,6,2,53,4,0,,0.0,20.333333333333332,65.19999999999999,12,12
8914,Male,23,BTech,AI,8.45,0,3,3,4,3,56,1,0,,0.0,21.0,84.5,7,7
8915,Female,20,BE,Mechanical,8.71,3,3,4,10,7,89,4,1,Service,5.83,35.333333333333336,72.10000000000001,11,11
8916,Male,20,BCA,IT,6.81,0,0,0,1,6,57,1,0,,0.0,21.333333333333332,68.1,1,1
8917,Male,21,BCA,IT,7.54,1,1,1,10,6,56,5,0,,0.0,24.0,70.4,7,7
8918,Female,24,BTech,CS,5.92,2,2,2,4,9,79,4,0,,0.0,30.666666666666668,49.2,8,8
8919,Female,24,BTech,CS,6.24,3,3,4,2,5,70,5,0,,0.0,25.666666666666668,47.400000000000006,12,12
8920,Female,24,BSc,DS,5.76,2,2,2,9,9,95,3,0,,0.0,37.666666666666664,47.599999999999994,7,7
8921,Male,24,BSc,AI,7.91,0,3,1,7,1,81,1,1,Product,4.79,29.666666666666668,79.1,5,5
8922,Female,20,BSc,DS,8.19,2,2,1,6,3,70,0,1,Product,7.23,26.333333333333332,71.89999999999999,3,3
8923,Male,22,BTech,CS,9.44,2,0,3,9,5,75,2,1,Service,4.67,29.666666666666668,84.39999999999999,5,5
8924,Female,23,BCA,Mechanical,7.83,1,2,5,8,7,58,1,0,,0.0,24.333333333333332,73.3,8,8
8925,Female,22,BCA,CS,6.62,2,1,1,2,5,71,4,0,,0.0,26.0,56.2,6,6
8926,Female,22,BTech,AI,5.76,1,2,2,3,4,56,0,0,,0.0,21.0,52.599999999999994,4,4
8927,Female,20,BTech,Mechanical,9.31,2,3,1,7,5,63,4,1,Product,12.55,25.0,83.10000000000001,8,8
8928,Female,23,BE,DS,7.56,0,3,0,10,1,84,0,1,Service,6.4,31.666666666666668,75.6,3,3
8929,Female,24,BE,DS,8.67,3,0,3,4,5,79,4,0,,0.0,29.333333333333332,71.7,7,7
8930,Male,20,BCA,CS,5.56,0,0,1,6,9,43,2,0,,0.0,19.333333333333332,55.599999999999994,3,3
8931,Female,20,BSc,CS,7.6,3,3,0,9,3,44,3,0,,0.0,18.666666666666668,61.0,6,6
8932,Male,23,BCA,Electrical,6.9,2,3,2,7,10,91,5,1,Startup,3.94,36.0,59.0,10,10
8933,Female,21,BE,DS,5.63,0,2,2,3,6,92,4,0,,0.0,33.666666666666664,56.3,8,8
8934,Female,20,BCA,DS,8.84,1,3,0,6,9,86,4,1,Service,9.16,33.666666666666664,83.4,7,7
8935,Female,22,BE,IT,7.71,0,0,0,7,6,98,1,1,Product,12.8,37.0,77.1,1,1
8936,Male,22,BE,AI,6.93,1,0,5,1,10,91,2,0,,0.0,34.0,64.3,7,7
8937,Male,24,BSc,IT,8.96,2,1,1,7,6,80,0,1,Startup,5.12,31.0,79.60000000000001,2,2
8938,Female,20,BSc,IT,7.42,2,1,3,5,6,40,1,0,,0.0,17.0,64.2,5,5
8939,Male,24,BE,DS,5.52,3,3,3,7,7,65,2,0,,0.0,26.333333333333332,40.199999999999996,8,8
8940,Female,20,BTech,Electrical,9.56,0,2,4,7,6,81,2,1,Service,7.53,31.333333333333332,95.60000000000001,8,8
8941,Female,23,BSc,AI,6.6,2,3,0,6,8,42,1,0,,0.0,18.666666666666668,56.0,4,4
8942,Male,20,BE,DS,9.07,3,0,2,3,2,62,5,0,,0.0,22.333333333333332,75.7,7,7
8943,Male,21,BTech,IT,9.01,3,0,4,9,8,52,5,0,,0.0,23.0,75.1,9,9
8944,Male,22,BTech,IT,6.2,2,0,0,5,4,61,0,0,,0.0,23.333333333333332,52.0,0,0
8945,Male,23,BCA,DS,7.54,1,3,0,9,2,70,3,1,Product,9.25,27.0,70.4,6,6
8946,Female,22,BCA,CS,5.67,1,3,4,3,9,47,1,0,,0.0,19.666666666666668,51.7,8,8
8947,Male,24,BSc,CS,7.02,3,1,3,7,5,69,4,1,Startup,12.14,27.0,55.19999999999999,8,8
8948,Male,23,BTech,DS,8.64,2,0,0,5,3,85,5,1,Startup,4.23,31.0,76.4,5,5
8949,Female,21,BSc,Mechanical,6.52,0,1,5,7,3,51,3,0,,0.0,20.333333333333332,65.19999999999999,9,9
8950,Male,22,BE,Mechanical,6.0,0,0,4,8,9,61,0,0,,0.0,26.0,60.0,4,4
8951,Male,20,BSc,CS,7.68,3,1,1,8,5,82,0,1,Service,7.52,31.666666666666668,61.8,2,2
8952,Male,20,BTech,AI,7.81,0,3,1,5,10,54,1,0,,0.0,23.0,78.1,5,5
8953,Male,20,BCA,Electrical,8.41,2,2,2,5,7,69,1,1,Service,13.31,27.0,74.1,5,5
8954,Female,23,BSc,IT,8.76,0,2,3,8,2,99,3,1,Startup,14.47,36.333333333333336,87.6,8,8
8955,Female,21,BCA,AI,8.49,0,0,4,6,6,63,3,1,Service,3.57,25.0,84.9,7,7
8956,Male,21,BSc,CS,9.14,2,3,3,6,1,88,4,1,Product,14.85,31.666666666666668,81.4,10,10
8957,Male,21,BE,DS,6.46,1,0,3,2,8,64,4,0,,0.0,24.666666666666668,59.599999999999994,7,7
8958,Female,22,BTech,Mechanical,7.95,1,1,4,7,1,92,5,1,Startup,12.67,33.333333333333336,74.5,10,10
8959,Male,23,BSc,CS,7.05,3,3,0,10,3,97,4,1,Service,8.49,36.666666666666664,55.5,7,7
8960,Male,20,BE,AI,9.64,2,1,1,7,6,41,3,0,,0.0,18.0,86.4,5,5
8961,Male,22,BE,AI,7.39,1,1,2,6,8,40,2,0,,0.0,18.0,68.89999999999999,5,5
8962,Male,21,BE,Electrical,9.63,0,0,0,2,10,59,3,0,,0.0,23.666666666666668,96.30000000000001,3,3
8963,Male,20,BCA,CS,8.81,3,1,3,5,1,84,4,1,Startup,10.56,30.0,73.10000000000001,8,8
8964,Male,23,BCA,IT,8.59,2,0,3,6,10,83,2,1,Startup,6.55,33.0,75.9,5,5
8965,Male,24,BE,AI,7.61,2,1,4,4,4,65,4,0,,0.0,24.333333333333332,66.10000000000001,9,9
8966,Male,21,BE,IT,7.41,3,0,1,10,3,47,2,0,,0.0,20.0,59.099999999999994,3,3
8967,Male,21,BSc,IT,7.76,1,1,1,6,1,58,0,0,,0.0,21.666666666666668,72.6,2,2
8968,Female,21,BSc,DS,6.76,3,1,2,5,5,70,3,1,Product,5.09,26.666666666666668,52.599999999999994,6,6
8969,Female,21,BTech,CS,9.39,3,1,0,10,8,54,0,0,,0.0,24.0,78.9,1,1
8970,Female,20,BSc,CS,8.92,2,0,5,9,7,81,1,1,Product,9.38,32.333333333333336,79.2,6,6
8971,Male,23,BTech,IT,8.95,2,3,2,6,3,91,0,1,Startup,11.7,33.333333333333336,79.5,5,5
8972,Male,22,BTech,DS,7.36,0,2,3,1,5,41,0,0,,0.0,15.666666666666666,73.60000000000001,5,5
8973,Female,20,BTech,AI,5.81,3,2,5,10,5,41,1,0,,0.0,18.666666666666668,43.099999999999994,8,8
8974,Male,23,BCA,AI,8.44,2,0,3,10,8,89,3,1,Startup,6.84,35.666666666666664,74.39999999999999,6,6
8975,Female,22,BSc,CS,7.11,2,0,1,1,6,97,4,0,,0.0,34.666666666666664,61.10000000000001,5,5
8976,Male,21,BE,IT,9.24,2,2,3,2,3,68,3,0,,0.0,24.333333333333332,82.4,8,8
8977,Female,23,BTech,DS,8.86,2,3,0,2,7,72,4,0,,0.0,27.0,78.6,7,7
8978,Female,21,BE,DS,6.12,3,3,0,4,1,49,1,0,,0.0,18.0,46.2,4,4
8979,Female,23,BTech,AI,8.09,3,2,2,10,2,87,2,1,Product,5.9,33.0,65.9,6,6
8980,Male,24,BSc,AI,8.48,1,1,5,2,7,85,1,0,,0.0,31.333333333333332,79.80000000000001,7,7
8981,Female,21,BTech,Mechanical,7.94,3,1,0,8,2,97,3,1,Product,7.03,35.666666666666664,64.4,4,4
8982,Male,21,BSc,Mechanical,7.71,2,0,3,8,2,60,2,1,Startup,4.97,23.333333333333332,67.1,5,5
8983,Male,21,BE,IT,6.48,0,2,4,2,10,60,5,0,,0.0,24.0,64.80000000000001,11,11
8984,Male,20,BSc,Mechanical,6.51,3,2,5,9,7,82,1,1,Startup,12.82,32.666666666666664,50.099999999999994,8,8
8985,Male,22,BE,DS,8.8,1,0,1,9,10,52,3,0,,0.0,23.666666666666668,83.0,4,4
8986,Male,21,BSc,Mechanical,5.58,3,3,1,9,4,90,2,0,,0.0,34.333333333333336,40.8,6,6
8987,Male,21,BTech,CS,8.85,2,3,1,9,9,55,3,0,,0.0,24.333333333333332,78.5,7,7
8988,Male,20,BTech,CS,7.77,1,2,4,7,7,58,1,0,,0.0,24.0,72.69999999999999,7,7
8989,Female,20,BSc,Electrical,9.53,2,1,3,9,10,63,0,1,Product,14.88,27.333333333333332,85.3,4,4
8990,Female,24,BE,AI,9.79,2,2,0,8,10,97,0,1,Service,6.23,38.333333333333336,87.89999999999999,2,2
8991,Female,23,BE,AI,8.35,3,2,3,10,6,62,1,1,Service,10.92,26.0,68.5,6,6
8992,Male,21,BE,IT,7.27,3,1,2,8,4,43,5,0,,0.0,18.333333333333332,57.69999999999999,8,8
8993,Male,23,BSc,CS,7.54,1,2,3,7,8,70,4,1,Startup,5.31,28.333333333333332,70.4,9,9
8994,Male,20,BSc,Electrical,6.38,1,3,3,2,5,47,3,0,,0.0,18.0,58.8,9,9
8995,Male,20,BSc,IT,5.93,1,3,1,2,8,81,5,0,,0.0,30.333333333333332,54.3,9,9
8996,Female,24,BSc,IT,7.99,1,1,3,8,8,64,1,1,Product,13.73,26.666666666666668,74.9,5,5
8997,Male,22,BE,Mechanical,8.96,0,3,4,2,9,93,0,0,,0.0,34.666666666666664,89.60000000000001,7,7
8998,Female,20,BE,AI,6.63,1,1,1,2,9,62,3,0,,0.0,24.333333333333332,61.3,5,5
8999,Male,21,BCA,IT,7.3,3,1,2,7,7,50,5,0,,0.0,21.333333333333332,58.0,8,8
9000,Female,24,BSc,IT,7.89,0,2,4,7,10,67,4,1,Startup,7.05,28.0,78.89999999999999,10,10
9001,Male,22,BCA,AI,9.4,2,1,4,1,7,84,0,0,,0.0,30.666666666666668,84.0,5,5
9002,Female,24,BSc,AI,6.1,2,3,2,7,6,62,2,0,,0.0,25.0,51.0,7,7
9003,Male,20,BCA,CS,6.52,1,3,0,5,9,84,4,1,Product,14.68,32.666666666666664,60.19999999999999,7,7
9004,Female,22,BE,AI,9.45,2,0,3,5,8,99,3,1,Service,4.79,37.333333333333336,84.5,6,6
9005,Male,23,BE,Mechanical,5.67,0,3,3,2,1,92,5,0,,0.0,31.666666666666668,56.7,11,11
9006,Female,22,BCA,CS,8.32,3,2,0,6,8,84,0,1,Service,14.11,32.666666666666664,68.2,2,2
9007,Female,21,BTech,Electrical,8.25,3,1,5,4,2,82,3,0,,0.0,29.333333333333332,67.5,9,9
9008,Male,23,BSc,IT,7.15,0,3,2,7,9,87,0,1,Startup,11.95,34.333333333333336,71.5,5,5
9009,Female,23,BCA,Mechanical,7.51,1,0,5,2,6,86,0,0,,0.0,31.333333333333332,70.1,5,5
9010,Male,21,BCA,Mechanical,9.18,1,0,5,8,5,75,2,1,Product,7.32,29.333333333333332,86.8,7,7
9011,Male,23,BTech,CS,6.21,1,1,0,5,7,73,2,0,,0.0,28.333333333333332,57.1,3,3
9012,Male,20,BE,IT,6.5,0,3,1,8,4,87,0,1,Service,7.02,33.0,65.0,4,4
9013,Female,22,BCA,CS,7.7,1,3,1,7,9,50,2,0,,0.0,22.0,72.0,6,6
9014,Female,22,BE,DS,7.26,3,0,1,3,10,88,2,0,,0.0,33.666666666666664,57.599999999999994,3,3
9015,Male,21,BSc,DS,7.97,0,3,0,9,8,47,5,0,,0.0,21.333333333333332,79.7,8,8
9016,Male,20,BTech,CS,9.46,0,3,4,9,1,73,4,1,Startup,6.44,27.666666666666668,94.60000000000001,11,11
9017,Female,23,BE,IT,9.44,2,1,1,2,1,47,5,0,,0.0,16.666666666666668,84.39999999999999,7,7
9018,Female,22,BCA,IT,6.49,2,3,0,3,3,96,2,0,,0.0,34.0,54.900000000000006,5,5
9019,Female,22,BTech,AI,6.8,1,3,1,10,8,91,4,1,Startup,9.89,36.333333333333336,63.0,8,8
9020,Male,22,BTech,Mechanical,6.2,1,0,1,10,8,56,1,0,,0.0,24.666666666666668,57.0,2,2
9021,Male,22,BTech,CS,9.49,3,2,3,1,2,61,4,0,,0.0,21.333333333333332,79.9,9,9
9022,Male,24,BTech,Mechanical,7.21,1,3,0,1,1,47,4,0,,0.0,16.333333333333332,67.1,7,7
9023,Male,21,BTech,Mechanical,7.43,3,1,3,3,4,40,5,0,,0.0,15.666666666666666,59.3,9,9
9024,Male,23,BSc,DS,8.95,1,0,2,3,2,53,0,0,,0.0,19.333333333333332,84.5,2,2
9025,Female,23,BSc,DS,7.71,3,0,1,5,5,44,1,0,,0.0,18.0,62.099999999999994,2,2
9026,Male,21,BTech,Electrical,6.01,0,1,5,6,7,66,1,0,,0.0,26.333333333333332,60.099999999999994,7,7
9027,Female,20,BCA,CS,7.38,3,2,5,4,10,87,3,0,,0.0,33.666666666666664,58.8,10,10
9028,Female,21,BCA,Electrical,8.21,1,3,1,10,10,88,1,1,Service,3.15,36.0,77.10000000000001,5,5
9029,Male,22,BSc,CS,8.59,2,3,3,7,5,62,3,1,Product,10.8,24.666666666666668,75.9,9,9
9030,Female,22,BE,IT,8.28,1,1,5,3,1,93,3,0,,0.0,32.333333333333336,77.8,9,9
9031,Male,21,BTech,CS,6.01,0,0,0,4,10,51,4,0,,0.0,21.666666666666668,60.099999999999994,4,4
9032,Female,21,BCA,IT,6.81,2,1,4,5,5,91,4,1,Startup,3.73,33.666666666666664,58.099999999999994,9,9
9033,Male,23,BSc,IT,8.65,3,2,5,8,6,99,0,1,Service,13.17,37.666666666666664,71.5,7,7
9034,Male,23,BSc,CS,9.28,2,0,4,9,9,69,0,1,Startup,13.93,29.0,82.8,4,4
9035,Female,24,BE,IT,5.7,1,2,2,3,1,47,2,0,,0.0,17.0,52.0,6,6
9036,Male,24,BE,Mechanical,5.68,2,2,0,1,3,79,3,0,,0.0,27.666666666666668,46.8,5,5
9037,Female,22,BCA,IT,8.27,2,0,0,2,5,41,2,0,,0.0,16.0,72.69999999999999,2,2
9038,Male,24,BE,Mechanical,7.86,1,2,3,2,1,44,0,0,,0.0,15.666666666666666,73.60000000000001,5,5
9039,Male,24,BE,Mechanical,6.17,1,0,1,3,7,52,5,0,,0.0,20.666666666666668,56.7,6,6
9040,Male,20,BTech,Mechanical,7.86,0,2,1,2,1,56,1,0,,0.0,19.666666666666668,78.60000000000001,4,4
9041,Female,21,BSc,AI,9.69,2,2,0,1,10,74,2,0,,0.0,28.333333333333332,86.89999999999999,4,4
9042,Female,23,BSc,Electrical,8.21,3,0,4,6,10,54,0,0,,0.0,23.333333333333332,67.10000000000001,4,4
9043,Male,24,BE,AI,7.43,1,2,2,7,3,51,4,0,,0.0,20.333333333333332,69.3,8,8
9044,Female,23,BSc,IT,9.06,2,2,3,1,1,74,3,0,,0.0,25.333333333333332,80.60000000000001,8,8
9045,Male,24,BSc,Electrical,6.42,1,3,0,9,9,81,2,0,,0.0,33.0,59.2,5,5
9046,Female,24,BCA,Electrical,7.28,0,2,2,7,7,87,0,1,Startup,5.29,33.666666666666664,72.8,4,4
9047,Female,22,BSc,Electrical,7.77,1,1,0,4,10,90,2,0,,0.0,34.666666666666664,72.69999999999999,3,3
9048,Male,20,BE,CS,7.67,1,2,2,3,9,42,2,0,,0.0,18.0,71.7,6,6
9049,Male,21,BCA,IT,9.46,0,1,2,6,9,49,0,0,,0.0,21.333333333333332,94.60000000000001,3,3
9050,Male,21,BSc,AI,6.76,1,0,5,3,9,41,0,0,,0.0,17.666666666666668,62.599999999999994,5,5
9051,Male,22,BSc,Electrical,5.74,0,0,1,4,10,54,3,0,,0.0,22.666666666666668,57.400000000000006,4,4
9052,Male,22,BCA,Electrical,9.44,2,3,5,9,5,94,2,1,Startup,10.85,36.0,84.39999999999999,10,10
9053,Female,21,BCA,DS,6.43,2,0,3,5,7,46,1,0,,0.0,19.333333333333332,54.3,4,4
9054,Female,21,BSc,Electrical,7.13,2,1,3,10,6,59,2,0,,0.0,25.0,61.3,6,6
9055,Male,20,BTech,Electrical,7.78,3,0,5,5,6,99,4,1,Startup,14.42,36.666666666666664,62.8,9,9
9056,Male,24,BTech,DS,9.7,1,0,1,9,3,47,0,0,,0.0,19.666666666666668,92.0,1,1
9057,Male,20,BSc,IT,7.8,0,2,4,2,10,86,4,0,,0.0,32.666666666666664,78.0,10,10
9058,Female,21,BSc,AI,7.43,1,1,5,7,6,65,5,1,Service,4.71,26.0,69.3,11,11
9059,Male,24,BCA,Mechanical,8.01,3,1,3,7,10,97,5,1,Startup,4.67,38.0,65.1,9,9
9060,Male,21,BCA,AI,9.67,1,1,1,6,6,47,4,0,,0.0,19.666666666666668,91.7,6,6
9061,Female,20,BSc,IT,9.02,3,0,2,4,5,69,2,0,,0.0,26.0,75.19999999999999,4,4
9062,Female,20,BSc,AI,6.23,1,1,2,7,4,84,2,0,,0.0,31.666666666666668,57.300000000000004,5,5
9063,Female,20,BSc,DS,8.95,3,0,3,3,10,59,2,0,,0.0,24.0,74.5,5,5
9064,Female,24,BSc,Electrical,9.12,0,0,2,9,5,93,2,1,Service,14.01,35.666666666666664,91.19999999999999,4,4
9065,Male,23,BTech,Electrical,8.47,1,3,3,1,7,93,3,0,,0.0,33.666666666666664,79.7,9,9
9066,Female,23,BCA,Mechanical,8.33,1,3,0,6,4,70,4,1,Service,13.79,26.666666666666668,78.3,7,7
9067,Female,21,BE,IT,7.4,0,0,1,1,9,99,1,0,,0.0,36.333333333333336,74.0,2,2
9068,Male,24,BSc,Electrical,8.26,0,0,4,6,4,68,3,1,Startup,9.5,26.0,82.6,7,7
9069,Male,22,BSc,IT,8.67,2,2,3,5,9,92,4,1,Startup,3.0,35.333333333333336,76.7,9,9
9070,Male,23,BSc,CS,6.03,3,3,4,5,10,69,0,0,,0.0,28.0,45.300000000000004,7,7
9071,Female,24,BE,Mechanical,6.61,0,1,1,10,9,70,2,1,Product,5.63,29.666666666666668,66.10000000000001,4,4
9072,Male,24,BCA,IT,6.33,2,3,5,6,7,43,5,0,,0.0,18.666666666666668,53.3,13,13
9073,Female,23,BCA,AI,9.12,3,3,1,8,7,68,2,1,Product,5.37,27.666666666666668,76.19999999999999,6,6
9074,Female,24,BSc,AI,8.42,2,3,0,9,10,83,2,1,Startup,8.68,34.0,74.2,5,5
9075,Female,24,BSc,AI,7.44,1,1,1,3,1,69,4,0,,0.0,24.333333333333332,69.4,6,6
9076,Male,23,BCA,AI,9.05,3,0,2,5,2,96,5,1,Startup,4.08,34.333333333333336,75.5,7,7
9077,Female,20,BE,IT,8.58,1,3,5,6,3,61,0,1,Service,7.71,23.333333333333332,80.8,8,8
9078,Male,21,BSc,DS,9.43,1,3,4,1,3,94,0,0,,0.0,32.666666666666664,89.3,7,7
9079,Male,22,BE,Mechanical,5.83,1,0,1,1,3,71,3,0,,0.0,25.0,53.3,4,4
9080,Male,21,BE,AI,7.69,1,0,1,1,9,51,3,0,,0.0,20.333333333333332,71.9,4,4
9081,Female,20,BCA,IT,8.54,1,2,4,2,2,69,4,0,,0.0,24.333333333333332,80.39999999999999,10,10
9082,Female,20,BSc,Electrical,6.39,1,3,4,4,1,44,3,0,,0.0,16.333333333333332,58.9,10,10
9083,Female,24,BTech,Electrical,6.91,2,0,0,6,1,41,3,0,,0.0,16.0,59.099999999999994,3,3
9084,Male,21,BCA,IT,7.3,2,1,1,3,6,98,2,0,,0.0,35.666666666666664,63.0,4,4
9085,Female,20,BCA,AI,8.92,3,1,2,9,7,45,3,0,,0.0,20.333333333333332,74.2,6,6
9086,Female,21,BTech,CS,7.62,3,2,2,3,2,82,3,0,,0.0,29.0,61.2,7,7
9087,Female,20,BSc,IT,7.62,3,3,0,4,2,82,3,0,,0.0,29.333333333333332,61.2,6,6
9088,Female,22,BE,Mechanical,7.35,1,0,1,4,8,74,4,0,,0.0,28.666666666666668,68.5,5,5
9089,Female,20,BE,Mechanical,6.48,1,1,4,5,7,49,3,0,,0.0,20.333333333333332,59.80000000000001,8,8
9090,Male,21,BE,CS,9.47,2,2,2,5,4,55,1,0,,0.0,21.333333333333332,84.7,5,5
9091,Male,24,BSc,Electrical,6.87,2,3,5,2,7,87,1,0,,0.0,32.0,58.7,9,9
9092,Male,21,BCA,Electrical,7.94,3,1,5,6,4,61,3,1,Startup,13.17,23.666666666666668,64.4,9,9
9093,Male,23,BCA,IT,6.14,0,2,1,9,5,90,1,0,,0.0,34.666666666666664,61.4,4,4
9094,Female,21,BCA,CS,7.37,0,0,0,5,8,53,2,0,,0.0,22.0,73.7,2,2
9095,Male,22,BCA,IT,9.39,1,1,0,1,4,79,4,0,,0.0,28.0,88.9,5,5
9096,Female,22,BCA,IT,9.78,1,3,5,9,7,55,3,0,,0.0,23.666666666666668,92.8,11,11
9097,Male,22,BTech,CS,7.06,1,1,4,7,2,87,1,1,Service,10.51,32.0,65.6,6,6
9098,Male,20,BE,Electrical,6.16,2,0,0,7,2,78,5,0,,0.0,29.0,51.6,5,5
9099,Male,22,BE,DS,6.85,1,0,0,6,9,40,5,0,,0.0,18.333333333333332,63.5,5,5
9100,Female,21,BSc,AI,6.91,1,2,0,1,10,55,2,0,,0.0,22.0,64.1,4,4
9101,Female,24,BTech,AI,8.27,1,0,2,7,8,59,2,0,,0.0,24.666666666666668,77.69999999999999,4,4
9102,Male,22,BCA,AI,7.63,0,3,4,4,3,71,3,0,,0.0,26.0,76.3,10,10
9103,Female,21,BCA,CS,8.8,0,3,4,5,7,41,5,0,,0.0,17.666666666666668,88.0,12,12
9104,Male,20,BCA,IT,8.52,3,1,4,7,1,98,2,1,Service,10.11,35.333333333333336,70.19999999999999,7,7
9105,Male,20,BTech,IT,6.58,1,1,0,3,4,98,2,0,,0.0,35.0,60.8,3,3
9106,Male,24,BSc,Mechanical,8.87,2,0,0,2,4,98,3,0,,0.0,34.666666666666664,78.69999999999999,3,3
9107,Female,24,BTech,IT,9.14,0,0,5,1,8,61,1,0,,0.0,23.333333333333332,91.4,6,6
9108,Male,21,BSc,Electrical,8.07,3,0,2,8,4,44,0,0,,0.0,18.666666666666668,65.7,2,2
9109,Male,24,BE,DS,9.49,1,0,0,8,9,41,4,0,,0.0,19.333333333333332,89.9,4,4
9110,Male,24,BSc,AI,8.87,0,1,2,7,10,88,3,1,Service,7.63,35.0,88.69999999999999,6,6
9111,Female,20,BE,Electrical,8.06,2,3,4,10,7,78,5,1,Product,9.28,31.666666666666668,70.60000000000001,12,12
9112,Male,21,BSc,Electrical,9.4,2,2,2,9,10,83,1,1,Startup,13.02,34.0,84.0,5,5
9113,Female,24,BE,DS,8.08,2,1,1,10,5,80,2,1,Product,10.86,31.666666666666668,70.8,4,4
9114,Male,21,BE,AI,7.74,2,1,3,1,8,71,0,0,,0.0,26.666666666666668,67.4,4,4
9115,Female,22,BCA,CS,7.03,1,3,0,3,4,96,2,0,,0.0,34.333333333333336,65.3,5,5
9116,Male,20,BSc,DS,9.3,3,2,4,5,10,50,0,0,,0.0,21.666666666666668,78.0,6,6
9117,Male,20,BCA,Electrical,6.03,3,3,3,2,6,65,0,0,,0.0,24.333333333333332,45.300000000000004,6,6
9118,Female,20,BE,IT,7.54,2,0,5,7,5,90,1,1,Service,4.65,34.0,65.4,6,6
9119,Female,23,BCA,AI,7.81,1,2,3,6,10,70,3,1,Product,11.97,28.666666666666668,73.1,8,8
9120,Male,21,BTech,Mechanical,7.89,3,1,4,10,3,54,1,0,,0.0,22.333333333333332,63.89999999999999,6,6
9121,Female,22,BCA,DS,8.3,3,0,5,2,8,51,3,0,,0.0,20.333333333333332,68.0,8,8
9122,Male,24,BSc,Electrical,7.67,3,0,3,8,6,93,1,1,Service,3.2,35.666666666666664,61.7,4,4
9123,Male,22,BCA,CS,6.6,2,0,2,3,4,65,0,0,,0.0,24.0,56.0,2,2
9124,Male,21,BTech,Electrical,9.18,1,0,4,4,1,86,1,0,,0.0,30.333333333333332,86.8,5,5
9125,Female,20,BCA,Mechanical,8.33,2,0,4,5,10,88,4,1,Startup,5.41,34.333333333333336,73.3,8,8
9126,Male,23,BE,CS,9.19,1,0,5,6,1,50,5,0,,0.0,19.0,86.89999999999999,10,10
9127,Female,21,BE,AI,6.69,0,2,2,9,3,88,3,1,Product,9.16,33.333333333333336,66.9,7,7
9128,Male,21,BE,DS,8.24,1,0,1,9,8,61,3,1,Startup,9.97,26.0,77.4,4,4
9129,Female,24,BSc,CS,8.57,1,2,1,9,8,67,1,1,Service,5.04,28.0,80.7,4,4
9130,Female,22,BCA,Mechanical,7.15,2,2,3,8,2,61,0,1,Startup,13.53,23.666666666666668,61.5,5,5
9131,Male,22,BE,Electrical,8.99,2,3,4,5,1,60,0,1,Service,8.66,22.0,79.9,7,7
9132,Female,24,BCA,Mechanical,5.51,0,3,2,5,5,83,2,0,,0.0,31.0,55.099999999999994,7,7
9133,Male,23,BTech,IT,8.06,2,2,5,4,1,93,1,0,,0.0,32.666666666666664,70.60000000000001,8,8
9134,Male,20,BTech,CS,8.14,1,0,4,7,8,49,2,0,,0.0,21.333333333333332,76.4,6,6
9135,Male,20,BSc,DS,7.8,3,3,5,4,9,92,0,0,,0.0,35.0,63.0,8,8
9136,Male,23,BCA,DS,8.21,2,0,5,5,2,77,2,1,Product,11.64,28.0,72.10000000000001,7,7
9137,Male,24,BTech,Electrical,6.22,3,0,2,9,4,64,3,0,,0.0,25.666666666666668,47.199999999999996,5,5
9138,Female,21,BSc,Electrical,8.44,3,3,1,7,6,78,3,1,Product,4.87,30.333333333333332,69.39999999999999,7,7
9139,Male,22,BSc,Electrical,6.94,3,3,1,9,7,53,4,0,,0.0,23.0,54.400000000000006,8,8
9140,Female,21,BE,IT,7.44,2,3,3,8,5,87,3,1,Service,6.85,33.333333333333336,64.4,9,9
9141,Female,22,BTech,Mechanical,6.93,1,0,5,3,1,74,4,0,,0.0,26.0,64.3,9,9
9142,Male,21,BCA,Electrical,7.54,3,1,5,3,7,48,0,0,,0.0,19.333333333333332,60.400000000000006,6,6
9143,Female,24,BTech,CS,8.17,0,1,2,2,7,77,4,0,,0.0,28.666666666666668,81.7,7,7
9144,Male,24,BTech,Electrical,9.1,2,3,5,3,5,76,1,0,,0.0,28.0,81.0,9,9
9145,Female,23,BCA,Mechanical,7.58,3,0,1,10,2,43,1,0,,0.0,18.333333333333332,60.8,2,2
9146,Female,21,BCA,CS,6.89,3,1,0,3,2,54,3,0,,0.0,19.666666666666668,53.89999999999999,4,4
9147,Female,21,BE,CS,7.6,2,3,1,3,9,68,4,0,,0.0,26.666666666666668,66.0,8,8
9148,Male,23,BSc,CS,8.46,1,0,4,6,9,49,1,0,,0.0,21.333333333333332,79.60000000000001,5,5
9149,Female,23,BCA,Mechanical,6.99,0,0,5,9,4,72,4,1,Service,4.89,28.333333333333332,69.9,9,9
9150,Male,24,BCA,Electrical,7.28,3,0,5,7,4,46,0,0,,0.0,19.0,57.8,5,5
9151,Female,24,BTech,Mechanical,7.92,0,0,5,7,7,92,2,1,Startup,5.87,35.333333333333336,79.2,7,7
9152,Female,21,BCA,Mechanical,6.76,2,0,2,7,5,56,1,0,,0.0,22.666666666666668,57.599999999999994,3,3
9153,Female,24,BCA,AI,6.4,1,0,5,1,1,43,4,0,,0.0,15.0,59.0,9,9
9154,Female,24,BTech,Mechanical,6.1,2,0,0,4,5,49,1,0,,0.0,19.333333333333332,51.0,1,1
9155,Male,21,BTech,IT,7.02,1,3,5,9,4,40,1,0,,0.0,17.666666666666668,65.19999999999999,9,9
9156,Male,23,BTech,AI,5.71,3,3,1,4,3,81,0,0,,0.0,29.333333333333332,42.1,4,4
9157,Female,21,BE,CS,8.01,3,2,1,7,1,59,1,0,,0.0,22.333333333333332,65.1,4,4
9158,Female,20,BSc,Electrical,6.26,3,3,2,2,9,46,2,0,,0.0,19.0,47.599999999999994,7,7
9159,Male,21,BCA,DS,7.12,1,3,0,6,4,48,1,0,,0.0,19.333333333333332,66.2,4,4
9160,Male,20,BTech,Electrical,6.66,2,2,2,5,3,71,0,1,Startup,11.02,26.333333333333332,56.599999999999994,4,4
9161,Male,21,BTech,AI,8.21,3,3,1,10,8,67,3,1,Startup,6.91,28.333333333333332,67.10000000000001,7,7
9162,Male,20,BSc,AI,9.16,1,1,3,2,7,67,5,0,,0.0,25.333333333333332,86.6,9,9
9163,Female,20,BE,CS,8.22,3,1,2,3,6,41,0,0,,0.0,16.666666666666668,67.2,3,3
9164,Female,21,BCA,Mechanical,7.83,2,3,5,3,6,99,0,0,,0.0,36.0,68.3,8,8
9165,Male,24,BE,Mechanical,8.38,0,3,1,3,2,43,4,0,,0.0,16.0,83.80000000000001,8,8
9166,Male,22,BE,AI,5.63,0,3,2,5,9,56,4,0,,0.0,23.333333333333332,56.3,9,9
9167,Male,24,BE,Mechanical,6.03,2,3,1,10,1,45,3,0,,0.0,18.666666666666668,50.300000000000004,7,7
9168,Male,20,BTech,AI,5.91,3,2,2,9,4,47,2,0,,0.0,20.0,44.1,6,6
9169,Male,21,BSc,Electrical,5.92,3,2,1,7,4,85,1,0,,0.0,32.0,44.2,4,4
9170,Male,21,BSc,DS,6.62,0,3,0,6,9,51,0,0,,0.0,22.0,66.2,3,3
9171,Female,21,BSc,Electrical,7.79,0,3,4,4,3,58,3,0,,0.0,21.666666666666668,77.9,10,10
9172,Female,21,BE,DS,5.99,0,2,4,5,9,98,2,0,,0.0,37.333333333333336,59.900000000000006,8,8
9173,Female,22,BCA,CS,9.52,0,1,2,6,2,68,5,1,Service,10.43,25.333333333333332,95.19999999999999,8,8
9174,Male,23,BE,IT,9.17,1,0,5,8,1,71,1,1,Startup,5.83,26.666666666666668,86.7,6,6
9175,Male,20,BSc,IT,9.68,2,3,1,9,7,67,4,1,Product,12.14,27.666666666666668,86.8,8,8
9176,Male,22,BTech,Electrical,5.68,3,1,4,2,2,44,5,0,,0.0,16.0,41.8,10,10
9177,Female,24,BE,Mechanical,9.16,3,0,4,8,1,82,3,1,Service,8.72,30.333333333333332,76.6,7,7
9178,Male,23,BTech,IT,8.96,2,0,2,8,9,88,0,1,Service,13.47,35.0,79.60000000000001,2,2
9179,Male,23,BSc,DS,9.38,3,1,5,7,8,51,3,0,,0.0,22.0,78.80000000000001,9,9
9180,Female,21,BE,CS,7.77,3,3,2,4,3,44,1,0,,0.0,17.0,62.69999999999999,6,6
9181,Male,22,BTech,DS,8.89,0,0,2,9,2,72,0,1,Startup,9.73,27.666666666666668,88.9,2,2
9182,Female,24,BE,AI,5.72,3,3,3,7,1,92,0,0,,0.0,33.333333333333336,42.199999999999996,6,6
9183,Female,21,BSc,Mechanical,5.83,2,3,0,5,10,70,5,0,,0.0,28.333333333333332,48.3,8,8
9184,Male,21,BCA,Mechanical,6.01,2,1,0,4,4,64,2,0,,0.0,24.0,50.099999999999994,3,3
9185,Female,20,BSc,IT,9.43,2,2,0,6,6,46,0,0,,0.0,19.333333333333332,84.3,2,2
9186,Male,23,BCA,AI,5.76,3,3,1,6,2,78,5,0,,0.0,28.666666666666668,42.599999999999994,9,9
9187,Female,24,BCA,IT,5.93,1,2,1,9,6,64,5,0,,0.0,26.333333333333332,54.3,8,8
9188,Male,23,BSc,IT,9.5,0,1,0,7,5,68,5,1,Product,12.32,26.666666666666668,95.0,6,6
9189,Female,22,BTech,IT,5.96,2,1,2,1,1,50,1,0,,0.0,17.333333333333332,49.6,4,4
9190,Male,20,BE,AI,9.24,1,1,3,4,10,60,1,0,,0.0,24.666666666666668,87.4,5,5
9191,Female,21,BE,IT,8.89,3,1,0,4,7,95,1,0,,0.0,35.333333333333336,73.9,2,2
9192,Female,20,BE,Mechanical,5.67,0,0,5,5,7,62,0,0,,0.0,24.666666666666668,56.7,5,5
9193,Female,21,BCA,IT,5.59,1,2,2,5,5,45,4,0,,0.0,18.333333333333332,50.9,8,8
9194,Male,20,BCA,AI,7.8,3,1,4,10,4,77,3,1,Startup,13.14,30.333333333333332,63.0,8,8
9195,Male,21,BSc,AI,9.79,3,1,3,4,2,62,5,0,,0.0,22.666666666666668,82.89999999999999,9,9
9196,Female,23,BTech,DS,9.28,1,3,1,3,7,49,1,0,,0.0,19.666666666666668,87.8,5,5
9197,Male,23,BSc,IT,6.83,1,2,4,6,8,99,2,1,Startup,10.82,37.666666666666664,63.3,8,8
9198,Female,23,BSc,AI,7.16,2,1,4,2,9,74,2,0,,0.0,28.333333333333332,61.599999999999994,7,7
9199,Male,23,BTech,Electrical,7.17,0,2,5,9,6,98,5,1,Startup,7.03,37.666666666666664,71.7,12,12
9200,Female,20,BCA,IT,8.66,0,2,5,6,2,44,5,0,,0.0,17.333333333333332,86.6,12,12
9201,Male,21,BSc,CS,6.97,2,1,5,5,1,99,0,1,Service,11.83,35.0,59.7,6,6
9202,Female,23,BSc,Mechanical,6.14,0,0,4,3,2,57,0,0,,0.0,20.666666666666668,61.4,4,4
9203,Female,20,BCA,Mechanical,8.71,0,1,2,4,3,60,2,0,,0.0,22.333333333333332,87.10000000000001,5,5
9204,Female,21,BE,Electrical,7.47,3,0,0,6,1,54,0,0,,0.0,20.333333333333332,59.7,0,0
9205,Female,20,BTech,IT,5.83,1,1,4,3,5,51,2,0,,0.0,19.666666666666668,53.3,7,7
9206,Male,23,BTech,Mechanical,8.9,2,0,0,10,7,79,3,1,Startup,5.65,32.0,79.0,3,3
9207,Female,22,BE,Mechanical,8.02,1,3,4,7,9,46,4,0,,0.0,20.666666666666668,75.19999999999999,11,11
9208,Male,20,BTech,CS,7.6,0,2,2,5,6,67,1,1,Startup,14.34,26.0,76.0,5,5
9209,Male,23,BE,Mechanical,8.4,0,2,0,10,8,74,3,1,Startup,7.73,30.666666666666668,84.0,5,5
9210,Female,24,BSc,Mechanical,7.67,2,1,1,1,2,46,0,0,,0.0,16.333333333333332,66.7,2,2
9211,Male,21,BTech,AI,8.29,1,1,3,9,5,57,3,0,,0.0,23.666666666666668,77.89999999999999,7,7
9212,Male,23,BTech,Mechanical,9.23,3,0,4,9,9,87,4,1,Product,8.18,35.0,77.30000000000001,8,8
9213,Male,24,BSc,IT,8.14,1,0,4,1,7,59,2,0,,0.0,22.333333333333332,76.4,6,6
9214,Female,20,BCA,Mechanical,8.34,1,0,2,4,7,65,2,0,,0.0,25.333333333333332,78.4,4,4
9215,Male,20,BCA,IT,8.14,2,0,3,4,3,73,2,0,,0.0,26.666666666666668,71.4,5,5
9216,Male,24,BSc,Mechanical,7.78,3,0,5,10,3,78,5,1,Product,9.18,30.333333333333332,62.8,10,10
9217,Female,24,BTech,IT,6.24,1,1,0,8,2,76,0,0,,0.0,28.666666666666668,57.400000000000006,1,1
9218,Female,21,BTech,Mechanical,6.94,1,2,4,2,9,99,4,0,,0.0,36.666666666666664,64.4,10,10
9219,Male,20,BTech,Electrical,8.48,0,0,1,7,4,53,4,0,,0.0,21.333333333333332,84.80000000000001,5,5
9220,Female,24,BE,IT,7.33,0,2,5,8,9,54,5,0,,0.0,23.666666666666668,73.3,12,12
9221,Male,22,BCA,Mechanical,7.25,3,2,5,3,4,55,0,0,,0.0,20.666666666666668,57.5,7,7
9222,Male,22,BTech,CS,8.76,1,1,1,10,8,96,1,1,Product,12.02,38.0,82.6,3,3
9223,Male,24,BCA,AI,5.52,1,3,2,3,1,62,2,0,,0.0,22.0,50.199999999999996,7,7
9224,Female,21,BCA,AI,8.42,0,0,5,9,1,73,3,1,Startup,11.37,27.666666666666668,84.2,8,8
9225,Male,20,BTech,AI,7.6,3,0,4,8,6,59,3,0,,0.0,24.333333333333332,61.0,7,7
9226,Female,22,BSc,AI,7.12,2,0,2,1,6,58,3,0,,0.0,21.666666666666668,61.2,5,5
9227,Female,24,BSc,CS,6.96,0,0,3,2,7,49,5,0,,0.0,19.333333333333332,69.6,8,8
9228,Male,24,BCA,Electrical,6.24,1,1,1,4,7,89,5,0,,0.0,33.333333333333336,57.400000000000006,7,7
9229,Female,23,BE,Electrical,6.94,2,3,1,6,10,73,1,1,Product,7.69,29.666666666666668,59.400000000000006,5,5
9230,Female,24,BCA,CS,7.18,1,1,2,3,3,79,5,0,,0.0,28.333333333333332,66.8,8,8
9231,Female,21,BCA,Mechanical,7.38,1,0,3,4,9,77,0,0,,0.0,30.0,68.8,3,3
9232,Female,22,BSc,CS,8.39,1,0,5,4,9,90,0,0,,0.0,34.333333333333336,78.9,5,5
9233,Female,23,BTech,AI,7.45,3,2,0,10,3,47,2,0,,0.0,20.0,59.5,4,4
9234,Male,22,BTech,Electrical,8.92,2,2,3,7,7,90,1,1,Product,8.61,34.666666666666664,79.2,6,6
9235,Female,22,BE,DS,8.25,1,3,2,7,4,60,3,1,Product,14.34,23.666666666666668,77.5,8,8
9236,Male,21,BSc,Mechanical,6.32,3,0,5,7,6,40,0,0,,0.0,17.666666666666668,48.2,5,5
9237,Male,24,BSc,IT,6.69,2,0,5,4,6,84,1,0,,0.0,31.333333333333332,56.900000000000006,6,6
9238,Male,21,BCA,Electrical,5.84,0,3,5,5,5,88,5,0,,0.0,32.666666666666664,58.4,13,13
9239,Male,24,BSc,AI,9.57,3,2,2,4,6,81,4,0,,0.0,30.333333333333332,80.7,8,8
9240,Male,23,BCA,Electrical,9.31,2,2,3,9,7,99,1,1,Service,3.69,38.333333333333336,83.10000000000001,6,6
9241,Male,21,BE,AI,5.86,1,0,2,4,2,57,2,0,,0.0,21.0,53.6,4,4
9242,Female,21,BSc,AI,7.97,1,2,1,1,7,98,3,0,,0.0,35.333333333333336,74.7,6,6
9243,Female,20,BSc,Electrical,9.63,3,3,2,8,7,94,0,1,Service,4.46,36.333333333333336,81.30000000000001,5,5
9244,Female,21,BCA,Electrical,8.71,0,1,0,6,7,88,5,1,Startup,13.35,33.666666666666664,87.10000000000001,6,6
9245,Male,20,BSc,Electrical,7.61,3,2,1,2,10,62,0,0,,0.0,24.666666666666668,61.10000000000001,3,3
9246,Female,24,BTech,CS,6.54,0,3,4,1,5,55,5,0,,0.0,20.333333333333332,65.4,12,12
9247,Female,24,BE,Electrical,6.7,0,0,1,10,3,86,4,1,Startup,12.34,33.0,67.0,5,5
9248,Female,24,BTech,IT,8.67,3,1,1,7,5,81,4,1,Product,7.0,31.0,71.7,6,6
9249,Male,20,BCA,Mechanical,8.86,3,3,1,8,1,64,4,1,Startup,11.43,24.333333333333332,73.6,8,8
9250,Female,24,BCA,AI,7.77,3,1,5,10,5,44,2,0,,0.0,19.666666666666668,62.69999999999999,8,8
9251,Male,22,BCA,Electrical,6.02,2,2,3,9,3,50,3,0,,0.0,20.666666666666668,50.199999999999996,8,8
9252,Female,21,BE,IT,9.52,2,0,4,4,7,82,4,0,,0.0,31.0,85.19999999999999,8,8
9253,Male,20,BSc,DS,9.13,3,2,0,7,4,85,5,1,Product,10.1,32.0,76.30000000000001,7,7
9254,Male,24,BTech,Electrical,6.1,2,2,1,5,6,45,3,0,,0.0,18.666666666666668,51.0,6,6
9255,Male,22,BSc,CS,5.74,2,3,3,2,6,86,3,0,,0.0,31.333333333333332,47.400000000000006,9,9
9256,Female,21,BCA,AI,7.8,0,3,2,3,4,53,4,0,,0.0,20.0,78.0,9,9
9257,Female,21,BSc,IT,6.72,1,2,4,8,1,83,3,1,Startup,8.53,30.666666666666668,62.2,9,9
9258,Male,24,BE,Electrical,6.72,1,3,5,10,3,65,0,1,Service,6.72,26.0,62.2,8,8
9259,Female,22,BCA,IT,5.88,2,3,0,5,3,66,3,0,,0.0,24.666666666666668,48.8,6,6
9260,Male,20,BSc,AI,9.6,0,1,4,3,6,94,3,0,,0.0,34.333333333333336,96.0,8,8
9261,Male,24,BTech,IT,9.07,3,2,0,8,10,53,0,0,,0.0,23.666666666666668,75.7,2,2
9262,Female,21,BCA,IT,5.99,0,2,0,7,8,99,0,0,,0.0,38.0,59.900000000000006,2,2
9263,Female,21,BCA,Electrical,9.27,0,3,2,7,2,95,1,1,Product,13.84,34.666666666666664,92.69999999999999,6,6
9264,Female,21,BE,Electrical,8.44,1,2,0,7,6,82,1,1,Service,10.95,31.666666666666668,79.39999999999999,3,3
9265,Male,24,BE,Mechanical,6.9,3,2,2,5,7,68,4,1,Product,14.15,26.666666666666668,54.0,8,8
9266,Male,23,BTech,CS,9.25,1,3,1,4,3,57,5,0,,0.0,21.333333333333332,87.5,9,9
9267,Female,23,BSc,Mechanical,8.07,2,0,4,6,1,57,2,0,,0.0,21.333333333333332,70.7,6,6
9268,Male,23,BSc,CS,9.15,1,3,0,6,2,53,3,0,,0.0,20.333333333333332,86.5,6,6
9269,Female,22,BCA,CS,7.52,0,0,2,6,5,96,3,1,Product,12.9,35.666666666666664,75.19999999999999,5,5
9270,Male,24,BCA,Mechanical,7.65,3,0,1,8,1,93,2,1,Startup,8.39,34.0,61.5,3,3
9271,Female,21,BSc,AI,6.75,3,1,4,6,4,46,4,0,,0.0,18.666666666666668,52.5,9,9
9272,Female,22,BSc,IT,7.17,3,0,1,10,6,67,3,1,Service,11.9,27.666666666666668,56.7,4,4
9273,Male,23,BSc,DS,7.94,1,2,3,4,1,44,1,0,,0.0,16.333333333333332,74.4,6,6
9274,Female,20,BCA,Mechanical,9.57,1,3,4,10,6,88,3,1,Startup,14.71,34.666666666666664,90.7,10,10
9275,Female,22,BE,Mechanical,8.08,1,2,2,10,8,79,0,1,Startup,5.83,32.333333333333336,75.8,4,4
9276,Male,22,BE,AI,6.13,2,0,0,4,1,88,3,0,,0.0,31.0,51.3,3,3
9277,Female,24,BTech,IT,5.53,1,3,2,5,8,54,3,0,,0.0,22.333333333333332,50.300000000000004,8,8
9278,Male,22,BSc,Electrical,9.16,2,3,5,7,8,88,0,1,Product,14.69,34.333333333333336,81.6,8,8
9279,Female,24,BSc,Mechanical,7.07,1,3,2,1,2,73,1,0,,0.0,25.333333333333332,65.7,6,6
9280,Male,20,BSc,DS,6.85,2,3,2,1,3,44,0,0,,0.0,16.0,58.5,5,5
9281,Female,21,BTech,IT,8.94,0,1,4,5,6,91,5,1,Product,7.43,34.0,89.39999999999999,10,10
9282,Female,21,BSc,Mechanical,9.57,0,1,4,5,8,43,2,0,,0.0,18.666666666666668,95.7,7,7
9283,Female,23,BE,Electrical,8.72,3,1,3,1,5,56,1,0,,0.0,20.666666666666668,72.2,5,5
9284,Female,23,BSc,Mechanical,6.25,0,3,5,7,9,40,3,0,,0.0,18.666666666666668,62.5,11,11
9285,Male,20,BTech,Electrical,7.18,3,2,1,7,4,49,0,0,,0.0,20.0,56.8,3,3
9286,Male,21,BCA,CS,8.77,2,0,5,4,4,73,5,0,,0.0,27.0,77.69999999999999,10,10
9287,Male,23,BCA,CS,9.4,3,1,2,2,8,89,5,0,,0.0,33.0,79.0,8,8
9288,Male,22,BE,Mechanical,9.79,0,2,3,2,5,72,0,0,,0.0,26.333333333333332,97.89999999999999,5,5
9289,Male,24,BE,AI,7.7,2,1,3,4,8,81,1,0,,0.0,31.0,67.0,5,5
9290,Male,23,BE,CS,9.04,3,1,4,2,1,66,5,0,,0.0,23.0,75.39999999999999,10,10
9291,Male,20,BCA,Mechanical,5.7,2,0,1,1,10,63,0,0,,0.0,24.666666666666668,47.0,1,1
9292,Female,21,BSc,Electrical,6.73,2,3,3,1,5,90,2,0,,0.0,32.0,57.30000000000001,8,8
9293,Female,20,BTech,IT,7.1,0,2,0,8,8,95,4,1,Startup,6.74,37.0,71.0,6,6
9294,Female,24,BTech,Electrical,9.69,2,1,3,2,8,92,3,0,,0.0,34.0,86.89999999999999,7,7
9295,Female,24,BSc,DS,5.51,1,3,4,9,7,82,2,0,,0.0,32.666666666666664,50.099999999999994,9,9
9296,Male,20,BCA,CS,6.82,0,2,2,2,3,67,0,0,,0.0,24.0,68.2,4,4
9297,Male,23,BCA,Mechanical,9.5,3,1,4,4,10,58,4,0,,0.0,24.0,80.0,9,9
9298,Male,23,BTech,CS,6.82,1,3,4,7,10,93,3,1,Service,6.06,36.666666666666664,63.2,10,10
9299,Female,21,BE,Electrical,6.47,0,0,1,7,7,41,2,0,,0.0,18.333333333333332,64.7,3,3
9300,Male,21,BE,Electrical,8.64,2,1,5,10,3,98,1,1,Startup,6.65,37.0,76.4,7,7
9301,Female,22,BTech,IT,8.7,3,3,0,8,6,40,3,0,,0.0,18.0,72.0,6,6
9302,Male,22,BTech,AI,7.53,2,0,0,3,9,84,1,0,,0.0,32.0,65.3,1,1
9303,Male,21,BSc,Mechanical,9.57,2,3,5,1,8,64,3,0,,0.0,24.333333333333332,85.7,11,11
9304,Male,22,BSc,IT,6.37,3,1,1,4,4,42,0,0,,0.0,16.666666666666668,48.7,2,2
9305,Male,20,BSc,DS,9.43,3,0,1,3,5,46,5,0,,0.0,18.0,79.3,6,6
9306,Female,23,BSc,Mechanical,8.75,0,1,3,4,4,64,2,0,,0.0,24.0,87.5,6,6
9307,Female,22,BSc,DS,7.08,0,3,5,6,6,54,3,0,,0.0,22.0,70.8,11,11
9308,Male,22,BSc,AI,8.97,2,3,0,1,8,91,1,0,,0.0,33.333333333333336,79.7,4,4
9309,Female,20,BE,Mechanical,6.07,0,1,4,1,6,96,3,0,,0.0,34.333333333333336,60.7,8,8
9310,Male,24,BTech,Mechanical,6.06,1,1,5,2,5,43,3,0,,0.0,16.666666666666668,55.599999999999994,9,9
9311,Male,21,BCA,IT,9.5,3,2,3,10,9,41,3,0,,0.0,20.0,80.0,8,8
9312,Male,20,BSc,CS,5.91,2,2,0,10,7,45,0,0,,0.0,20.666666666666668,49.1,2,2
9313,Male,24,BE,Mechanical,5.52,1,1,5,3,10,96,5,0,,0.0,36.333333333333336,50.199999999999996,11,11
9314,Female,20,BTech,AI,7.17,1,3,2,5,3,74,5,1,Startup,6.03,27.333333333333332,66.7,10,10
9315,Male,23,BTech,Mechanical,5.95,3,3,4,9,10,73,5,0,,0.0,30.666666666666668,44.5,12,12
9316,Male,20,BTech,Mechanical,9.21,0,3,5,6,2,60,5,1,Service,13.28,22.666666666666668,92.10000000000001,13,13
9317,Female,20,BSc,Mechanical,9.47,1,2,4,5,5,94,2,1,Product,6.75,34.666666666666664,89.7,8,8
9318,Male,23,BSc,Mechanical,7.57,2,3,3,8,5,98,5,1,Startup,3.6,37.0,65.7,11,11
9319,Female,21,BCA,AI,7.33,1,2,0,1,6,61,5,0,,0.0,22.666666666666668,68.3,7,7
9320,Male,24,BSc,IT,7.82,3,3,1,7,1,91,4,1,Service,8.21,33.0,63.2,8,8
9321,Male,22,BTech,CS,6.47,0,1,2,8,5,80,3,0,,0.0,31.0,64.7,6,6
9322,Male,21,BTech,AI,6.78,0,3,4,9,7,68,3,1,Product,6.91,28.0,67.8,10,10
9323,Male,20,BE,AI,5.93,2,1,1,9,9,88,0,0,,0.0,35.333333333333336,49.3,2,2
9324,Male,22,BE,DS,7.42,2,1,1,8,3,53,1,0,,0.0,21.333333333333332,64.2,3,3
9325,Male,23,BCA,CS,8.13,2,3,1,10,7,85,4,1,Service,8.72,34.0,71.30000000000001,8,8
9326,Female,21,BE,IT,9.5,2,2,1,3,7,81,4,0,,0.0,30.333333333333332,85.0,7,7
9327,Male,24,BCA,Electrical,8.68,2,2,3,6,7,88,4,1,Startup,4.78,33.666666666666664,76.8,9,9
9328,Female,21,BE,IT,8.61,1,2,5,5,4,46,0,0,,0.0,18.333333333333332,81.1,7,7
9329,Female,21,BTech,Electrical,6.82,1,3,5,3,3,44,4,0,,0.0,16.666666666666668,63.2,12,12
9330,Male,22,BSc,DS,9.32,3,1,4,2,1,54,5,0,,0.0,19.0,78.2,10,10
9331,Female,23,BSc,DS,9.57,0,2,1,2,6,91,1,0,,0.0,33.0,95.7,4,4
9332,Male,23,BCA,AI,9.51,1,2,1,10,4,87,2,1,Service,12.63,33.666666666666664,90.1,5,5
9333,Female,21,BSc,IT,5.67,2,0,0,10,8,53,4,0,,0.0,23.666666666666668,46.7,4,4
9334,Male,23,BSc,Electrical,8.1,3,3,4,10,6,76,5,1,Service,10.73,30.666666666666668,66.0,12,12
9335,Female,22,BE,IT,8.27,2,3,5,4,6,74,3,0,,0.0,28.0,72.69999999999999,11,11
9336,Female,22,BTech,Electrical,6.77,0,3,2,9,8,88,1,1,Service,3.69,35.0,67.69999999999999,6,6
9337,Male,24,BSc,IT,9.77,2,0,1,2,5,96,1,0,,0.0,34.333333333333336,87.69999999999999,2,2
9338,Female,23,BTech,AI,6.75,3,1,3,5,8,67,4,1,Service,8.61,26.666666666666668,52.5,8,8
9339,Male,24,BE,Electrical,6.43,3,1,5,8,1,76,3,0,,0.0,28.333333333333332,49.3,9,9
9340,Male,20,BE,IT,7.58,3,2,1,10,10,65,1,1,Startup,4.58,28.333333333333332,60.8,4,4
9341,Male,22,BSc,Mechanical,6.89,0,0,1,2,2,45,0,0,,0.0,16.333333333333332,68.89999999999999,1,1
9342,Male,21,BSc,DS,9.47,1,0,5,7,8,87,4,1,Product,6.96,34.0,89.7,9,9
9343,Male,22,BE,DS,7.39,1,1,1,6,1,86,3,1,Service,12.34,31.0,68.89999999999999,5,5
9344,Female,20,BE,Electrical,7.26,3,2,4,1,5,47,5,0,,0.0,17.666666666666668,57.599999999999994,11,11
9345,Female,21,BCA,DS,8.19,1,3,4,7,5,49,2,0,,0.0,20.333333333333332,76.89999999999999,9,9
9346,Female,23,BCA,DS,5.85,0,3,1,10,2,85,1,0,,0.0,32.333333333333336,58.5,5,5
9347,Male,23,BTech,Mechanical,8.75,2,3,3,9,2,61,2,1,Service,14.65,24.0,77.5,8,8
9348,Female,22,BE,CS,8.8,0,1,2,1,1,49,3,0,,0.0,17.0,88.0,6,6
9349,Female,21,BTech,IT,7.54,1,3,0,2,4,58,5,0,,0.0,21.333333333333332,70.4,8,8
9350,Female,21,BE,Electrical,9.61,0,2,2,7,6,71,0,1,Service,3.56,28.0,96.1,4,4
9351,Female,24,BTech,DS,7.99,2,0,5,1,3,53,3,0,,0.0,19.0,69.9,8,8
9352,Female,20,BCA,IT,8.49,0,2,3,2,10,63,2,0,,0.0,25.0,84.9,7,7
9353,Male,23,BE,IT,9.47,1,0,5,3,4,57,3,0,,0.0,21.333333333333332,89.7,8,8
9354,Male,22,BE,Mechanical,8.37,2,3,5,2,8,94,3,0,,0.0,34.666666666666664,73.69999999999999,11,11
9355,Female,21,BTech,IT,7.36,1,0,5,2,2,93,1,0,,0.0,32.333333333333336,68.60000000000001,6,6
9356,Male,23,BTech,DS,5.61,2,3,5,2,9,66,5,0,,0.0,25.666666666666668,46.1,13,13
9357,Male,22,BSc,Electrical,8.63,3,0,3,7,10,57,3,0,,0.0,24.666666666666668,71.30000000000001,6,6
9358,Female,23,BSc,IT,9.65,2,1,2,10,6,43,0,0,,0.0,19.666666666666668,86.5,3,3
9359,Female,22,BCA,Mechanical,7.52,1,1,2,4,9,68,1,0,,0.0,27.0,70.19999999999999,4,4
9360,Male,23,BE,Electrical,6.96,3,1,5,4,1,70,0,0,,0.0,25.0,54.599999999999994,6,6
9361,Female,24,BE,Electrical,7.73,3,2,1,8,4,42,2,0,,0.0,18.0,62.30000000000001,5,5
9362,Male,20,BTech,Electrical,8.63,1,1,2,5,7,56,5,0,,0.0,22.666666666666668,81.30000000000001,8,8
9363,Male,23,BCA,DS,5.5,1,0,5,1,10,42,3,0,,0.0,17.666666666666668,50.0,8,8
9364,Female,20,BE,Mechanical,9.32,0,3,2,2,9,46,5,0,,0.0,19.0,93.2,10,10
9365,Male,23,BCA,AI,9.31,1,1,1,10,1,70,4,1,Startup,4.76,27.0,88.10000000000001,6,6
9366,Male,21,BSc,CS,7.83,2,3,3,3,1,66,3,0,,0.0,23.333333333333332,68.3,9,9
9367,Male,24,BTech,IT,6.03,3,0,4,4,3,77,4,0,,0.0,28.0,45.300000000000004,8,8
9368,Female,24,BE,IT,8.39,0,1,1,9,6,42,1,0,,0.0,19.0,83.9,3,3
9369,Female,20,BTech,IT,6.09,0,2,2,10,5,52,2,0,,0.0,22.333333333333332,60.9,6,6
9370,Female,21,BSc,AI,7.68,0,2,0,10,5,57,4,0,,0.0,24.0,76.8,6,6
9371,Female,22,BCA,Electrical,5.9,3,0,2,5,9,61,3,0,,0.0,25.0,44.0,5,5
9372,Male,24,BCA,Electrical,8.03,0,1,0,6,3,84,3,1,Startup,10.53,31.0,80.3,4,4
9373,Female,21,BSc,CS,6.87,3,1,1,3,5,51,3,0,,0.0,19.666666666666668,53.7,5,5
9374,Female,21,BSc,Mechanical,9.07,3,0,4,2,7,78,2,0,,0.0,29.0,75.7,6,6
9375,Female,20,BE,AI,8.94,0,2,4,2,2,89,4,0,,0.0,31.0,89.39999999999999,10,10
9376,Female,21,BE,AI,9.79,3,1,0,6,7,94,4,1,Product,11.55,35.666666666666664,82.89999999999999,5,5
9377,Male,21,BE,DS,6.61,0,1,3,6,1,58,2,0,,0.0,21.666666666666668,66.10000000000001,6,6
9378,Male,22,BE,Electrical,5.77,1,1,0,7,7,85,0,0,,0.0,33.0,52.699999999999996,1,1
9379,Male,20,BE,AI,7.4,2,3,0,9,2,69,1,1,Startup,14.26,26.666666666666668,64.0,4,4
9380,Female,20,BCA,AI,5.86,1,3,5,3,7,93,2,0,,0.0,34.333333333333336,53.6,10,10
9381,Female,21,BE,IT,6.27,2,2,1,7,3,92,3,0,,0.0,34.0,52.699999999999996,6,6
9382,Male,22,BSc,Electrical,8.07,3,1,2,7,5,83,5,1,Product,11.85,31.666666666666668,65.7,8,8
9383,Female,23,BSc,DS,8.05,3,2,3,8,9,99,0,1,Service,11.34,38.666666666666664,65.5,5,5
9384,Female,24,BE,Mechanical,5.69,0,3,5,5,1,70,5,0,,0.0,25.333333333333332,56.900000000000006,13,13
9385,Male,20,BSc,CS,7.4,1,3,5,3,6,56,5,0,,0.0,21.666666666666668,69.0,13,13
9386,Male,22,BTech,Mechanical,7.78,1,1,0,2,7,67,4,0,,0.0,25.333333333333332,72.8,5,5
9387,Female,22,BCA,DS,6.65,3,2,1,4,10,80,1,0,,0.0,31.333333333333332,51.5,4,4
9388,Female,21,BCA,IT,9.25,1,0,5,8,9,43,3,0,,0.0,20.0,87.5,8,8
9389,Female,24,BE,CS,6.19,2,2,3,5,4,44,3,0,,0.0,17.666666666666668,51.900000000000006,8,8
9390,Male,20,BTech,Mechanical,6.59,3,0,4,1,9,74,3,0,,0.0,28.0,50.900000000000006,7,7
9391,Male,23,BE,Electrical,6.18,0,1,4,3,1,46,2,0,,0.0,16.666666666666668,61.8,7,7
9392,Male,21,BE,Electrical,6.0,0,3,1,5,4,55,5,0,,0.0,21.333333333333332,60.0,9,9
9393,Male,20,BSc,CS,9.28,3,1,3,6,6,65,4,1,Product,3.19,25.666666666666668,77.8,8,8
9394,Female,20,BCA,CS,6.69,3,3,2,2,7,59,0,0,,0.0,22.666666666666668,51.900000000000006,5,5
9395,Male,22,BTech,CS,8.61,0,1,1,8,1,43,1,0,,0.0,17.333333333333332,86.1,3,3
9396,Male,24,BSc,AI,7.34,2,0,5,7,1,71,3,1,Service,5.71,26.333333333333332,63.400000000000006,8,8
9397,Female,23,BCA,DS,8.23,1,1,5,7,9,48,2,0,,0.0,21.333333333333332,77.30000000000001,8,8
9398,Female,24,BCA,Electrical,9.49,3,2,2,7,7,42,5,0,,0.0,18.666666666666668,79.9,9,9
9399,Female,22,BE,Electrical,9.13,3,2,0,5,9,92,2,1,Startup,5.96,35.333333333333336,76.30000000000001,4,4
9400,Male,23,BTech,DS,5.8,2,0,2,2,5,90,1,0,,0.0,32.333333333333336,48.0,3,3
9401,Female,23,BE,IT,9.13,0,2,1,8,9,71,0,1,Startup,3.13,29.333333333333332,91.30000000000001,3,3
9402,Female,21,BSc,Electrical,7.44,3,0,3,3,5,84,2,0,,0.0,30.666666666666668,59.400000000000006,5,5
9403,Male,23,BE,Mechanical,7.01,2,0,2,3,6,89,2,0,,0.0,32.666666666666664,60.099999999999994,4,4
9404,Male,20,BE,IT,8.39,3,3,0,2,8,93,4,0,,0.0,34.333333333333336,68.9,7,7
9405,Female,24,BCA,Mechanical,9.59,2,3,3,2,9,95,4,0,,0.0,35.333333333333336,85.9,10,10
9406,Male,24,BCA,CS,5.9,2,1,4,2,10,92,0,0,,0.0,34.666666666666664,49.0,5,5
9407,Female,21,BSc,Electrical,8.8,0,3,4,6,3,41,5,0,,0.0,16.666666666666668,88.0,12,12
9408,Female,23,BCA,Mechanical,6.38,1,0,3,8,2,67,5,0,,0.0,25.666666666666668,58.8,8,8
9409,Male,22,BCA,Mechanical,7.13,0,3,5,3,5,44,1,0,,0.0,17.333333333333332,71.3,9,9
9410,Female,20,BCA,CS,9.26,2,2,5,6,6,53,3,0,,0.0,21.666666666666668,82.6,10,10
9411,Male,21,BE,IT,7.85,1,2,1,3,8,84,2,0,,0.0,31.666666666666668,73.5,5,5
9412,Male,23,BTech,Mechanical,5.79,1,1,2,9,4,49,3,0,,0.0,20.666666666666668,52.9,6,6
9413,Male,22,BSc,Electrical,7.68,0,0,2,1,1,83,3,0,,0.0,28.333333333333332,76.8,5,5
9414,Female,23,BE,IT,8.9,0,1,5,7,4,71,3,1,Service,14.18,27.333333333333332,89.0,9,9
9415,Male,21,BSc,IT,7.77,3,1,3,8,10,77,0,1,Service,7.81,31.666666666666668,62.69999999999999,4,4
9416,Male,22,BE,DS,6.22,1,3,2,9,8,86,1,0,,0.0,34.333333333333336,57.199999999999996,6,6
9417,Female,22,BSc,Electrical,7.41,2,1,4,5,2,67,1,1,Product,3.55,24.666666666666668,64.1,6,6
9418,Female,22,BCA,Electrical,9.47,3,3,3,6,10,40,4,0,,0.0,18.666666666666668,79.7,10,10
9419,Female,22,BSc,CS,8.33,3,3,5,5,8,99,3,1,Service,6.1,37.333333333333336,68.3,11,11
9420,Female,23,BTech,CS,8.64,3,1,2,10,4,42,3,0,,0.0,18.666666666666668,71.4,6,6
9421,Male,22,BSc,AI,8.88,3,1,0,5,2,78,2,1,Service,10.26,28.333333333333332,73.80000000000001,3,3
9422,Male,23,BTech,Electrical,5.89,0,0,5,7,4,64,0,0,,0.0,25.0,58.9,5,5
9423,Male,22,BSc,IT,8.0,1,3,5,4,1,69,3,0,,0.0,24.666666666666668,75.0,11,11
9424,Female,22,BCA,AI,7.12,3,2,1,6,10,95,0,1,Service,8.53,37.0,56.2,3,3
9425,Female,21,BSc,Electrical,6.1,1,0,0,4,7,75,5,0,,0.0,28.666666666666668,56.0,5,5
9426,Male,23,BE,CS,6.37,2,3,5,2,3,77,4,0,,0.0,27.333333333333332,53.7,12,12
9427,Female,23,BCA,CS,8.86,1,3,0,2,4,97,0,0,,0.0,34.333333333333336,83.6,3,3
9428,Female,24,BCA,Electrical,6.19,0,3,2,4,3,69,1,0,,0.0,25.333333333333332,61.900000000000006,6,6
9429,Male,21,BE,AI,6.84,1,3,3,5,8,54,5,0,,0.0,22.333333333333332,63.400000000000006,11,11
9430,Male,23,BCA,CS,6.72,2,3,4,1,3,70,5,0,,0.0,24.666666666666668,57.2,12,12
9431,Female,21,BCA,CS,5.71,2,0,3,3,7,82,0,0,,0.0,30.666666666666668,47.1,3,3
9432,Female,21,BE,DS,7.49,3,3,2,5,2,64,3,1,Startup,10.81,23.666666666666668,59.900000000000006,8,8
9433,Female,21,BCA,Mechanical,8.79,2,1,2,8,10,62,3,1,Service,7.57,26.666666666666668,77.89999999999999,6,6
9434,Male,20,BCA,Electrical,5.6,3,2,4,4,9,85,3,0,,0.0,32.666666666666664,41.0,9,9
9435,Male,23,BCA,DS,5.98,0,0,0,6,6,65,3,0,,0.0,25.666666666666668,59.800000000000004,3,3
9436,Male,21,BCA,Mechanical,8.6,0,0,0,4,3,98,5,0,,0.0,35.0,86.0,5,5
9437,Male,20,BSc,Electrical,8.05,0,2,3,5,8,89,0,1,Startup,14.21,34.0,80.5,5,5
9438,Male,20,BCA,DS,8.58,1,0,1,7,8,61,3,1,Product,13.84,25.333333333333332,80.8,4,4
9439,Female,22,BCA,DS,6.49,2,3,2,8,6,55,1,0,,0.0,23.0,54.900000000000006,6,6
9440,Female,22,BCA,Electrical,8.96,2,3,4,10,4,95,2,1,Startup,11.26,36.333333333333336,79.60000000000001,9,9
9441,Female,23,BSc,IT,7.56,2,2,3,10,3,56,3,0,,0.0,23.0,65.6,8,8
9442,Male,22,BTech,AI,8.12,3,0,4,8,9,66,4,1,Service,9.32,27.666666666666668,66.19999999999999,8,8
9443,Male,23,BCA,Electrical,5.9,3,1,0,7,5,56,2,0,,0.0,22.666666666666668,44.0,3,3
9444,Male,20,BTech,DS,6.38,0,2,5,4,4,56,0,0,,0.0,21.333333333333332,63.8,7,7
9445,Female,20,BTech,IT,8.83,2,0,0,4,9,59,1,0,,0.0,24.0,78.3,1,1
9446,Male,23,BE,DS,6.46,1,0,3,2,7,41,5,0,,0.0,16.666666666666668,59.599999999999994,8,8
9447,Male,22,BE,AI,5.9,1,2,1,9,3,94,1,0,,0.0,35.333333333333336,54.0,4,4
9448,Female,22,BTech,IT,8.07,0,3,0,6,6,75,4,1,Service,4.1,29.0,80.7,7,7
9449,Male,23,BSc,Electrical,7.86,3,2,4,3,8,62,3,0,,0.0,24.333333333333332,63.60000000000001,9,9
9450,Female,24,BCA,Mechanical,8.11,3,2,2,3,5,67,4,0,,0.0,25.0,66.1,8,8
9451,Male,22,BCA,AI,8.16,3,2,2,1,2,65,3,0,,0.0,22.666666666666668,66.6,7,7
9452,Male,21,BCA,CS,7.65,0,2,1,2,8,82,3,0,,0.0,30.666666666666668,76.5,6,6
9453,Female,22,BE,Electrical,7.62,0,2,3,5,2,89,1,1,Startup,5.95,32.0,76.2,6,6
9454,Female,24,BE,Electrical,9.47,2,3,1,9,1,84,1,1,Service,4.0,31.333333333333332,84.7,5,5
9455,Female,20,BCA,Electrical,7.8,2,1,4,3,5,90,5,0,,0.0,32.666666666666664,68.0,10,10
9456,Female,20,BTech,IT,8.15,2,3,1,7,5,51,3,0,,0.0,21.0,71.5,7,7
9457,Female,20,BE,CS,6.65,1,1,2,6,1,56,5,0,,0.0,21.0,61.5,8,8
9458,Female,22,BCA,IT,9.25,1,3,5,3,6,80,1,0,,0.0,29.666666666666668,87.5,9,9
9459,Male,20,BTech,Mechanical,5.6,2,2,0,4,7,67,1,0,,0.0,26.0,46.0,3,3
9460,Male,24,BCA,IT,7.9,1,0,0,5,9,50,1,0,,0.0,21.333333333333332,74.0,1,1
9461,Female,24,BE,Electrical,7.15,1,1,5,2,9,77,3,0,,0.0,29.333333333333332,66.5,9,9
9462,Male,22,BSc,DS,8.1,3,1,3,8,2,84,3,1,Service,8.52,31.333333333333332,66.0,7,7
9463,Female,21,BSc,CS,7.05,3,0,4,7,8,50,2,0,,0.0,21.666666666666668,55.5,6,6
9464,Male,22,BE,CS,8.59,0,1,3,9,9,54,1,0,,0.0,24.0,85.9,5,5
9465,Female,20,BTech,IT,5.59,3,3,5,8,4,65,3,0,,0.0,25.666666666666668,40.9,11,11
9466,Male,22,BCA,DS,7.25,2,1,1,7,7,68,1,1,Startup,4.68,27.333333333333332,62.5,3,3
9467,Male,24,BE,DS,9.07,3,3,1,9,5,65,2,1,Startup,3.01,26.333333333333332,75.7,6,6
9468,Male,22,BTech,IT,6.58,1,2,1,10,1,62,2,1,Startup,6.62,24.333333333333332,60.8,5,5
9469,Male,22,BCA,AI,5.73,1,1,4,5,10,50,0,0,,0.0,21.666666666666668,52.300000000000004,5,5
9470,Male,21,BCA,Mechanical,7.64,2,1,0,3,8,43,3,0,,0.0,18.0,66.39999999999999,4,4
9471,Female,24,BE,IT,9.7,2,1,5,6,2,91,2,1,Startup,3.33,33.0,87.0,8,8
9472,Female,23,BCA,Electrical,5.78,3,3,2,9,3,49,3,0,,0.0,20.333333333333332,42.800000000000004,8,8
9473,Female,23,BSc,DS,5.8,3,2,2,6,5,81,3,0,,0.0,30.666666666666668,43.0,7,7
9474,Male,24,BSc,Mechanical,8.06,3,0,1,3,7,79,1,0,,0.0,29.666666666666668,65.60000000000001,2,2
9475,Female,23,BCA,IT,6.58,0,0,1,2,5,72,3,0,,0.0,26.333333333333332,65.8,4,4
9476,Male,20,BE,Mechanical,7.26,0,0,1,5,10,98,1,1,Startup,9.31,37.666666666666664,72.6,2,2
9477,Male,23,BCA,AI,9.07,2,3,4,8,4,94,1,1,Product,11.38,35.333333333333336,80.7,8,8
9478,Male,20,BE,DS,6.36,3,0,2,8,2,43,1,0,,0.0,17.666666666666668,48.6,3,3
9479,Female,24,BE,AI,8.59,1,1,3,1,1,75,5,0,,0.0,25.666666666666668,80.9,9,9
9480,Male,23,BSc,AI,7.67,0,2,0,3,3,47,4,0,,0.0,17.666666666666668,76.7,6,6
9481,Female,23,BSc,DS,9.39,2,2,3,5,6,61,3,1,Startup,11.84,24.0,83.9,8,8
9482,Female,20,BTech,Electrical,9.68,0,3,0,1,9,60,5,0,,0.0,23.333333333333332,96.8,8,8
9483,Male,20,BE,AI,7.59,3,1,4,6,9,69,2,1,Service,11.35,28.0,60.900000000000006,7,7
9484,Male,22,BCA,IT,8.01,1,0,0,4,5,96,3,0,,0.0,35.0,75.1,3,3
9485,Female,21,BE,IT,8.71,1,2,4,9,3,99,0,1,Service,10.73,37.0,82.10000000000001,6,6
9486,Female,23,BSc,Mechanical,6.87,2,1,2,2,3,69,3,0,,0.0,24.666666666666668,58.7,6,6
9487,Female,21,BE,IT,6.47,0,1,0,10,7,55,4,0,,0.0,24.0,64.7,5,5
9488,Female,21,BTech,IT,9.65,3,3,1,5,7,85,5,1,Service,3.68,32.333333333333336,81.5,9,9
9489,Female,23,BCA,Mechanical,7.36,3,3,1,5,3,41,0,0,,0.0,16.333333333333332,58.60000000000001,4,4
9490,Female,20,BE,CS,5.51,1,1,4,6,10,62,0,0,,0.0,26.0,50.099999999999994,5,5
9491,Male,22,BCA,DS,9.1,1,3,2,5,7,73,1,1,Service,7.09,28.333333333333332,86.0,6,6
9492,Female,24,BCA,IT,8.08,3,1,4,10,8,69,2,1,Product,8.67,29.0,65.8,7,7
9493,Female,23,BSc,Mechanical,6.22,3,3,3,10,3,67,0,0,,0.0,26.666666666666668,47.199999999999996,6,6
9494,Female,23,BE,AI,5.63,0,2,3,9,5,44,4,0,,0.0,19.333333333333332,56.3,9,9
9495,Female,24,BCA,AI,6.75,2,3,3,1,10,74,2,0,,0.0,28.333333333333332,57.5,8,8
9496,Male,21,BSc,Electrical,9.49,0,1,1,8,8,48,3,0,,0.0,21.333333333333332,94.9,5,5
9497,Male,22,BTech,IT,9.51,0,2,5,6,7,93,4,1,Startup,9.85,35.333333333333336,95.1,11,11
9498,Female,21,BTech,DS,6.84,3,1,3,9,1,77,5,1,Service,7.68,29.0,53.400000000000006,9,9
9499,Female,24,BE,Mechanical,9.09,0,1,0,10,2,85,2,1,Service,12.01,32.333333333333336,90.9,3,3
9500,Female,24,BCA,Electrical,7.4,0,3,3,7,6,58,4,0,,0.0,23.666666666666668,74.0,10,10
9501,Male,22,BE,Electrical,8.31,0,2,1,3,8,80,0,0,,0.0,30.333333333333332,83.10000000000001,3,3
9502,Male,24,BCA,Mechanical,6.94,1,1,0,8,5,99,1,1,Startup,7.41,37.333333333333336,64.4,2,2
9503,Male,24,BSc,Mechanical,7.72,2,0,2,10,7,46,1,0,,0.0,21.0,67.2,3,3
9504,Male,22,BTech,Mechanical,6.76,2,3,4,3,10,92,2,0,,0.0,35.0,57.599999999999994,9,9
9505,Male,23,BTech,Mechanical,5.76,1,2,4,3,7,65,1,0,,0.0,25.0,52.599999999999994,7,7
9506,Male,21,BTech,DS,6.1,3,2,5,4,3,53,0,0,,0.0,20.0,46.0,7,7
9507,Female,23,BTech,Mechanical,6.75,3,1,0,3,1,71,5,0,,0.0,25.0,52.5,6,6
9508,Male,23,BE,DS,9.7,2,2,5,6,6,78,4,1,Service,8.84,30.0,87.0,11,11
9509,Male,21,BCA,DS,9.65,2,2,0,7,5,69,1,1,Product,14.42,27.0,86.5,3,3
9510,Female,23,BE,DS,9.06,3,0,5,3,9,49,5,0,,0.0,20.333333333333332,75.60000000000001,10,10
9511,Male,22,BSc,AI,6.5,0,2,4,3,1,41,0,0,,0.0,15.0,65.0,6,6
9512,Female,21,BTech,CS,7.4,2,0,4,7,5,77,4,1,Service,12.33,29.666666666666668,64.0,8,8
9513,Male,20,BCA,Electrical,7.39,0,3,0,10,3,44,0,0,,0.0,19.0,73.89999999999999,3,3
9514,Female,23,BE,IT,7.16,2,3,4,9,6,45,2,0,,0.0,20.0,61.599999999999994,9,9
9515,Female,24,BCA,AI,5.69,1,3,5,3,5,98,4,0,,0.0,35.333333333333336,51.900000000000006,12,12
9516,Female,21,BE,CS,7.8,2,2,2,6,4,67,4,1,Product,10.15,25.666666666666668,68.0,8,8
9517,Female,20,BCA,Electrical,5.81,1,3,3,5,8,54,0,0,,0.0,22.333333333333332,53.099999999999994,6,6
9518,Female,24,BCA,AI,8.95,0,0,5,8,9,68,5,1,Service,14.73,28.333333333333332,89.5,10,10
9519,Male,20,BTech,Electrical,8.47,3,2,3,9,9,69,1,1,Product,4.41,29.0,69.7,6,6
9520,Male,23,BE,DS,7.02,0,2,2,8,1,83,5,1,Startup,7.25,30.666666666666668,70.19999999999999,9,9
9521,Female,24,BSc,DS,8.28,0,0,3,1,9,95,2,0,,0.0,35.0,82.8,5,5
9522,Female,23,BCA,Mechanical,6.5,0,0,3,7,4,83,5,1,Startup,9.71,31.333333333333332,65.0,8,8
9523,Female,24,BSc,DS,6.64,1,0,3,8,4,70,1,1,Product,9.91,27.333333333333332,61.39999999999999,4,4
9524,Male,21,BTech,AI,6.85,2,3,1,5,9,70,3,1,Service,8.17,28.0,58.5,7,7
9525,Female,22,BSc,Electrical,8.93,3,2,5,4,1,74,5,0,,0.0,26.333333333333332,74.3,12,12
9526,Female,22,BCA,IT,6.41,0,1,5,7,5,65,5,0,,0.0,25.666666666666668,64.1,11,11
9527,Female,20,BCA,Electrical,7.92,0,1,2,6,8,95,2,1,Product,5.75,36.333333333333336,79.2,5,5
9528,Female,24,BCA,DS,6.36,0,2,5,2,5,48,2,0,,0.0,18.333333333333332,63.6,9,9
9529,Male,23,BE,Electrical,6.73,1,2,4,9,8,92,0,1,Startup,12.83,36.333333333333336,62.30000000000001,6,6
9530,Female,21,BSc,CS,6.51,1,0,0,3,5,87,0,0,,0.0,31.666666666666668,60.099999999999994,0,0
9531,Female,21,BE,Electrical,8.27,1,3,2,1,2,92,2,0,,0.0,31.666666666666668,77.69999999999999,7,7
9532,Male,21,BCA,AI,7.76,2,0,2,3,2,46,2,0,,0.0,17.0,67.6,4,4
9533,Female,22,BCA,CS,8.6,2,0,5,1,8,52,4,0,,0.0,20.333333333333332,76.0,9,9
9534,Female,23,BTech,Mechanical,6.45,0,1,1,10,3,59,1,0,,0.0,24.0,64.5,3,3
9535,Male,21,BTech,Mechanical,5.54,3,3,1,7,2,90,5,0,,0.0,33.0,40.4,9,9
9536,Male,21,BCA,Electrical,8.43,1,2,3,6,1,67,0,1,Product,6.4,24.666666666666668,79.3,5,5
9537,Male,20,BE,IT,5.99,2,2,1,8,4,86,4,0,,0.0,32.666666666666664,49.900000000000006,7,7
9538,Female,24,BE,AI,6.56,2,1,4,4,3,69,5,0,,0.0,25.333333333333332,55.599999999999994,10,10
9539,Female,24,BCA,IT,6.81,3,0,4,6,8,90,5,1,Service,6.07,34.666666666666664,53.099999999999994,9,9
9540,Male,24,BSc,CS,8.71,1,3,3,3,1,80,3,0,,0.0,28.0,82.10000000000001,9,9
9541,Male,20,BE,IT,8.19,2,0,1,4,5,66,2,0,,0.0,25.0,71.89999999999999,3,3
9542,Male,22,BCA,CS,6.29,3,3,3,6,10,97,5,0,,0.0,37.666666666666664,47.9,11,11
9543,Female,20,BTech,IT,8.07,3,0,0,5,6,88,0,1,Service,7.75,33.0,65.7,0,0
9544,Female,21,BCA,Mechanical,8.55,1,3,1,2,1,69,2,0,,0.0,24.0,80.5,6,6
9545,Male,23,BE,AI,7.17,1,0,1,9,9,80,4,1,Startup,3.47,32.666666666666664,66.7,5,5
9546,Female,21,BCA,IT,6.56,1,1,1,2,2,63,2,0,,0.0,22.333333333333332,60.599999999999994,4,4
9547,Male,21,BSc,Electrical,8.42,0,3,1,8,4,69,2,1,Service,7.58,27.0,84.2,6,6
9548,Female,23,BSc,CS,8.13,2,0,4,5,7,40,4,0,,0.0,17.333333333333332,71.30000000000001,8,8
9549,Female,24,BE,Electrical,5.84,3,3,5,7,9,63,1,0,,0.0,26.333333333333332,43.4,9,9
9550,Female,20,BCA,AI,8.37,0,0,3,6,3,59,4,0,,0.0,22.666666666666668,83.69999999999999,7,7
9551,Female,22,BSc,Electrical,7.6,1,1,4,2,10,93,2,0,,0.0,35.0,71.0,7,7
9552,Male,21,BSc,Mechanical,8.74,2,3,3,4,2,47,1,0,,0.0,17.666666666666668,77.4,7,7
9553,Female,21,BTech,Mechanical,6.32,2,0,0,9,8,56,4,0,,0.0,24.333333333333332,53.2,4,4
9554,Female,22,BE,DS,6.61,0,1,1,7,9,70,4,1,Product,14.53,28.666666666666668,66.10000000000001,6,6
9555,Male,20,BTech,AI,7.84,3,0,2,1,2,43,5,0,,0.0,15.333333333333334,63.400000000000006,7,7
9556,Female,21,BTech,IT,7.57,0,2,4,4,3,73,5,0,,0.0,26.666666666666668,75.7,11,11
9557,Male,22,BSc,Mechanical,7.16,2,0,5,10,6,72,0,1,Service,12.17,29.333333333333332,61.599999999999994,5,5
9558,Male,21,BCA,IT,8.71,3,2,2,3,3,68,4,0,,0.0,24.666666666666668,72.10000000000001,8,8
9559,Female,24,BTech,IT,7.93,0,1,0,1,6,91,2,0,,0.0,32.666666666666664,79.3,3,3
9560,Female,24,BE,CS,8.55,0,0,2,5,6,99,0,1,Startup,9.25,36.666666666666664,85.5,2,2
9561,Male,21,BE,Electrical,6.16,1,3,0,9,3,58,1,0,,0.0,23.333333333333332,56.6,4,4
9562,Male,21,BCA,IT,8.63,2,3,4,4,2,53,0,0,,0.0,19.666666666666668,76.30000000000001,7,7
9563,Male,24,BE,DS,7.48,1,3,0,2,8,64,3,0,,0.0,24.666666666666668,69.80000000000001,6,6
9564,Female,21,BTech,AI,5.65,1,3,4,7,7,40,1,0,,0.0,18.0,51.5,8,8
9565,Male,20,BCA,AI,6.51,3,0,5,8,9,98,3,1,Service,7.5,38.333333333333336,50.099999999999994,8,8
9566,Male,20,BE,CS,5.61,3,0,4,2,1,61,2,0,,0.0,21.333333333333332,41.1,6,6
9567,Male,23,BE,DS,7.46,2,2,2,10,1,85,5,1,Startup,12.98,32.0,64.6,9,9
9568,Female,20,BTech,Electrical,6.9,3,0,3,9,1,43,1,0,,0.0,17.666666666666668,54.0,4,4
9569,Male,21,BTech,DS,9.75,2,1,5,10,1,91,1,1,Startup,8.74,34.0,87.5,7,7
9570,Female,21,BTech,AI,9.23,3,3,3,8,5,74,0,1,Startup,6.29,29.0,77.30000000000001,6,6
9571,Female,22,BTech,DS,9.05,1,0,3,4,2,89,3,0,,0.0,31.666666666666668,85.5,6,6
9572,Male,20,BCA,Electrical,7.65,2,1,1,4,4,91,3,0,,0.0,33.0,66.5,5,5
9573,Female,24,BCA,Mechanical,8.97,1,2,2,5,9,94,0,1,Product,8.65,36.0,84.7,4,4
9574,Male,24,BCA,IT,6.65,3,1,0,1,3,78,0,0,,0.0,27.333333333333332,51.5,1,1
9575,Female,23,BSc,IT,7.91,1,2,3,7,8,72,5,1,Startup,13.15,29.0,74.1,10,10
9576,Female,22,BTech,AI,7.19,3,3,2,4,9,55,0,0,,0.0,22.666666666666668,56.900000000000006,5,5
9577,Male,24,BTech,AI,6.24,0,2,1,1,9,97,0,0,,0.0,35.666666666666664,62.400000000000006,3,3
9578,Male,23,BCA,Electrical,5.81,1,2,2,4,2,84,5,0,,0.0,30.0,53.099999999999994,9,9
9579,Male,20,BE,DS,7.9,2,1,0,4,8,74,5,0,,0.0,28.666666666666668,69.0,6,6
9580,Female,22,BE,Electrical,5.92,1,3,3,1,8,51,4,0,,0.0,20.0,54.2,10,10
9581,Female,22,BTech,CS,8.59,1,1,0,9,3,75,0,1,Service,3.14,29.0,80.9,1,1
9582,Male,21,BTech,AI,9.46,2,3,1,8,1,90,0,1,Startup,7.9,33.0,84.60000000000001,4,4
9583,Male,20,BCA,AI,6.2,2,1,0,9,1,85,0,0,,0.0,31.666666666666668,52.0,1,1
9584,Female,22,BTech,AI,7.53,0,0,5,7,4,93,5,1,Product,13.71,34.666666666666664,75.3,10,10
9585,Female,23,BE,Electrical,8.68,3,1,1,5,9,46,4,0,,0.0,20.0,71.8,6,6
9586,Female,24,BE,Electrical,6.73,3,2,0,7,9,43,2,0,,0.0,19.666666666666668,52.30000000000001,4,4
9587,Male,20,BTech,DS,9.46,2,1,1,2,2,51,2,0,,0.0,18.333333333333332,84.60000000000001,4,4
9588,Female,20,BCA,Mechanical,9.32,1,2,2,10,7,46,0,0,,0.0,21.0,88.2,4,4
9589,Male,22,BCA,AI,5.95,3,1,2,7,1,85,1,0,,0.0,31.0,44.5,4,4
9590,Female,22,BE,Mechanical,5.62,2,1,2,4,5,54,5,0,,0.0,21.0,46.2,8,8
9591,Female,22,BCA,Electrical,9.7,2,2,5,5,10,45,4,0,,0.0,20.0,87.0,11,11
9592,Male,23,BE,DS,9.61,0,3,5,7,5,56,0,0,,0.0,22.666666666666668,96.1,8,8
9593,Male,21,BTech,Electrical,7.32,1,1,2,2,8,56,4,0,,0.0,22.0,68.2,7,7
9594,Male,22,BE,CS,5.72,0,0,0,5,9,83,4,0,,0.0,32.333333333333336,57.199999999999996,4,4
9595,Female,21,BTech,IT,8.16,0,0,5,2,3,43,5,0,,0.0,16.0,81.6,10,10
9596,Female,21,BCA,IT,6.76,1,2,4,10,6,46,2,0,,0.0,20.666666666666668,62.599999999999994,8,8
9597,Female,20,BSc,Electrical,9.53,2,2,1,6,7,75,5,1,Service,7.31,29.333333333333332,85.3,8,8
9598,Male,24,BSc,IT,8.92,1,2,1,10,6,46,3,0,,0.0,20.666666666666668,84.2,6,6
9599,Female,24,BSc,IT,8.29,0,0,4,8,9,77,3,1,Service,9.85,31.333333333333332,82.89999999999999,7,7
9600,Male,23,BE,DS,6.72,0,2,1,7,10,75,3,1,Product,6.0,30.666666666666668,67.2,6,6
9601,Male,23,BSc,IT,8.52,1,2,1,5,4,81,0,1,Service,7.06,30.0,80.19999999999999,3,3
9602,Male,24,BE,DS,6.74,0,3,2,3,1,95,3,0,,0.0,33.0,67.4,8,8
9603,Female,24,BCA,CS,5.66,2,0,1,4,4,72,0,0,,0.0,26.666666666666668,46.6,1,1
9604,Female,20,BTech,AI,7.69,2,3,1,2,10,62,1,0,,0.0,24.666666666666668,66.9,5,5
9605,Male,20,BSc,AI,7.6,1,3,3,6,6,67,5,1,Service,10.79,26.333333333333332,71.0,11,11
9606,Female,24,BE,AI,8.78,1,2,1,8,6,67,2,1,Service,4.88,27.0,82.8,5,5
9607,Male,22,BCA,DS,9.22,2,3,4,8,3,72,1,1,Product,3.92,27.666666666666668,82.2,8,8
9608,Male,22,BCA,DS,7.02,3,1,1,9,2,61,0,1,Startup,7.27,24.0,55.19999999999999,2,2
9609,Female,20,BSc,DS,7.43,3,1,4,5,8,78,1,1,Service,9.85,30.333333333333332,59.3,6,6
9610,Male,21,BCA,CS,7.52,3,1,5,10,9,61,5,1,Service,11.7,26.666666666666668,60.19999999999999,11,11
9611,Male,24,BCA,Mechanical,6.89,1,3,1,6,10,43,3,0,,0.0,19.666666666666668,63.89999999999999,7,7
9612,Female,23,BCA,DS,8.7,2,1,4,2,10,63,1,0,,0.0,25.0,77.0,6,6
9613,Male,22,BE,DS,7.75,2,0,1,10,4,98,4,1,Service,8.26,37.333333333333336,67.5,5,5
9614,Male,21,BCA,AI,9.43,2,1,5,4,3,95,4,0,,0.0,34.0,84.3,10,10
9615,Male,22,BCA,Electrical,8.3,2,1,1,3,10,55,2,0,,0.0,22.666666666666668,73.0,4,4
9616,Male,21,BCA,IT,6.41,1,3,3,9,1,89,1,0,,0.0,33.0,59.099999999999994,7,7
9617,Male,24,BCA,IT,6.21,2,0,5,6,2,85,0,0,,0.0,31.0,52.1,5,5
9618,Male,24,BCA,CS,7.1,2,3,3,6,8,52,2,0,,0.0,22.0,61.0,8,8
9619,Male,24,BE,IT,6.99,0,0,1,4,6,54,3,0,,0.0,21.333333333333332,69.9,4,4
9620,Female,20,BCA,Mechanical,7.25,0,0,3,6,6,72,3,1,Service,6.52,28.0,72.5,6,6
9621,Female,21,BCA,AI,6.29,0,3,0,1,1,69,4,0,,0.0,23.666666666666668,62.9,7,7
9622,Male,23,BTech,CS,9.71,0,1,5,9,8,95,2,1,Product,9.53,37.333333333333336,97.10000000000001,8,8
9623,Male,23,BCA,IT,6.13,1,2,0,3,6,62,3,0,,0.0,23.666666666666668,56.3,5,5
9624,Female,24,BCA,IT,8.31,3,2,5,5,4,81,1,1,Service,12.84,30.0,68.10000000000001,8,8
9625,Female,23,BE,Electrical,5.56,0,1,2,7,3,98,2,0,,0.0,36.0,55.599999999999994,5,5
9626,Female,22,BCA,AI,7.25,0,2,5,2,6,89,1,0,,0.0,32.333333333333336,72.5,8,8
9627,Female,21,BE,CS,6.83,0,2,2,4,3,44,1,0,,0.0,17.0,68.3,5,5
9628,Female,21,BSc,AI,7.14,1,0,0,6,4,92,5,1,Product,6.31,34.0,66.39999999999999,5,5
9629,Male,21,BCA,CS,7.64,3,3,5,1,10,78,1,0,,0.0,29.666666666666668,61.39999999999999,9,9
9630,Female,22,BTech,IT,8.08,2,3,2,6,8,73,2,1,Service,11.05,29.0,70.8,7,7
9631,Female,20,BE,AI,8.01,0,1,1,5,7,80,2,1,Service,7.98,30.666666666666668,80.1,4,4
9632,Female,22,BSc,AI,8.21,3,1,1,2,7,96,4,0,,0.0,35.0,67.10000000000001,6,6
9633,Male,21,BTech,Mechanical,9.13,2,3,2,6,6,44,2,0,,0.0,18.666666666666668,81.30000000000001,7,7
9634,Male,21,BE,Electrical,9.31,0,2,0,5,8,98,5,1,Product,8.98,37.0,93.10000000000001,7,7
9635,Male,21,BSc,AI,8.67,1,1,4,1,9,89,0,0,,0.0,33.0,81.7,5,5
9636,Male,23,BTech,CS,5.84,1,0,5,6,1,83,2,0,,0.0,30.0,53.4,7,7
9637,Male,20,BCA,Mechanical,9.63,1,3,1,7,3,94,5,1,Startup,11.83,34.666666666666664,91.30000000000001,9,9
9638,Male,22,BTech,AI,9.57,2,2,5,9,8,43,4,0,,0.0,20.0,85.7,11,11
9639,Female,21,BTech,AI,8.56,1,0,3,2,1,55,2,0,,0.0,19.333333333333332,80.60000000000001,5,5
9640,Male,24,BTech,Mechanical,7.72,3,3,4,6,9,50,0,0,,0.0,21.666666666666668,62.2,7,7
9641,Male,20,BE,IT,6.58,2,3,3,6,1,90,2,1,Startup,4.8,32.333333333333336,55.8,8,8
9642,Female,24,BCA,AI,8.75,1,2,1,1,9,66,4,0,,0.0,25.333333333333332,82.5,7,7
9643,Male,20,BCA,DS,9.27,3,1,2,8,7,62,0,1,Service,10.25,25.666666666666668,77.69999999999999,3,3
9644,Female,21,BE,Electrical,8.36,3,0,3,5,6,94,4,1,Product,11.33,35.0,68.6,7,7
9645,Female,20,BTech,IT,8.21,0,0,5,2,9,72,5,0,,0.0,27.666666666666668,82.10000000000001,10,10
9646,Male,20,BCA,AI,6.33,0,0,0,5,10,62,3,0,,0.0,25.666666666666668,63.3,3,3
9647,Female,21,BTech,IT,7.04,3,3,3,4,4,52,1,0,,0.0,20.0,55.400000000000006,7,7
9648,Female,24,BCA,CS,8.61,0,2,0,7,5,97,4,1,Startup,10.16,36.333333333333336,86.1,6,6
9649,Female,24,BE,IT,5.57,0,2,4,10,10,44,3,0,,0.0,21.333333333333332,55.7,9,9
9650,Female,23,BSc,Mechanical,8.26,2,3,4,8,2,71,2,1,Product,10.9,27.0,72.6,9,9
9651,Male,24,BTech,AI,8.8,1,0,2,1,3,94,0,0,,0.0,32.666666666666664,83.0,2,2
9652,Female,24,BCA,IT,6.94,2,0,0,1,7,79,5,0,,0.0,29.0,59.400000000000006,5,5
9653,Male,20,BCA,DS,5.83,2,2,5,8,5,49,4,0,,0.0,20.666666666666668,48.3,11,11
9654,Female,23,BCA,CS,9.02,0,1,2,4,8,54,0,0,,0.0,22.0,90.19999999999999,3,3
9655,Female,21,BE,CS,6.11,1,3,3,8,3,54,5,0,,0.0,21.666666666666668,56.1,11,11
9656,Female,21,BE,IT,7.09,2,1,2,7,3,99,3,1,Startup,13.77,36.333333333333336,60.900000000000006,6,6
9657,Male,22,BSc,Mechanical,8.54,2,0,5,9,1,62,5,1,Product,10.58,24.0,75.39999999999999,10,10
9658,Male,23,BE,CS,9.01,2,3,3,7,1,84,5,1,Product,13.43,30.666666666666668,80.1,11,11
9659,Male,20,BTech,IT,9.21,2,3,4,4,2,97,4,0,,0.0,34.333333333333336,82.10000000000001,11,11
9660,Female,22,BE,IT,7.78,1,1,2,5,7,73,2,1,Service,13.81,28.333333333333332,72.8,5,5
9661,Female,22,BCA,CS,7.55,0,3,5,7,9,43,2,0,,0.0,19.666666666666668,75.5,10,10
9662,Female,21,BTech,IT,9.15,3,2,4,2,6,93,5,0,,0.0,33.666666666666664,76.5,11,11
9663,Female,24,BE,IT,7.92,0,1,3,3,5,52,2,0,,0.0,20.0,79.2,6,6
9664,Male,20,BTech,Electrical,7.99,3,2,0,3,4,68,1,0,,0.0,25.0,64.9,3,3
9665,Female,23,BTech,DS,7.37,2,0,1,9,4,48,2,0,,0.0,20.333333333333332,63.7,3,3
9666,Male,22,BE,IT,7.1,3,1,3,2,7,44,1,0,,0.0,17.666666666666668,56.0,5,5
9667,Female,20,BTech,Electrical,7.57,1,3,3,4,1,51,4,0,,0.0,18.666666666666668,70.7,10,10
9668,Male,21,BCA,Electrical,7.07,1,1,1,8,6,73,4,1,Product,3.35,29.0,65.7,6,6
9669,Male,22,BCA,IT,6.98,2,2,1,1,1,91,3,0,,0.0,31.0,59.80000000000001,6,6
9670,Female,22,BE,Mechanical,9.77,1,2,4,9,4,47,3,0,,0.0,20.0,92.69999999999999,9,9
9671,Female,21,BE,CS,6.95,2,0,3,6,10,59,0,0,,0.0,25.0,59.5,3,3
9672,Male,21,BCA,Electrical,6.6,3,3,3,4,6,55,4,0,,0.0,21.666666666666668,51.0,10,10
9673,Female,21,BE,Electrical,7.02,0,3,2,5,2,63,0,1,Product,8.27,23.333333333333332,70.19999999999999,5,5
9674,Female,20,BCA,Mechanical,8.04,0,0,1,7,5,59,3,0,,0.0,23.666666666666668,80.39999999999999,4,4
9675,Male,20,BTech,AI,9.42,3,2,5,8,10,47,0,0,,0.0,21.666666666666668,79.2,7,7
9676,Male,20,BE,Mechanical,8.89,0,3,0,5,4,68,3,1,Product,7.66,25.666666666666668,88.9,6,6
9677,Male,24,BSc,AI,9.12,2,3,3,7,3,58,1,0,,0.0,22.666666666666668,81.19999999999999,7,7
9678,Male,22,BCA,AI,9.19,3,2,2,3,10,91,3,0,,0.0,34.666666666666664,76.89999999999999,7,7
9679,Female,20,BCA,Mechanical,9.46,2,0,0,2,6,81,4,0,,0.0,29.666666666666668,84.60000000000001,4,4
9680,Male,24,BTech,DS,6.51,0,2,4,2,7,64,4,0,,0.0,24.333333333333332,65.1,10,10
9681,Male,22,BSc,Mechanical,7.47,2,3,5,10,2,76,1,1,Startup,7.36,29.333333333333332,64.7,9,9
9682,Male,20,BSc,Electrical,7.16,1,1,2,3,6,42,1,0,,0.0,17.0,66.6,4,4
9683,Female,21,BSc,CS,7.14,0,0,0,6,10,58,3,0,,0.0,24.666666666666668,71.39999999999999,3,3
9684,Male,23,BCA,Mechanical,8.3,1,1,3,10,1,91,4,1,Product,7.95,34.0,78.0,8,8
9685,Female,20,BCA,DS,7.23,1,2,2,1,10,73,3,0,,0.0,28.0,67.30000000000001,7,7
9686,Male,23,BSc,Mechanical,8.15,3,0,1,3,4,46,3,0,,0.0,17.666666666666668,66.5,4,4
9687,Male,20,BE,DS,7.14,3,0,0,3,6,94,5,0,,0.0,34.333333333333336,56.39999999999999,5,5
9688,Female,21,BSc,CS,6.84,2,0,3,2,3,48,1,0,,0.0,17.666666666666668,58.400000000000006,4,4
9689,Male,23,BTech,IT,7.02,2,2,2,1,9,47,3,0,,0.0,19.0,60.19999999999999,7,7
9690,Male,24,BSc,DS,8.96,0,0,5,1,3,58,3,0,,0.0,20.666666666666668,89.60000000000001,8,8
9691,Female,21,BSc,DS,8.08,2,0,0,1,4,76,1,0,,0.0,27.0,70.8,1,1
9692,Male,23,BSc,Electrical,9.69,2,3,4,8,5,47,5,0,,0.0,20.0,86.89999999999999,12,12
9693,Male,23,BE,DS,9.08,3,0,4,6,10,86,1,1,Startup,14.93,34.0,75.8,5,5
9694,Male,21,BSc,CS,7.59,3,3,1,9,8,63,2,1,Startup,9.6,26.666666666666668,60.900000000000006,6,6
9695,Male,21,BSc,AI,6.54,1,0,2,3,10,41,3,0,,0.0,18.0,60.400000000000006,5,5
9696,Female,21,BCA,DS,8.4,2,2,2,7,2,68,5,1,Service,6.35,25.666666666666668,74.0,9,9
9697,Male,22,BSc,CS,8.62,3,0,1,6,4,51,2,0,,0.0,20.333333333333332,71.19999999999999,3,3
9698,Female,24,BTech,Electrical,7.5,0,0,2,9,2,88,5,1,Product,7.34,33.0,75.0,7,7
9699,Male,20,BCA,Electrical,6.49,2,2,4,9,3,87,5,0,,0.0,33.0,54.900000000000006,11,11
9700,Female,23,BE,IT,7.9,0,0,4,9,3,44,1,0,,0.0,18.666666666666668,79.0,5,5
9701,Male,20,BCA,DS,6.59,1,1,1,7,7,40,5,0,,0.0,18.0,60.900000000000006,7,7
9702,Female,21,BE,AI,9.54,1,0,3,9,5,52,4,0,,0.0,22.0,90.39999999999999,7,7
9703,Male,24,BE,CS,8.2,3,0,1,7,2,78,2,1,Startup,9.8,29.0,67.0,3,3
9704,Female,24,BTech,IT,6.76,3,3,4,9,6,47,0,0,,0.0,20.666666666666668,52.599999999999994,7,7
9705,Female,22,BSc,AI,6.43,1,3,1,2,4,98,0,0,,0.0,34.666666666666664,59.3,4,4
9706,Male,21,BTech,IT,8.58,0,1,4,2,2,93,5,0,,0.0,32.333333333333336,85.8,10,10
9707,Female,23,BCA,AI,8.54,1,2,3,7,3,58,2,0,,0.0,22.666666666666668,80.39999999999999,7,7
9708,Male,22,BE,Mechanical,8.07,1,0,4,10,2,85,0,1,Service,6.55,32.333333333333336,75.7,4,4
9709,Male,21,BCA,Mechanical,8.14,3,3,5,6,4,67,4,1,Startup,8.84,25.666666666666668,66.4,12,12
9710,Male,22,BE,Mechanical,8.1,2,1,2,6,3,49,3,0,,0.0,19.333333333333332,71.0,6,6
9711,Male,20,BCA,IT,7.05,3,2,0,5,8,88,4,1,Product,14.76,33.666666666666664,55.5,6,6
9712,Male,21,BE,Mechanical,9.53,3,3,3,1,4,89,0,0,,0.0,31.333333333333332,80.3,6,6
9713,Female,23,BTech,CS,7.56,0,2,0,7,10,73,5,1,Startup,13.88,30.0,75.6,7,7
9714,Male,23,BE,CS,5.59,1,1,3,2,3,49,3,0,,0.0,18.0,50.9,7,7
9715,Male,21,BSc,Mechanical,7.0,2,2,3,8,10,57,0,0,,0.0,25.0,60.0,5,5
9716,Male,22,BTech,AI,6.06,2,2,3,10,9,49,2,0,,0.0,22.666666666666668,50.599999999999994,7,7
9717,Male,24,BSc,AI,7.06,3,1,5,7,9,60,4,1,Startup,13.55,25.333333333333332,55.599999999999994,10,10
9718,Male,21,BCA,IT,8.12,3,2,3,2,3,41,3,0,,0.0,15.333333333333334,66.19999999999999,8,8
9719,Male,23,BCA,AI,5.6,1,1,4,2,4,48,1,0,,0.0,18.0,51.0,6,6
9720,Female,20,BE,DS,9.24,0,2,2,10,7,87,4,1,Product,14.22,34.666666666666664,92.4,8,8
9721,Female,23,BE,AI,8.12,1,3,4,8,3,77,1,1,Product,14.69,29.333333333333332,76.19999999999999,8,8
9722,Male,24,BCA,CS,6.77,2,3,4,5,10,46,2,0,,0.0,20.333333333333332,57.69999999999999,9,9
9723,Female,23,BTech,Electrical,6.84,0,3,5,8,9,42,5,0,,0.0,19.666666666666668,68.4,13,13
9724,Male,24,BSc,AI,7.5,3,3,2,1,7,65,0,0,,0.0,24.333333333333332,60.0,5,5
9725,Male,21,BCA,IT,6.57,3,1,5,9,6,46,2,0,,0.0,20.333333333333332,50.7,8,8
9726,Male,23,BTech,AI,5.52,2,2,3,8,6,91,1,0,,0.0,35.0,45.199999999999996,6,6
9727,Male,22,BSc,IT,5.61,1,1,2,6,8,79,3,0,,0.0,31.0,51.1,6,6
9728,Male,22,BE,DS,7.04,0,0,0,8,9,64,2,1,Startup,9.19,27.0,70.4,2,2
9729,Female,23,BTech,Mechanical,6.03,1,2,2,1,3,76,0,0,,0.0,26.666666666666668,55.300000000000004,4,4
9730,Female,23,BTech,DS,5.6,1,1,4,8,3,74,3,0,,0.0,28.333333333333332,51.0,8,8
9731,Female,20,BCA,CS,9.19,1,2,3,1,8,85,3,0,,0.0,31.333333333333332,86.89999999999999,8,8
9732,Female,23,BSc,Electrical,6.68,3,2,4,4,3,66,0,0,,0.0,24.333333333333332,51.8,6,6
9733,Male,20,BCA,DS,7.66,2,0,0,10,4,77,3,1,Startup,6.05,30.333333333333332,66.6,3,3
9734,Female,20,BE,DS,6.27,0,3,5,3,7,74,5,0,,0.0,28.0,62.699999999999996,13,13
9735,Male,20,BE,CS,5.7,0,2,5,3,7,93,5,0,,0.0,34.333333333333336,57.0,12,12
9736,Female,20,BSc,CS,8.7,2,2,3,10,2,46,4,0,,0.0,19.333333333333332,77.0,9,9
9737,Female,21,BSc,Mechanical,6.04,0,0,1,9,2,77,3,0,,0.0,29.333333333333332,60.4,4,4
9738,Female,22,BSc,Mechanical,5.61,0,1,5,8,4,59,1,0,,0.0,23.666666666666668,56.1,7,7
9739,Female,20,BCA,AI,8.03,1,3,4,10,5,62,4,1,Startup,13.19,25.666666666666668,75.3,11,11
9740,Male,22,BSc,IT,5.56,1,1,4,8,6,89,2,0,,0.0,34.333333333333336,50.599999999999994,7,7
9741,Female,20,BSc,CS,7.38,2,1,2,7,7,68,3,1,Service,8.09,27.333333333333332,63.8,6,6
9742,Female,22,BCA,DS,6.74,0,1,3,8,3,92,0,1,Service,5.63,34.333333333333336,67.4,4,4
9743,Male,23,BE,DS,6.87,2,3,5,8,1,93,4,1,Service,3.87,34.0,58.7,12,12
9744,Male,23,BE,Mechanical,5.52,2,1,5,10,2,61,3,0,,0.0,24.333333333333332,45.199999999999996,9,9
9745,Female,22,BTech,IT,9.65,2,1,5,6,1,60,1,1,Service,13.36,22.333333333333332,86.5,7,7
9746,Male,20,BE,CS,7.72,2,3,5,8,2,81,5,1,Service,14.97,30.333333333333332,67.2,13,13
9747,Male,21,BSc,Mechanical,7.96,1,3,4,2,6,44,3,0,,0.0,17.333333333333332,74.6,10,10
9748,Male,22,BE,IT,8.36,3,0,0,7,10,79,3,1,Service,8.62,32.0,68.6,3,3
9749,Female,24,BCA,CS,8.93,2,1,3,3,7,92,4,0,,0.0,34.0,79.3,8,8
9750,Male,21,BE,DS,8.11,0,0,3,8,8,86,5,1,Startup,9.61,34.0,81.1,8,8
9751,Female,24,BE,DS,8.78,3,2,2,5,8,87,1,1,Product,8.74,33.333333333333336,72.8,5,5
9752,Female,22,BTech,Mechanical,7.43,1,0,4,5,10,82,3,1,Startup,11.21,32.333333333333336,69.3,7,7
9753,Female,20,BTech,IT,7.1,3,0,4,3,7,93,4,0,,0.0,34.333333333333336,56.0,8,8
9754,Female,24,BSc,DS,9.04,3,0,1,1,2,49,0,0,,0.0,17.333333333333332,75.39999999999999,1,1
9755,Male,22,BCA,IT,9.22,1,0,1,2,9,72,3,0,,0.0,27.666666666666668,87.2,4,4
9756,Female,21,BSc,Mechanical,6.09,2,1,3,2,5,40,2,0,,0.0,15.666666666666666,50.9,6,6
9757,Male,20,BCA,AI,7.83,3,2,4,7,4,88,0,1,Product,12.58,33.0,63.3,6,6
9758,Female,24,BCA,IT,8.44,1,2,5,2,2,75,3,0,,0.0,26.333333333333332,79.39999999999999,10,10
9759,Male,22,BTech,Electrical,5.86,1,3,2,7,8,55,0,0,,0.0,23.333333333333332,53.6,5,5
9760,Female,20,BE,IT,9.5,3,2,4,1,10,58,2,0,,0.0,23.0,80.0,8,8
9761,Male,20,BE,Mechanical,7.74,1,0,2,2,4,44,0,0,,0.0,16.666666666666668,72.4,2,2
9762,Female,23,BTech,Electrical,8.28,3,3,1,7,1,62,3,1,Service,7.14,23.333333333333332,67.8,7,7
9763,Female,20,BSc,AI,6.27,3,0,5,7,6,93,5,0,,0.0,35.333333333333336,47.699999999999996,10,10
9764,Male,22,BE,DS,6.64,1,1,0,2,4,42,2,0,,0.0,16.0,61.39999999999999,3,3
9765,Female,21,BSc,CS,6.02,1,1,5,10,7,85,5,0,,0.0,34.0,55.199999999999996,11,11
9766,Female,23,BE,Mechanical,6.64,1,2,4,7,7,89,5,1,Product,10.93,34.333333333333336,61.39999999999999,11,11
9767,Female,22,BSc,CS,7.62,3,0,5,9,10,57,5,0,,0.0,25.333333333333332,61.2,10,10
9768,Male,22,BCA,AI,9.08,0,0,5,8,5,42,5,0,,0.0,18.333333333333332,90.8,10,10
9769,Female,22,BCA,Electrical,7.8,1,0,1,6,9,81,1,1,Product,3.55,32.0,73.0,2,2
9770,Female,24,BE,AI,6.55,1,3,0,4,7,90,4,0,,0.0,33.666666666666664,60.5,7,7
9771,Male,24,BSc,IT,5.69,2,3,0,3,10,42,4,0,,0.0,18.333333333333332,46.900000000000006,7,7
9772,Male,21,BSc,CS,8.17,1,3,1,8,5,53,3,0,,0.0,22.0,76.7,7,7
9773,Male,22,BCA,CS,7.31,3,2,1,3,8,47,4,0,,0.0,19.333333333333332,58.099999999999994,7,7
9774,Male,24,BSc,AI,9.73,1,2,1,5,10,71,4,1,Product,12.47,28.666666666666668,92.30000000000001,7,7
9775,Male,24,BTech,Electrical,8.85,2,0,2,3,2,69,3,0,,0.0,24.666666666666668,78.5,5,5
9776,Female,24,BSc,CS,8.98,0,0,3,9,6,58,3,0,,0.0,24.333333333333332,89.80000000000001,6,6
9777,Female,21,BCA,DS,5.55,0,2,3,7,8,45,0,0,,0.0,20.0,55.5,5,5
9778,Female,21,BTech,AI,8.84,1,3,3,3,7,48,4,0,,0.0,19.333333333333332,83.4,10,10
9779,Male,22,BTech,IT,6.34,0,3,5,10,4,87,5,0,,0.0,33.666666666666664,63.4,13,13
9780,Female,23,BSc,IT,8.02,3,3,2,7,1,69,0,1,Startup,13.12,25.666666666666668,65.19999999999999,5,5
9781,Male,22,BCA,IT,7.42,0,3,1,4,3,95,4,0,,0.0,34.0,74.2,8,8
9782,Male,24,BCA,CS,7.96,3,3,3,1,5,45,4,0,,0.0,17.0,64.6,10,10
9783,Female,24,BCA,AI,6.07,0,2,2,4,6,87,1,0,,0.0,32.333333333333336,60.7,5,5
9784,Male,20,BTech,IT,7.46,0,1,2,10,3,70,4,1,Startup,5.67,27.666666666666668,74.6,7,7
9785,Male,22,BCA,AI,5.66,3,1,1,8,2,81,3,0,,0.0,30.333333333333332,41.6,5,5
9786,Female,24,BTech,CS,5.68,3,1,0,6,3,92,4,0,,0.0,33.666666666666664,41.8,5,5
9787,Male,24,BTech,DS,8.33,1,0,2,1,5,60,2,0,,0.0,22.0,78.3,4,4
9788,Male,23,BE,DS,9.59,3,0,4,1,3,79,5,0,,0.0,27.666666666666668,80.9,9,9
9789,Female,20,BSc,DS,8.84,1,3,2,4,8,94,1,0,,0.0,35.333333333333336,83.4,6,6
9790,Male,22,BCA,CS,7.52,2,0,0,6,7,54,0,0,,0.0,22.333333333333332,65.19999999999999,0,0
9791,Male,21,BTech,IT,5.74,3,2,0,4,9,82,4,0,,0.0,31.666666666666668,42.400000000000006,6,6
9792,Female,22,BSc,CS,5.69,1,1,5,9,3,60,4,0,,0.0,24.0,51.900000000000006,10,10
9793,Female,22,BTech,AI,6.18,1,2,4,2,8,82,0,0,,0.0,30.666666666666668,56.8,6,6
9794,Female,23,BSc,DS,9.7,0,2,3,6,9,53,1,0,,0.0,22.666666666666668,97.0,6,6
9795,Female,22,BTech,AI,7.21,3,2,2,7,8,97,0,1,Service,14.04,37.333333333333336,57.099999999999994,4,4
9796,Male,23,BCA,CS,9.13,0,3,1,4,5,77,4,0,,0.0,28.666666666666668,91.30000000000001,8,8
9797,Male,23,BE,Mechanical,8.53,1,3,5,5,6,51,0,0,,0.0,20.666666666666668,80.3,8,8
9798,Female,24,BE,Mechanical,8.1,3,3,1,5,10,54,0,0,,0.0,23.0,66.0,4,4
9799,Male,21,BE,CS,9.58,1,0,4,2,9,76,4,0,,0.0,29.0,90.8,8,8
9800,Male,23,BTech,IT,6.49,0,3,0,5,2,50,1,0,,0.0,19.0,64.9,4,4
9801,Female,20,BSc,Electrical,7.46,1,0,3,10,9,69,3,1,Product,5.22,29.333333333333332,69.6,6,6
9802,Female,20,BCA,AI,9.22,1,2,2,5,1,96,1,1,Service,11.45,34.0,87.2,5,5
9803,Male,21,BCA,CS,7.87,0,1,2,5,10,98,3,1,Product,10.52,37.666666666666664,78.7,6,6
9804,Female,23,BTech,CS,6.56,3,3,2,4,6,93,4,0,,0.0,34.333333333333336,50.599999999999994,9,9
9805,Female,21,BE,Mechanical,6.4,0,0,1,10,1,74,4,0,,0.0,28.333333333333332,64.0,5,5
9806,Female,24,BTech,DS,8.74,3,0,3,4,1,74,3,0,,0.0,26.333333333333332,72.4,6,6
9807,Male,20,BSc,DS,5.55,3,3,4,7,3,81,4,0,,0.0,30.333333333333332,40.5,11,11
9808,Female,22,BE,Electrical,9.43,2,3,1,6,4,81,4,1,Service,3.65,30.333333333333332,84.3,8,8
9809,Male,20,BTech,IT,5.58,1,2,0,8,4,91,3,0,,0.0,34.333333333333336,50.8,5,5
9810,Male,23,BSc,IT,8.21,3,0,3,1,10,76,0,0,,0.0,29.0,67.10000000000001,3,3
9811,Male,21,BE,Electrical,8.1,3,1,5,10,10,67,5,1,Startup,13.07,29.0,66.0,11,11
9812,Female,20,BCA,IT,7.99,0,2,0,2,5,80,1,0,,0.0,29.0,79.9,3,3
9813,Female,22,BSc,Mechanical,7.54,3,0,2,2,6,49,1,0,,0.0,19.0,60.400000000000006,3,3
9814,Female,22,BCA,CS,9.17,3,2,5,2,4,50,2,0,,0.0,18.666666666666668,76.7,9,9
9815,Female,21,BSc,IT,8.34,0,2,1,3,7,41,4,0,,0.0,17.0,83.4,7,7
9816,Female,21,BE,Mechanical,8.86,3,3,3,6,2,41,0,0,,0.0,16.333333333333332,73.6,6,6
9817,Male,20,BTech,AI,6.0,1,1,5,3,8,85,0,0,,0.0,32.0,55.0,6,6
9818,Male,23,BTech,CS,5.71,1,1,1,7,4,56,4,0,,0.0,22.333333333333332,52.1,6,6
9819,Male,24,BTech,Electrical,5.62,0,0,3,3,6,79,1,0,,0.0,29.333333333333332,56.2,4,4
9820,Female,22,BTech,AI,6.13,3,2,2,6,10,88,2,0,,0.0,34.666666666666664,46.3,6,6
9821,Male,21,BSc,DS,8.37,1,3,3,2,1,52,2,0,,0.0,18.333333333333332,78.69999999999999,8,8
9822,Male,24,BTech,DS,7.62,2,0,2,2,2,77,2,0,,0.0,27.0,66.2,4,4
9823,Female,24,BTech,CS,8.73,0,0,1,3,4,41,3,0,,0.0,16.0,87.30000000000001,4,4
9824,Female,24,BSc,IT,6.32,0,0,1,8,10,96,5,0,,0.0,38.0,63.2,6,6
9825,Male,23,BSc,CS,7.08,1,1,5,9,9,91,3,1,Service,6.41,36.333333333333336,65.8,9,9
9826,Male,21,BE,IT,9.32,0,2,1,2,1,65,4,0,,0.0,22.666666666666668,93.2,7,7
9827,Female,22,BSc,Electrical,9.52,3,2,2,7,1,66,2,1,Service,12.82,24.666666666666668,80.19999999999999,6,6
9828,Female,21,BCA,DS,9.46,1,3,0,1,7,92,0,0,,0.0,33.333333333333336,89.60000000000001,3,3
9829,Female,20,BE,CS,9.02,2,1,0,4,10,89,3,0,,0.0,34.333333333333336,80.19999999999999,4,4
9830,Female,22,BE,CS,8.46,3,1,3,6,8,92,3,1,Service,9.09,35.333333333333336,69.60000000000001,7,7
9831,Male,21,BTech,Electrical,9.43,2,0,1,7,7,78,4,1,Product,4.17,30.666666666666668,84.3,5,5
9832,Male,22,BTech,IT,8.57,2,3,5,3,3,76,5,0,,0.0,27.333333333333332,75.7,13,13
9833,Female,20,BCA,DS,9.6,0,0,0,3,8,72,3,0,,0.0,27.666666666666668,96.0,3,3
9834,Male,22,BTech,DS,5.61,2,3,4,5,8,96,4,0,,0.0,36.333333333333336,46.1,11,11
9835,Male,24,BSc,IT,9.46,3,3,1,3,5,57,0,0,,0.0,21.666666666666668,79.60000000000001,4,4
9836,Female,23,BSc,Electrical,7.89,1,1,5,9,8,68,4,1,Product,6.46,28.333333333333332,73.89999999999999,10,10
9837,Male,20,BTech,IT,5.98,1,1,4,2,2,43,2,0,,0.0,15.666666666666666,54.800000000000004,7,7
9838,Male,22,BTech,Electrical,6.42,2,2,5,10,9,87,3,0,,0.0,35.333333333333336,54.2,10,10
9839,Male,20,BSc,IT,9.16,2,2,0,7,5,69,1,1,Service,8.81,27.0,81.6,3,3
9840,Female,24,BE,DS,7.68,1,2,2,7,3,77,4,1,Startup,6.29,29.0,71.8,8,8
9841,Female,23,BCA,DS,9.73,2,1,4,3,6,56,0,0,,0.0,21.666666666666668,87.30000000000001,5,5
9842,Male,20,BCA,CS,6.01,3,0,5,8,6,96,2,0,,0.0,36.666666666666664,45.099999999999994,7,7
9843,Female,24,BE,Electrical,7.27,2,3,4,3,3,87,4,0,,0.0,31.0,62.69999999999999,11,11
9844,Female,24,BCA,DS,6.93,2,3,1,5,7,96,2,1,Service,11.4,36.0,59.3,6,6
9845,Female,24,BTech,Electrical,7.72,3,2,3,1,8,79,0,0,,0.0,29.333333333333332,62.2,5,5
9846,Male,22,BTech,Electrical,8.22,1,3,2,10,2,96,2,1,Product,6.47,36.0,77.2,7,7
9847,Male,21,BTech,AI,8.35,1,3,1,4,1,52,0,0,,0.0,19.0,78.5,4,4
9848,Female,20,BCA,AI,5.51,2,1,5,2,10,59,3,0,,0.0,23.666666666666668,45.099999999999994,9,9
9849,Male,21,BE,IT,5.88,1,1,1,5,9,96,2,0,,0.0,36.666666666666664,53.8,4,4
9850,Male,24,BTech,Electrical,5.65,3,3,0,4,10,75,1,0,,0.0,29.666666666666668,41.5,4,4
9851,Male,21,BE,IT,9.22,2,0,3,4,2,44,1,0,,0.0,16.666666666666668,82.2,4,4
9852,Male,24,BSc,IT,6.85,2,2,5,4,8,93,1,0,,0.0,35.0,58.5,8,8
9853,Male,24,BSc,CS,7.08,2,3,3,5,2,66,4,1,Service,13.9,24.333333333333332,60.8,10,10
9854,Female,23,BSc,AI,7.44,0,3,2,9,10,62,3,1,Product,7.81,27.0,74.4,8,8
9855,Male,23,BCA,AI,9.15,0,2,2,9,3,50,3,0,,0.0,20.666666666666668,91.5,7,7
9856,Male,21,BCA,DS,5.56,3,1,3,4,5,74,0,0,,0.0,27.666666666666668,40.599999999999994,4,4
9857,Male,20,BTech,AI,6.01,2,2,4,9,2,57,0,0,,0.0,22.666666666666668,50.099999999999994,6,6
9858,Female,21,BSc,DS,8.45,3,0,5,8,9,83,4,1,Product,13.35,33.333333333333336,69.5,9,9
9859,Female,20,BE,Electrical,9.64,0,3,4,5,3,92,5,1,Product,10.56,33.333333333333336,96.4,12,12
9860,Female,21,BCA,CS,8.26,2,3,1,8,7,97,5,1,Startup,9.67,37.333333333333336,72.6,9,9
9861,Male,22,BE,IT,6.62,0,3,5,7,2,42,2,0,,0.0,17.0,66.2,10,10
9862,Female,22,BE,IT,7.74,2,2,3,2,2,70,4,0,,0.0,24.666666666666668,67.4,9,9
9863,Female,20,BTech,Electrical,9.69,3,0,1,10,7,82,1,1,Service,10.27,33.0,81.89999999999999,2,2
9864,Female,23,BTech,DS,7.77,3,3,4,8,1,54,3,0,,0.0,21.0,62.69999999999999,10,10
9865,Female,20,BE,Mechanical,7.11,3,1,2,9,3,74,0,1,Service,11.02,28.666666666666668,56.10000000000001,3,3
9866,Male,21,BE,Electrical,7.15,0,0,5,2,2,78,5,0,,0.0,27.333333333333332,71.5,10,10
9867,Female,24,BE,DS,9.66,3,0,3,2,4,45,5,0,,0.0,17.0,81.6,8,8
9868,Female,22,BE,Electrical,8.59,1,0,0,10,4,68,0,1,Service,14.83,27.333333333333332,80.9,0,0
9869,Male,24,BSc,CS,8.45,1,0,1,9,10,66,3,1,Startup,13.76,28.333333333333332,79.5,4,4
9870,Male,22,BE,Electrical,6.5,3,1,5,1,1,67,5,0,,0.0,23.0,50.0,11,11
9871,Female,21,BCA,Electrical,7.91,3,0,3,3,5,42,1,0,,0.0,16.666666666666668,64.1,4,4
9872,Male,22,BTech,AI,7.03,0,1,0,3,7,62,1,0,,0.0,24.0,70.3,2,2
9873,Female,20,BCA,DS,6.53,2,2,1,6,9,65,1,1,Product,6.8,26.666666666666668,55.3,4,4
9874,Male,24,BTech,CS,9.35,0,2,4,7,4,66,3,1,Startup,7.04,25.666666666666668,93.5,9,9
9875,Male,24,BTech,IT,7.15,0,2,1,3,6,97,4,0,,0.0,35.333333333333336,71.5,7,7
9876,Female,21,BTech,Mechanical,6.72,3,2,2,8,9,45,1,0,,0.0,20.666666666666668,52.2,5,5
9877,Male,24,BCA,Mechanical,9.51,1,1,5,2,1,72,4,0,,0.0,25.0,90.1,10,10
9878,Female,21,BTech,DS,6.35,1,3,1,3,10,53,5,0,,0.0,22.0,58.5,9,9
9879,Male,23,BE,Electrical,8.71,1,1,1,10,1,92,2,1,Product,12.11,34.333333333333336,82.10000000000001,4,4
9880,Female,20,BE,AI,8.31,0,2,5,2,8,91,0,0,,0.0,33.666666666666664,83.10000000000001,7,7
9881,Male,22,BSc,Electrical,9.46,1,3,5,2,10,42,4,0,,0.0,18.0,89.60000000000001,12,12
9882,Male,22,BSc,DS,9.08,1,3,3,6,9,58,5,0,,0.0,24.333333333333332,85.8,11,11
9883,Male,22,BSc,Mechanical,8.53,3,3,3,3,1,79,2,0,,0.0,27.666666666666668,70.3,8,8
9884,Male,23,BE,Mechanical,6.85,1,3,4,3,10,58,3,0,,0.0,23.666666666666668,63.5,10,10
9885,Male,20,BCA,Electrical,7.63,2,0,2,9,7,66,2,1,Product,14.45,27.333333333333332,66.3,4,4
9886,Female,24,BSc,Electrical,9.56,3,2,2,1,5,89,2,0,,0.0,31.666666666666668,80.60000000000001,6,6
9887,Male,24,BE,Electrical,5.6,2,2,4,9,8,76,0,0,,0.0,31.0,46.0,6,6
9888,Female,20,BTech,IT,8.92,0,2,0,2,6,97,2,0,,0.0,35.0,89.2,4,4
9889,Female,20,BCA,AI,6.58,1,1,1,2,10,90,5,0,,0.0,34.0,60.8,7,7
9890,Female,22,BCA,AI,6.3,0,2,3,5,4,81,2,0,,0.0,30.0,63.0,7,7
9891,Male,24,BE,Mechanical,6.5,0,2,5,6,3,87,0,1,Product,12.23,32.0,65.0,7,7
9892,Female,20,BE,Mechanical,5.76,1,2,5,8,3,90,3,0,,0.0,33.666666666666664,52.599999999999994,10,10
9893,Male,24,BTech,DS,9.77,3,1,4,1,1,79,1,0,,0.0,27.0,82.69999999999999,6,6
9894,Female,20,BTech,DS,9.24,0,2,5,5,2,80,4,1,Service,6.73,29.0,92.4,11,11
9895,Female,21,BTech,IT,7.74,1,2,4,10,9,41,4,0,,0.0,20.0,72.4,10,10
9896,Female,22,BCA,Mechanical,8.57,1,0,3,8,5,84,2,1,Startup,10.06,32.333333333333336,80.7,5,5
9897,Female,20,BCA,DS,7.89,2,2,3,2,7,53,1,0,,0.0,20.666666666666668,68.89999999999999,6,6
9898,Female,23,BSc,IT,8.99,0,3,5,10,4,88,1,1,Service,3.68,34.0,89.9,9,9
9899,Male,20,BSc,AI,9.13,0,1,0,9,2,95,2,1,Startup,14.54,35.333333333333336,91.30000000000001,3,3
9900,Female,21,BSc,Mechanical,6.5,1,3,2,10,5,67,4,1,Startup,13.84,27.333333333333332,60.0,9,9
9901,Female,23,BCA,CS,7.48,2,0,3,4,9,97,4,0,,0.0,36.666666666666664,64.80000000000001,7,7
9902,Male,23,BTech,Mechanical,8.23,3,2,4,7,9,49,5,0,,0.0,21.666666666666668,67.30000000000001,11,11
9903,Male,20,BSc,DS,9.71,2,1,1,1,8,77,5,0,,0.0,28.666666666666668,87.10000000000001,7,7
9904,Male,21,BTech,Mechanical,8.44,0,0,0,2,5,67,1,0,,0.0,24.666666666666668,84.39999999999999,1,1
9905,Female,23,BTech,CS,9.36,2,1,1,1,7,52,1,0,,0.0,20.0,83.6,3,3
9906,Female,22,BTech,Mechanical,9.14,0,3,5,8,1,96,2,1,Service,5.36,35.0,91.4,10,10
9907,Female,22,BSc,DS,8.0,3,0,1,1,4,67,4,0,,0.0,24.0,65.0,5,5
9908,Female,24,BSc,AI,9.34,0,1,5,9,7,84,4,1,Service,9.67,33.333333333333336,93.4,10,10
9909,Female,24,BTech,DS,7.12,3,3,5,7,3,56,2,0,,0.0,22.0,56.2,10,10
9910,Female,21,BSc,IT,7.13,3,0,2,5,4,44,2,0,,0.0,17.666666666666668,56.3,4,4
9911,Male,23,BE,DS,8.86,3,2,1,1,1,86,3,0,,0.0,29.333333333333332,73.6,6,6
9912,Male,22,BSc,IT,6.08,2,2,4,4,8,44,1,0,,0.0,18.666666666666668,50.8,7,7
9913,Female,22,BTech,Mechanical,6.82,3,3,4,3,2,58,1,0,,0.0,21.0,53.2,8,8
9914,Female,21,BTech,IT,8.12,1,2,3,7,10,73,1,1,Startup,7.96,30.0,76.19999999999999,6,6
9915,Female,23,BCA,Electrical,7.31,0,2,2,1,1,80,0,0,,0.0,27.333333333333332,73.1,4,4
9916,Female,21,BCA,Mechanical,9.55,0,0,3,10,3,82,0,1,Service,6.88,31.666666666666668,95.5,3,3
9917,Female,20,BTech,IT,9.62,0,0,1,4,3,78,5,0,,0.0,28.333333333333332,96.19999999999999,6,6
9918,Male,22,BE,DS,7.66,0,0,4,5,7,70,2,1,Product,4.39,27.333333333333332,76.6,6,6
9919,Male,21,BCA,CS,7.82,3,0,3,3,2,64,3,0,,0.0,23.0,63.2,6,6
9920,Female,21,BTech,Mechanical,8.62,2,0,4,5,7,90,0,1,Product,6.52,34.0,76.19999999999999,4,4
9921,Male,20,BCA,IT,7.47,2,0,5,4,1,40,1,0,,0.0,15.0,64.7,6,6
9922,Female,24,BCA,CS,6.32,2,2,3,5,10,89,3,0,,0.0,34.666666666666664,53.2,8,8
9923,Female,22,BTech,IT,8.71,2,0,0,9,4,61,4,1,Service,12.9,24.666666666666668,77.10000000000001,4,4
9924,Female,21,BSc,IT,8.67,0,1,2,8,8,77,2,1,Startup,11.62,31.0,86.7,5,5
9925,Male,22,BE,IT,6.55,1,1,3,8,7,87,0,1,Product,10.65,34.0,60.5,4,4
9926,Male,24,BSc,DS,9.08,1,3,1,2,5,68,5,0,,0.0,25.0,85.8,9,9
9927,Female,21,BTech,IT,8.14,2,1,4,3,7,41,3,0,,0.0,17.0,71.4,8,8
9928,Male,20,BTech,CS,6.52,0,0,4,4,9,80,0,0,,0.0,31.0,65.19999999999999,4,4
9929,Male,22,BE,Electrical,8.3,3,2,2,10,1,81,5,1,Startup,14.49,30.666666666666668,68.0,9,9
9930,Female,20,BTech,IT,6.5,2,1,5,1,2,69,0,0,,0.0,24.0,55.0,6,6
9931,Male,24,BCA,Electrical,6.64,3,0,2,9,1,56,2,0,,0.0,22.0,51.39999999999999,4,4
9932,Male,24,BE,AI,9.15,3,0,0,2,5,75,0,0,,0.0,27.333333333333332,76.5,0,0
9933,Female,22,BSc,Mechanical,9.5,3,2,5,2,3,91,2,0,,0.0,32.0,80.0,9,9
9934,Female,24,BE,DS,6.6,1,0,5,8,10,53,2,0,,0.0,23.666666666666668,61.0,7,7
9935,Male,23,BSc,AI,9.49,2,0,3,10,1,56,4,0,,0.0,22.333333333333332,84.9,7,7
9936,Female,22,BTech,AI,6.53,0,1,0,9,1,67,1,1,Product,8.97,25.666666666666668,65.3,2,2
9937,Male,23,BSc,CS,6.0,0,1,3,1,7,92,4,0,,0.0,33.333333333333336,60.0,8,8
9938,Female,24,BSc,CS,5.75,0,3,5,2,2,45,0,0,,0.0,16.333333333333332,57.5,8,8
9939,Female,22,BSc,Electrical,6.54,2,3,3,10,9,48,4,0,,0.0,22.333333333333332,55.400000000000006,10,10
9940,Female,23,BE,Electrical,7.16,1,1,2,5,7,50,3,0,,0.0,20.666666666666668,66.6,6,6
9941,Female,24,BCA,DS,9.49,3,1,2,9,10,47,4,0,,0.0,22.0,79.9,7,7
9942,Male,21,BSc,DS,6.54,0,3,3,10,1,86,4,1,Product,4.29,32.333333333333336,65.4,10,10
9943,Female,21,BE,Mechanical,7.07,1,3,5,5,1,91,4,1,Service,8.23,32.333333333333336,65.7,12,12
9944,Female,20,BE,IT,8.66,3,1,5,7,4,93,2,1,Service,5.22,34.666666666666664,71.6,8,8
9945,Female,21,BCA,DS,6.8,3,0,5,6,3,62,5,1,Service,5.1,23.666666666666668,53.0,10,10
9946,Male,23,BE,DS,8.44,1,0,5,6,6,45,1,0,,0.0,19.0,79.39999999999999,6,6
9947,Male,21,BTech,Electrical,7.36,2,2,2,2,8,60,4,0,,0.0,23.333333333333332,63.60000000000001,8,8
9948,Female,22,BTech,IT,6.34,2,1,5,10,10,56,4,0,,0.0,25.333333333333332,53.4,10,10
9949,Female,22,BTech,Mechanical,8.66,1,1,5,8,7,78,1,1,Startup,11.75,31.0,81.6,7,7
9950,Female,22,BCA,CS,5.62,3,1,3,6,1,50,5,0,,0.0,19.0,41.2,9,9
9951,Female,21,BE,Mechanical,6.76,0,1,2,4,6,78,4,0,,0.0,29.333333333333332,67.6,7,7
9952,Female,21,BTech,IT,7.03,0,1,1,7,9,44,1,0,,0.0,20.0,70.3,3,3
9953,Female,20,BSc,CS,7.47,2,3,3,9,9,70,5,1,Service,10.07,29.333333333333332,64.7,11,11
9954,Male,24,BE,CS,8.42,0,3,5,7,2,55,4,0,,0.0,21.333333333333332,84.2,12,12
9955,Female,20,BTech,CS,7.48,3,0,4,6,8,51,4,0,,0.0,21.666666666666668,59.80000000000001,8,8
9956,Female,23,BE,Mechanical,8.06,1,0,1,2,4,69,5,0,,0.0,25.0,75.60000000000001,6,6
9957,Female,22,BTech,Electrical,8.06,3,1,0,3,3,64,3,0,,0.0,23.333333333333332,65.60000000000001,4,4
9958,Female,21,BSc,IT,7.11,0,3,5,7,7,51,3,0,,0.0,21.666666666666668,71.10000000000001,11,11
9959,Female,24,BE,Mechanical,9.52,3,0,2,1,5,42,3,0,,0.0,16.0,80.19999999999999,5,5
9960,Female,24,BTech,Mechanical,9.61,2,1,0,1,6,56,2,0,,0.0,21.0,86.1,3,3
9961,Male,21,BTech,AI,8.0,1,2,4,3,4,92,0,0,,0.0,33.0,75.0,6,6
9962,Male,20,BSc,DS,5.81,1,1,2,5,9,43,3,0,,0.0,19.0,53.099999999999994,6,6
9963,Male,24,BSc,Mechanical,7.61,0,2,0,3,3,45,0,0,,0.0,17.0,76.10000000000001,2,2
9964,Male,20,BTech,AI,6.29,0,2,1,9,5,89,1,0,,0.0,34.333333333333336,62.9,4,4
9965,Male,21,BTech,Electrical,7.58,3,1,0,7,2,87,0,1,Product,3.52,32.0,60.8,1,1
9966,Male,20,BCA,Electrical,6.31,3,1,2,2,4,54,1,0,,0.0,20.0,48.099999999999994,4,4
9967,Female,22,BCA,IT,8.53,1,1,1,10,7,71,0,1,Startup,11.05,29.333333333333332,80.3,2,2
9968,Female,21,BE,AI,5.85,2,1,4,10,10,60,1,0,,0.0,26.666666666666668,48.5,6,6
9969,Female,21,BE,Mechanical,9.6,2,0,5,3,5,95,3,0,,0.0,34.333333333333336,86.0,8,8
9970,Female,24,BCA,IT,6.34,0,0,0,3,6,95,3,0,,0.0,34.666666666666664,63.4,3,3
9971,Female,24,BTech,AI,8.34,2,2,3,9,5,99,5,1,Service,4.2,37.666666666666664,73.4,10,10
9972,Female,24,BSc,Mechanical,9.44,1,1,2,7,7,41,3,0,,0.0,18.333333333333332,89.39999999999999,6,6
9973,Male,22,BE,IT,6.57,2,0,3,3,9,85,1,0,,0.0,32.333333333333336,55.7,4,4
9974,Female,22,BTech,IT,9.52,1,0,3,1,7,87,2,0,,0.0,31.666666666666668,90.19999999999999,5,5
9975,Male,23,BSc,DS,7.17,0,3,0,4,3,42,0,0,,0.0,16.333333333333332,71.7,3,3
9976,Male,21,BSc,Electrical,9.63,3,3,3,5,7,64,1,1,Startup,13.5,25.333333333333332,81.30000000000001,7,7
9977,Female,24,BTech,Mechanical,9.68,2,0,5,9,3,66,3,1,Startup,6.75,26.0,86.8,8,8
9978,Female,21,BTech,DS,6.31,1,2,1,4,4,66,0,0,,0.0,24.666666666666668,58.099999999999994,3,3
9979,Female,20,BE,IT,9.07,0,0,5,10,6,62,3,1,Startup,11.04,26.0,90.7,8,8
9980,Female,22,BCA,IT,6.33,1,1,4,2,7,48,2,0,,0.0,19.0,58.3,7,7
9981,Female,23,BTech,AI,6.47,2,0,4,1,8,75,4,0,,0.0,28.0,54.7,8,8
9982,Female,20,BCA,DS,5.86,1,3,3,5,9,50,5,0,,0.0,21.333333333333332,53.6,11,11
9983,Female,21,BE,CS,6.17,0,3,2,3,1,78,3,0,,0.0,27.333333333333332,61.7,8,8
9984,Male,22,BCA,Mechanical,8.22,0,1,3,9,4,46,4,0,,0.0,19.666666666666668,82.2,8,8
9985,Female,24,BCA,Electrical,7.43,3,0,2,3,3,52,2,0,,0.0,19.333333333333332,59.3,4,4
9986,Female,20,BSc,DS,8.9,3,1,5,3,6,46,4,0,,0.0,18.333333333333332,74.0,10,10
9987,Male,22,BE,IT,6.93,2,2,4,2,6,81,3,0,,0.0,29.666666666666668,59.3,9,9
9988,Female,21,BTech,AI,9.67,0,3,1,3,8,86,5,0,,0.0,32.333333333333336,96.7,9,9
9989,Female,21,BCA,Mechanical,5.71,2,0,2,9,4,82,2,0,,0.0,31.666666666666668,47.1,4,4
9990,Male,20,BE,Electrical,5.77,0,0,4,7,4,52,0,0,,0.0,21.0,57.699999999999996,4,4
9991,Female,20,BSc,Mechanical,8.52,2,2,0,2,1,92,4,0,,0.0,31.666666666666668,75.19999999999999,6,6
9992,Female,20,BSc,AI,9.32,0,2,3,3,3,45,4,0,,0.0,17.0,93.2,9,9
9993,Female,23,BCA,IT,8.92,2,3,5,8,3,43,1,0,,0.0,18.0,79.2,9,9
9994,Female,24,BCA,Electrical,7.61,1,2,2,10,8,82,3,1,Product,4.79,33.333333333333336,71.10000000000001,7,7
9995,Female,22,BTech,CS,6.66,3,3,1,8,8,64,3,1,Service,3.31,26.666666666666668,51.599999999999994,7,7
9996,Female,21,BE,AI,5.56,1,3,3,10,8,59,4,0,,0.0,25.666666666666668,50.599999999999994,10,10
9997,Male,21,BTech,CS,7.69,3,1,5,1,9,48,4,0,,0.0,19.333333333333332,61.900000000000006,10,10
9998,Female,24,BTech,DS,7.55,2,1,5,1,8,64,4,0,,0.0,24.333333333333332,65.5,10,10
9999,Female,20,BSc,Mechanical,6.98,0,3,5,8,6,76,3,1,Startup,5.68,30.0,69.80000000000001,11,11
10000,Male,20,BE,Electrical,7.99,0,0,4,8,5,48,1,0,,0.0,20.333333333333332,79.9,5,5
10001,Male,21,BTech,IT,8.63,2,1,5,2,4,80,4,0,,0.0,28.666666666666668,76.30000000000001,10,10
10002,Female,24,BSc,CS,8.51,0,0,4,8,3,83,3,1,Service,3.69,31.333333333333332,85.1,7,7
10003,Male,21,BCA,IT,6.63,2,2,4,1,7,58,3,0,,0.0,22.0,56.3,9,9
10004,Female,20,BTech,DS,8.02,1,0,2,5,9,51,1,0,,0.0,21.666666666666668,75.19999999999999,3,3
10005,Female,22,BCA,CS,6.14,2,2,5,10,1,74,5,0,,0.0,28.333333333333332,51.4,12,12
10006,Male,20,BE,IT,6.02,0,3,0,5,2,43,5,0,,0.0,16.666666666666668,60.199999999999996,8,8
10007,Female,22,BTech,IT,8.88,0,3,0,8,8,95,1,1,Startup,11.65,37.0,88.80000000000001,4,4
10008,Female,23,BCA,DS,8.48,2,3,4,8,4,58,1,0,,0.0,23.333333333333332,74.80000000000001,8,8
10009,Male,24,BCA,AI,8.8,2,2,3,10,8,89,0,1,Service,14.65,35.666666666666664,78.0,5,5
10010,Male,23,BE,Electrical,6.16,2,0,1,4,6,83,0,0,,0.0,31.0,51.6,1,1
10011,Male,20,BSc,DS,9.43,2,1,3,2,1,85,5,0,,0.0,29.333333333333332,84.3,9,9
10012,Male,24,BSc,CS,6.07,3,1,2,6,6,45,4,0,,0.0,19.0,45.7,7,7
10013,Female,20,BTech,CS,9.24,3,0,0,4,1,70,3,0,,0.0,25.0,77.4,3,3
10014,Male,24,BCA,Mechanical,7.02,1,1,1,2,8,86,1,0,,0.0,32.0,65.19999999999999,3,3
10015,Male,24,BSc,IT,5.95,3,2,4,9,1,90,0,0,,0.0,33.333333333333336,44.5,6,6
10016,Male,20,BTech,Electrical,6.73,0,2,4,9,5,71,4,1,Startup,7.88,28.333333333333332,67.30000000000001,10,10
10017,Male,20,BCA,CS,6.28,3,1,2,7,10,48,3,0,,0.0,21.666666666666668,47.800000000000004,6,6
10018,Male,24,BTech,AI,7.61,3,1,2,2,6,97,1,0,,0.0,35.0,61.10000000000001,4,4
10019,Female,24,BE,AI,9.58,0,2,5,3,8,96,0,0,,0.0,35.666666666666664,95.8,7,7
10020,Male,20,BTech,DS,6.91,3,0,2,9,4,87,0,1,Product,13.83,33.333333333333336,54.099999999999994,2,2
10021,Female,20,BE,CS,8.13,2,1,2,8,3,65,3,1,Product,14.42,25.333333333333332,71.30000000000001,6,6
10022,Male,21,BCA,Electrical,9.33,3,1,4,10,5,45,5,0,,0.0,20.0,78.3,10,10
10023,Male,21,BCA,Electrical,8.21,3,3,4,2,8,76,0,0,,0.0,28.666666666666668,67.10000000000001,7,7
10024,Male,21,BCA,CS,7.06,3,3,2,5,8,82,3,1,Service,7.89,31.666666666666668,55.599999999999994,8,8
10025,Male,23,BTech,Mechanical,9.76,2,0,4,2,5,73,1,0,,0.0,26.666666666666668,87.6,5,5
10026,Male,24,BCA,Mechanical,6.31,2,2,2,1,9,79,3,0,,0.0,29.666666666666668,53.099999999999994,7,7
10027,Male,22,BCA,Mechanical,7.75,1,0,1,9,2,90,1,1,Startup,7.75,33.666666666666664,72.5,2,2
10028,Male,23,BE,CS,8.93,1,0,2,7,4,60,5,1,Product,11.85,23.666666666666668,84.3,7,7
10029,Male,24,BCA,DS,5.5,2,0,5,4,1,81,2,0,,0.0,28.666666666666668,45.0,7,7
10030,Female,22,BCA,Electrical,8.52,0,1,2,3,8,66,5,0,,0.0,25.666666666666668,85.19999999999999,8,8
10031,Male,21,BCA,DS,6.65,1,2,1,3,2,91,0,0,,0.0,32.0,61.5,3,3
10032,Female,22,BSc,DS,6.23,3,2,0,7,8,58,2,0,,0.0,24.333333333333332,47.300000000000004,4,4
10033,Male,20,BCA,DS,6.68,3,1,3,10,8,66,3,1,Service,11.91,28.0,51.8,7,7
10034,Female,20,BTech,AI,9.66,3,0,2,9,8,42,5,0,,0.0,19.666666666666668,81.6,7,7
10035,Male,24,BE,CS,9.34,0,3,1,7,6,64,1,1,Service,8.28,25.666666666666668,93.4,5,5
10036,Male,23,BCA,IT,6.42,1,1,1,2,8,73,0,0,,0.0,27.666666666666668,59.2,2,2
10037,Male,21,BTech,CS,6.0,2,0,4,6,4,90,4,0,,0.0,33.333333333333336,50.0,8,8
10038,Female,24,BE,DS,7.07,2,0,5,8,6,60,0,1,Product,3.55,24.666666666666668,60.7,5,5
10039,Female,21,BE,AI,8.05,0,0,2,7,2,50,4,0,,0.0,19.666666666666668,80.5,6,6
10040,Female,20,BTech,AI,9.23,2,0,5,2,7,66,0,0,,0.0,25.0,82.30000000000001,5,5
10041,Female,23,BTech,CS,9.65,0,3,1,7,1,67,1,1,Product,3.58,25.0,96.5,5,5
10042,Male,23,BSc,IT,8.73,2,3,5,9,9,43,3,0,,0.0,20.333333333333332,77.30000000000001,11,11
10043,Male,20,BSc,DS,8.08,2,1,0,3,10,83,1,0,,0.0,32.0,70.8,2,2
10044,Male,22,BCA,AI,6.11,0,0,0,3,2,80,0,0,,0.0,28.333333333333332,61.1,0,0
10045,Female,23,BSc,DS,5.82,2,1,3,5,7,92,4,0,,0.0,34.666666666666664,48.2,8,8
10046,Male,22,BTech,DS,8.06,1,0,4,9,6,87,1,1,Product,5.94,34.0,75.60000000000001,5,5
10047,Female,21,BSc,Electrical,7.82,2,3,5,1,2,65,1,0,,0.0,22.666666666666668,68.2,9,9
10048,Female,23,BE,DS,9.14,3,1,4,7,6,60,4,1,Product,5.42,24.333333333333332,76.4,9,9
10049,Female,20,BTech,Mechanical,6.89,0,2,4,7,3,78,2,1,Service,7.54,29.333333333333332,68.89999999999999,8,8
10050,Female,22,BCA,Electrical,5.67,2,1,2,4,1,43,0,0,,0.0,16.0,46.7,3,3
10051,Female,21,BE,DS,7.32,1,2,5,6,9,76,1,1,Service,12.95,30.333333333333332,68.2,8,8
10052,Male,21,BE,DS,9.67,2,1,0,1,7,88,1,0,,0.0,32.0,86.7,2,2
10053,Female,23,BE,IT,8.92,2,3,2,10,9,94,0,1,Startup,4.9,37.666666666666664,79.2,5,5
10054,Female,23,BTech,Electrical,5.65,3,2,1,4,10,82,4,0,,0.0,32.0,41.5,7,7
10055,Male,24,BTech,Electrical,9.26,1,3,3,3,4,43,0,0,,0.0,16.666666666666668,87.6,6,6
10056,Female,24,BCA,IT,7.53,2,1,5,5,7,89,3,1,Product,12.8,33.666666666666664,65.3,9,9
10057,Female,23,BSc,Mechanical,7.07,2,3,3,8,2,62,3,1,Product,8.45,24.0,60.7,9,9
10058,Male,24,BSc,Electrical,6.99,3,0,2,5,1,95,5,1,Startup,11.84,33.666666666666664,54.900000000000006,7,7
10059,Male,20,BSc,Mechanical,8.06,0,2,5,1,8,48,1,0,,0.0,19.0,80.60000000000001,8,8
10060,Male,20,BSc,DS,7.78,0,0,3,2,7,79,3,0,,0.0,29.333333333333332,77.8,6,6
10061,Female,24,BE,AI,8.32,0,2,2,2,5,63,0,0,,0.0,23.333333333333332,83.2,4,4
10062,Male,23,BTech,AI,7.97,3,3,4,9,10,95,1,1,Startup,10.23,38.0,64.7,8,8
10063,Male,20,BSc,CS,6.12,0,3,1,10,4,68,3,0,,0.0,27.333333333333332,61.2,7,7
10064,Male,21,BE,AI,6.61,1,0,4,7,2,46,4,0,,0.0,18.333333333333332,61.10000000000001,8,8
10065,Female,23,BTech,AI,9.12,0,0,3,4,6,57,3,0,,0.0,22.333333333333332,91.19999999999999,6,6
10066,Male,22,BTech,IT,8.35,0,1,1,9,5,41,4,0,,0.0,18.333333333333332,83.5,6,6
10067,Female,22,BTech,CS,7.43,2,0,0,9,10,67,3,1,Product,10.83,28.666666666666668,64.3,3,3
10068,Female,23,BE,CS,6.29,1,2,2,7,9,82,4,0,,0.0,32.666666666666664,57.9,8,8
10069,Male,24,BSc,IT,5.53,3,2,1,9,10,80,0,0,,0.0,33.0,40.300000000000004,3,3
10070,Female,20,BTech,AI,6.84,1,2,5,9,2,68,0,1,Product,4.13,26.333333333333332,63.400000000000006,7,7
10071,Female,20,BE,AI,5.74,0,1,2,7,5,84,2,0,,0.0,32.0,57.400000000000006,5,5
10072,Male,23,BTech,CS,7.57,2,1,1,5,3,56,0,0,,0.0,21.333333333333332,65.7,2,2
10073,Female,21,BCA,AI,9.03,3,2,3,9,5,70,3,1,Startup,7.28,28.0,75.3,8,8
10074,Male,24,BCA,CS,6.73,1,0,4,3,5,56,5,0,,0.0,21.333333333333332,62.30000000000001,9,9
10075,Female,21,BE,AI,9.15,1,3,5,4,5,70,1,0,,0.0,26.333333333333332,86.5,9,9
10076,Female,23,BSc,DS,8.53,0,1,3,6,8,62,4,1,Product,7.71,25.333333333333332,85.3,8,8
10077,Male,23,BSc,IT,6.04,0,0,5,7,5,49,0,0,,0.0,20.333333333333332,60.4,5,5
10078,Male,21,BTech,Electrical,8.27,3,1,5,10,6,45,1,0,,0.0,20.333333333333332,67.69999999999999,7,7
10079,Female,22,BSc,Mechanical,6.15,0,1,0,8,1,77,5,0,,0.0,28.666666666666668,61.5,6,6
10080,Female,23,BSc,DS,8.32,2,3,5,4,4,95,4,0,,0.0,34.333333333333336,73.2,12,12
10081,Male,24,BCA,AI,6.11,3,1,3,9,2,86,4,0,,0.0,32.333333333333336,46.1,8,8
10082,Female,21,BE,Mechanical,7.19,0,1,1,3,2,66,4,0,,0.0,23.666666666666668,71.9,6,6
10083,Female,22,BCA,Electrical,7.94,3,3,0,3,1,50,0,0,,0.0,18.0,64.4,3,3
10084,Female,21,BE,DS,5.72,1,2,1,5,6,59,4,0,,0.0,23.333333333333332,52.199999999999996,7,7
10085,Female,22,BTech,Electrical,6.16,3,1,4,2,3,85,2,0,,0.0,30.0,46.6,7,7
10086,Male,22,BCA,IT,6.88,1,1,5,1,2,44,5,0,,0.0,15.666666666666666,63.8,11,11
10087,Male,24,BE,Mechanical,7.49,3,2,2,9,8,71,5,1,Startup,13.52,29.333333333333332,59.900000000000006,9,9
10088,Male,23,BSc,Electrical,9.19,0,2,4,8,5,44,0,0,,0.0,19.0,91.89999999999999,6,6
10089,Male,22,BE,Mechanical,6.31,1,2,4,3,10,61,5,0,,0.0,24.666666666666668,58.099999999999994,11,11
10090,Male,23,BSc,IT,6.99,3,2,5,5,1,40,1,0,,0.0,15.333333333333334,54.900000000000006,8,8
10091,Male,24,BTech,Electrical,7.55,2,0,4,8,1,59,2,0,,0.0,22.666666666666668,65.5,6,6
10092,Female,23,BSc,DS,6.77,0,2,1,2,2,90,2,0,,0.0,31.333333333333332,67.69999999999999,5,5
10093,Male,20,BE,Mechanical,8.19,3,2,2,7,3,54,0,0,,0.0,21.333333333333332,66.89999999999999,4,4
10094,Female,22,BCA,Electrical,6.6,3,2,1,9,2,50,5,0,,0.0,20.333333333333332,51.0,8,8
10095,Female,24,BE,IT,8.82,1,0,0,4,2,71,4,0,,0.0,25.666666666666668,83.2,4,4
10096,Female,21,BCA,Electrical,7.67,1,3,5,2,5,98,2,0,,0.0,35.0,71.7,10,10
10097,Male,24,BE,Electrical,5.87,0,2,1,9,7,94,3,0,,0.0,36.666666666666664,58.7,6,6
10098,Female,22,BE,DS,8.2,1,0,4,10,1,67,1,1,Product,12.81,26.0,77.0,5,5
10099,Male,24,BTech,AI,7.95,3,1,3,1,1,67,3,0,,0.0,23.0,64.5,7,7
10100,Female,21,BSc,CS,6.96,3,3,3,6,2,56,0,0,,0.0,21.333333333333332,54.599999999999994,6,6
10101,Female,20,BE,AI,5.55,1,0,1,8,2,73,2,0,,0.0,27.666666666666668,50.5,3,3
10102,Male,22,BCA,AI,6.36,0,2,4,2,1,99,4,0,,0.0,34.0,63.6,10,10
10103,Female,22,BSc,CS,7.24,2,3,4,10,9,98,5,1,Service,7.46,39.0,62.400000000000006,12,12
10104,Female,24,BTech,Electrical,6.36,3,0,3,7,10,99,4,0,,0.0,38.666666666666664,48.6,7,7
10105,Female,23,BSc,AI,7.98,3,0,2,7,7,63,2,1,Startup,4.73,25.666666666666668,64.80000000000001,4,4
10106,Female,23,BE,AI,8.56,1,0,2,3,10,41,2,0,,0.0,18.0,80.60000000000001,4,4
10107,Male,21,BCA,IT,9.18,2,0,4,10,7,99,4,1,Service,10.94,38.666666666666664,81.8,8,8
10108,Female,20,BCA,IT,8.28,3,0,0,4,6,66,1,0,,0.0,25.333333333333332,67.8,1,1
10109,Female,20,BSc,DS,8.46,2,0,0,8,6,48,0,0,,0.0,20.666666666666668,74.60000000000001,0,0
10110,Male,24,BCA,Mechanical,8.12,2,0,0,6,6,91,1,1,Service,4.54,34.333333333333336,71.19999999999999,1,1
10111,Female,24,BE,Electrical,9.74,3,0,5,2,2,58,4,0,,0.0,20.666666666666668,82.4,9,9
10112,Female,23,BCA,DS,6.62,2,1,0,6,10,75,0,1,Service,7.52,30.333333333333332,56.2,1,1
10113,Female,20,BCA,IT,6.64,2,1,0,7,7,96,0,1,Product,4.11,36.666666666666664,56.39999999999999,1,1
10114,Female,20,BCA,IT,6.04,1,2,3,8,4,94,4,0,,0.0,35.333333333333336,55.4,9,9
10115,Male,20,BE,CS,7.59,1,2,4,8,2,68,4,1,Service,11.85,26.0,70.9,10,10
10116,Female,21,BTech,CS,5.91,2,2,1,8,9,50,2,0,,0.0,22.333333333333332,49.1,5,5
10117,Male,21,BCA,IT,6.66,0,2,3,8,7,71,2,1,Service,14.22,28.666666666666668,66.6,7,7
10118,Female,24,BTech,AI,7.58,2,2,3,6,6,66,2,1,Product,11.53,26.0,65.8,7,7
10119,Female,23,BSc,DS,9.62,3,2,5,1,5,91,4,0,,0.0,32.333333333333336,81.19999999999999,11,11
10120,Female,22,BSc,IT,9.64,0,1,4,4,10,78,1,0,,0.0,30.666666666666668,96.4,6,6
10121,Male,23,BE,Electrical,8.7,1,1,2,2,3,63,0,0,,0.0,22.666666666666668,82.0,3,3
10122,Female,21,BE,IT,7.17,0,1,3,10,1,66,5,1,Product,12.17,25.666666666666668,71.7,9,9
10123,Female,21,BE,CS,9.22,1,0,3,7,5,66,1,1,Service,7.74,26.0,87.2,4,4
10124,Male,24,BE,DS,9.26,0,0,5,1,4,79,3,0,,0.0,28.0,92.6,8,8
10125,Male,22,BTech,DS,9.41,2,2,1,5,9,71,1,1,Product,5.56,28.333333333333332,84.1,4,4
10126,Male,20,BE,Mechanical,8.25,1,3,0,10,6,84,3,1,Product,5.47,33.333333333333336,77.5,6,6
10127,Male,22,BTech,IT,6.37,3,1,3,8,7,83,3,0,,0.0,32.666666666666664,48.7,7,7
10128,Female,22,BCA,Mechanical,5.89,0,3,0,4,3,61,0,0,,0.0,22.666666666666668,58.9,3,3
10129,Female,22,BCA,CS,9.43,2,2,4,7,7,98,0,1,Startup,9.68,37.333333333333336,84.3,6,6
10130,Female,24,BSc,Mechanical,5.74,0,1,3,5,9,98,5,0,,0.0,37.333333333333336,57.400000000000006,9,9
10131,Female,21,BSc,AI,6.77,0,3,1,1,9,88,3,0,,0.0,32.666666666666664,67.69999999999999,7,7
10132,Male,20,BTech,IT,7.59,3,1,1,2,9,81,4,0,,0.0,30.666666666666668,60.900000000000006,6,6
10133,Female,22,BE,IT,5.59,0,3,4,5,1,71,3,0,,0.0,25.666666666666668,55.9,10,10
10134,Female,20,BSc,DS,9.4,3,2,0,7,1,98,2,1,Product,4.88,35.333333333333336,79.0,4,4
10135,Female,22,BTech,Mechanical,6.73,1,2,2,7,2,98,0,1,Service,9.24,35.666666666666664,62.30000000000001,4,4
10136,Female,21,BSc,DS,5.62,3,0,4,9,8,87,1,0,,0.0,34.666666666666664,41.2,5,5
10137,Male,20,BE,Electrical,9.77,3,3,2,3,8,85,0,0,,0.0,32.0,82.69999999999999,5,5
10138,Female,23,BTech,Mechanical,6.84,1,1,1,4,1,74,4,0,,0.0,26.333333333333332,63.400000000000006,6,6
10139,Female,21,BSc,Mechanical,9.27,3,3,1,3,6,93,2,0,,0.0,34.0,77.69999999999999,6,6
10140,Female,20,BE,CS,7.45,2,0,3,8,10,40,5,0,,0.0,19.333333333333332,64.5,8,8
10141,Male,22,BTech,Mechanical,8.35,0,0,1,9,3,92,4,1,Service,3.54,34.666666666666664,83.5,5,5
10142,Male,22,BTech,DS,6.54,3,0,0,8,1,73,1,1,Product,14.07,27.333333333333332,50.400000000000006,1,1
10143,Female,21,BTech,Electrical,7.66,0,0,1,2,5,40,0,0,,0.0,15.666666666666666,76.6,1,1
10144,Female,21,BCA,Mechanical,6.61,3,1,5,10,2,81,1,1,Product,3.49,31.0,51.10000000000001,7,7
10145,Female,22,BTech,Mechanical,9.59,1,1,3,1,6,99,2,0,,0.0,35.333333333333336,90.9,6,6
10146,Male,20,BSc,IT,5.76,1,0,4,5,4,74,1,0,,0.0,27.666666666666668,52.599999999999994,5,5
10147,Female,23,BTech,IT,6.68,0,1,5,2,8,68,3,0,,0.0,26.0,66.8,9,9
10148,Female,24,BTech,Electrical,9.34,0,0,3,3,1,57,2,0,,0.0,20.333333333333332,93.4,5,5
10149,Female,21,BTech,IT,7.56,0,2,4,9,7,45,4,0,,0.0,20.333333333333332,75.6,10,10
10150,Male,22,BTech,AI,8.08,1,0,3,3,10,45,4,0,,0.0,19.333333333333332,75.8,7,7
10151,Female,20,BTech,IT,8.3,0,2,1,1,6,66,5,0,,0.0,24.333333333333332,83.0,8,8
10152,Female,21,BCA,AI,5.8,3,0,2,9,9,78,1,0,,0.0,32.0,43.0,3,3
10153,Male,20,BE,Electrical,5.58,3,0,5,2,4,94,2,0,,0.0,33.333333333333336,40.8,7,7
10154,Male,21,BCA,AI,9.53,0,1,0,10,6,92,1,1,Product,8.15,36.0,95.3,2,2
10155,Female,22,BSc,Electrical,6.67,1,2,2,6,7,58,3,0,,0.0,23.666666666666668,61.7,7,7
10156,Male,20,BE,DS,7.14,3,1,0,7,8,77,2,1,Service,5.02,30.666666666666668,56.39999999999999,3,3
10157,Female,22,BSc,IT,8.43,1,0,1,9,10,42,0,0,,0.0,20.333333333333332,79.3,1,1
10158,Male,20,BTech,Mechanical,6.52,1,2,5,8,7,92,4,1,Startup,5.22,35.666666666666664,60.19999999999999,11,11
10159,Male,21,BSc,CS,8.65,1,0,3,6,7,90,1,1,Product,13.95,34.333333333333336,81.5,4,4
10160,Female,24,BCA,Mechanical,7.47,0,2,3,4,6,77,3,0,,0.0,29.0,74.7,8,8
10161,Female,24,BCA,IT,9.18,1,3,4,4,6,59,4,0,,0.0,23.0,86.8,11,11
10162,Female,23,BTech,Mechanical,6.7,1,2,2,4,1,96,2,0,,0.0,33.666666666666664,62.0,6,6
10163,Male,23,BTech,IT,6.38,0,3,0,10,9,41,5,0,,0.0,20.0,63.8,8,8
10164,Female,22,BE,IT,9.08,2,0,3,2,8,46,4,0,,0.0,18.666666666666668,80.8,7,7
10165,Female,20,BCA,Mechanical,6.9,3,0,1,7,9,44,4,0,,0.0,20.0,54.0,5,5
10166,Female,23,BCA,AI,7.27,0,1,3,1,1,64,0,0,,0.0,22.0,72.69999999999999,4,4
10167,Female,21,BE,DS,8.91,3,3,4,5,6,81,0,1,Startup,11.15,30.666666666666668,74.1,7,7
10168,Female,24,BCA,DS,8.23,0,1,5,4,6,92,3,0,,0.0,34.0,82.30000000000001,9,9
10169,Male,20,BE,DS,7.4,0,3,3,2,9,52,3,0,,0.0,21.0,74.0,9,9
10170,Female,24,BCA,DS,6.57,0,0,1,9,2,51,5,0,,0.0,20.666666666666668,65.7,6,6
10171,Female,20,BSc,CS,8.79,3,1,3,1,1,44,1,0,,0.0,15.333333333333334,72.89999999999999,5,5
10172,Male,23,BSc,Electrical,6.28,0,3,0,4,2,51,5,0,,0.0,19.0,62.800000000000004,8,8
10173,Female,23,BE,IT,9.49,0,1,0,6,6,57,0,0,,0.0,23.0,94.9,1,1
10174,Female,22,BE,CS,6.15,0,0,3,4,7,42,5,0,,0.0,17.666666666666668,61.5,8,8
10175,Female,20,BTech,DS,8.96,3,3,1,10,7,93,2,1,Startup,3.39,36.666666666666664,74.60000000000001,6,6
10176,Female,21,BCA,DS,7.32,2,2,5,10,3,43,5,0,,0.0,18.666666666666668,63.2,12,12
10177,Female,23,BSc,Mechanical,6.3,0,3,1,4,4,82,1,0,,0.0,30.0,63.0,5,5
10178,Male,22,BTech,DS,7.23,0,0,3,2,3,58,2,0,,0.0,21.0,72.30000000000001,5,5
10179,Male,23,BCA,IT,6.45,0,3,1,10,9,60,0,0,,0.0,26.333333333333332,64.5,4,4
10180,Male,24,BSc,DS,6.08,0,1,0,9,3,64,2,0,,0.0,25.333333333333332,60.8,3,3
10181,Female,23,BCA,DS,6.53,0,0,0,9,10,42,2,0,,0.0,20.333333333333332,65.3,2,2
10182,Male,20,BE,CS,9.23,2,0,0,1,6,46,0,0,,0.0,17.666666666666668,82.30000000000001,0,0
10183,Female,22,BSc,IT,5.96,1,2,4,1,6,48,0,0,,0.0,18.333333333333332,54.6,6,6
10184,Female,20,BSc,AI,9.68,1,2,5,8,5,43,4,0,,0.0,18.666666666666668,91.8,11,11
10185,Female,21,BTech,Mechanical,5.52,0,1,2,9,5,94,2,0,,0.0,36.0,55.199999999999996,5,5
10186,Male,21,BCA,AI,8.33,3,1,0,3,8,98,1,0,,0.0,36.333333333333336,68.3,2,2
10187,Male,23,BE,Electrical,9.18,2,3,3,3,9,62,5,0,,0.0,24.666666666666668,81.8,11,11
10188,Male,22,BE,CS,9.52,2,1,5,2,8,50,3,0,,0.0,20.0,85.19999999999999,9,9
10189,Female,22,BCA,DS,6.12,2,1,4,9,8,58,5,0,,0.0,25.0,51.2,10,10
10190,Male,22,BCA,Mechanical,8.5,1,1,3,2,10,40,4,0,,0.0,17.333333333333332,80.0,8,8
10191,Female,22,BE,Electrical,5.96,3,3,1,7,3,43,5,0,,0.0,17.666666666666668,44.6,9,9
10192,Male,23,BCA,Electrical,7.02,1,0,2,2,6,48,3,0,,0.0,18.666666666666668,65.19999999999999,5,5
10193,Male,20,BTech,IT,8.65,2,0,4,10,9,81,1,1,Product,6.75,33.333333333333336,76.5,5,5
10194,Female,23,BCA,Mechanical,6.99,1,3,1,10,5,46,1,0,,0.0,20.333333333333332,64.9,5,5
10195,Female,20,BTech,Electrical,6.85,1,1,1,6,4,65,0,1,Product,4.9,25.0,63.5,2,2
10196,Male,24,BTech,CS,6.0,0,2,0,3,9,93,2,0,,0.0,35.0,60.0,4,4
10197,Male,24,BCA,DS,5.79,0,3,3,1,5,60,0,0,,0.0,22.0,57.9,6,6
10198,Male,20,BSc,CS,6.0,0,2,1,6,6,87,2,0,,0.0,33.0,60.0,5,5
10199,Female,23,BSc,Electrical,9.26,2,1,5,2,7,98,4,0,,0.0,35.666666666666664,82.6,10,10
10200,Female,21,BTech,IT,5.55,0,0,1,7,8,49,0,0,,0.0,21.333333333333332,55.5,1,1
10201,Male,23,BCA,AI,8.48,2,2,1,9,3,49,0,0,,0.0,20.333333333333332,74.80000000000001,3,3
10202,Male,21,BTech,DS,8.81,0,2,2,1,1,40,1,0,,0.0,14.0,88.10000000000001,5,5
10203,Female,23,BCA,DS,7.94,2,2,4,4,10,75,2,0,,0.0,29.666666666666668,69.4,8,8
10204,Male,22,BCA,CS,8.64,1,2,5,5,5,42,1,0,,0.0,17.333333333333332,81.4,8,8
10205,Female,22,BE,CS,8.3,3,0,5,9,9,74,0,1,Startup,9.18,30.666666666666668,68.0,5,5
10206,Female,24,BSc,CS,7.46,2,0,5,3,9,84,2,0,,0.0,32.0,64.6,7,7
10207,Female,24,BSc,Electrical,7.15,1,2,0,6,4,51,2,0,,0.0,20.333333333333332,66.5,4,4
10208,Female,20,BE,DS,9.55,0,3,4,5,3,66,5,1,Service,13.69,24.666666666666668,95.5,12,12
10209,Female,21,BE,CS,9.68,1,0,1,5,5,56,4,0,,0.0,22.0,91.8,5,5
10210,Female,22,BE,Mechanical,8.3,1,0,5,2,2,58,1,0,,0.0,20.666666666666668,78.0,6,6
10211,Male,23,BTech,Electrical,6.35,3,1,2,10,2,49,5,0,,0.0,20.333333333333332,48.5,8,8
10212,Female,20,BTech,Electrical,7.43,0,1,1,5,6,82,4,1,Startup,12.67,31.0,74.3,6,6
10213,Female,23,BTech,Mechanical,7.64,2,3,3,3,5,65,5,0,,0.0,24.333333333333332,66.39999999999999,11,11
10214,Male,22,BTech,Mechanical,8.76,2,3,4,2,9,47,1,0,,0.0,19.333333333333332,77.6,8,8
10215,Female,22,BTech,Electrical,8.37,2,1,0,6,4,91,1,1,Service,14.59,33.666666666666664,73.69999999999999,2,2
10216,Male,22,BSc,DS,7.71,0,1,2,1,1,78,2,0,,0.0,26.666666666666668,77.1,5,5
10217,Female,22,BSc,CS,8.43,2,2,4,6,10,41,2,0,,0.0,19.0,74.3,8,8
10218,Male,23,BCA,IT,5.6,3,1,1,8,6,51,3,0,,0.0,21.666666666666668,41.0,5,5
10219,Male,20,BSc,CS,8.84,1,3,0,3,8,78,0,0,,0.0,29.666666666666668,83.4,3,3
10220,Female,22,BE,DS,6.41,0,3,2,10,7,93,4,0,,0.0,36.666666666666664,64.1,9,9
10221,Female,24,BSc,Mechanical,8.32,2,1,5,7,3,95,3,1,Service,9.84,35.0,73.2,9,9
10222,Female,20,BE,DS,5.99,1,3,1,3,4,79,4,0,,0.0,28.666666666666668,54.900000000000006,8,8
10223,Female,24,BSc,CS,5.99,1,0,1,6,10,70,4,0,,0.0,28.666666666666668,54.900000000000006,5,5
10224,Male,23,BTech,DS,5.65,3,3,4,7,5,68,0,0,,0.0,26.666666666666668,41.5,7,7
10225,Male,22,BSc,IT,9.41,2,2,1,3,3,47,4,0,,0.0,17.666666666666668,84.1,7,7
10226,Male,20,BCA,DS,8.1,0,0,1,5,8,54,4,0,,0.0,22.333333333333332,81.0,5,5
10227,Female,22,BTech,AI,7.06,1,0,2,3,9,65,5,0,,0.0,25.666666666666668,65.6,7,7
10228,Male,22,BTech,DS,8.89,3,0,1,4,7,87,2,0,,0.0,32.666666666666664,73.9,3,3
10229,Female,20,BCA,CS,8.19,1,1,3,5,8,75,2,1,Service,4.95,29.333333333333332,76.89999999999999,6,6
10230,Female,22,BSc,AI,8.17,3,2,3,7,2,80,2,1,Startup,13.69,29.666666666666668,66.7,7,7
10231,Male,22,BSc,Mechanical,7.59,3,1,0,4,10,95,0,0,,0.0,36.333333333333336,60.900000000000006,1,1
10232,Female,21,BCA,CS,5.53,1,2,5,4,3,43,2,0,,0.0,16.666666666666668,50.300000000000004,9,9
10233,Male,21,BTech,Electrical,6.61,1,3,3,2,4,89,3,0,,0.0,31.666666666666668,61.10000000000001,9,9
10234,Female,20,BCA,IT,5.97,2,3,5,5,10,72,3,0,,0.0,29.0,49.699999999999996,11,11
10235,Male,20,BE,DS,8.35,0,3,3,3,2,51,3,0,,0.0,18.666666666666668,83.5,9,9
10236,Female,22,BE,DS,6.57,3,0,4,4,3,89,0,0,,0.0,32.0,50.7,4,4
10237,Male,24,BSc,CS,7.44,3,3,3,8,8,92,1,1,Startup,14.66,36.0,59.400000000000006,7,7
10238,Male,20,BTech,DS,7.02,1,2,1,4,10,50,1,0,,0.0,21.333333333333332,65.19999999999999,4,4
10239,Female,22,BE,DS,6.12,1,0,4,6,7,69,3,0,,0.0,27.333333333333332,56.2,7,7
10240,Female,24,BCA,Mechanical,9.62,1,1,3,3,6,92,1,0,,0.0,33.666666666666664,91.19999999999999,5,5
10241,Male,21,BSc,DS,9.51,0,0,1,1,6,84,4,0,,0.0,30.333333333333332,95.1,5,5
10242,Female,20,BSc,DS,5.86,1,1,0,4,2,65,0,0,,0.0,23.666666666666668,53.6,1,1
10243,Female,22,BTech,Mechanical,9.06,3,1,4,6,8,89,3,1,Service,12.51,34.333333333333336,75.60000000000001,8,8
10244,Female,21,BE,Electrical,7.6,3,1,1,9,6,69,5,1,Startup,8.35,28.0,61.0,7,7
10245,Male,23,BSc,DS,8.83,3,0,4,5,5,75,3,1,Product,14.73,28.333333333333332,73.3,7,7
10246,Male,21,BCA,Electrical,6.15,0,3,0,7,10,95,3,0,,0.0,37.333333333333336,61.5,6,6
10247,Female,22,BE,Mechanical,6.07,0,1,0,1,5,72,4,0,,0.0,26.0,60.7,5,5
10248,Female,24,BSc,IT,9.33,0,2,4,8,2,84,5,1,Service,14.78,31.333333333333332,93.3,11,11
10249,Male,23,BSc,DS,9.36,0,2,1,4,2,70,2,0,,0.0,25.333333333333332,93.6,5,5
10250,Female,23,BE,CS,7.5,2,2,2,8,7,41,3,0,,0.0,18.666666666666668,65.0,7,7
10251,Male,23,BE,AI,9.24,2,2,4,9,5,54,5,0,,0.0,22.666666666666668,82.4,11,11
10252,Female,20,BTech,IT,8.37,2,1,5,3,7,41,1,0,,0.0,17.0,73.69999999999999,7,7
10253,Female,22,BCA,DS,6.3,1,2,2,4,8,92,2,0,,0.0,34.666666666666664,58.0,6,6
10254,Female,23,BTech,CS,6.91,0,0,5,6,4,51,4,0,,0.0,20.333333333333332,69.1,9,9
10255,Male,21,BTech,AI,6.09,0,2,1,3,5,57,3,0,,0.0,21.666666666666668,60.9,6,6
10256,Male,24,BCA,Mechanical,8.83,2,2,5,9,1,47,2,0,,0.0,19.0,78.3,9,9
10257,Male,22,BCA,DS,9.74,2,3,3,3,6,42,3,0,,0.0,17.0,87.4,9,9
10258,Male,21,BTech,Electrical,7.85,0,0,4,7,1,74,3,1,Product,10.28,27.333333333333332,78.5,7,7
10259,Female,20,BE,Electrical,8.32,2,0,0,7,3,95,4,1,Product,14.5,35.0,73.2,4,4
10260,Female,23,BCA,Mechanical,8.71,1,3,5,5,10,72,1,1,Startup,9.52,29.0,82.10000000000001,9,9
10261,Male,21,BTech,IT,6.46,1,2,5,6,3,70,4,0,,0.0,26.333333333333332,59.599999999999994,11,11
10262,Female,22,BE,Electrical,6.94,1,1,3,1,7,43,4,0,,0.0,17.0,64.4,8,8
10263,Female,21,BSc,AI,7.27,3,0,1,3,10,62,1,0,,0.0,25.0,57.69999999999999,2,2
10264,Male,20,BE,Electrical,8.06,3,1,0,3,2,76,2,0,,0.0,27.0,65.60000000000001,3,3
10265,Female,24,BTech,AI,9.16,0,1,4,2,9,84,4,0,,0.0,31.666666666666668,91.6,9,9
10266,Female,23,BCA,Electrical,6.59,3,2,1,1,4,84,3,0,,0.0,29.666666666666668,50.900000000000006,6,6
10267,Male,22,BE,Mechanical,7.52,2,1,4,9,6,74,4,1,Product,14.42,29.666666666666668,65.19999999999999,9,9
10268,Female,23,BE,Mechanical,8.73,1,1,3,4,6,79,1,0,,0.0,29.666666666666668,82.30000000000001,5,5
10269,Female,23,BE,Electrical,5.88,1,1,4,8,2,92,2,0,,0.0,34.0,53.8,7,7
10270,Female,23,BCA,IT,7.71,3,3,5,7,10,77,1,1,Service,13.89,31.333333333333332,62.099999999999994,9,9
10271,Male,21,BCA,CS,6.12,1,3,0,6,4,40,3,0,,0.0,16.666666666666668,56.2,6,6
10272,Male,21,BE,Electrical,7.82,1,2,4,1,2,42,2,0,,0.0,15.0,73.2,8,8
10273,Female,24,BE,DS,8.8,1,0,3,3,10,49,4,0,,0.0,20.666666666666668,83.0,7,7
10274,Female,20,BTech,CS,6.52,2,2,3,5,1,91,2,1,Startup,8.99,32.333333333333336,55.19999999999999,7,7
10275,Female,22,BCA,Electrical,9.15,3,0,0,1,10,69,4,0,,0.0,26.666666666666668,76.5,4,4
10276,Male,21,BE,AI,6.94,1,1,2,1,7,97,4,0,,0.0,35.0,64.4,7,7
10277,Male,23,BCA,DS,6.32,1,0,5,10,5,97,0,0,,0.0,37.333333333333336,58.2,5,5
10278,Male,20,BCA,IT,7.5,1,0,2,9,5,67,4,1,Startup,13.9,27.0,70.0,6,6
10279,Female,22,BCA,CS,9.27,0,0,4,1,3,55,4,0,,0.0,19.666666666666668,92.69999999999999,8,8
10280,Female,22,BTech,CS,5.8,2,0,3,4,1,43,4,0,,0.0,16.0,48.0,7,7
10281,Female,22,BSc,DS,6.91,3,3,1,8,3,92,0,1,Service,4.03,34.333333333333336,54.099999999999994,4,4
10282,Female,22,BCA,IT,8.31,1,1,1,9,9,87,2,1,Startup,11.94,35.0,78.10000000000001,4,4
10283,Female,24,BCA,Electrical,7.04,2,0,3,6,4,84,0,1,Product,13.12,31.333333333333332,60.400000000000006,3,3
10284,Male,22,BE,IT,5.8,1,0,1,8,5,96,5,0,,0.0,36.333333333333336,53.0,6,6
10285,Female,20,BCA,Electrical,6.93,3,1,5,6,6,43,1,0,,0.0,18.333333333333332,54.3,7,7
10286,Female,21,BSc,CS,9.03,3,0,0,8,9,62,4,1,Startup,9.99,26.333333333333332,75.3,4,4
10287,Female,20,BCA,Electrical,9.66,0,2,4,7,5,79,0,1,Service,3.66,30.333333333333332,96.6,6,6
10288,Male,23,BTech,CS,5.67,0,0,3,9,7,99,5,0,,0.0,38.333333333333336,56.7,8,8
10289,Female,24,BE,Mechanical,7.95,0,2,4,9,9,62,0,1,Service,10.02,26.666666666666668,79.5,6,6
10290,Male,24,BSc,DS,5.95,0,2,0,2,1,89,5,0,,0.0,30.666666666666668,59.5,7,7
10291,Male,23,BTech,IT,8.43,1,2,1,5,2,54,2,0,,0.0,20.333333333333332,79.3,5,5
10292,Male,20,BSc,AI,5.53,2,3,3,2,5,52,2,0,,0.0,19.666666666666668,45.300000000000004,8,8
10293,Male,20,BE,DS,5.56,1,3,5,6,5,40,5,0,,0.0,17.0,50.599999999999994,13,13
10294,Male,23,BCA,Electrical,8.84,0,1,0,4,9,76,2,0,,0.0,29.666666666666668,88.4,3,3
10295,Female,22,BE,Mechanical,5.82,0,2,0,8,7,63,3,0,,0.0,26.0,58.2,5,5
10296,Female,22,BE,DS,6.81,1,3,5,10,10,83,2,1,Startup,13.36,34.333333333333336,63.099999999999994,10,10
10297,Male,21,BCA,CS,9.62,1,2,4,4,9,40,5,0,,0.0,17.666666666666668,91.19999999999999,11,11
10298,Male,20,BTech,DS,9.74,2,3,3,6,7,84,4,1,Product,8.44,32.333333333333336,87.4,10,10
10299,Male,20,BSc,Electrical,6.19,2,1,4,1,6,89,0,0,,0.0,32.0,51.900000000000006,5,5
10300,Female,23,BTech,DS,7.91,3,1,4,4,6,84,1,0,,0.0,31.333333333333332,64.1,6,6
10301,Female,23,BCA,DS,7.9,2,3,0,4,1,52,1,0,,0.0,19.0,69.0,4,4
10302,Male,22,BSc,Electrical,7.45,2,3,4,6,7,96,1,1,Product,9.56,36.333333333333336,64.5,8,8
10303,Female,20,BCA,AI,9.48,0,2,1,8,4,77,4,1,Service,14.23,29.666666666666668,94.80000000000001,7,7
10304,Female,20,BTech,Mechanical,8.74,0,1,1,4,10,56,0,0,,0.0,23.333333333333332,87.4,2,2
10305,Male,24,BE,DS,8.79,3,0,0,4,3,95,3,0,,0.0,34.0,72.89999999999999,3,3
10306,Male,21,BSc,DS,6.66,3,2,4,3,1,90,5,0,,0.0,31.333333333333332,51.599999999999994,11,11
10307,Female,21,BCA,AI,7.37,2,3,1,8,7,69,3,1,Startup,4.27,28.0,63.7,7,7
10308,Female,22,BSc,IT,7.6,2,2,2,6,10,59,2,0,,0.0,25.0,66.0,6,6
10309,Female,20,BSc,DS,6.79,3,0,2,4,9,81,3,0,,0.0,31.333333333333332,52.900000000000006,5,5
10310,Male,24,BTech,Electrical,5.91,3,1,4,5,1,44,0,0,,0.0,16.666666666666668,44.1,5,5
10311,Male,20,BE,Electrical,6.04,0,0,0,2,2,80,2,0,,0.0,28.0,60.4,2,2
10312,Male,23,BSc,DS,6.28,3,3,1,9,10,44,4,0,,0.0,21.0,47.800000000000004,8,8
10313,Female,22,BTech,IT,6.38,0,3,3,8,4,93,5,0,,0.0,35.0,63.8,11,11
10314,Female,21,BSc,Electrical,6.54,0,3,3,2,9,85,5,0,,0.0,32.0,65.4,11,11
10315,Male,20,BE,DS,6.6,3,3,1,8,10,94,5,1,Service,12.4,37.333333333333336,51.0,9,9
10316,Female,22,BSc,DS,7.46,3,3,4,6,8,76,1,1,Service,8.8,30.0,59.599999999999994,8,8
10317,Male,21,BE,DS,7.69,2,0,2,1,1,55,1,0,,0.0,19.0,66.9,3,3
10318,Female,20,BTech,Mechanical,6.83,2,1,2,10,4,60,2,1,Service,5.91,24.666666666666668,58.3,5,5
10319,Male,24,BTech,Electrical,9.4,0,1,1,4,9,73,2,0,,0.0,28.666666666666668,94.0,4,4
10320,Female,22,BE,CS,7.88,0,2,5,5,2,85,2,1,Service,14.5,30.666666666666668,78.8,9,9
10321,Female,20,BE,Mechanical,8.89,3,2,2,2,2,89,0,0,,0.0,31.0,73.9,4,4
10322,Male,21,BTech,IT,9.47,1,2,1,10,6,45,2,0,,0.0,20.333333333333332,89.7,5,5
10323,Male,21,BE,Mechanical,6.2,1,3,0,5,6,81,0,0,,0.0,30.666666666666668,57.0,3,3
10324,Male,24,BE,Mechanical,7.34,3,1,2,1,6,45,2,0,,0.0,17.333333333333332,58.400000000000006,5,5
10325,Male,22,BCA,AI,7.36,0,3,5,2,10,49,5,0,,0.0,20.333333333333332,73.60000000000001,13,13
10326,Male,22,BSc,IT,7.02,0,2,4,1,1,70,0,0,,0.0,24.0,70.19999999999999,6,6
10327,Female,20,BTech,IT,5.54,1,3,5,2,9,45,0,0,,0.0,18.666666666666668,50.4,8,8
10328,Male,21,BTech,IT,9.01,2,0,2,2,2,42,3,0,,0.0,15.333333333333334,80.1,5,5
10329,Male,21,BCA,Mechanical,5.98,0,2,1,7,7,96,3,0,,0.0,36.666666666666664,59.800000000000004,6,6
10330,Male,24,BE,IT,9.78,3,1,3,7,1,83,2,1,Startup,3.46,30.333333333333332,82.8,6,6
10331,Male,24,BE,Electrical,8.82,0,1,2,7,1,94,2,1,Startup,10.22,34.0,88.2,5,5
10332,Male,22,BE,AI,7.99,0,2,5,2,9,91,0,0,,0.0,34.0,79.9,7,7
10333,Female,21,BTech,DS,6.16,2,1,1,3,7,64,0,0,,0.0,24.666666666666668,51.6,2,2
10334,Male,20,BCA,Mechanical,7.72,1,1,2,2,5,59,3,0,,0.0,22.0,72.2,6,6
10335,Male,23,BSc,DS,6.62,2,2,2,5,10,74,4,1,Product,14.03,29.666666666666668,56.2,8,8
10336,Male,20,BCA,DS,6.58,3,2,2,3,3,40,1,0,,0.0,15.333333333333334,50.8,5,5
10337,Female,24,BTech,Mechanical,9.07,3,3,3,10,8,91,1,1,Product,14.94,36.333333333333336,75.7,7,7
10338,Female,20,BSc,Electrical,7.14,2,3,1,6,1,70,4,1,Startup,4.72,25.666666666666668,61.39999999999999,8,8
10339,Male,21,BE,Mechanical,7.44,3,0,5,6,8,53,4,0,,0.0,22.333333333333332,59.400000000000006,9,9
10340,Male,22,BCA,IT,9.12,3,1,0,5,4,42,1,0,,0.0,17.0,76.19999999999999,2,2
10341,Female,23,BCA,AI,5.88,0,2,5,2,2,99,3,0,,0.0,34.333333333333336,58.8,10,10
10342,Female,22,BTech,Mechanical,8.06,3,0,4,8,7,55,1,0,,0.0,23.333333333333332,65.60000000000001,5,5
10343,Female,23,BCA,DS,7.99,0,1,3,6,4,53,4,0,,0.0,21.0,79.9,8,8
10344,Male,23,BSc,Mechanical,7.33,3,1,4,2,4,42,1,0,,0.0,16.0,58.3,6,6
10345,Male,21,BCA,AI,9.07,1,0,4,1,6,45,1,0,,0.0,17.333333333333332,85.7,5,5
10346,Female,21,BTech,CS,9.55,2,1,0,6,2,48,4,0,,0.0,18.666666666666668,85.5,5,5
10347,Male,24,BCA,Electrical,7.5,1,2,2,2,5,72,3,0,,0.0,26.333333333333332,70.0,7,7
10348,Female,24,BSc,DS,7.46,2,0,0,4,9,80,1,0,,0.0,31.0,64.6,1,1
10349,Female,23,BSc,CS,7.66,0,0,4,4,3,51,2,0,,0.0,19.333333333333332,76.6,6,6
10350,Female,24,BTech,CS,8.61,1,3,3,9,4,41,2,0,,0.0,18.0,81.1,8,8
10351,Male,21,BE,AI,8.37,2,2,4,10,3,82,1,1,Startup,5.97,31.666666666666668,73.69999999999999,7,7
10352,Female,24,BTech,Electrical,6.46,0,3,4,10,7,85,4,0,,0.0,34.0,64.6,11,11
10353,Female,23,BE,Mechanical,5.77,3,0,0,7,3,99,2,0,,0.0,36.333333333333336,42.699999999999996,2,2
10354,Male,22,BSc,CS,9.58,3,2,1,9,7,42,1,0,,0.0,19.333333333333332,80.8,4,4
10355,Female,20,BCA,IT,6.62,0,2,4,6,5,52,4,0,,0.0,21.0,66.2,10,10
10356,Male,24,BCA,Mechanical,8.25,2,3,1,1,3,70,2,0,,0.0,24.666666666666668,72.5,6,6
10357,Female,21,BSc,Electrical,9.06,0,1,2,10,1,48,3,0,,0.0,19.666666666666668,90.60000000000001,6,6
10358,Male,22,BTech,DS,6.79,2,1,4,8,5,79,4,1,Service,12.2,30.666666666666668,57.900000000000006,9,9
10359,Female,21,BCA,Mechanical,8.23,2,1,0,4,9,80,2,0,,0.0,31.0,72.30000000000001,3,3
10360,Female,24,BTech,AI,5.96,2,3,5,10,10,47,0,0,,0.0,22.333333333333332,49.6,8,8
10361,Female,23,BCA,AI,9.67,3,1,2,8,4,61,5,1,Product,7.98,24.333333333333332,81.7,8,8
10362,Female,20,BE,DS,5.75,2,3,3,3,9,65,0,0,,0.0,25.666666666666668,47.5,6,6
10363,Female,20,BCA,DS,7.38,0,3,4,6,10,96,4,1,Product,12.93,37.333333333333336,73.8,11,11
10364,Male,22,BE,DS,7.81,3,1,0,4,3,55,2,0,,0.0,20.666666666666668,63.099999999999994,3,3
10365,Male,20,BCA,AI,8.9,2,3,4,10,8,71,3,1,Startup,7.69,29.666666666666668,79.0,10,10
10366,Female,23,BCA,Electrical,6.02,3,3,0,4,5,74,4,0,,0.0,27.666666666666668,45.199999999999996,7,7
10367,Female,21,BCA,Electrical,7.4,3,2,0,2,6,75,4,0,,0.0,27.666666666666668,59.0,6,6
10368,Female,23,BCA,Mechanical,6.79,2,0,1,4,4,40,3,0,,0.0,16.0,57.900000000000006,4,4
10369,Male,22,BCA,CS,6.84,2,3,4,1,6,99,5,0,,0.0,35.333333333333336,58.400000000000006,12,12
10370,Male,22,BTech,CS,8.85,0,0,0,1,3,46,1,0,,0.0,16.666666666666668,88.5,1,1
10371,Female,20,BE,IT,5.52,3,1,0,5,7,89,1,0,,0.0,33.666666666666664,40.199999999999996,2,2
10372,Male,23,BE,AI,8.72,1,2,2,1,4,88,3,0,,0.0,31.0,82.2,7,7
10373,Female,21,BCA,DS,8.98,3,2,4,3,5,79,3,0,,0.0,29.0,74.80000000000001,9,9
10374,Female,23,BTech,Electrical,9.38,2,3,5,3,6,81,2,0,,0.0,30.0,83.80000000000001,10,10
10375,Female,21,BTech,Mechanical,8.2,1,2,5,10,5,87,3,1,Service,14.71,34.0,77.0,10,10
10376,Male,21,BSc,Electrical,6.93,1,0,2,4,2,50,5,0,,0.0,18.666666666666668,64.3,7,7
10377,Female,23,BSc,AI,7.34,2,3,1,1,4,50,0,0,,0.0,18.333333333333332,63.400000000000006,4,4
10378,Female,24,BTech,IT,9.67,3,2,1,7,8,52,0,0,,0.0,22.333333333333332,81.7,3,3
10379,Female,23,BSc,Electrical,9.29,1,1,0,4,8,80,1,0,,0.0,30.666666666666668,87.89999999999999,2,2
10380,Male,21,BE,CS,7.49,1,3,0,7,7,43,0,0,,0.0,19.0,69.9,3,3
10381,Male,22,BTech,Mechanical,9.56,3,2,0,5,10,64,0,1,Service,5.4,26.333333333333332,80.60000000000001,2,2
10382,Male,22,BSc,CS,9.04,2,3,4,1,2,42,5,0,,0.0,15.0,80.39999999999999,12,12
10383,Female,20,BTech,Mechanical,9.37,3,1,4,4,4,95,2,0,,0.0,34.333333333333336,78.69999999999999,7,7
10384,Male,22,BSc,DS,8.44,3,3,5,5,9,49,1,0,,0.0,21.0,69.39999999999999,9,9
10385,Female,24,BTech,Mechanical,9.19,0,0,3,4,6,44,2,0,,0.0,18.0,91.89999999999999,5,5
10386,Male,21,BCA,DS,9.33,1,0,0,7,8,51,4,0,,0.0,22.0,88.3,4,4
10387,Female,23,BE,AI,5.9,2,2,5,1,9,73,5,0,,0.0,27.666666666666668,49.0,12,12
10388,Male,23,BSc,CS,9.65,2,0,2,9,5,51,0,0,,0.0,21.666666666666668,86.5,2,2
10389,Female,24,BCA,Mechanical,6.93,1,0,5,6,5,92,0,1,Startup,8.32,34.333333333333336,64.3,5,5
10390,Male,22,BTech,Mechanical,7.39,1,3,3,8,9,77,2,1,Startup,4.74,31.333333333333332,68.89999999999999,8,8
10391,Male,21,BCA,IT,8.91,1,3,4,8,6,54,4,0,,0.0,22.666666666666668,84.1,11,11
10392,Male,22,BE,CS,8.36,2,2,4,9,7,60,5,1,Product,7.65,25.333333333333332,73.6,11,11
10393,Female,20,BSc,AI,9.34,3,0,0,5,8,94,0,1,Service,8.45,35.666666666666664,78.4,0,0
10394,Male,22,BSc,DS,7.22,3,1,2,8,8,43,3,0,,0.0,19.666666666666668,57.2,6,6
10395,Male,20,BTech,AI,7.11,2,2,2,8,3,50,2,0,,0.0,20.333333333333332,61.10000000000001,6,6
10396,Male,23,BE,IT,5.64,3,1,5,6,5,97,1,0,,0.0,36.0,41.4,7,7
10397,Male,21,BCA,AI,7.49,0,0,1,10,1,49,4,0,,0.0,20.0,74.9,5,5
10398,Female,20,BTech,DS,8.61,0,2,0,8,3,46,5,0,,0.0,19.0,86.1,7,7
10399,Male,22,BSc,CS,6.8,2,1,4,5,2,48,0,0,,0.0,18.333333333333332,58.0,5,5
10400,Female,22,BCA,Electrical,7.49,3,2,0,10,10,57,0,0,,0.0,25.666666666666668,59.900000000000006,2,2
10401,Female,23,BTech,IT,6.44,0,3,5,8,2,86,1,0,,0.0,32.0,64.4,9,9
10402,Female,24,BCA,Mechanical,8.82,3,3,0,10,2,66,0,1,Service,5.9,26.0,73.2,3,3
10403,Female,24,BCA,Mechanical,5.76,1,1,1,3,1,82,3,0,,0.0,28.666666666666668,52.599999999999994,5,5
10404,Male,22,BTech,CS,8.53,3,3,1,4,6,67,5,0,,0.0,25.666666666666668,70.3,9,9
10405,Female,24,BCA,Electrical,7.13,0,3,3,3,4,96,3,0,,0.0,34.333333333333336,71.3,9,9
10406,Female,21,BCA,AI,5.68,0,1,0,5,10,71,4,0,,0.0,28.666666666666668,56.8,5,5
10407,Female,24,BE,Mechanical,9.17,2,2,4,5,2,49,3,0,,0.0,18.666666666666668,81.7,9,9
10408,Female,21,BE,IT,7.6,2,1,5,5,5,73,4,1,Startup,11.98,27.666666666666668,66.0,10,10
10409,Male,22,BSc,Electrical,8.08,1,3,5,2,2,94,4,0,,0.0,32.666666666666664,75.8,12,12
10410,Male,22,BE,DS,8.65,0,2,1,9,8,44,2,0,,0.0,20.333333333333332,86.5,5,5
10411,Female,22,BTech,AI,8.32,2,3,3,7,4,59,0,0,,0.0,23.333333333333332,73.2,6,6
10412,Female,23,BCA,Electrical,8.64,2,0,3,8,5,94,0,1,Startup,9.48,35.666666666666664,76.4,3,3
10413,Female,24,BSc,DS,8.78,2,1,5,2,8,69,3,0,,0.0,26.333333333333332,77.8,9,9
10414,Male,20,BE,Electrical,8.03,1,1,3,10,6,72,0,1,Product,10.21,29.333333333333332,75.3,4,4
10415,Male,20,BCA,Electrical,7.07,1,1,4,10,1,58,4,0,,0.0,23.0,65.7,9,9
10416,Male,22,BTech,AI,6.55,0,1,5,7,6,41,4,0,,0.0,18.0,65.5,10,10
10417,Male,24,BCA,IT,9.38,1,0,1,3,1,57,5,0,,0.0,20.333333333333332,88.80000000000001,6,6
10418,Male,21,BTech,DS,9.67,0,2,2,5,6,53,5,0,,0.0,21.333333333333332,96.7,9,9
10419,Female,20,BCA,IT,7.04,0,2,4,7,7,44,1,0,,0.0,19.333333333333332,70.4,7,7
10420,Male,22,BSc,DS,5.98,0,2,5,9,6,97,0,0,,0.0,37.333333333333336,59.800000000000004,7,7
10421,Male,20,BSc,AI,6.46,2,0,0,10,4,57,0,0,,0.0,23.666666666666668,54.599999999999994,0,0
10422,Female,20,BE,IT,8.38,3,0,2,1,4,84,5,0,,0.0,29.666666666666668,68.80000000000001,7,7
10423,Male,20,BE,AI,6.24,2,2,4,6,2,90,3,0,,0.0,32.666666666666664,52.400000000000006,9,9
10424,Male,22,BCA,Electrical,8.85,2,2,1,6,2,54,3,0,,0.0,20.666666666666668,78.5,6,6
10425,Male,22,BCA,Electrical,9.47,1,0,3,2,7,62,2,0,,0.0,23.666666666666668,89.7,5,5
10426,Female,23,BE,AI,9.64,2,3,4,10,10,89,3,1,Startup,6.93,36.333333333333336,86.4,10,10
10427,Male,23,BE,DS,5.54,0,0,0,9,8,43,4,0,,0.0,20.0,55.4,4,4
10428,Female,23,BCA,Electrical,9.62,3,1,0,5,6,73,4,1,Product,8.09,28.0,81.19999999999999,5,5
10429,Female,20,BCA,DS,8.68,1,2,0,9,6,63,0,1,Product,11.39,26.0,81.8,2,2
10430,Male,24,BCA,IT,5.86,3,3,5,4,7,51,5,0,,0.0,20.666666666666668,43.6,13,13
10431,Male,22,BSc,Mechanical,7.29,1,2,2,5,3,68,1,1,Startup,3.13,25.333333333333332,67.9,5,5
10432,Male,23,BTech,Electrical,8.51,2,3,5,5,10,45,5,0,,0.0,20.0,75.1,13,13
10433,Male,24,BTech,Electrical,9.61,2,2,3,5,2,63,0,1,Startup,11.56,23.333333333333332,86.1,5,5
10434,Female,23,BE,CS,6.21,2,2,4,9,4,86,1,0,,0.0,33.0,52.1,7,7
10435,Male,23,BSc,DS,6.05,2,2,2,1,2,61,3,0,,0.0,21.333333333333332,50.5,7,7
10436,Female,24,BCA,AI,7.53,1,1,4,8,7,98,2,1,Service,12.68,37.666666666666664,70.3,7,7
10437,Female,23,BCA,CS,9.66,1,0,1,7,9,56,2,0,,0.0,24.0,91.6,3,3
10438,Female,20,BE,IT,9.68,0,3,1,1,7,96,2,0,,0.0,34.666666666666664,96.8,6,6
10439,Female,20,BE,CS,6.48,1,1,4,2,5,71,3,0,,0.0,26.0,59.80000000000001,8,8
10440,Female,20,BSc,CS,6.87,1,1,2,1,3,64,1,0,,0.0,22.666666666666668,63.7,4,4
10441,Male,21,BTech,Mechanical,9.4,2,2,0,4,1,92,0,0,,0.0,32.333333333333336,84.0,2,2
10442,Female,23,BTech,Mechanical,8.66,0,3,2,10,1,65,5,1,Startup,8.65,25.333333333333332,86.6,10,10
10443,Female,21,BCA,CS,9.68,3,3,5,9,3,66,5,1,Startup,9.39,26.0,81.8,13,13
10444,Male,22,BE,Mechanical,9.34,1,3,2,1,4,46,2,0,,0.0,17.0,88.4,7,7
10445,Male,24,BSc,Mechanical,6.42,3,3,4,3,5,74,0,0,,0.0,27.333333333333332,49.2,7,7
10446,Female,22,BCA,CS,8.77,2,3,2,7,9,73,2,1,Startup,6.54,29.666666666666668,77.69999999999999,7,7
10447,Female,21,BTech,DS,5.71,2,1,1,4,2,66,1,0,,0.0,24.0,47.1,3,3
10448,Male,20,BTech,Mechanical,9.02,3,3,4,6,4,47,3,0,,0.0,19.0,75.19999999999999,10,10
10449,Female,23,BSc,CS,8.09,3,1,5,7,3,74,1,1,Product,8.19,28.0,65.9,7,7
10450,Male,23,BCA,DS,9.61,0,3,4,6,8,57,1,0,,0.0,23.666666666666668,96.1,8,8
10451,Male,20,BSc,Electrical,9.63,1,2,4,8,1,62,4,1,Service,3.91,23.666666666666668,91.30000000000001,10,10
10452,Female,23,BCA,Mechanical,5.72,1,1,2,2,1,69,2,0,,0.0,24.0,52.199999999999996,5,5
10453,Male,24,BTech,CS,6.19,1,1,3,1,9,55,1,0,,0.0,21.666666666666668,56.900000000000006,5,5
10454,Female,24,BE,Mechanical,7.58,1,3,5,7,1,70,4,1,Service,8.36,26.0,70.8,12,12
10455,Female,24,BE,DS,9.28,0,3,5,3,4,96,0,0,,0.0,34.333333333333336,92.8,8,8
10456,Female,22,BTech,CS,9.0,2,0,0,4,8,77,1,0,,0.0,29.666666666666668,80.0,1,1
10457,Male,20,BE,DS,9.65,3,2,5,7,4,89,3,1,Service,4.96,33.333333333333336,81.5,10,10
10458,Female,24,BE,Electrical,8.16,2,2,0,2,5,73,5,0,,0.0,26.666666666666668,71.6,7,7
10459,Male,21,BCA,AI,6.6,0,1,1,7,2,40,4,0,,0.0,16.333333333333332,66.0,6,6
10460,Female,24,BSc,IT,5.61,1,2,4,4,9,48,5,0,,0.0,20.333333333333332,51.1,11,11
10461,Female,22,BCA,AI,6.46,2,0,0,9,10,75,5,0,,0.0,31.333333333333332,54.599999999999994,5,5
10462,Male,21,BSc,Mechanical,8.4,1,3,2,1,9,83,3,0,,0.0,31.0,79.0,8,8
10463,Female,20,BSc,DS,9.48,3,3,5,3,3,43,4,0,,0.0,16.333333333333332,79.80000000000001,12,12
10464,Female,20,BE,CS,6.88,2,3,2,8,8,84,2,1,Startup,10.35,33.333333333333336,58.8,7,7
10465,Male,24,BSc,DS,9.27,1,1,2,7,9,97,5,1,Product,3.99,37.666666666666664,87.69999999999999,8,8
10466,Male,21,BSc,Mechanical,7.2,0,0,5,2,3,59,0,0,,0.0,21.333333333333332,72.0,5,5
10467,Male,21,BTech,CS,6.83,3,1,1,5,1,84,5,1,Service,4.03,30.0,53.3,7,7
10468,Female,24,BSc,AI,7.69,1,1,4,7,2,56,5,0,,0.0,21.666666666666668,71.9,10,10
10469,Male,24,BTech,DS,7.4,1,2,0,5,8,83,5,1,Startup,4.26,32.0,69.0,7,7
10470,Male,23,BCA,IT,9.43,0,2,4,10,1,49,3,0,,0.0,20.0,94.3,9,9
10471,Female,23,BE,Electrical,7.51,3,1,4,1,7,85,5,0,,0.0,31.0,60.099999999999994,10,10
10472,Male,24,BSc,Electrical,6.69,0,0,2,5,2,82,1,1,Startup,13.09,29.666666666666668,66.9,3,3
10473,Female,22,BTech,Mechanical,9.12,3,1,0,10,3,79,0,1,Product,10.26,30.666666666666668,76.19999999999999,1,1
10474,Female,23,BCA,Mechanical,9.79,1,1,1,3,4,52,5,0,,0.0,19.666666666666668,92.89999999999999,7,7
10475,Male,24,BCA,DS,8.29,1,1,4,1,3,96,5,0,,0.0,33.333333333333336,77.89999999999999,10,10
10476,Female,21,BCA,AI,6.58,3,3,5,10,4,96,0,1,Product,9.79,36.666666666666664,50.8,8,8
10477,Male,23,BTech,AI,6.53,1,3,3,4,5,96,1,0,,0.0,35.0,60.3,7,7
10478,Male,22,BTech,IT,5.75,2,0,2,7,6,77,3,0,,0.0,30.0,47.5,5,5
10479,Male,20,BE,IT,5.83,1,2,3,7,5,83,5,0,,0.0,31.666666666666668,53.3,10,10
10480,Male,21,BSc,DS,9.43,3,2,1,2,9,55,5,0,,0.0,22.0,79.3,8,8
10481,Female,22,BCA,CS,5.91,2,0,1,2,10,78,3,0,,0.0,30.0,49.1,4,4
10482,Female,22,BE,AI,7.58,3,2,1,1,9,72,2,0,,0.0,27.333333333333332,60.8,5,5
10483,Male,22,BTech,CS,8.5,2,1,1,2,6,66,4,0,,0.0,24.666666666666668,75.0,6,6
10484,Male,21,BE,CS,9.16,2,3,0,9,6,76,0,1,Product,14.84,30.333333333333332,81.6,3,3
10485,Female,22,BCA,DS,6.24,0,3,3,9,9,87,0,0,,0.0,35.0,62.400000000000006,6,6
10486,Male,20,BCA,IT,7.38,0,2,2,7,7,55,2,0,,0.0,23.0,73.8,6,6
10487,Female,23,BE,CS,6.58,2,2,3,3,6,54,4,0,,0.0,21.0,55.8,9,9
10488,Male,21,BCA,DS,6.6,2,0,0,8,9,55,4,0,,0.0,24.0,56.0,4,4
10489,Female,22,BTech,IT,6.81,2,0,4,4,7,45,4,0,,0.0,18.666666666666668,58.099999999999994,8,8
10490,Female,24,BCA,CS,8.02,0,1,1,5,8,68,1,1,Startup,11.84,27.0,80.19999999999999,3,3
10491,Female,23,BSc,CS,5.57,0,1,4,10,10,79,2,0,,0.0,33.0,55.7,7,7
10492,Male,21,BSc,IT,7.26,0,2,1,5,5,56,1,0,,0.0,22.0,72.6,4,4
10493,Male,24,BCA,Electrical,6.3,2,0,2,2,8,79,4,0,,0.0,29.666666666666668,53.0,6,6
10494,Male,24,BE,IT,9.66,2,3,1,9,10,46,1,0,,0.0,21.666666666666668,86.6,5,5
10495,Male,22,BCA,Mechanical,8.01,3,0,1,6,1,73,0,1,Product,10.4,26.666666666666668,65.1,1,1
10496,Male,21,BSc,Mechanical,9.23,1,1,5,6,7,84,1,1,Startup,12.11,32.333333333333336,87.30000000000001,7,7
10497,Female,22,BTech,DS,6.34,1,2,4,1,2,94,1,0,,0.0,32.333333333333336,58.4,7,7
10498,Female,20,BSc,DS,8.98,0,2,5,2,3,75,3,0,,0.0,26.666666666666668,89.80000000000001,10,10
10499,Female,24,BCA,AI,7.28,0,0,4,4,8,65,2,0,,0.0,25.666666666666668,72.8,6,6
10500,Female,20,BCA,Mechanical,6.26,1,0,4,8,3,65,4,0,,0.0,25.333333333333332,57.599999999999994,8,8
10501,Female,22,BE,IT,8.77,0,0,0,8,10,50,2,0,,0.0,22.666666666666668,87.69999999999999,2,2
10502,Female,23,BCA,Mechanical,8.78,2,0,1,9,7,93,0,1,Service,14.41,36.333333333333336,77.8,1,1
10503,Female,24,BCA,Electrical,9.78,1,1,4,1,6,64,4,0,,0.0,23.666666666666668,92.8,9,9
10504,Male,23,BTech,DS,8.86,2,1,0,8,3,75,0,1,Product,11.11,28.666666666666668,78.6,1,1
10505,Female,21,BTech,Electrical,6.12,1,0,5,4,3,81,1,0,,0.0,29.333333333333332,56.2,6,6
10506,Male,24,BTech,DS,6.89,1,2,5,5,9,87,3,1,Service,10.25,33.666666666666664,63.89999999999999,10,10
10507,Female,20,BE,Electrical,7.44,0,3,2,10,5,41,4,0,,0.0,18.666666666666668,74.4,9,9
10508,Female,23,BE,DS,6.04,2,3,2,5,7,80,0,0,,0.0,30.666666666666668,50.4,5,5
10509,Male,21,BSc,IT,8.89,2,1,1,7,2,67,1,1,Product,8.66,25.333333333333332,78.9,3,3
10510,Female,24,BE,Electrical,7.76,3,0,4,3,10,40,4,0,,0.0,17.666666666666668,62.599999999999994,8,8
10511,Male,21,BTech,CS,9.56,2,0,1,5,7,45,4,0,,0.0,19.0,85.60000000000001,5,5
10512,Female,20,BE,DS,8.03,2,3,1,7,8,94,5,1,Product,13.28,36.333333333333336,70.3,9,9
10513,Male,24,BCA,Mechanical,7.75,0,2,1,6,4,79,5,1,Service,10.59,29.666666666666668,77.5,8,8
10514,Female,21,BE,CS,5.81,3,3,0,2,1,75,5,0,,0.0,26.0,43.099999999999994,8,8
10515,Male,22,BCA,Mechanical,6.14,2,2,1,8,10,40,2,0,,0.0,19.333333333333332,51.4,5,5
10516,Male,24,BSc,DS,9.15,0,3,5,9,4,88,4,1,Startup,12.49,33.666666666666664,91.5,12,12
10517,Female,24,BCA,IT,9.76,1,0,2,9,5,54,0,0,,0.0,22.666666666666668,92.6,2,2
10518,Female,24,BTech,CS,7.29,2,1,4,9,5,40,3,0,,0.0,18.0,62.900000000000006,8,8
10519,Male,24,BSc,CS,8.98,0,1,3,2,2,58,4,0,,0.0,20.666666666666668,89.80000000000001,8,8
10520,Female,22,BSc,DS,8.2,1,2,3,10,8,64,0,1,Startup,3.1,27.333333333333332,77.0,5,5
10521,Male,20,BSc,Electrical,9.62,2,1,3,3,2,53,1,0,,0.0,19.333333333333332,86.19999999999999,5,5
10522,Female,22,BTech,DS,6.52,2,1,4,4,1,61,1,0,,0.0,22.0,55.19999999999999,6,6
10523,Male,22,BCA,DS,7.84,0,1,1,2,5,62,4,0,,0.0,23.0,78.4,6,6
10524,Female,21,BSc,AI,7.26,1,3,5,6,7,46,3,0,,0.0,19.666666666666668,67.6,11,11
10525,Male,23,BTech,IT,7.83,1,0,4,7,8,73,4,1,Service,13.34,29.333333333333332,73.3,8,8
10526,Female,23,BSc,Electrical,6.66,1,3,4,9,4,50,2,0,,0.0,21.0,61.599999999999994,9,9
10527,Male,21,BSc,IT,7.64,1,0,5,1,1,55,4,0,,0.0,19.0,71.39999999999999,9,9
10528,Male,22,BTech,DS,8.19,2,1,0,7,5,86,2,1,Product,10.18,32.666666666666664,71.89999999999999,3,3
10529,Female,21,BE,AI,5.85,1,3,5,5,3,77,2,0,,0.0,28.333333333333332,53.5,10,10
10530,Female,24,BSc,DS,8.69,0,0,4,3,1,48,5,0,,0.0,17.333333333333332,86.89999999999999,9,9
10531,Male,21,BE,DS,8.54,0,3,0,5,7,43,2,0,,0.0,18.333333333333332,85.39999999999999,5,5
10532,Male,21,BSc,IT,9.29,2,2,2,6,9,84,2,1,Product,8.55,33.0,82.89999999999999,6,6
10533,Male,24,BE,AI,7.33,0,3,0,4,9,95,2,0,,0.0,36.0,73.3,5,5
10534,Male,23,BCA,IT,5.77,3,1,3,10,4,79,1,0,,0.0,31.0,42.699999999999996,5,5
10535,Female,24,BE,DS,7.48,2,3,0,9,8,74,4,1,Product,7.7,30.333333333333332,64.80000000000001,7,7
10536,Male,20,BE,Mechanical,6.09,3,1,2,1,1,62,4,0,,0.0,21.333333333333332,45.9,7,7
10537,Male,21,BE,CS,8.28,1,2,4,10,4,63,2,1,Startup,3.13,25.666666666666668,77.8,8,8
10538,Male,21,BE,Electrical,5.7,3,1,3,6,4,93,2,0,,0.0,34.333333333333336,42.0,6,6
10539,Female,23,BCA,DS,7.11,2,1,0,10,2,43,2,0,,0.0,18.333333333333332,61.10000000000001,3,3
10540,Male,22,BTech,Electrical,5.86,1,1,5,2,8,69,4,0,,0.0,26.333333333333332,53.6,10,10
10541,Female,24,BE,AI,5.51,0,3,1,7,8,79,2,0,,0.0,31.333333333333332,55.099999999999994,6,6
10542,Female,22,BTech,Mechanical,9.63,2,2,5,9,7,98,2,1,Startup,12.65,38.0,86.30000000000001,9,9
10543,Female,20,BSc,Electrical,9.78,1,3,4,6,4,71,3,1,Service,8.08,27.0,92.8,10,10
10544,Female,24,BTech,Electrical,7.89,2,0,3,10,5,91,4,1,Startup,12.99,35.333333333333336,68.89999999999999,7,7
10545,Female,20,BE,AI,6.53,1,3,3,9,5,77,3,1,Startup,13.27,30.333333333333332,60.3,9,9
10546,Female,20,BTech,DS,9.42,2,0,0,8,1,73,0,1,Startup,8.6,27.333333333333332,84.2,0,0
10547,Female,20,BCA,DS,9.47,2,1,4,5,6,99,3,1,Service,14.2,36.666666666666664,84.7,8,8
10548,Male,24,BCA,CS,9.17,2,0,4,8,7,73,3,1,Service,6.54,29.333333333333332,81.7,7,7
10549,Male,24,BE,AI,7.84,2,1,1,5,4,70,0,1,Service,7.49,26.333333333333332,68.4,2,2
10550,Female,23,BTech,Mechanical,5.82,3,2,1,8,3,70,3,0,,0.0,27.0,43.2,6,6
10551,Male,21,BSc,CS,5.88,1,2,3,7,8,71,3,0,,0.0,28.666666666666668,53.8,8,8
10552,Male,22,BCA,AI,9.36,1,1,5,5,2,75,2,1,Product,7.78,27.333333333333332,88.6,8,8
10553,Female,22,BE,DS,9.27,2,1,3,8,1,61,0,1,Product,4.01,23.333333333333332,82.69999999999999,4,4
10554,Male,20,BCA,CS,7.37,2,1,2,6,7,58,2,0,,0.0,23.666666666666668,63.7,5,5
10555,Female,24,BE,DS,6.91,0,0,3,7,3,84,1,1,Product,13.47,31.333333333333332,69.1,4,4
10556,Male,24,BTech,IT,8.27,1,2,1,5,3,74,4,1,Product,10.68,27.333333333333332,77.69999999999999,7,7
10557,Female,20,BTech,IT,8.97,3,1,0,8,6,77,3,1,Product,5.04,30.333333333333332,74.7,4,4
10558,Female,21,BTech,CS,8.65,1,0,2,8,3,81,1,1,Service,13.83,30.666666666666668,81.5,3,3
10559,Male,22,BTech,CS,8.15,1,1,3,1,9,99,0,0,,0.0,36.333333333333336,76.5,4,4
10560,Male,23,BTech,AI,6.5,1,2,1,8,2,54,1,0,,0.0,21.333333333333332,60.0,4,4
10561,Female,21,BE,Mechanical,6.63,0,3,5,10,1,95,0,1,Product,8.39,35.333333333333336,66.3,8,8
10562,Female,24,BCA,Mechanical,8.61,3,2,2,8,7,77,0,1,Startup,12.04,30.666666666666668,71.1,4,4
10563,Female,20,BSc,IT,8.95,2,3,0,7,7,99,0,1,Service,10.27,37.666666666666664,79.5,3,3
10564,Male,22,BCA,IT,6.0,3,2,0,6,9,47,3,0,,0.0,20.666666666666668,45.0,5,5
10565,Male,20,BTech,IT,6.31,2,1,5,10,5,71,0,0,,0.0,28.666666666666668,53.099999999999994,6,6
10566,Male,24,BCA,DS,8.43,2,2,1,3,3,75,3,0,,0.0,27.0,74.3,6,6
10567,Male,20,BCA,Mechanical,7.17,3,1,4,7,10,76,1,1,Startup,3.43,31.0,56.7,6,6
10568,Female,22,BE,CS,7.92,0,0,5,4,2,69,1,0,,0.0,25.0,79.2,6,6
10569,Female,20,BSc,IT,8.14,0,3,1,8,8,90,3,1,Product,13.28,35.333333333333336,81.4,7,7
10570,Female,22,BSc,Electrical,8.84,2,3,1,5,5,87,5,1,Product,10.87,32.333333333333336,78.4,9,9
10571,Female,20,BTech,AI,8.96,0,0,1,3,2,62,1,0,,0.0,22.333333333333332,89.60000000000001,2,2
10572,Male,20,BE,CS,6.7,0,3,4,6,6,82,2,1,Service,9.73,31.333333333333332,67.0,9,9
10573,Female,22,BE,CS,7.83,0,0,3,6,8,46,1,0,,0.0,20.0,78.3,4,4
10574,Female,20,BE,CS,6.03,0,1,3,6,3,61,2,0,,0.0,23.333333333333332,60.300000000000004,6,6
10575,Male,21,BE,Mechanical,9.12,2,2,0,8,1,75,1,1,Startup,3.57,28.0,81.19999999999999,3,3
10576,Male,23,BE,IT,9.14,0,3,3,1,5,78,5,0,,0.0,28.0,91.4,11,11
10577,Female,21,BSc,AI,6.79,3,2,1,10,8,67,1,1,Startup,10.31,28.333333333333332,52.900000000000006,4,4
10578,Male,23,BSc,DS,6.19,3,1,5,1,5,51,0,0,,0.0,19.0,46.900000000000006,6,6
10579,Female,21,BCA,AI,5.8,2,3,3,10,3,42,5,0,,0.0,18.333333333333332,48.0,11,11
10580,Male,23,BSc,AI,7.97,1,0,4,7,7,84,5,1,Product,9.22,32.666666666666664,74.7,9,9
10581,Male,20,BE,Electrical,5.89,0,0,5,3,10,77,2,0,,0.0,30.0,58.9,7,7
10582,Female,22,BCA,AI,8.43,3,3,3,8,7,83,5,1,Startup,6.7,32.666666666666664,69.3,11,11
10583,Male,22,BSc,DS,8.42,1,1,1,3,5,75,3,0,,0.0,27.666666666666668,79.2,5,5
10584,Female,24,BCA,AI,8.14,3,2,3,6,2,60,0,1,Startup,6.26,22.666666666666668,66.4,5,5
10585,Male,23,BSc,Electrical,9.27,3,2,5,1,10,61,5,0,,0.0,24.0,77.69999999999999,12,12
10586,Male,24,BTech,AI,7.13,1,2,0,2,8,62,5,0,,0.0,24.0,66.3,7,7
10587,Male,24,BSc,IT,9.38,0,3,3,7,7,46,2,0,,0.0,20.0,93.80000000000001,8,8
10588,Male,23,BCA,Electrical,5.66,2,2,0,6,7,46,0,0,,0.0,19.666666666666668,46.6,2,2
10589,Male,22,BTech,IT,5.98,2,0,2,1,8,60,4,0,,0.0,23.0,49.800000000000004,6,6
10590,Female,23,BE,IT,7.27,2,2,4,10,8,83,5,1,Product,14.24,33.666666666666664,62.69999999999999,11,11
10591,Male,20,BCA,CS,8.05,0,1,0,7,4,53,0,0,,0.0,21.333333333333332,80.5,1,1
10592,Female,24,BE,Electrical,5.64,0,2,5,4,1,81,5,0,,0.0,28.666666666666668,56.4,12,12
10593,Male,24,BE,AI,7.94,3,0,2,1,10,46,3,0,,0.0,19.0,64.4,5,5
10594,Female,23,BCA,Mechanical,6.82,2,2,2,9,4,44,4,0,,0.0,19.0,58.2,8,8
10595,Male,24,BE,Mechanical,9.31,2,2,1,3,2,76,3,0,,0.0,27.0,83.10000000000001,6,6
10596,Female,22,BCA,Mechanical,7.79,3,3,2,9,6,58,5,0,,0.0,24.333333333333332,62.900000000000006,10,10
10597,Female,24,BCA,DS,8.03,3,1,4,7,8,64,3,1,Service,3.98,26.333333333333332,65.3,8,8
10598,Male,23,BSc,IT,9.57,1,2,4,8,10,51,2,0,,0.0,23.0,90.7,8,8
10599,Male,22,BTech,IT,8.79,1,2,4,7,10,48,5,0,,0.0,21.666666666666668,82.89999999999999,11,11
10600,Male,22,BE,IT,7.38,0,3,4,10,3,40,1,0,,0.0,17.666666666666668,73.8,8,8
10601,Female,24,BE,Electrical,7.55,2,1,1,9,6,91,0,1,Service,8.4,35.333333333333336,65.5,2,2
10602,Female,23,BTech,DS,8.29,3,1,3,3,9,82,3,0,,0.0,31.333333333333332,67.89999999999999,7,7
10603,Male,24,BTech,AI,6.36,2,3,5,8,4,68,4,0,,0.0,26.666666666666668,53.6,12,12
10604,Male,20,BTech,CS,5.88,0,1,5,2,6,82,2,0,,0.0,30.0,58.8,8,8
10605,Female,20,BTech,Electrical,6.84,2,1,0,4,2,58,5,0,,0.0,21.333333333333332,58.400000000000006,6,6
10606,Female,22,BTech,IT,8.85,3,0,1,10,6,54,0,0,,0.0,23.333333333333332,73.5,1,1
10607,Male,24,BSc,AI,6.61,3,2,5,4,1,75,0,0,,0.0,26.666666666666668,51.10000000000001,7,7
10608,Female,20,BCA,Mechanical,6.06,3,2,1,6,7,57,2,0,,0.0,23.333333333333332,45.599999999999994,5,5
10609,Male,21,BTech,CS,6.44,0,0,0,3,3,61,0,0,,0.0,22.333333333333332,64.4,0,0
10610,Male,20,BSc,Mechanical,8.42,3,1,5,1,3,61,1,0,,0.0,21.666666666666668,69.2,7,7
10611,Male,24,BTech,AI,8.14,1,2,0,10,10,69,1,1,Startup,14.32,29.666666666666668,76.4,3,3
10612,Female,24,BTech,AI,8.46,3,1,3,8,6,46,0,0,,0.0,20.0,69.60000000000001,4,4
10613,Female,20,BE,Mechanical,6.88,2,1,3,9,5,87,0,1,Product,8.8,33.666666666666664,58.8,4,4
10614,Female,24,BE,Electrical,9.37,3,3,4,7,1,45,2,0,,0.0,17.666666666666668,78.69999999999999,9,9
10615,Female,24,BE,CS,7.44,3,0,5,9,1,52,4,0,,0.0,20.666666666666668,59.400000000000006,9,9
10616,Male,21,BE,Mechanical,7.71,2,3,3,6,2,95,5,1,Product,7.62,34.333333333333336,67.1,11,11
10617,Female,22,BCA,Mechanical,9.58,0,0,3,3,3,91,3,0,,0.0,32.333333333333336,95.8,6,6
10618,Male,24,BCA,Electrical,9.71,0,1,0,9,4,53,5,0,,0.0,22.0,97.10000000000001,6,6
10619,Male,23,BE,Mechanical,8.34,0,2,2,1,10,41,3,0,,0.0,17.333333333333332,83.4,7,7
10620,Male,22,BE,CS,9.56,0,1,4,1,6,81,5,0,,0.0,29.333333333333332,95.60000000000001,10,10
10621,Female,22,BTech,DS,7.83,3,2,4,2,10,55,4,0,,0.0,22.333333333333332,63.3,10,10
10622,Male,23,BTech,CS,6.82,3,1,1,4,10,78,5,0,,0.0,30.666666666666668,53.2,7,7
10623,Male,20,BE,Electrical,6.85,1,1,3,3,2,85,5,0,,0.0,30.0,63.5,9,9
10624,Female,21,BE,Mechanical,7.9,0,2,3,1,7,72,0,0,,0.0,26.666666666666668,79.0,5,5
10625,Male,24,BE,IT,8.1,2,3,0,7,8,40,3,0,,0.0,18.333333333333332,71.0,6,6
10626,Female,20,BTech,IT,7.39,2,0,3,4,4,69,1,0,,0.0,25.666666666666668,63.89999999999999,4,4
10627,Female,23,BE,AI,9.3,2,0,1,1,7,50,2,0,,0.0,19.333333333333332,83.0,3,3
10628,Female,21,BE,DS,7.33,2,1,0,6,10,53,4,0,,0.0,23.0,63.3,5,5
10629,Male,21,BCA,Electrical,6.68,1,2,4,6,9,76,3,1,Startup,12.37,30.333333333333332,61.8,9,9
10630,Female,21,BCA,AI,5.53,1,0,3,1,1,76,4,0,,0.0,26.0,50.300000000000004,7,7
10631,Female,23,BTech,AI,9.67,1,2,3,7,6,92,0,1,Startup,5.44,35.0,91.7,5,5
10632,Female,20,BCA,IT,9.04,0,3,1,8,10,74,3,1,Product,13.06,30.666666666666668,90.39999999999999,7,7
10633,Female,24,BTech,CS,8.15,3,3,5,5,6,53,4,0,,0.0,21.333333333333332,66.5,12,12
10634,Male,21,BSc,AI,9.07,2,0,1,10,3,87,3,1,Service,6.23,33.333333333333336,80.7,4,4
10635,Female,21,BE,AI,8.98,2,2,0,7,7,61,3,1,Startup,13.0,25.0,79.80000000000001,5,5
10636,Male,20,BTech,DS,9.51,1,1,4,8,9,70,3,1,Service,10.41,29.0,90.1,8,8
10637,Female,21,BCA,IT,7.16,0,3,5,7,6,57,4,0,,0.0,23.333333333333332,71.6,12,12
10638,Male,21,BSc,CS,7.89,1,2,5,3,3,49,2,0,,0.0,18.333333333333332,73.89999999999999,9,9
10639,Female,23,BCA,DS,5.92,2,1,1,10,2,63,2,0,,0.0,25.0,49.2,4,4
10640,Male,22,BTech,CS,9.65,2,0,1,10,6,63,4,1,Startup,3.29,26.333333333333332,86.5,5,5
10641,Female,20,BSc,CS,9.74,1,2,4,2,3,71,1,0,,0.0,25.333333333333332,92.4,7,7
10642,Male,20,BCA,AI,8.89,2,3,2,9,1,76,0,1,Product,14.46,28.666666666666668,78.9,5,5
10643,Male,20,BSc,DS,7.45,3,0,0,5,9,93,4,1,Service,4.94,35.666666666666664,59.5,4,4
10644,Male,23,BE,AI,7.64,3,0,5,9,7,73,1,1,Startup,6.61,29.666666666666668,61.39999999999999,6,6
10645,Female,23,BE,Mechanical,7.37,1,1,2,4,4,92,5,0,,0.0,33.333333333333336,68.7,8,8
10646,Male,24,BSc,CS,6.76,3,3,4,1,2,95,4,0,,0.0,32.666666666666664,52.599999999999994,11,11
10647,Male,23,BCA,DS,7.77,3,3,5,8,3,49,0,0,,0.0,20.0,62.69999999999999,8,8
10648,Male,20,BCA,IT,5.73,1,2,5,5,6,85,5,0,,0.0,32.0,52.300000000000004,12,12
10649,Male,24,BCA,AI,9.77,1,1,3,4,8,53,5,0,,0.0,21.666666666666668,92.69999999999999,9,9
10650,Female,22,BE,Mechanical,7.32,1,2,5,9,3,62,4,1,Service,5.88,24.666666666666668,68.2,11,11
10651,Male,21,BTech,Electrical,9.49,3,0,0,9,2,71,3,1,Startup,11.53,27.333333333333332,79.9,3,3
10652,Male,21,BTech,Mechanical,8.61,2,0,4,2,5,99,4,0,,0.0,35.333333333333336,76.1,8,8
10653,Male,24,BSc,Mechanical,6.75,0,2,4,1,8,86,1,0,,0.0,31.666666666666668,67.5,7,7
10654,Female,22,BCA,AI,6.45,2,3,5,8,9,96,4,0,,0.0,37.666666666666664,54.5,12,12
10655,Male,21,BSc,IT,9.78,1,3,0,9,4,51,2,0,,0.0,21.333333333333332,92.8,5,5
10656,Male,24,BTech,DS,8.82,2,0,2,4,2,80,4,0,,0.0,28.666666666666668,78.2,6,6
10657,Male,23,BTech,CS,6.57,0,0,3,1,7,63,1,0,,0.0,23.666666666666668,65.7,4,4
10658,Male,20,BCA,IT,5.79,2,1,2,7,5,73,4,0,,0.0,28.333333333333332,47.9,7,7
10659,Female,22,BSc,AI,8.5,1,0,1,5,9,86,5,1,Startup,6.88,33.333333333333336,80.0,6,6
10660,Male,21,BCA,Electrical,6.8,0,0,2,5,1,59,2,0,,0.0,21.666666666666668,68.0,4,4
10661,Male,20,BTech,DS,6.45,3,0,1,5,5,68,5,0,,0.0,26.0,49.5,6,6
10662,Female,24,BTech,CS,8.66,2,2,0,10,4,55,4,0,,0.0,23.0,76.6,6,6
10663,Female,21,BCA,Electrical,8.42,3,0,5,9,9,91,0,1,Product,14.12,36.333333333333336,69.2,5,5
10664,Female,20,BSc,DS,7.57,3,1,1,7,2,79,2,1,Product,3.33,29.333333333333332,60.7,4,4
10665,Male,23,BE,CS,9.55,0,1,4,2,10,89,0,0,,0.0,33.666666666666664,95.5,5,5
10666,Female,22,BCA,CS,8.42,3,1,5,10,1,81,2,1,Product,11.09,30.666666666666668,69.2,8,8
10667,Male,24,BTech,Mechanical,9.34,3,1,5,9,10,48,1,0,,0.0,22.333333333333332,78.4,7,7
10668,Female,21,BE,Electrical,6.32,2,0,5,4,2,83,4,0,,0.0,29.666666666666668,53.2,9,9
10669,Male,23,BCA,Electrical,6.78,0,1,1,5,7,89,4,1,Startup,3.93,33.666666666666664,67.8,6,6
10670,Female,22,BE,AI,5.95,1,2,4,2,2,91,5,0,,0.0,31.666666666666668,54.5,11,11
10671,Male,22,BCA,IT,6.81,1,2,4,3,6,42,0,0,,0.0,17.0,63.099999999999994,6,6
10672,Female,23,BTech,Mechanical,9.68,0,3,2,5,1,49,2,0,,0.0,18.333333333333332,96.8,7,7
10673,Male,21,BCA,Mechanical,9.64,3,3,5,1,10,79,1,0,,0.0,30.0,81.4,9,9
10674,Male,22,BE,DS,8.77,2,0,5,1,4,40,5,0,,0.0,15.0,77.69999999999999,10,10
10675,Male,24,BSc,Electrical,7.74,3,3,3,1,7,94,2,0,,0.0,34.0,62.400000000000006,8,8
10676,Male,20,BTech,CS,8.86,1,2,5,7,8,46,3,0,,0.0,20.333333333333332,83.6,10,10
10677,Male,24,BTech,CS,7.88,2,2,2,10,8,70,0,1,Service,8.72,29.333333333333332,68.8,4,4
10678,Male,22,BE,DS,5.52,0,0,2,4,5,80,2,0,,0.0,29.666666666666668,55.199999999999996,4,4
10679,Male,20,BCA,Electrical,7.66,3,3,4,4,2,52,0,0,,0.0,19.333333333333332,61.599999999999994,7,7
10680,Male,23,BCA,AI,8.08,3,0,3,3,4,97,5,0,,0.0,34.666666666666664,65.8,8,8
10681,Female,20,BCA,CS,6.64,2,1,4,2,3,95,3,0,,0.0,33.333333333333336,56.39999999999999,8,8
10682,Male,20,BTech,Mechanical,6.37,3,1,5,4,7,61,2,0,,0.0,24.0,48.7,8,8
10683,Male,20,BTech,Mechanical,6.68,0,3,3,2,6,55,2,0,,0.0,21.0,66.8,8,8
10684,Female,22,BE,Electrical,8.18,2,0,1,7,2,61,0,1,Startup,6.0,23.333333333333332,71.8,1,1
10685,Male,21,BCA,CS,6.13,0,2,4,10,4,45,3,0,,0.0,19.666666666666668,61.3,9,9
10686,Female,22,BCA,CS,8.6,0,0,2,6,3,92,1,1,Product,4.93,33.666666666666664,86.0,3,3
10687,Male,21,BE,AI,7.32,0,1,4,6,1,85,4,1,Service,6.39,30.666666666666668,73.2,9,9
10688,Female,23,BTech,Electrical,7.02,0,0,0,2,1,40,5,0,,0.0,14.333333333333334,70.19999999999999,5,5
10689,Female,23,BTech,CS,8.97,3,0,0,5,3,41,0,0,,0.0,16.333333333333332,74.7,0,0
10690,Male,23,BSc,AI,7.68,2,3,0,10,9,66,0,1,Product,12.96,28.333333333333332,66.8,3,3
10691,Female,23,BSc,Mechanical,7.13,3,2,2,8,10,51,4,0,,0.0,23.0,56.3,8,8
10692,Male,23,BCA,AI,9.28,1,0,2,2,4,45,2,0,,0.0,17.0,87.8,4,4
10693,Male,24,BTech,CS,7.08,0,1,0,8,10,41,0,0,,0.0,19.666666666666668,70.8,1,1
10694,Male,22,BCA,IT,9.19,0,0,5,9,8,76,1,1,Service,12.42,31.0,91.89999999999999,6,6
10695,Male,21,BTech,Electrical,7.67,1,2,2,3,1,49,3,0,,0.0,17.666666666666668,71.7,7,7
10696,Female,23,BSc,CS,6.39,1,0,5,4,8,56,2,0,,0.0,22.666666666666668,58.9,7,7
10697,Male,24,BE,IT,8.14,0,2,2,8,2,56,0,0,,0.0,22.0,81.4,4,4
10698,Female,24,BTech,Mechanical,6.73,3,0,2,2,3,45,5,0,,0.0,16.666666666666668,52.30000000000001,7,7
10699,Female,24,BSc,Electrical,6.13,3,3,0,2,1,40,1,0,,0.0,14.333333333333334,46.3,4,4
10700,Male,22,BSc,DS,5.87,0,2,1,1,8,59,5,0,,0.0,22.666666666666668,58.7,8,8
10701,Male,23,BTech,Electrical,6.54,2,0,5,2,5,57,4,0,,0.0,21.333333333333332,55.400000000000006,9,9
10702,Male,24,BCA,Mechanical,8.67,1,0,5,9,9,48,2,0,,0.0,22.0,81.7,7,7
10703,Male,24,BTech,Mechanical,9.1,3,0,1,5,8,71,1,1,Product,12.76,28.0,76.0,2,2
10704,Female,23,BSc,Mechanical,9.21,2,0,3,4,2,56,0,0,,0.0,20.666666666666668,82.10000000000001,3,3
10705,Male,22,BTech,AI,6.66,0,0,4,2,6,58,4,0,,0.0,22.0,66.6,8,8
10706,Female,24,BE,Mechanical,8.34,0,1,1,2,4,94,0,0,,0.0,33.333333333333336,83.4,2,2
10707,Male,21,BCA,DS,6.49,3,3,3,6,10,88,3,0,,0.0,34.666666666666664,49.900000000000006,9,9
10708,Male,20,BTech,CS,8.18,3,1,1,7,4,52,0,0,,0.0,21.0,66.8,2,2
10709,Male,20,BSc,IT,9.32,0,0,0,4,4,40,4,0,,0.0,16.0,93.2,4,4
10710,Male,20,BSc,Electrical,5.68,3,2,3,7,8,84,3,0,,0.0,33.0,41.8,8,8
10711,Female,22,BCA,Electrical,9.74,3,2,0,1,8,77,3,0,,0.0,28.666666666666668,82.4,5,5
10712,Female,24,BTech,Mechanical,9.06,3,1,0,8,3,83,2,1,Product,12.26,31.333333333333332,75.60000000000001,3,3
10713,Male,20,BSc,IT,8.78,0,1,3,3,8,77,0,0,,0.0,29.333333333333332,87.8,4,4
10714,Female,20,BCA,Mechanical,8.47,1,1,5,7,8,75,2,1,Service,4.38,30.0,79.7,8,8
10715,Female,23,BE,AI,8.81,2,3,5,7,7,49,4,0,,0.0,21.0,78.10000000000001,12,12
10716,Male,24,BCA,IT,9.78,1,3,3,3,2,74,5,0,,0.0,26.333333333333332,92.8,11,11
10717,Male,24,BTech,Mechanical,8.81,0,2,1,5,5,65,2,1,Service,4.11,25.0,88.10000000000001,5,5
10718,Female,23,BTech,Mechanical,7.01,2,1,1,2,5,87,2,0,,0.0,31.333333333333332,60.099999999999994,4,4
10719,Female,24,BSc,DS,8.14,0,3,4,9,4,72,4,1,Product,12.61,28.333333333333332,81.4,11,11
10720,Female,21,BE,DS,6.95,1,1,1,5,1,79,3,1,Startup,7.18,28.333333333333332,64.5,5,5
10721,Female,22,BTech,DS,9.67,0,1,5,4,4,47,0,0,,0.0,18.333333333333332,96.7,6,6
10722,Male,23,BSc,AI,9.37,3,3,3,10,1,94,2,1,Service,6.29,35.0,78.69999999999999,8,8
10723,Male,20,BCA,IT,7.94,3,0,1,3,7,59,1,0,,0.0,23.0,64.4,2,2
10724,Female,24,BCA,AI,8.86,1,0,3,1,1,41,3,0,,0.0,14.333333333333334,83.6,6,6
10725,Male,21,BTech,CS,9.41,3,1,4,7,4,78,2,1,Startup,11.44,29.666666666666668,79.1,7,7
10726,Female,21,BE,Mechanical,6.55,1,2,3,3,7,79,1,0,,0.0,29.666666666666668,60.5,6,6
10727,Female,22,BSc,Mechanical,7.99,0,3,4,10,5,67,5,1,Startup,14.13,27.333333333333332,79.9,12,12
10728,Male,21,BTech,Mechanical,7.57,0,0,4,1,3,68,4,0,,0.0,24.0,75.7,8,8
10729,Female,24,BSc,DS,8.82,1,3,4,10,9,92,2,1,Product,14.09,37.0,83.2,9,9
10730,Female,24,BCA,Mechanical,7.13,2,3,0,10,2,64,0,1,Product,8.42,25.333333333333332,61.3,3,3
10731,Male,21,BSc,DS,8.55,1,1,5,8,2,65,3,1,Product,8.83,25.0,80.5,9,9
10732,Male,24,BCA,CS,7.23,2,0,2,8,8,47,5,0,,0.0,21.0,62.30000000000001,7,7
10733,Female,24,BE,AI,5.98,1,3,5,3,5,69,2,0,,0.0,25.666666666666668,54.800000000000004,10,10
10734,Female,20,BE,AI,5.96,0,2,3,10,7,91,0,0,,0.0,36.0,59.6,5,5
10735,Male,23,BCA,AI,6.01,3,1,5,3,9,97,2,0,,0.0,36.333333333333336,45.099999999999994,8,8
10736,Female,24,BTech,DS,5.64,1,1,1,2,2,96,1,0,,0.0,33.333333333333336,51.4,3,3
10737,Female,24,BCA,Electrical,7.79,2,0,2,8,7,40,3,0,,0.0,18.333333333333332,67.9,5,5
10738,Male,22,BSc,Electrical,8.39,3,1,5,9,7,67,0,1,Service,8.74,27.666666666666668,68.9,6,6
10739,Male,23,BSc,IT,6.04,2,0,2,4,4,69,0,0,,0.0,25.666666666666668,50.4,2,2
10740,Male,23,BSc,Electrical,8.13,2,3,5,4,7,52,4,0,,0.0,21.0,71.30000000000001,12,12
10741,Male,23,BTech,IT,8.07,2,2,0,5,4,80,3,1,Startup,14.1,29.666666666666668,70.7,5,5
10742,Male,21,BE,CS,6.13,2,0,3,3,9,88,5,0,,0.0,33.333333333333336,51.3,8,8
10743,Male,20,BE,IT,7.24,1,3,3,5,4,60,2,1,Startup,8.79,23.0,67.4,8,8
10744,Female,20,BSc,CS,8.75,3,3,1,4,1,60,1,0,,0.0,21.666666666666668,72.5,5,5
10745,Female,22,BTech,Mechanical,5.57,3,3,0,8,6,79,2,0,,0.0,31.0,40.7,5,5
10746,Male,23,BSc,AI,6.13,3,1,5,5,5,50,1,0,,0.0,20.0,46.3,7,7
10747,Male,23,BE,Electrical,9.78,3,2,5,7,4,66,4,1,Product,4.02,25.666666666666668,82.8,11,11
10748,Female,24,BCA,DS,8.65,0,2,5,4,3,44,5,0,,0.0,17.0,86.5,12,12
10749,Female,21,BSc,CS,7.5,0,2,5,2,4,52,0,0,,0.0,19.333333333333332,75.0,7,7
10750,Female,21,BSc,Electrical,8.21,1,0,2,8,1,51,1,0,,0.0,20.0,77.10000000000001,3,3
10751,Male,22,BSc,DS,9.14,3,2,5,4,5,79,0,0,,0.0,29.333333333333332,76.4,7,7
10752,Male,20,BE,DS,9.12,0,3,3,9,2,72,5,1,Product,5.2,27.666666666666668,91.19999999999999,11,11
10753,Female,23,BTech,AI,6.9,3,1,0,6,7,97,0,1,Product,8.61,36.666666666666664,54.0,1,1
10754,Male,22,BCA,Mechanical,7.61,1,2,4,8,9,69,2,1,Service,9.51,28.666666666666668,71.10000000000001,8,8
10755,Male,21,BCA,Mechanical,8.24,2,3,3,9,6,42,1,0,,0.0,19.0,72.4,7,7
10756,Male,21,BCA,IT,5.81,1,2,5,9,6,87,1,0,,0.0,34.0,53.099999999999994,8,8
10757,Female,21,BSc,Electrical,9.57,0,0,2,9,10,62,0,1,Product,8.72,27.0,95.7,2,2
10758,Female,23,BE,Mechanical,7.36,0,3,4,7,10,70,5,1,Startup,11.56,29.0,73.60000000000001,12,12
10759,Male,23,BCA,AI,7.09,0,0,4,3,3,45,5,0,,0.0,17.0,70.9,9,9
10760,Male,23,BSc,Electrical,9.4,1,1,5,8,8,50,5,0,,0.0,22.0,89.0,11,11
10761,Male,24,BTech,DS,6.01,1,1,4,7,3,76,1,0,,0.0,28.666666666666668,55.099999999999994,6,6
10762,Male,20,BSc,CS,5.67,1,0,5,9,4,78,3,0,,0.0,30.333333333333332,51.7,8,8
10763,Male,21,BCA,CS,8.45,3,2,2,5,3,86,5,1,Product,14.65,31.333333333333332,69.5,9,9
10764,Female,21,BCA,Mechanical,7.16,0,0,0,4,2,84,4,0,,0.0,30.0,71.6,4,4
10765,Male,24,BTech,IT,8.79,1,3,3,2,1,76,5,0,,0.0,26.333333333333332,82.89999999999999,11,11
10766,Male,21,BE,CS,5.79,1,0,0,7,1,78,3,0,,0.0,28.666666666666668,52.9,3,3
10767,Male,21,BTech,IT,7.15,3,0,5,6,1,97,2,1,Startup,4.9,34.666666666666664,56.5,7,7
10768,Female,23,BTech,CS,6.51,0,1,2,6,10,90,2,1,Product,4.98,35.333333333333336,65.1,5,5
10769,Female,23,BCA,IT,8.68,2,3,1,10,5,45,3,0,,0.0,20.0,76.8,7,7
10770,Male,20,BCA,IT,6.48,2,1,5,8,10,57,4,0,,0.0,25.0,54.80000000000001,10,10
10771,Female,21,BE,DS,7.47,0,3,3,1,1,40,5,0,,0.0,14.0,74.7,11,11
10772,Female,22,BCA,AI,9.02,3,1,3,1,5,57,5,0,,0.0,21.0,75.19999999999999,9,9
10773,Female,21,BTech,CS,9.44,0,1,5,4,4,91,1,0,,0.0,33.0,94.39999999999999,7,7
10774,Female,21,BTech,Electrical,8.61,2,2,1,8,2,50,5,0,,0.0,20.0,76.1,8,8
10775,Female,20,BE,Mechanical,7.35,1,1,4,5,3,81,4,1,Product,3.47,29.666666666666668,68.5,9,9
10776,Female,22,BCA,AI,7.96,0,1,3,9,8,45,4,0,,0.0,20.666666666666668,79.6,8,8
10777,Male,21,BCA,DS,8.47,2,2,3,3,3,98,1,0,,0.0,34.666666666666664,74.7,6,6
10778,Female,22,BTech,DS,9.26,1,3,5,6,3,44,5,0,,0.0,17.666666666666668,87.6,13,13
10779,Female,23,BTech,DS,9.32,0,2,3,6,2,63,1,1,Service,12.48,23.666666666666668,93.2,6,6
10780,Male,23,BCA,Mechanical,9.5,3,0,2,4,5,41,1,0,,0.0,16.666666666666668,80.0,3,3
10781,Male,22,BSc,CS,8.99,2,2,1,2,2,87,1,0,,0.0,30.333333333333332,79.9,4,4
10782,Male,21,BTech,CS,6.13,1,2,3,6,10,74,0,0,,0.0,30.0,56.3,5,5
10783,Male,22,BTech,IT,8.71,1,1,5,10,10,73,3,1,Startup,12.45,31.0,82.10000000000001,9,9
10784,Female,22,BTech,IT,9.0,3,1,1,3,7,81,5,0,,0.0,30.333333333333332,75.0,7,7
10785,Female,23,BE,Electrical,9.27,2,1,4,8,10,41,0,0,,0.0,19.666666666666668,82.69999999999999,5,5
10786,Female,22,BCA,IT,9.48,1,3,3,2,8,91,3,0,,0.0,33.666666666666664,89.80000000000001,9,9
10787,Female,24,BCA,Mechanical,7.69,3,1,0,3,6,51,3,0,,0.0,20.0,61.900000000000006,4,4
10788,Male,24,BCA,AI,8.32,2,2,5,9,9,41,5,0,,0.0,19.666666666666668,73.2,12,12
10789,Female,23,BTech,CS,5.54,3,3,0,2,5,86,3,0,,0.0,31.0,40.4,6,6
10790,Female,21,BCA,IT,7.96,3,1,5,10,6,89,4,1,Product,4.76,35.0,64.6,10,10
10791,Male,21,BCA,Mechanical,7.53,3,3,0,1,4,74,3,0,,0.0,26.333333333333332,60.3,6,6
10792,Female,23,BCA,Mechanical,9.64,3,1,0,3,9,68,5,0,,0.0,26.666666666666668,81.4,6,6
10793,Female,21,BE,Electrical,9.38,2,0,5,10,2,72,1,1,Product,14.29,28.0,83.80000000000001,6,6
10794,Female,20,BE,IT,8.93,3,2,2,6,1,44,4,0,,0.0,17.0,74.3,8,8
10795,Female,24,BTech,Electrical,5.75,3,2,5,8,6,82,4,0,,0.0,32.0,42.5,11,11
10796,Male,20,BCA,DS,7.23,1,2,4,10,6,91,0,1,Product,3.82,35.666666666666664,67.30000000000001,6,6
10797,Male,20,BTech,DS,8.49,2,0,3,5,6,82,2,1,Product,10.54,31.0,74.9,5,5
10798,Male,20,BTech,DS,5.63,2,2,4,2,6,98,5,0,,0.0,35.333333333333336,46.3,11,11
10799,Male,23,BTech,IT,6.51,3,2,5,8,4,72,4,1,Service,5.94,28.0,50.099999999999994,11,11
10800,Male,20,BTech,Mechanical,9.32,3,3,0,2,9,93,1,0,,0.0,34.666666666666664,78.2,4,4
10801,Female,22,BTech,Mechanical,6.06,0,3,5,4,7,78,4,0,,0.0,29.666666666666668,60.599999999999994,12,12
10802,Female,21,BTech,CS,5.72,3,1,4,9,8,52,0,0,,0.0,23.0,42.199999999999996,5,5
10803,Male,23,BE,DS,8.0,2,2,4,7,8,70,4,1,Product,9.16,28.333333333333332,70.0,10,10
10804,Male,22,BSc,IT,9.57,1,1,2,3,10,75,2,0,,0.0,29.333333333333332,90.7,5,5
10805,Male,22,BE,CS,9.09,2,3,5,1,4,58,3,0,,0.0,21.0,80.9,11,11
10806,Female,24,BTech,Mechanical,9.69,1,0,0,6,6,64,4,1,Service,5.51,25.333333333333332,91.89999999999999,4,4
10807,Male,24,BSc,CS,8.74,3,3,1,9,7,82,0,1,Product,7.73,32.666666666666664,72.4,4,4
10808,Female,22,BSc,DS,7.38,0,1,4,4,6,74,2,0,,0.0,28.0,73.8,7,7
10809,Female,24,BCA,AI,9.57,1,0,5,7,6,92,3,1,Product,13.01,35.0,90.7,8,8
10810,Female,21,BTech,DS,7.33,2,0,4,3,7,76,4,0,,0.0,28.666666666666668,63.3,8,8
10811,Female,21,BTech,DS,7.01,3,0,0,1,9,78,5,0,,0.0,29.333333333333332,55.099999999999994,5,5
10812,Male,24,BE,IT,7.43,1,1,2,5,8,72,1,1,Startup,10.4,28.333333333333332,69.3,4,4
10813,Female,20,BSc,AI,9.0,0,0,5,1,3,82,4,0,,0.0,28.666666666666668,90.0,9,9
10814,Female,22,BSc,Electrical,9.45,0,3,3,2,3,42,1,0,,0.0,15.666666666666666,94.5,7,7
10815,Male,21,BTech,AI,7.04,0,3,0,7,2,90,0,1,Startup,6.35,33.0,70.4,3,3
10816,Female,24,BCA,AI,7.49,3,1,5,1,6,86,5,0,,0.0,31.0,59.900000000000006,11,11
10817,Female,24,BTech,Mechanical,9.36,1,3,3,6,7,97,3,1,Startup,14.9,36.666666666666664,88.6,9,9
10818,Female,21,BSc,CS,5.7,1,1,1,7,9,81,4,0,,0.0,32.333333333333336,52.0,6,6
10819,Male,21,BCA,Mechanical,8.87,3,1,3,4,6,63,3,0,,0.0,24.333333333333332,73.69999999999999,7,7
10820,Female,20,BCA,Electrical,7.45,1,0,4,4,9,42,5,0,,0.0,18.333333333333332,69.5,9,9
10821,Female,24,BSc,AI,7.12,3,1,2,2,2,46,1,0,,0.0,16.666666666666668,56.2,4,4
10822,Male,24,BTech,IT,7.42,0,3,5,5,4,52,2,0,,0.0,20.333333333333332,74.2,10,10
10823,Male,23,BTech,Electrical,7.3,1,1,5,7,1,96,5,1,Product,4.81,34.666666666666664,68.0,11,11
10824,Female,20,BTech,DS,8.75,0,0,1,4,6,63,0,0,,0.0,24.333333333333332,87.5,1,1
10825,Female,21,BE,DS,9.49,3,1,2,8,3,77,4,1,Product,3.15,29.333333333333332,79.9,7,7
10826,Male,21,BE,Mechanical,7.61,0,0,5,8,10,69,2,1,Startup,4.81,29.0,76.10000000000001,7,7
10827,Female,22,BCA,Electrical,9.08,2,0,2,7,6,44,5,0,,0.0,19.0,80.8,7,7
10828,Male,21,BTech,Mechanical,8.65,3,0,5,3,1,62,0,0,,0.0,22.0,71.5,5,5
10829,Female,24,BE,IT,6.92,2,1,3,10,8,80,1,1,Startup,7.34,32.666666666666664,59.2,5,5
10830,Male,21,BCA,DS,8.03,3,1,5,9,6,83,0,1,Service,4.74,32.666666666666664,65.3,6,6
10831,Female,24,BSc,Mechanical,8.37,0,2,2,8,7,93,3,1,Service,12.85,36.0,83.69999999999999,7,7
10832,Male,24,BSc,CS,5.6,0,2,1,10,9,66,1,0,,0.0,28.333333333333332,56.0,4,4
10833,Male,20,BTech,Mechanical,7.2,0,2,2,1,4,98,5,0,,0.0,34.333333333333336,72.0,9,9
10834,Male,21,BSc,Mechanical,9.77,2,0,1,9,4,57,0,0,,0.0,23.333333333333332,87.69999999999999,1,1
10835,Male,20,BSc,AI,8.24,0,3,4,7,10,79,3,1,Product,5.93,32.0,82.4,10,10
10836,Male,24,BSc,CS,6.94,2,2,5,10,4,59,5,0,,0.0,24.333333333333332,59.400000000000006,12,12
10837,Female,21,BCA,CS,6.58,2,1,4,10,2,45,3,0,,0.0,19.0,55.8,8,8
10838,Female,21,BSc,IT,6.4,1,0,3,4,3,69,4,0,,0.0,25.333333333333332,59.0,7,7
10839,Male,20,BSc,AI,7.23,1,0,0,5,6,89,4,1,Service,10.55,33.333333333333336,67.30000000000001,4,4
10840,Female,20,BCA,CS,6.33,1,1,5,7,2,45,0,0,,0.0,18.0,58.3,6,6
10841,Female,24,BE,AI,6.08,3,2,4,8,9,89,3,0,,0.0,35.333333333333336,45.8,9,9
10842,Female,24,BCA,AI,7.07,2,2,5,4,10,56,2,0,,0.0,23.333333333333332,60.7,9,9
10843,Female,21,BE,DS,8.11,0,3,0,7,3,82,3,1,Startup,8.94,30.666666666666668,81.1,6,6
10844,Female,21,BCA,CS,6.13,1,1,1,6,10,92,1,0,,0.0,36.0,56.3,3,3
10845,Female,23,BTech,DS,5.69,3,1,5,9,3,75,0,0,,0.0,29.0,41.900000000000006,6,6
10846,Male,23,BSc,Mechanical,5.65,2,2,0,4,6,98,0,0,,0.0,36.0,46.5,2,2
10847,Female,22,BE,Mechanical,6.65,3,3,2,4,2,54,4,0,,0.0,20.0,51.5,9,9
10848,Female,24,BCA,DS,6.32,0,3,1,3,4,91,3,0,,0.0,32.666666666666664,63.2,7,7
10849,Female,22,BE,Mechanical,7.82,1,1,2,8,1,56,4,0,,0.0,21.666666666666668,73.2,7,7
10850,Male,22,BE,DS,7.46,2,2,0,8,4,64,5,1,Service,7.24,25.333333333333332,64.6,7,7
10851,Female,20,BSc,IT,6.9,3,1,2,4,5,83,3,0,,0.0,30.666666666666668,54.0,6,6
10852,Female,20,BE,AI,9.08,1,2,1,3,5,69,5,0,,0.0,25.666666666666668,85.8,8,8
10853,Female,23,BCA,IT,7.67,1,1,5,6,10,82,0,1,Product,6.56,32.666666666666664,71.7,6,6
10854,Male,22,BTech,CS,5.89,2,0,2,9,2,79,1,0,,0.0,30.0,48.9,3,3
10855,Female,23,BTech,IT,6.77,1,0,0,8,9,56,1,0,,0.0,24.333333333333332,62.69999999999999,1,1
10856,Male,24,BSc,IT,9.69,3,3,2,7,7,44,1,0,,0.0,19.333333333333332,81.89999999999999,6,6
10857,Female,21,BCA,Mechanical,9.7,2,0,2,7,4,98,0,1,Product,4.78,36.333333333333336,87.0,2,2
10858,Male,20,BCA,Electrical,6.6,2,1,3,5,5,83,4,1,Startup,6.03,31.0,56.0,8,8
10859,Male,24,BTech,Electrical,6.22,1,2,1,2,1,87,3,0,,0.0,30.0,57.199999999999996,6,6
10860,Male,24,BCA,DS,7.63,0,2,3,9,10,96,4,1,Startup,10.41,38.333333333333336,76.3,9,9
10861,Female,20,BE,CS,7.57,0,2,0,3,5,87,0,0,,0.0,31.666666666666668,75.7,2,2
10862,Male,20,BSc,Electrical,7.26,0,0,4,9,6,88,5,1,Service,13.74,34.333333333333336,72.6,9,9
10863,Male,22,BTech,Mechanical,7.78,3,0,0,10,5,81,4,1,Service,6.39,32.0,62.8,4,4
10864,Male,23,BSc,CS,6.5,2,2,0,2,6,81,2,0,,0.0,29.666666666666668,55.0,4,4
10865,Male,24,BE,AI,5.99,1,1,0,1,7,74,3,0,,0.0,27.333333333333332,54.900000000000006,4,4
10866,Female,22,BTech,DS,7.95,0,1,0,10,6,50,0,0,,0.0,22.0,79.5,1,1
10867,Female,22,BCA,Mechanical,9.51,1,3,3,7,10,67,2,1,Startup,10.22,28.0,90.1,8,8
10868,Female,24,BCA,IT,6.09,0,2,0,1,2,83,4,0,,0.0,28.666666666666668,60.9,6,6
10869,Female,24,BE,AI,8.53,0,2,2,8,2,59,1,0,,0.0,23.0,85.3,5,5
10870,Male,21,BTech,IT,7.38,1,1,0,3,9,41,4,0,,0.0,17.666666666666668,68.8,5,5
10871,Female,23,BSc,Electrical,6.76,3,2,4,3,6,80,0,0,,0.0,29.666666666666668,52.599999999999994,6,6
10872,Male,24,BTech,CS,9.17,1,3,1,9,10,72,5,1,Product,14.02,30.333333333333332,86.7,9,9
10873,Female,20,BCA,AI,7.46,1,1,3,1,4,75,1,0,,0.0,26.666666666666668,69.6,5,5
10874,Female,21,BTech,Mechanical,8.01,3,1,3,7,10,49,4,0,,0.0,22.0,65.1,8,8
10875,Female,23,BTech,IT,7.41,3,0,3,2,5,99,0,0,,0.0,35.333333333333336,59.099999999999994,3,3
10876,Male,20,BCA,Electrical,5.85,1,3,3,3,5,84,2,0,,0.0,30.666666666666668,53.5,8,8
10877,Female,20,BCA,IT,8.06,3,0,0,10,8,58,2,0,,0.0,25.333333333333332,65.60000000000001,2,2
10878,Female,23,BSc,CS,7.3,0,3,4,8,5,97,1,1,Product,7.2,36.666666666666664,73.0,8,8
10879,Female,21,BTech,CS,5.87,3,0,5,3,2,64,4,0,,0.0,23.0,43.7,9,9
10880,Male,20,BCA,Electrical,8.06,1,2,0,2,2,66,2,0,,0.0,23.333333333333332,75.60000000000001,4,4
10881,Female,22,BE,DS,5.54,3,1,1,7,5,74,5,0,,0.0,28.666666666666668,40.4,7,7
10882,Female,23,BCA,Electrical,6.4,2,2,1,3,4,62,4,0,,0.0,23.0,54.0,7,7
10883,Male,23,BSc,DS,8.86,3,2,0,8,2,82,2,1,Startup,3.66,30.666666666666668,73.6,4,4
10884,Male,24,BSc,Electrical,5.66,0,3,0,4,6,73,0,0,,0.0,27.666666666666668,56.6,3,3
10885,Female,21,BE,Electrical,8.28,2,3,0,6,8,47,1,0,,0.0,20.333333333333332,72.8,4,4
10886,Female,22,BSc,CS,9.58,0,3,4,8,2,41,1,0,,0.0,17.0,95.8,8,8
10887,Female,22,BTech,DS,6.24,0,2,3,4,10,97,5,0,,0.0,37.0,62.400000000000006,10,10
10888,Male,24,BSc,Electrical,7.29,2,1,1,5,7,64,3,1,Service,13.59,25.333333333333332,62.900000000000006,5,5
10889,Male,20,BE,IT,7.97,0,0,1,3,4,48,2,0,,0.0,18.333333333333332,79.7,3,3
10890,Male,20,BSc,CS,7.44,2,3,3,4,5,64,2,0,,0.0,24.333333333333332,64.4,8,8
10891,Female,22,BE,AI,8.17,0,1,5,10,2,84,3,1,Product,7.51,32.0,81.7,9,9
10892,Male,21,BSc,CS,7.24,1,1,3,8,10,68,4,1,Startup,7.61,28.666666666666668,67.4,8,8
10893,Female,20,BCA,Electrical,6.14,0,3,1,7,9,61,1,0,,0.0,25.666666666666668,61.4,5,5
10894,Male,23,BE,Mechanical,5.88,2,2,1,6,3,94,1,0,,0.0,34.333333333333336,48.8,4,4
10895,Male,24,BSc,Mechanical,8.7,1,2,4,5,10,99,1,1,Product,4.27,38.0,82.0,7,7
10896,Male,21,BTech,CS,6.53,1,0,1,9,1,53,0,0,,0.0,21.0,60.3,1,1
10897,Female,20,BE,AI,9.14,3,1,0,4,4,91,4,0,,0.0,33.0,76.4,5,5
10898,Female,22,BE,CS,8.7,3,0,0,3,1,87,5,0,,0.0,30.333333333333332,72.0,5,5
10899,Female,24,BSc,AI,5.71,3,2,3,6,6,82,3,0,,0.0,31.333333333333332,42.1,8,8
10900,Female,20,BCA,Electrical,6.37,1,2,3,2,4,87,1,0,,0.0,31.0,58.7,6,6
10901,Male,22,BCA,IT,6.76,3,0,0,9,4,50,2,0,,0.0,21.0,52.599999999999994,2,2
10902,Female,20,BSc,IT,8.06,1,0,3,6,9,89,2,1,Product,11.63,34.666666666666664,75.60000000000001,5,5
10903,Male,24,BSc,AI,8.98,3,1,0,3,9,90,4,0,,0.0,34.0,74.80000000000001,5,5
10904,Female,23,BTech,DS,5.76,0,0,4,2,7,90,0,0,,0.0,33.0,57.599999999999994,4,4
10905,Female,23,BSc,IT,6.57,3,0,3,9,4,52,3,0,,0.0,21.666666666666668,50.7,6,6
10906,Male,22,BE,Mechanical,7.12,2,1,2,10,9,72,5,1,Product,14.72,30.333333333333332,61.2,8,8
10907,Male,23,BSc,CS,6.29,3,2,5,3,5,42,1,0,,0.0,16.666666666666668,47.9,8,8
10908,Female,24,BTech,Electrical,7.84,1,1,1,6,10,86,3,1,Service,8.17,34.0,73.4,5,5
10909,Female,22,BSc,DS,7.56,2,2,0,9,4,91,5,1,Service,8.51,34.666666666666664,65.6,7,7
10910,Male,20,BSc,Mechanical,6.86,2,2,5,3,5,75,3,0,,0.0,27.666666666666668,58.60000000000001,10,10
10911,Male,21,BE,CS,7.72,1,0,1,9,9,90,5,1,Startup,3.81,36.0,72.2,6,6
10912,Male,20,BCA,Mechanical,7.03,2,3,1,2,1,87,5,0,,0.0,30.0,60.3,9,9
10913,Male,24,BSc,DS,6.98,2,0,3,4,7,81,2,0,,0.0,30.666666666666668,59.80000000000001,5,5
10914,Male,22,BTech,AI,6.64,2,3,1,10,9,71,0,1,Product,3.9,30.0,56.39999999999999,4,4
10915,Female,20,BSc,CS,7.82,3,3,2,3,1,75,1,0,,0.0,26.333333333333332,63.2,6,6
10916,Female,22,BSc,Mechanical,7.41,2,0,3,7,3,82,2,1,Startup,5.75,30.666666666666668,64.1,5,5
10917,Female,23,BE,Electrical,6.34,0,0,5,4,7,75,2,0,,0.0,28.666666666666668,63.4,7,7
10918,Female,21,BCA,Electrical,5.56,0,0,0,4,4,74,5,0,,0.0,27.333333333333332,55.599999999999994,5,5
10919,Male,24,BCA,Mechanical,6.15,3,3,1,1,9,44,2,0,,0.0,18.0,46.5,6,6
10920,Male,20,BCA,DS,5.68,3,2,1,10,10,51,2,0,,0.0,23.666666666666668,41.8,5,5
10921,Male,21,BSc,DS,7.36,0,3,4,3,8,58,3,0,,0.0,23.0,73.60000000000001,10,10
10922,Female,24,BE,Electrical,6.47,2,1,5,5,10,79,0,0,,0.0,31.333333333333332,54.7,6,6
10923,Male,24,BE,Electrical,7.31,0,0,0,5,4,66,3,1,Product,6.27,25.0,73.1,3,3
10924,Male,23,BSc,DS,6.92,1,3,4,4,3,74,0,0,,0.0,27.0,64.2,7,7
10925,Female,22,BE,AI,7.81,2,3,0,7,5,49,0,0,,0.0,20.333333333333332,68.1,3,3
10926,Female,22,BCA,IT,8.61,0,2,1,10,7,90,5,1,Product,11.48,35.666666666666664,86.1,8,8
10927,Female,21,BE,Mechanical,7.56,0,0,1,10,6,95,1,1,Service,3.21,37.0,75.6,2,2
10928,Male,23,BSc,AI,5.77,2,1,2,4,7,67,3,0,,0.0,26.0,47.699999999999996,6,6
10929,Male,24,BSc,Mechanical,5.58,2,2,3,7,5,72,4,0,,0.0,28.0,45.8,9,9
10930,Female,23,BTech,Electrical,6.42,2,3,2,6,2,86,5,0,,0.0,31.333333333333332,54.2,10,10
10931,Female,23,BTech,AI,7.33,3,3,0,6,5,86,0,1,Startup,10.98,32.333333333333336,58.3,3,3
10932,Male,21,BE,Electrical,5.69,1,1,0,5,7,82,4,0,,0.0,31.333333333333332,51.900000000000006,5,5
10933,Female,22,BE,Electrical,6.91,3,3,0,8,1,75,2,1,Product,3.85,28.0,54.099999999999994,5,5
10934,Male,23,BSc,Electrical,9.31,0,3,5,9,5,74,0,1,Product,12.09,29.333333333333332,93.10000000000001,8,8
10935,Female,23,BTech,CS,5.89,1,0,0,9,4,88,0,0,,0.0,33.666666666666664,53.9,0,0
10936,Female,23,BTech,IT,9.58,3,2,3,6,7,56,5,0,,0.0,23.0,80.8,10,10
10937,Female,20,BCA,Electrical,9.18,0,1,1,5,6,94,3,1,Service,8.96,35.0,91.8,5,5
10938,Male,23,BCA,Mechanical,9.08,2,0,2,1,7,50,0,0,,0.0,19.333333333333332,80.8,2,2
10939,Male,23,BSc,DS,9.21,0,0,1,3,4,75,4,0,,0.0,27.333333333333332,92.10000000000001,5,5
10940,Female,24,BSc,IT,5.84,2,2,5,8,5,76,0,0,,0.0,29.666666666666668,48.4,7,7
10941,Male,20,BSc,Mechanical,6.15,3,0,4,1,8,57,1,0,,0.0,22.0,46.5,5,5
10942,Female,23,BSc,CS,6.08,0,3,2,1,3,70,1,0,,0.0,24.666666666666668,60.8,6,6
10943,Female,23,BTech,Electrical,5.98,1,1,5,8,4,74,3,0,,0.0,28.666666666666668,54.800000000000004,9,9
10944,Male,21,BSc,Mechanical,6.91,0,0,0,7,10,67,1,1,Product,3.52,28.0,69.1,1,1
10945,Male,21,BSc,Mechanical,9.07,2,1,0,2,6,40,0,0,,0.0,16.0,80.7,1,1
10946,Male,20,BTech,Mechanical,6.58,3,1,4,6,7,70,1,1,Product,11.65,27.666666666666668,50.8,6,6
10947,Male,24,BCA,IT,6.55,1,1,2,9,10,91,5,1,Service,14.31,36.666666666666664,60.5,8,8
10948,Female,20,BSc,Electrical,8.41,1,3,3,8,9,66,2,1,Startup,9.15,27.666666666666668,79.1,8,8
10949,Male,20,BCA,Mechanical,5.92,3,1,3,6,5,79,3,0,,0.0,30.0,44.2,7,7
10950,Male,21,BTech,DS,7.05,3,2,0,2,3,51,5,0,,0.0,18.666666666666668,55.5,7,7
10951,Female,21,BCA,Electrical,6.77,0,1,0,3,5,51,0,0,,0.0,19.666666666666668,67.69999999999999,1,1
10952,Female,24,BTech,AI,9.14,0,3,0,3,2,66,1,0,,0.0,23.666666666666668,91.4,4,4
10953,Female,23,BSc,DS,7.71,1,3,5,9,8,66,2,1,Service,8.79,27.666666666666668,72.1,10,10
10954,Female,24,BCA,CS,8.28,0,2,4,9,4,90,1,1,Product,12.63,34.333333333333336,82.8,7,7
10955,Male,23,BSc,IT,6.05,2,2,4,5,9,85,1,0,,0.0,33.0,50.5,7,7
10956,Male,22,BE,AI,9.49,2,3,1,5,3,56,1,0,,0.0,21.333333333333332,84.9,5,5
10957,Female,21,BE,IT,6.89,0,3,4,8,7,91,0,1,Product,9.47,35.333333333333336,68.89999999999999,7,7
10958,Female,22,BCA,IT,8.54,1,2,2,3,3,64,3,0,,0.0,23.333333333333332,80.39999999999999,7,7
10959,Male,22,BTech,Mechanical,9.6,0,3,4,9,4,69,2,1,Service,11.49,27.333333333333332,96.0,9,9
10960,Male,21,BCA,DS,7.69,3,0,2,5,2,49,3,0,,0.0,18.666666666666668,61.900000000000006,5,5
10961,Male,22,BTech,AI,7.68,3,1,3,9,6,79,5,1,Product,13.17,31.333333333333332,61.8,9,9
10962,Male,20,BE,Mechanical,6.0,1,3,1,10,5,54,3,0,,0.0,23.0,55.0,7,7
10963,Male,23,BTech,AI,7.18,1,3,4,9,10,97,4,1,Product,3.2,38.666666666666664,66.8,11,11
10964,Female,24,BE,Electrical,9.17,3,3,3,4,10,58,2,0,,0.0,24.0,76.7,8,8
10965,Female,21,BCA,Electrical,6.08,3,0,2,2,4,43,0,0,,0.0,16.333333333333332,45.8,2,2
10966,Female,20,BSc,DS,9.45,2,1,1,7,4,54,0,0,,0.0,21.666666666666668,84.5,2,2
10967,Female,24,BSc,Mechanical,8.37,0,2,3,1,1,98,5,0,,0.0,33.333333333333336,83.69999999999999,10,10
10968,Male,24,BSc,AI,7.31,1,0,2,7,3,76,4,1,Service,3.18,28.666666666666668,68.1,6,6
10969,Female,24,BTech,Electrical,7.85,3,0,1,1,5,54,4,0,,0.0,20.0,63.5,5,5
10970,Male,22,BSc,Mechanical,6.15,1,2,0,5,2,94,4,0,,0.0,33.666666666666664,56.5,6,6
10971,Male,22,BTech,IT,6.44,3,2,4,1,7,72,4,0,,0.0,26.666666666666668,49.400000000000006,10,10
10972,Male,22,BSc,Electrical,6.73,1,3,0,8,3,90,0,1,Startup,6.08,33.666666666666664,62.30000000000001,3,3
10973,Male,22,BTech,CS,7.15,1,2,0,1,8,52,0,0,,0.0,20.333333333333332,66.5,2,2
10974,Male,20,BTech,AI,9.44,2,0,0,6,2,56,1,0,,0.0,21.333333333333332,84.39999999999999,1,1
10975,Male,22,BE,Electrical,7.08,2,3,3,1,8,58,5,0,,0.0,22.333333333333332,60.8,11,11
10976,Male,21,BE,DS,7.75,2,2,0,2,5,98,3,0,,0.0,35.0,67.5,5,5
10977,Female,24,BCA,AI,6.2,2,0,5,4,9,98,3,0,,0.0,37.0,52.0,8,8
10978,Male,20,BE,CS,8.66,2,1,0,8,9,52,5,0,,0.0,23.0,76.6,6,6
10979,Female,22,BTech,AI,7.91,3,2,3,3,6,45,3,0,,0.0,18.0,64.1,8,8
10980,Female,24,BE,AI,7.39,0,0,4,8,3,96,3,1,Product,12.69,35.666666666666664,73.89999999999999,7,7
10981,Male,20,BE,Electrical,9.57,3,3,5,7,1,93,0,1,Product,6.85,33.666666666666664,80.7,8,8
10982,Male,24,BE,AI,9.33,0,2,1,6,1,79,0,1,Product,11.14,28.666666666666668,93.3,3,3
10983,Female,20,BTech,DS,8.34,2,2,1,10,5,69,4,1,Product,12.22,28.0,73.4,7,7
10984,Female,23,BTech,CS,9.46,1,3,4,1,10,75,5,0,,0.0,28.666666666666668,89.60000000000001,12,12
10985,Female,20,BCA,Electrical,7.93,1,3,3,6,2,70,0,1,Product,5.57,26.0,74.3,6,6
10986,Female,22,BE,CS,9.06,0,0,0,6,10,92,0,1,Service,8.69,36.0,90.60000000000001,0,0
10987,Male,24,BE,DS,7.26,0,3,1,10,9,52,5,0,,0.0,23.666666666666668,72.6,9,9
10988,Male,24,BTech,AI,5.87,3,0,4,8,3,63,1,0,,0.0,24.666666666666668,43.7,5,5
10989,Male,24,BCA,AI,9.77,0,0,4,6,4,68,2,1,Product,12.68,26.0,97.69999999999999,6,6
10990,Female,21,BCA,Electrical,6.21,3,3,0,2,10,88,4,0,,0.0,33.333333333333336,47.1,7,7
10991,Male,21,BTech,CS,6.58,2,2,4,10,10,95,4,1,Product,12.74,38.333333333333336,55.8,10,10
10992,Female,22,BE,AI,6.2,1,3,3,3,2,85,1,0,,0.0,30.0,57.0,7,7
10993,Male,23,BCA,IT,6.95,1,3,3,2,2,41,2,0,,0.0,15.0,64.5,8,8
10994,Female,21,BCA,AI,6.74,3,1,5,3,3,93,0,0,,0.0,33.0,52.400000000000006,6,6
10995,Male,20,BE,AI,8.08,0,1,1,1,6,55,4,0,,0.0,20.666666666666668,80.8,6,6
10996,Male,22,BCA,Mechanical,9.78,3,3,2,7,7,91,2,1,Product,11.08,35.0,82.8,7,7
10997,Female,23,BE,CS,5.73,0,2,4,5,5,51,5,0,,0.0,20.333333333333332,57.300000000000004,11,11
10998,Female,20,BCA,CS,8.85,0,2,3,9,8,67,3,1,Service,11.37,28.0,88.5,8,8
10999,Female,24,BCA,IT,6.05,0,0,0,7,1,65,4,0,,0.0,24.333333333333332,60.5,4,4
11000,Female,21,BTech,IT,5.59,3,3,0,1,2,71,2,0,,0.0,24.666666666666668,40.9,5,5
11001,Female,20,BCA,IT,8.25,2,3,2,1,5,81,3,0,,0.0,29.0,72.5,8,8
11002,Male,23,BE,CS,9.26,1,1,2,2,1,43,3,0,,0.0,15.333333333333334,87.6,6,6
11003,Female,22,BCA,Mechanical,6.26,3,1,2,7,10,44,5,0,,0.0,20.333333333333332,47.599999999999994,8,8
11004,Male,20,BTech,Mechanical,6.97,2,1,0,7,7,56,0,0,,0.0,23.333333333333332,59.7,1,1
11005,Male,22,BCA,DS,6.23,1,0,4,9,3,59,5,0,,0.0,23.666666666666668,57.300000000000004,9,9
11006,Male,24,BSc,CS,9.4,3,3,3,3,6,79,2,0,,0.0,29.333333333333332,79.0,8,8
11007,Male,23,BE,DS,6.66,3,1,0,3,10,68,4,0,,0.0,27.0,51.599999999999994,5,5
11008,Male,23,BSc,AI,7.41,2,3,3,8,7,64,4,1,Startup,3.0,26.333333333333332,64.1,10,10
11009,Female,21,BTech,IT,9.35,3,0,2,6,5,57,2,0,,0.0,22.666666666666668,78.5,4,4
11010,Female,23,BSc,DS,7.88,1,2,5,3,7,61,1,0,,0.0,23.666666666666668,73.8,8,8
11011,Male,20,BCA,Electrical,9.51,2,0,1,8,3,92,1,1,Product,8.33,34.333333333333336,85.1,2,2
11012,Male,20,BE,DS,9.48,3,3,4,3,8,47,0,0,,0.0,19.333333333333332,79.80000000000001,7,7
11013,Female,20,BSc,CS,7.48,1,3,5,6,7,79,0,1,Startup,3.43,30.666666666666668,69.80000000000001,8,8
11014,Female,24,BCA,IT,8.0,3,3,2,1,4,86,5,0,,0.0,30.333333333333332,65.0,10,10
11015,Male,23,BSc,IT,6.49,2,2,2,4,7,79,1,0,,0.0,30.0,54.900000000000006,5,5
11016,Female,23,BCA,Mechanical,9.76,3,3,3,6,10,49,5,0,,0.0,21.666666666666668,82.6,11,11
11017,Female,20,BCA,DS,6.7,1,1,0,5,5,56,3,0,,0.0,22.0,62.0,4,4
11018,Female,21,BSc,Mechanical,8.87,0,2,1,4,10,85,5,0,,0.0,33.0,88.69999999999999,8,8
11019,Male,21,BTech,DS,6.85,3,2,4,10,5,87,3,1,Product,10.66,34.0,53.5,9,9
11020,Female,23,BE,CS,6.85,3,2,1,1,3,97,1,0,,0.0,33.666666666666664,53.5,4,4
11021,Male,23,BTech,CS,5.95,1,0,2,4,7,59,4,0,,0.0,23.333333333333332,54.5,6,6
11022,Male,22,BSc,AI,7.91,1,0,1,1,4,66,1,0,,0.0,23.666666666666668,74.1,2,2
11023,Male,23,BCA,DS,6.55,2,0,4,10,7,41,4,0,,0.0,19.333333333333332,55.5,8,8
11024,Male,20,BSc,DS,6.14,0,2,2,4,7,91,5,0,,0.0,34.0,61.4,9,9
11025,Male,24,BCA,IT,6.47,2,2,4,3,10,68,4,0,,0.0,27.0,54.7,10,10
11026,Female,23,BCA,IT,6.58,1,3,1,7,4,45,3,0,,0.0,18.666666666666668,60.8,7,7
11027,Male,23,BTech,Mechanical,7.67,1,2,5,6,2,59,5,0,,0.0,22.333333333333332,71.7,12,12
11028,Male,20,BTech,AI,7.16,1,1,2,6,6,76,3,1,Service,4.58,29.333333333333332,66.6,6,6
11029,Male,22,BSc,CS,5.82,1,0,2,10,6,58,5,0,,0.0,24.666666666666668,53.2,7,7
11030,Female,23,BE,DS,7.8,2,3,5,3,5,50,3,0,,0.0,19.333333333333332,68.0,11,11
11031,Female,21,BTech,Mechanical,8.89,0,1,4,6,1,87,4,1,Service,13.06,31.333333333333332,88.9,9,9
11032,Female,21,BCA,AI,7.97,1,1,0,3,2,57,4,0,,0.0,20.666666666666668,74.7,5,5
11033,Female,21,BSc,IT,9.69,2,1,2,7,7,78,0,1,Product,5.98,30.666666666666668,86.89999999999999,3,3
11034,Female,24,BSc,AI,5.93,2,2,4,2,3,61,1,0,,0.0,22.0,49.3,7,7
11035,Female,24,BE,Mechanical,9.03,2,0,4,9,7,90,3,1,Product,6.6,35.333333333333336,80.3,7,7
11036,Female,23,BSc,CS,7.67,2,1,4,10,2,53,2,0,,0.0,21.666666666666668,66.7,7,7
11037,Male,23,BTech,IT,7.74,2,3,0,2,9,81,2,0,,0.0,30.666666666666668,67.4,5,5
11038,Male,23,BCA,Electrical,7.73,1,0,5,1,9,96,4,0,,0.0,35.333333333333336,72.30000000000001,9,9
11039,Female,24,BSc,IT,6.9,1,0,5,4,5,45,0,0,,0.0,18.0,64.0,5,5
11040,Male,23,BSc,CS,6.9,0,2,3,8,5,60,1,1,Product,14.12,24.333333333333332,69.0,6,6
11041,Male,20,BCA,IT,8.22,0,1,5,7,8,47,4,0,,0.0,20.666666666666668,82.2,10,10
11042,Female,22,BSc,Mechanical,5.69,0,3,2,6,9,57,1,0,,0.0,24.0,56.900000000000006,6,6
11043,Male,21,BSc,IT,8.03,0,2,1,10,8,61,4,1,Startup,3.26,26.333333333333332,80.3,7,7
11044,Male,21,BE,DS,8.62,3,0,4,7,10,45,3,0,,0.0,20.666666666666668,71.19999999999999,7,7
11045,Female,20,BTech,AI,7.03,2,1,1,4,6,94,0,0,,0.0,34.666666666666664,60.3,2,2
11046,Male,23,BSc,Mechanical,6.43,2,0,4,8,2,74,3,0,,0.0,28.0,54.3,7,7
11047,Female,24,BTech,CS,6.42,2,0,4,4,10,93,5,0,,0.0,35.666666666666664,54.2,9,9
11048,Female,23,BE,Mechanical,5.85,3,2,5,10,10,74,3,0,,0.0,31.333333333333332,43.5,10,10
11049,Male,23,BTech,DS,5.89,2,3,2,8,2,85,2,0,,0.0,31.666666666666668,48.9,7,7
11050,Male,21,BE,IT,6.22,2,1,0,5,2,84,2,0,,0.0,30.333333333333332,52.199999999999996,3,3
11051,Male,21,BTech,IT,5.58,2,2,0,9,3,95,2,0,,0.0,35.666666666666664,45.8,4,4
11052,Female,24,BTech,Electrical,6.64,2,3,1,7,5,92,2,1,Product,3.3,34.666666666666664,56.39999999999999,6,6
11053,Female,21,BSc,Mechanical,6.82,2,2,3,10,1,93,5,1,Product,14.84,34.666666666666664,58.2,10,10
11054,Female,23,BTech,IT,9.78,0,3,0,10,9,96,4,1,Service,14.14,38.333333333333336,97.8,7,7
11055,Male,20,BSc,IT,9.76,3,0,0,6,5,48,4,0,,0.0,19.666666666666668,82.6,4,4
11056,Male,24,BSc,DS,6.3,1,1,5,2,7,55,0,0,,0.0,21.333333333333332,58.0,6,6
11057,Female,20,BTech,CS,6.42,0,1,3,6,5,50,2,0,,0.0,20.333333333333332,64.2,6,6
11058,Male,23,BSc,Electrical,7.62,3,1,0,1,10,87,2,0,,0.0,32.666666666666664,61.2,3,3
11059,Male,24,BTech,Electrical,6.14,2,2,2,2,3,60,4,0,,0.0,21.666666666666668,51.4,8,8
11060,Female,20,BCA,Electrical,7.67,3,2,2,5,3,81,1,1,Product,11.46,29.666666666666668,61.7,5,5
11061,Female,24,BSc,AI,7.22,2,3,1,7,4,62,5,1,Service,12.73,24.333333333333332,62.2,9,9
11062,Male,23,BCA,Mechanical,6.9,2,2,5,1,10,93,3,0,,0.0,34.666666666666664,59.0,10,10
11063,Female,24,BCA,CS,9.04,3,0,1,2,3,97,0,0,,0.0,34.0,75.39999999999999,1,1
11064,Male,23,BSc,AI,9.06,1,3,1,4,10,84,4,0,,0.0,32.666666666666664,85.60000000000001,8,8
11065,Female,24,BE,CS,9.75,2,2,5,9,6,59,4,0,,0.0,24.666666666666668,87.5,11,11
11066,Female,24,BE,Mechanical,6.46,2,1,2,8,5,56,3,0,,0.0,23.0,54.599999999999994,6,6
11067,Female,21,BCA,Electrical,9.32,0,0,1,10,1,70,0,1,Product,6.63,27.0,93.2,1,1
11068,Male,23,BCA,DS,7.81,3,1,1,9,4,91,4,1,Product,5.96,34.666666666666664,63.099999999999994,6,6
11069,Male,22,BTech,DS,8.04,3,3,2,4,8,57,2,0,,0.0,23.0,65.39999999999999,7,7
11070,Female,24,BCA,DS,9.35,3,3,5,7,9,68,2,1,Product,9.53,28.0,78.5,10,10
11071,Female,20,BSc,CS,9.55,0,2,3,3,10,87,4,0,,0.0,33.333333333333336,95.5,9,9
11072,Female,21,BE,Mechanical,8.63,3,3,1,8,6,71,1,1,Startup,6.84,28.333333333333332,71.30000000000001,5,5
11073,Male,21,BE,IT,7.0,3,3,0,7,4,47,1,0,,0.0,19.333333333333332,55.0,4,4
11074,Female,24,BE,IT,7.61,2,1,2,8,10,89,1,1,Startup,9.92,35.666666666666664,66.10000000000001,4,4
11075,Female,22,BSc,DS,8.14,1,3,3,9,2,48,5,0,,0.0,19.666666666666668,76.4,11,11
11076,Female,21,BTech,CS,9.06,1,0,0,6,9,97,2,1,Service,3.68,37.333333333333336,85.60000000000001,2,2
11077,Female,23,BSc,IT,8.33,0,2,0,4,8,85,5,0,,0.0,32.333333333333336,83.3,7,7
11078,Male,24,BSc,CS,7.07,3,3,4,3,5,45,2,0,,0.0,17.666666666666668,55.7,9,9
11079,Male,24,BE,Mechanical,7.3,0,0,3,3,8,44,3,0,,0.0,18.333333333333332,73.0,6,6
11080,Female,22,BSc,DS,5.72,1,2,4,6,6,84,1,0,,0.0,32.0,52.199999999999996,7,7
11081,Male,23,BCA,AI,9.47,0,0,2,8,1,52,3,0,,0.0,20.333333333333332,94.7,5,5
11082,Male,23,BSc,DS,5.88,2,0,3,8,8,64,4,0,,0.0,26.666666666666668,48.8,7,7
11083,Male,22,BE,AI,7.99,2,3,4,8,5,70,5,1,Service,14.43,27.666666666666668,69.9,12,12
11084,Female,20,BE,IT,9.25,2,1,2,9,3,73,5,1,Product,13.3,28.333333333333332,82.5,8,8
11085,Male,23,BSc,Electrical,7.31,3,2,1,1,1,56,4,0,,0.0,19.333333333333332,58.099999999999994,7,7
11086,Male,20,BCA,AI,8.94,2,3,0,7,8,96,0,1,Service,13.59,37.0,79.39999999999999,3,3
11087,Male,20,BCA,Electrical,8.96,0,3,2,10,6,65,0,1,Product,8.24,27.0,89.60000000000001,5,5
11088,Female,24,BE,CS,5.76,2,2,3,9,7,59,0,0,,0.0,25.0,47.599999999999994,5,5
11089,Female,24,BCA,Electrical,7.27,3,2,0,2,3,89,0,0,,0.0,31.333333333333332,57.69999999999999,2,2
11090,Male,21,BCA,AI,8.47,2,3,0,4,10,45,5,0,,0.0,19.666666666666668,74.7,8,8
11091,Male,24,BTech,IT,7.32,2,0,2,6,8,71,5,1,Product,13.58,28.333333333333332,63.2,7,7
11092,Female,23,BTech,IT,7.84,3,1,1,4,3,72,2,0,,0.0,26.333333333333332,63.400000000000006,4,4
11093,Female,23,BCA,DS,8.06,3,1,2,9,5,98,3,1,Startup,14.53,37.333333333333336,65.60000000000001,6,6
11094,Male,20,BCA,IT,6.15,2,2,5,10,6,59,5,0,,0.0,25.0,51.5,12,12
11095,Male,23,BTech,CS,7.27,1,2,4,1,8,86,2,0,,0.0,31.666666666666668,67.69999999999999,8,8
11096,Female,24,BTech,AI,5.62,2,0,4,9,5,99,4,0,,0.0,37.666666666666664,46.2,8,8
11097,Female,24,BTech,Mechanical,6.14,0,0,5,10,1,50,5,0,,0.0,20.333333333333332,61.4,10,10
11098,Male,24,BE,IT,7.7,3,3,4,1,1,86,1,0,,0.0,29.333333333333332,62.0,8,8
11099,Female,22,BE,Electrical,7.97,2,0,5,1,6,91,1,0,,0.0,32.666666666666664,69.7,6,6
11100,Male,23,BTech,AI,6.13,1,1,3,5,10,49,3,0,,0.0,21.333333333333332,56.3,7,7
11101,Male,21,BTech,DS,8.75,2,0,2,1,6,82,3,0,,0.0,29.666666666666668,77.5,5,5
11102,Male,23,BTech,Mechanical,7.1,0,0,0,10,10,78,4,1,Startup,4.25,32.666666666666664,71.0,4,4
11103,Female,23,BE,DS,9.46,3,0,3,9,10,58,2,0,,0.0,25.666666666666668,79.60000000000001,5,5
11104,Male,22,BE,CS,7.17,0,2,4,6,7,66,1,1,Service,13.82,26.333333333333332,71.7,7,7
11105,Male,23,BCA,DS,6.14,1,0,3,9,7,79,2,0,,0.0,31.666666666666668,56.4,5,5
11106,Female,20,BSc,AI,8.76,0,2,0,5,9,73,4,1,Service,12.68,29.0,87.6,6,6
11107,Female,24,BCA,Mechanical,7.94,0,1,3,6,6,75,2,1,Service,9.81,29.0,79.4,6,6
11108,Male,24,BSc,DS,7.16,3,1,1,2,10,95,1,0,,0.0,35.666666666666664,56.599999999999994,3,3
11109,Male,22,BSc,DS,7.03,0,2,4,9,3,59,5,0,,0.0,23.666666666666668,70.3,11,11
11110,Female,24,BSc,Electrical,6.15,1,2,2,3,3,85,4,0,,0.0,30.333333333333332,56.5,8,8
11111,Female,20,BCA,Electrical,6.97,1,0,5,5,4,44,2,0,,0.0,17.666666666666668,64.7,7,7
11112,Female,22,BE,CS,5.63,3,0,4,8,6,49,2,0,,0.0,21.0,41.3,6,6
11113,Male,21,BE,AI,7.66,1,1,4,5,4,71,2,1,Service,9.04,26.666666666666668,71.6,7,7
11114,Male,24,BE,DS,9.36,1,1,2,10,2,79,2,1,Product,9.59,30.333333333333332,88.6,5,5
11115,Male,23,BE,AI,8.92,1,1,2,4,7,79,3,0,,0.0,30.0,84.2,6,6
11116,Female,20,BCA,IT,5.62,1,1,0,4,2,67,4,0,,0.0,24.333333333333332,51.2,5,5
11117,Male,20,BTech,CS,9.29,1,3,0,5,5,92,4,1,Product,6.08,34.0,87.89999999999999,7,7
11118,Female,24,BSc,Electrical,7.44,1,0,1,3,5,68,2,0,,0.0,25.333333333333332,69.4,3,3
11119,Male,21,BE,CS,6.32,1,0,3,10,8,87,2,0,,0.0,35.0,58.2,5,5
11120,Female,23,BE,CS,8.74,2,3,3,4,10,61,5,0,,0.0,25.0,77.4,11,11
11121,Male,21,BCA,AI,6.89,1,1,3,5,5,48,3,0,,0.0,19.333333333333332,63.89999999999999,7,7
11122,Male,21,BSc,Electrical,6.59,3,0,5,4,10,41,5,0,,0.0,18.333333333333332,50.900000000000006,10,10
11123,Female,24,BE,Electrical,6.19,2,0,4,3,6,52,1,0,,0.0,20.333333333333332,51.900000000000006,5,5
11124,Female,23,BTech,DS,7.59,1,2,4,1,4,74,3,0,,0.0,26.333333333333332,70.9,9,9
11125,Male,24,BE,DS,5.9,1,3,2,2,4,66,2,0,,0.0,24.0,54.0,7,7
11126,Female,24,BSc,AI,8.88,3,2,5,9,3,96,2,1,Product,8.36,36.0,73.80000000000001,9,9
11127,Female,20,BTech,AI,7.52,1,3,1,10,2,69,2,1,Startup,8.53,27.0,70.19999999999999,6,6
11128,Male,24,BCA,IT,7.42,2,3,1,2,4,68,2,0,,0.0,24.666666666666668,64.2,6,6
11129,Female,22,BTech,Mechanical,5.51,2,3,3,2,9,74,3,0,,0.0,28.333333333333332,45.099999999999994,9,9
11130,Male,23,BSc,Mechanical,9.02,3,1,2,5,9,76,2,1,Startup,6.98,30.0,75.19999999999999,5,5
11131,Male,20,BSc,CS,7.62,1,3,3,10,4,90,1,1,Product,8.69,34.666666666666664,71.2,7,7
11132,Female,23,BTech,DS,7.39,3,1,4,9,9,65,0,1,Service,7.35,27.666666666666668,58.89999999999999,5,5
11133,Female,20,BE,Electrical,8.77,1,3,2,3,5,43,1,0,,0.0,17.0,82.69999999999999,6,6
11134,Male,22,BSc,CS,5.77,2,1,5,9,9,74,5,0,,0.0,30.666666666666668,47.699999999999996,11,11
11135,Male,24,BTech,Electrical,7.08,1,1,3,4,9,49,2,0,,0.0,20.666666666666668,65.8,6,6
11136,Male,20,BSc,DS,7.98,1,1,1,3,9,59,3,0,,0.0,23.666666666666668,74.80000000000001,5,5
11137,Male,20,BE,DS,7.48,2,0,0,5,9,88,5,1,Startup,14.13,34.0,64.80000000000001,5,5
11138,Male,20,BE,IT,6.28,2,2,5,7,7,99,2,0,,0.0,37.666666666666664,52.800000000000004,9,9
11139,Male,22,BTech,AI,6.79,2,2,4,7,9,95,5,1,Product,5.28,37.0,57.900000000000006,11,11
11140,Female,23,BCA,AI,6.79,1,2,3,2,1,49,3,0,,0.0,17.333333333333332,62.900000000000006,8,8
11141,Female,22,BCA,AI,9.77,3,0,2,7,4,69,5,1,Product,3.53,26.666666666666668,82.69999999999999,7,7
11142,Female,20,BE,Mechanical,6.9,2,0,2,7,6,50,0,0,,0.0,21.0,59.0,2,2
11143,Male,20,BCA,AI,6.38,1,0,3,2,6,55,4,0,,0.0,21.0,58.8,7,7
11144,Female,24,BE,Mechanical,9.04,3,3,5,10,1,46,1,0,,0.0,19.0,75.39999999999999,9,9
11145,Male,22,BCA,Electrical,7.31,0,3,1,9,1,93,0,1,Product,9.63,34.333333333333336,73.1,4,4
11146,Male,22,BE,CS,7.41,0,3,3,8,1,62,2,1,Service,14.76,23.666666666666668,74.1,8,8
11147,Female,21,BSc,Mechanical,7.86,1,3,4,2,8,79,3,0,,0.0,29.666666666666668,73.60000000000001,10,10
11148,Male,23,BTech,DS,8.06,1,3,2,6,1,40,5,0,,0.0,15.666666666666666,75.60000000000001,10,10
11149,Male,21,BTech,IT,8.04,2,2,4,8,9,84,3,1,Startup,6.6,33.666666666666664,70.39999999999999,9,9
11150,Male,21,BCA,IT,5.65,1,2,5,9,10,46,4,0,,0.0,21.666666666666668,51.5,11,11
11151,Male,23,BTech,DS,9.02,3,2,5,1,2,80,5,0,,0.0,27.666666666666668,75.19999999999999,12,12
11152,Male,24,BCA,Electrical,6.34,1,2,0,7,9,43,0,0,,0.0,19.666666666666668,58.4,2,2
11153,Male,24,BE,CS,6.76,3,2,1,10,9,41,1,0,,0.0,20.0,52.599999999999994,4,4
11154,Female,23,BSc,IT,6.25,3,0,3,5,2,56,5,0,,0.0,21.0,47.5,8,8
11155,Male,23,BTech,DS,8.8,2,0,3,9,4,79,3,1,Service,11.57,30.666666666666668,78.0,6,6
11156,Male,22,BSc,IT,8.01,3,3,1,9,9,48,1,0,,0.0,22.0,65.1,5,5
11157,Male,22,BTech,Mechanical,8.75,1,2,2,3,9,50,2,0,,0.0,20.666666666666668,82.5,6,6
11158,Male,22,BE,Electrical,8.31,3,3,3,10,8,83,3,1,Product,5.1,33.666666666666664,68.10000000000001,9,9
11159,Female,22,BTech,IT,5.95,0,0,1,7,5,58,5,0,,0.0,23.333333333333332,59.5,6,6
11160,Female,20,BTech,Electrical,6.8,3,3,3,3,1,95,3,0,,0.0,33.0,53.0,9,9
11161,Male,20,BE,Electrical,7.68,1,2,2,4,2,53,0,0,,0.0,19.666666666666668,71.8,4,4
11162,Male,24,BCA,Mechanical,6.81,2,2,1,8,4,54,4,0,,0.0,22.0,58.099999999999994,7,7
11163,Male,20,BCA,Electrical,6.39,1,2,2,1,9,86,2,0,,0.0,32.0,58.9,6,6
11164,Female,20,BE,Mechanical,9.24,1,0,3,4,4,47,5,0,,0.0,18.333333333333332,87.4,8,8
11165,Female,22,BCA,IT,8.72,1,3,1,4,5,98,4,0,,0.0,35.666666666666664,82.2,8,8
11166,Female,22,BTech,IT,6.98,0,1,0,3,1,99,5,0,,0.0,34.333333333333336,69.80000000000001,6,6
11167,Female,23,BSc,Electrical,8.79,2,1,3,2,5,72,0,0,,0.0,26.333333333333332,77.89999999999999,4,4
11168,Male,22,BE,Mechanical,8.2,0,1,1,8,2,95,1,1,Product,3.09,35.0,82.0,3,3
11169,Female,23,BTech,IT,5.52,3,1,0,6,9,41,0,0,,0.0,18.666666666666668,40.199999999999996,1,1
11170,Female,23,BE,Electrical,7.14,3,1,1,2,10,41,5,0,,0.0,17.666666666666668,56.39999999999999,7,7
11171,Male,20,BSc,CS,6.75,0,0,4,8,10,99,0,1,Service,11.97,39.0,67.5,4,4
11172,Male,22,BTech,AI,6.44,2,2,4,8,9,59,0,0,,0.0,25.333333333333332,54.400000000000006,6,6
11173,Female,20,BTech,AI,6.58,3,1,1,7,5,97,5,1,Service,9.26,36.333333333333336,50.8,7,7
11174,Female,22,BSc,DS,9.55,2,1,1,8,8,62,3,1,Product,5.0,26.0,85.5,5,5
11175,Female,20,BSc,Electrical,7.59,0,1,4,9,10,57,2,0,,0.0,25.333333333333332,75.9,7,7
11176,Female,20,BCA,AI,9.15,3,3,3,3,6,69,1,0,,0.0,26.0,76.5,7,7
11177,Male,20,BTech,CS,6.42,0,2,4,2,10,60,4,0,,0.0,24.0,64.2,10,10
11178,Male,24,BSc,Electrical,6.25,3,1,4,7,8,75,5,0,,0.0,30.0,47.5,10,10
11179,Female,20,BSc,AI,9.32,1,0,5,2,9,93,1,0,,0.0,34.666666666666664,88.2,6,6
11180,Female,21,BTech,AI,7.63,2,2,4,3,4,42,3,0,,0.0,16.333333333333332,66.3,9,9
11181,Female,21,BCA,CS,9.35,0,2,2,6,10,96,3,1,Product,13.47,37.333333333333336,93.5,7,7
11182,Female,21,BE,Mechanical,5.77,1,2,3,9,4,56,4,0,,0.0,23.0,52.699999999999996,9,9
11183,Female,23,BCA,AI,9.44,0,3,2,9,7,63,3,1,Service,8.69,26.333333333333332,94.39999999999999,8,8
11184,Male,20,BSc,DS,7.29,0,2,3,10,5,77,5,1,Startup,11.67,30.666666666666668,72.9,10,10
11185,Male,21,BE,AI,6.17,2,1,2,2,4,43,4,0,,0.0,16.333333333333332,51.7,7,7
11186,Male,23,BE,AI,8.44,0,1,5,1,2,48,3,0,,0.0,17.0,84.39999999999999,9,9
11187,Female,21,BCA,CS,8.93,2,3,2,6,2,72,0,1,Product,8.44,26.666666666666668,79.3,5,5
11188,Female,22,BE,CS,5.7,0,0,1,7,4,96,3,0,,0.0,35.666666666666664,57.0,4,4
11189,Male,24,BSc,Electrical,9.74,3,3,4,8,10,73,4,1,Startup,13.2,30.333333333333332,82.4,11,11
11190,Male,20,BTech,DS,8.5,1,3,5,4,8,84,4,0,,0.0,32.0,80.0,12,12
11191,Female,24,BTech,IT,6.88,3,1,5,7,8,93,4,1,Service,8.89,36.0,53.8,10,10
11192,Male,24,BTech,CS,6.15,2,2,1,9,7,71,2,0,,0.0,29.0,51.5,5,5
11193,Female,22,BCA,IT,7.19,2,3,1,1,4,98,1,0,,0.0,34.333333333333336,61.900000000000006,5,5
11194,Female,22,BTech,DS,6.45,1,0,1,3,7,47,1,0,,0.0,19.0,59.5,2,2
11195,Male,22,BTech,AI,7.62,2,1,0,5,9,87,0,1,Startup,14.65,33.666666666666664,66.2,1,1
11196,Male,23,BTech,Electrical,8.86,3,2,5,7,8,89,4,1,Product,3.8,34.666666666666664,73.6,11,11
11197,Male,21,BE,AI,8.34,1,0,3,5,5,99,5,1,Startup,10.48,36.333333333333336,78.4,8,8
11198,Female,20,BE,Electrical,7.37,2,3,1,1,3,54,5,0,,0.0,19.333333333333332,63.7,9,9
11199,Female,22,BE,IT,6.01,2,0,1,1,2,70,5,0,,0.0,24.333333333333332,50.099999999999994,6,6
11200,Male,20,BSc,DS,9.62,2,3,0,1,4,44,5,0,,0.0,16.333333333333332,86.19999999999999,8,8
11201,Female,20,BSc,DS,6.66,2,3,0,8,9,81,2,1,Service,8.22,32.666666666666664,56.599999999999994,5,5
11202,Female,20,BSc,CS,6.69,0,3,4,7,10,81,2,1,Startup,13.84,32.666666666666664,66.9,9,9
11203,Female,22,BTech,IT,8.28,0,3,1,3,4,68,5,0,,0.0,25.0,82.8,9,9
11204,Male,22,BE,Electrical,8.81,0,3,3,4,9,53,2,0,,0.0,22.0,88.10000000000001,8,8
11205,Female,21,BSc,CS,9.73,2,1,1,8,10,91,4,1,Product,6.95,36.333333333333336,87.30000000000001,6,6
11206,Male,22,BCA,IT,9.67,0,3,4,7,5,92,2,1,Product,14.82,34.666666666666664,96.7,9,9
11207,Male,22,BE,CS,9.43,2,2,5,7,3,52,2,0,,0.0,20.666666666666668,84.3,9,9
11208,Female,20,BTech,CS,7.37,3,3,1,6,6,99,1,1,Service,13.46,37.0,58.7,5,5
11209,Male,21,BE,DS,6.22,2,1,0,9,9,87,3,0,,0.0,35.0,52.199999999999996,4,4
11210,Female,24,BTech,DS,8.01,1,0,0,6,8,65,3,1,Startup,8.14,26.333333333333332,75.1,3,3
11211,Male,22,BSc,AI,5.57,1,2,4,1,3,59,3,0,,0.0,21.0,50.7,9,9
11212,Male,22,BTech,AI,6.34,1,0,4,5,4,70,4,0,,0.0,26.333333333333332,58.4,8,8
11213,Female,24,BTech,DS,5.51,2,0,0,8,4,90,0,0,,0.0,34.0,45.099999999999994,0,0
11214,Male,20,BCA,DS,6.28,1,2,0,6,1,75,0,0,,0.0,27.333333333333332,57.800000000000004,2,2
11215,Male,21,BE,CS,7.54,1,1,1,5,5,66,1,1,Startup,4.23,25.333333333333332,70.4,3,3
11216,Male,20,BTech,AI,7.19,2,3,4,9,3,76,0,1,Product,12.51,29.333333333333332,61.900000000000006,7,7
11217,Female,23,BCA,DS,7.09,2,3,5,7,7,72,0,1,Startup,9.63,28.666666666666668,60.900000000000006,8,8
11218,Female,22,BCA,IT,9.07,0,3,1,7,7,68,3,1,Service,6.1,27.333333333333332,90.7,7,7
11219,Male,23,BCA,IT,8.4,2,0,0,1,5,66,3,0,,0.0,24.0,74.0,3,3
11220,Male,22,BSc,AI,9.53,0,2,3,2,5,43,4,0,,0.0,16.666666666666668,95.3,9,9
11221,Male,23,BSc,IT,7.41,2,3,4,10,1,50,0,0,,0.0,20.333333333333332,64.1,7,7
11222,Female,24,BTech,Electrical,6.67,3,3,1,5,4,64,4,1,Service,9.3,24.333333333333332,51.7,8,8
11223,Female,22,BE,CS,6.03,1,1,4,3,1,95,5,0,,0.0,33.0,55.300000000000004,10,10
11224,Male,22,BSc,AI,8.39,3,1,3,8,1,44,2,0,,0.0,17.666666666666668,68.9,6,6
11225,Female,23,BSc,Electrical,9.12,2,0,5,4,8,90,5,0,,0.0,34.0,81.19999999999999,10,10
11226,Female,21,BTech,DS,6.29,3,2,2,7,9,41,1,0,,0.0,19.0,47.9,5,5
11227,Female,23,BTech,Electrical,9.28,0,1,0,5,2,79,1,1,Startup,6.88,28.666666666666668,92.8,2,2
11228,Female,22,BSc,IT,7.76,2,2,3,6,9,52,2,0,,0.0,22.333333333333332,67.6,7,7
11229,Male,22,BTech,CS,6.12,2,1,2,7,1,95,1,0,,0.0,34.333333333333336,51.2,4,4
11230,Female,21,BCA,DS,8.26,3,2,1,8,9,92,0,1,Service,13.66,36.333333333333336,67.6,3,3
11231,Female,20,BTech,Mechanical,7.74,1,2,3,3,1,66,5,0,,0.0,23.333333333333332,72.4,10,10
11232,Male,21,BCA,CS,5.62,2,2,2,3,10,98,4,0,,0.0,37.0,46.2,8,8
11233,Male,20,BSc,IT,7.22,1,0,3,2,10,78,0,0,,0.0,30.0,67.2,3,3
11234,Female,22,BE,CS,8.87,3,1,2,6,8,56,1,0,,0.0,23.333333333333332,73.69999999999999,4,4
11235,Female,24,BCA,Mechanical,7.89,3,1,1,2,1,70,5,0,,0.0,24.333333333333332,63.89999999999999,7,7
11236,Male,24,BE,Mechanical,6.71,3,3,1,1,8,93,0,0,,0.0,34.0,52.099999999999994,4,4
11237,Male,23,BSc,CS,9.49,0,3,1,1,1,97,1,0,,0.0,33.0,94.9,5,5
11238,Male,21,BTech,DS,6.52,2,0,1,9,8,50,4,0,,0.0,22.333333333333332,55.19999999999999,5,5
11239,Female,21,BCA,Electrical,6.59,3,1,1,1,2,48,1,0,,0.0,17.0,50.900000000000006,3,3
11240,Female,24,BCA,DS,7.02,3,3,5,7,5,50,2,0,,0.0,20.666666666666668,55.19999999999999,10,10
11241,Male,20,BSc,Mechanical,9.35,0,1,2,5,7,46,1,0,,0.0,19.333333333333332,93.5,4,4
11242,Female,21,BSc,AI,7.68,2,3,1,6,8,76,2,1,Product,6.69,30.0,66.8,6,6
11243,Male,20,BTech,AI,8.43,1,0,3,10,6,45,4,0,,0.0,20.333333333333332,79.3,7,7
11244,Female,20,BE,DS,9.7,2,3,3,9,8,69,1,1,Service,4.57,28.666666666666668,87.0,7,7
11245,Male,20,BCA,AI,8.87,3,0,1,3,3,68,4,0,,0.0,24.666666666666668,73.69999999999999,5,5
11246,Male,20,BE,DS,6.24,1,0,3,6,7,70,3,0,,0.0,27.666666666666668,57.400000000000006,6,6
11247,Female,23,BCA,IT,8.89,0,2,1,7,7,62,3,1,Product,7.13,25.333333333333332,88.9,6,6
11248,Female,23,BCA,DS,8.72,0,0,5,2,2,52,1,0,,0.0,18.666666666666668,87.2,6,6
11249,Female,24,BTech,IT,6.5,3,2,3,6,10,93,3,1,Product,12.65,36.333333333333336,50.0,8,8
11250,Female,23,BCA,Electrical,6.9,1,1,4,6,3,76,5,1,Startup,12.51,28.333333333333332,64.0,10,10
11251,Female,21,BCA,Mechanical,8.55,2,0,0,5,8,51,0,0,,0.0,21.333333333333332,75.5,0,0
11252,Female,23,BSc,AI,6.53,3,0,3,7,9,84,0,1,Service,12.12,33.333333333333336,50.3,3,3
11253,Male,21,BTech,Electrical,6.4,1,0,3,9,2,57,2,0,,0.0,22.666666666666668,59.0,5,5
11254,Female,21,BSc,Electrical,8.52,1,3,5,7,9,51,3,0,,0.0,22.333333333333332,80.19999999999999,11,11
11255,Male,20,BCA,Mechanical,9.29,1,0,0,2,3,98,2,0,,0.0,34.333333333333336,87.89999999999999,2,2
11256,Male,24,BTech,CS,5.82,1,1,4,4,1,42,3,0,,0.0,15.666666666666666,53.2,8,8
11257,Female,20,BCA,CS,7.42,0,2,0,1,1,87,0,0,,0.0,29.666666666666668,74.2,2,2
11258,Male,20,BTech,Electrical,8.11,1,1,3,2,7,75,3,0,,0.0,28.0,76.1,7,7
11259,Male,23,BE,Electrical,8.41,1,2,1,9,8,92,0,1,Product,11.43,36.333333333333336,79.1,3,3
11260,Female,23,BE,Mechanical,9.78,3,1,4,7,1,56,0,0,,0.0,21.333333333333332,82.8,5,5
11261,Female,21,BTech,DS,8.44,0,3,3,8,7,49,4,0,,0.0,21.333333333333332,84.39999999999999,10,10
11262,Female,23,BCA,DS,8.17,0,1,1,8,7,52,0,0,,0.0,22.333333333333332,81.7,2,2
11263,Male,23,BTech,AI,9.76,0,1,1,2,7,99,0,0,,0.0,36.0,97.6,2,2
11264,Female,22,BCA,Mechanical,5.76,2,0,5,5,6,62,2,0,,0.0,24.333333333333332,47.599999999999994,7,7
11265,Female,21,BE,CS,5.82,2,3,4,1,4,69,3,0,,0.0,24.666666666666668,48.2,10,10
11266,Female,21,BCA,Mechanical,7.91,0,3,3,9,4,95,1,1,Service,6.62,36.0,79.1,7,7
11267,Female,22,BSc,Mechanical,7.04,3,0,2,5,10,67,5,1,Service,10.44,27.333333333333332,55.400000000000006,7,7
11268,Male,21,BE,AI,5.92,1,2,1,1,6,62,1,0,,0.0,23.0,54.2,4,4
11269,Female,24,BSc,DS,6.82,1,1,5,7,8,44,0,0,,0.0,19.666666666666668,63.2,6,6
11270,Male,24,BE,Electrical,8.4,0,0,0,9,8,88,3,1,Startup,6.63,35.0,84.0,3,3
11271,Female,22,BE,CS,9.29,0,3,2,1,3,69,4,0,,0.0,24.333333333333332,92.89999999999999,9,9
11272,Male,23,BSc,AI,5.91,2,1,5,1,10,48,1,0,,0.0,19.666666666666668,49.1,7,7
11273,Male,24,BTech,CS,7.82,0,1,0,1,6,73,2,0,,0.0,26.666666666666668,78.2,3,3
11274,Male,22,BCA,CS,6.77,2,2,4,7,4,87,2,1,Service,14.8,32.666666666666664,57.69999999999999,8,8
11275,Female,24,BE,DS,8.37,0,2,5,10,9,65,2,1,Product,4.11,28.0,83.69999999999999,9,9
11276,Male,20,BCA,Electrical,7.86,1,1,1,3,7,99,4,0,,0.0,36.333333333333336,73.60000000000001,6,6
11277,Female,22,BE,Electrical,9.48,0,1,1,9,8,56,4,0,,0.0,24.333333333333332,94.80000000000001,6,6
11278,Female,21,BCA,DS,5.66,1,1,4,9,1,73,4,0,,0.0,27.666666666666668,51.6,9,9
11279,Female,24,BE,AI,7.52,0,2,1,7,4,43,3,0,,0.0,18.0,75.19999999999999,6,6
11280,Female,21,BTech,IT,6.33,2,2,5,3,6,53,3,0,,0.0,20.666666666666668,53.3,10,10
11281,Female,22,BE,AI,7.81,0,0,2,10,6,41,5,0,,0.0,19.0,78.1,7,7
11282,Male,24,BTech,AI,9.17,3,2,5,8,2,87,3,1,Product,3.03,32.333333333333336,76.7,10,10
11283,Female,21,BE,IT,9.42,1,3,2,6,7,45,5,0,,0.0,19.333333333333332,89.2,10,10
11284,Male,23,BCA,CS,7.21,1,3,5,4,3,95,4,0,,0.0,34.0,67.1,12,12
11285,Male,23,BSc,Mechanical,8.99,1,1,4,8,6,48,1,0,,0.0,20.666666666666668,84.9,6,6
11286,Male,20,BE,IT,6.71,0,1,5,3,3,63,5,0,,0.0,23.0,67.1,11,11
11287,Male,22,BE,Mechanical,5.53,3,2,3,1,6,53,1,0,,0.0,20.0,40.300000000000004,6,6
11288,Male,21,BTech,CS,9.18,3,3,1,4,10,52,5,0,,0.0,22.0,76.8,9,9
11289,Male,20,BCA,IT,6.01,2,0,5,9,10,50,1,0,,0.0,23.0,50.099999999999994,6,6
11290,Male,22,BTech,DS,5.58,2,2,5,7,8,79,5,0,,0.0,31.333333333333332,45.8,12,12
11291,Female,23,BCA,AI,7.02,2,2,2,1,5,64,3,0,,0.0,23.333333333333332,60.19999999999999,7,7
11292,Male,21,BCA,IT,7.13,3,3,0,1,1,69,3,0,,0.0,23.666666666666668,56.3,6,6
11293,Female,24,BTech,IT,5.83,1,1,1,1,3,63,1,0,,0.0,22.333333333333332,53.3,3,3
11294,Male,23,BSc,CS,9.0,1,1,2,6,1,73,4,1,Startup,9.85,26.666666666666668,85.0,7,7
11295,Male,24,BCA,DS,7.24,2,3,2,10,8,62,5,1,Service,14.0,26.666666666666668,62.400000000000006,10,10
11296,Male,24,BSc,IT,7.61,2,3,2,10,7,58,1,0,,0.0,25.0,66.10000000000001,6,6
11297,Male,21,BTech,DS,6.64,0,0,3,9,10,40,5,0,,0.0,19.666666666666668,66.39999999999999,8,8
11298,Female,21,BSc,Mechanical,7.7,0,3,4,3,4,54,1,0,,0.0,20.333333333333332,77.0,8,8
11299,Female,24,BCA,IT,8.8,3,1,3,3,4,97,0,0,,0.0,34.666666666666664,73.0,4,4
11300,Female,20,BTech,DS,9.4,0,3,5,7,1,80,3,1,Service,9.64,29.333333333333332,94.0,11,11
11301,Male,24,BSc,AI,9.67,2,3,0,6,4,95,0,1,Product,10.56,35.0,86.7,3,3
11302,Male,24,BTech,CS,7.33,2,0,0,9,1,85,0,1,Product,4.93,31.666666666666668,63.3,0,0
11303,Male,21,BTech,Electrical,9.76,2,2,4,3,5,93,2,0,,0.0,33.666666666666664,87.6,8,8
11304,Female,22,BSc,DS,6.77,1,0,5,7,5,55,0,0,,0.0,22.333333333333332,62.69999999999999,5,5
11305,Male,23,BCA,CS,5.53,2,3,4,7,2,99,4,0,,0.0,36.0,45.300000000000004,11,11
11306,Female,21,BCA,Electrical,8.8,0,2,2,9,10,73,1,1,Service,10.96,30.666666666666668,88.0,5,5
11307,Female,20,BCA,IT,6.27,3,3,0,6,2,82,2,0,,0.0,30.0,47.699999999999996,5,5
11308,Male,23,BCA,IT,5.73,0,2,2,9,9,40,4,0,,0.0,19.333333333333332,57.300000000000004,8,8
11309,Male,21,BE,Mechanical,9.47,1,3,4,6,2,97,2,1,Product,11.65,35.0,89.7,9,9
11310,Female,21,BTech,CS,8.9,0,1,0,2,5,61,2,0,,0.0,22.666666666666668,89.0,3,3
11311,Female,22,BTech,AI,5.94,0,2,2,6,9,92,2,0,,0.0,35.666666666666664,59.400000000000006,6,6
11312,Female,20,BE,AI,8.84,1,2,1,5,8,41,5,0,,0.0,18.0,83.4,8,8
11313,Male,20,BTech,DS,9.13,0,0,5,6,2,88,0,1,Startup,8.17,32.0,91.30000000000001,5,5
11314,Male,21,BTech,AI,9.39,1,1,1,9,2,52,4,0,,0.0,21.0,88.9,6,6
11315,Male,22,BSc,Electrical,7.84,0,1,2,6,5,74,2,1,Product,9.04,28.333333333333332,78.4,5,5
11316,Male,21,BE,CS,8.52,1,1,3,5,4,60,2,1,Product,11.36,23.0,80.19999999999999,6,6
11317,Male,24,BTech,IT,8.78,3,3,2,5,3,80,1,1,Service,10.84,29.333333333333332,72.8,6,6
11318,Male,24,BTech,CS,8.46,3,3,0,3,4,47,5,0,,0.0,18.0,69.60000000000001,8,8
11319,Female,22,BE,CS,8.28,1,2,4,5,2,68,5,1,Startup,4.0,25.0,77.8,11,11
11320,Female,21,BE,IT,7.85,2,3,2,5,2,85,5,1,Startup,12.13,30.666666666666668,68.5,10,10
11321,Female,22,BSc,Electrical,7.56,1,3,0,10,4,48,0,0,,0.0,20.666666666666668,70.6,3,3
11322,Male,21,BSc,CS,9.78,0,2,0,3,3,92,3,0,,0.0,32.666666666666664,97.8,5,5
11323,Female,21,BCA,AI,6.95,2,0,1,7,7,43,4,0,,0.0,19.0,59.5,5,5
11324,Male,24,BCA,DS,5.88,2,3,2,8,9,42,1,0,,0.0,19.666666666666668,48.8,6,6
11325,Male,23,BSc,DS,8.79,2,1,5,7,1,90,3,1,Startup,12.77,32.666666666666664,77.89999999999999,9,9
11326,Female,20,BTech,CS,6.42,1,1,3,2,7,82,3,0,,0.0,30.333333333333332,59.2,7,7
11327,Male,20,BE,Electrical,7.79,1,3,3,7,3,43,5,0,,0.0,17.666666666666668,72.9,11,11
11328,Female,22,BSc,IT,5.91,2,3,4,1,4,66,4,0,,0.0,23.666666666666668,49.1,11,11
11329,Female,20,BCA,Mechanical,8.16,1,2,4,3,2,76,4,0,,0.0,27.0,76.6,10,10
11330,Male,24,BE,Electrical,9.56,3,3,1,10,5,85,5,1,Startup,7.68,33.333333333333336,80.60000000000001,9,9
11331,Female,23,BCA,CS,8.61,0,0,2,4,8,97,3,0,,0.0,36.333333333333336,86.1,5,5
11332,Female,21,BTech,CS,6.42,0,2,4,6,2,69,0,0,,0.0,25.666666666666668,64.2,6,6
11333,Female,21,BTech,Mechanical,9.68,0,1,2,9,8,54,5,0,,0.0,23.666666666666668,96.8,8,8
11334,Female,24,BCA,DS,6.82,1,2,5,9,9,55,4,0,,0.0,24.333333333333332,63.2,11,11
11335,Male,20,BE,Electrical,7.38,0,3,3,6,5,67,2,1,Product,10.7,26.0,73.8,8,8
11336,Female,21,BCA,DS,7.64,3,3,0,9,9,94,0,1,Startup,6.04,37.333333333333336,61.39999999999999,3,3
11337,Female,20,BE,Mechanical,9.76,0,0,3,6,8,51,4,0,,0.0,21.666666666666668,97.6,7,7
11338,Female,24,BSc,IT,5.8,3,0,1,7,2,64,2,0,,0.0,24.333333333333332,43.0,3,3
11339,Male,21,BCA,CS,8.5,1,2,2,6,5,67,5,1,Service,3.89,26.0,80.0,9,9
11340,Female,22,BCA,AI,7.06,1,1,0,3,9,98,4,0,,0.0,36.666666666666664,65.6,5,5
11341,Male,23,BE,DS,5.84,0,2,0,1,9,99,4,0,,0.0,36.333333333333336,58.4,6,6
11342,Female,20,BSc,DS,9.52,2,2,1,4,8,91,5,0,,0.0,34.333333333333336,85.19999999999999,8,8
11343,Female,20,BE,Electrical,8.04,3,0,0,1,2,92,0,0,,0.0,31.666666666666668,65.39999999999999,0,0
11344,Female,20,BE,DS,8.74,2,2,2,10,6,92,5,1,Startup,12.7,36.0,77.4,9,9
11345,Male,20,BCA,IT,6.53,3,0,3,1,1,85,2,0,,0.0,29.0,50.3,5,5
11346,Male,24,BCA,Mechanical,8.77,1,0,2,5,7,43,3,0,,0.0,18.333333333333332,82.69999999999999,5,5
11347,Male,24,BE,IT,9.06,1,2,4,8,6,74,1,1,Service,14.15,29.333333333333332,85.60000000000001,7,7
11348,Male,24,BTech,DS,7.35,3,0,0,1,8,78,5,0,,0.0,29.0,58.5,5,5
11349,Male,24,BTech,Electrical,7.96,3,3,0,5,7,44,3,0,,0.0,18.666666666666668,64.6,6,6
11350,Male,21,BTech,CS,9.68,1,3,2,8,2,89,2,1,Product,3.0,33.0,91.8,7,7
11351,Female,24,BCA,DS,9.14,3,2,5,3,2,68,5,0,,0.0,24.333333333333332,76.4,12,12
11352,Male,21,BCA,CS,7.41,3,1,1,6,2,96,5,1,Service,10.2,34.666666666666664,59.099999999999994,7,7
11353,Female,22,BSc,Electrical,8.36,2,1,5,7,6,56,1,0,,0.0,23.0,73.6,7,7
11354,Male,24,BCA,CS,8.87,0,3,2,10,10,70,0,1,Service,7.92,30.0,88.69999999999999,5,5
11355,Male,22,BSc,DS,5.6,2,0,3,8,8,51,1,0,,0.0,22.333333333333332,46.0,4,4
11356,Male,24,BCA,DS,8.03,1,1,1,3,1,75,0,0,,0.0,26.333333333333332,75.3,2,2
11357,Female,22,BTech,CS,9.73,2,1,0,1,2,70,0,0,,0.0,24.333333333333332,87.30000000000001,1,1
11358,Male,23,BTech,IT,9.57,1,2,5,10,5,50,5,0,,0.0,21.666666666666668,90.7,12,12
11359,Male,22,BE,IT,9.08,3,2,5,8,9,85,3,1,Service,10.01,34.0,75.8,10,10
11360,Female,21,BE,Electrical,5.96,0,1,0,4,8,78,1,0,,0.0,30.0,59.6,2,2
11361,Female,20,BSc,IT,9.77,1,1,1,2,1,69,0,0,,0.0,24.0,92.69999999999999,2,2
11362,Female,22,BSc,AI,8.12,0,3,1,1,8,71,1,0,,0.0,26.666666666666668,81.19999999999999,5,5
11363,Female,20,BE,CS,6.46,0,2,1,6,7,47,2,0,,0.0,20.0,64.6,5,5
11364,Male,23,BSc,AI,8.4,2,2,0,1,9,49,5,0,,0.0,19.666666666666668,74.0,7,7
11365,Female,23,BCA,AI,9.18,1,1,0,6,4,50,3,0,,0.0,20.0,86.8,4,4
11366,Male,21,BTech,CS,5.98,2,3,5,8,10,66,2,0,,0.0,28.0,49.800000000000004,10,10
11367,Male,21,BE,AI,9.44,3,0,5,3,6,45,1,0,,0.0,18.0,79.39999999999999,6,6
11368,Female,22,BE,Electrical,9.46,3,2,0,6,4,94,4,1,Product,8.72,34.666666666666664,79.60000000000001,6,6
11369,Male,24,BCA,Electrical,5.56,1,2,0,6,4,80,1,0,,0.0,30.0,50.599999999999994,3,3
11370,Female,23,BSc,CS,9.37,1,1,0,5,9,45,0,0,,0.0,19.666666666666668,88.69999999999999,1,1
11371,Male,20,BE,Mechanical,9.57,3,1,2,3,1,78,3,0,,0.0,27.333333333333332,80.7,6,6
11372,Female,24,BE,Mechanical,5.66,1,0,2,6,10,69,4,0,,0.0,28.333333333333332,51.6,6,6
11373,Female,23,BCA,CS,6.76,2,2,2,1,7,57,1,0,,0.0,21.666666666666668,57.599999999999994,5,5
11374,Female,22,BTech,CS,7.1,2,3,1,4,8,78,3,0,,0.0,30.0,61.0,7,7
11375,Female,23,BE,CS,7.0,1,3,0,8,6,78,5,1,Service,13.77,30.666666666666668,65.0,8,8
11376,Female,21,BE,IT,8.76,2,1,5,6,1,53,0,0,,0.0,20.0,77.6,6,6
11377,Female,20,BCA,CS,7.04,1,3,5,4,6,54,1,0,,0.0,21.333333333333332,65.4,9,9
11378,Male,20,BE,Electrical,9.61,2,3,2,6,4,89,2,1,Startup,7.9,33.0,86.1,7,7
11379,Male,21,BE,Electrical,9.78,2,1,1,1,8,92,5,0,,0.0,33.666666666666664,87.8,7,7
11380,Male,24,BTech,DS,6.86,0,0,3,3,7,75,5,0,,0.0,28.333333333333332,68.60000000000001,8,8
11381,Female,21,BE,Mechanical,7.69,2,0,4,7,8,62,4,1,Service,4.82,25.666666666666668,66.9,8,8
11382,Male,20,BCA,Mechanical,7.9,1,2,3,1,1,75,5,0,,0.0,25.666666666666668,74.0,10,10
11383,Female,22,BTech,CS,7.99,2,1,3,2,10,64,3,0,,0.0,25.333333333333332,69.9,7,7
11384,Male,24,BTech,Mechanical,7.11,2,1,4,3,9,48,1,0,,0.0,20.0,61.10000000000001,6,6
11385,Male,23,BTech,CS,6.21,3,2,5,4,10,76,5,0,,0.0,30.0,47.1,12,12
11386,Female,22,BSc,CS,5.73,1,3,1,6,10,63,3,0,,0.0,26.333333333333332,52.300000000000004,7,7
11387,Male,24,BCA,Mechanical,5.96,2,0,4,9,3,58,4,0,,0.0,23.333333333333332,49.6,8,8
11388,Male,20,BSc,Mechanical,9.38,0,2,1,1,2,75,5,0,,0.0,26.0,93.80000000000001,8,8
11389,Male,20,BE,DS,6.71,3,2,3,4,9,73,2,0,,0.0,28.666666666666668,52.099999999999994,7,7
11390,Female,22,BTech,AI,5.83,0,2,4,4,1,50,5,0,,0.0,18.333333333333332,58.3,11,11
11391,Male,24,BSc,DS,8.18,0,0,3,6,6,87,5,1,Product,3.72,33.0,81.8,8,8
11392,Female,23,BE,DS,5.82,3,3,4,1,5,74,5,0,,0.0,26.666666666666668,43.2,12,12
11393,Male,23,BSc,Mechanical,5.8,0,0,4,9,4,99,1,0,,0.0,37.333333333333336,58.0,5,5
11394,Male,21,BTech,Electrical,8.17,1,1,0,1,10,67,4,0,,0.0,26.0,76.7,5,5
11395,Male,22,BE,DS,8.04,1,1,2,10,1,91,0,1,Startup,9.55,34.0,75.39999999999999,3,3
11396,Male,24,BTech,Electrical,5.68,0,2,2,1,2,80,5,0,,0.0,27.666666666666668,56.8,9,9
11397,Female,22,BTech,Mechanical,7.48,1,1,3,3,4,70,1,0,,0.0,25.666666666666668,69.80000000000001,5,5
11398,Male,23,BSc,IT,7.37,2,0,3,1,6,75,5,0,,0.0,27.333333333333332,63.7,8,8
11399,Female,24,BCA,CS,7.85,2,1,3,4,6,72,0,0,,0.0,27.333333333333332,68.5,4,4
11400,Female,20,BE,AI,8.67,2,1,0,7,5,54,2,0,,0.0,22.0,76.7,3,3
11401,Male,20,BE,Electrical,6.72,0,3,0,9,8,41,2,0,,0.0,19.333333333333332,67.2,5,5
11402,Male,24,BCA,IT,7.36,0,0,3,4,3,78,5,0,,0.0,28.333333333333332,73.60000000000001,8,8
11403,Female,22,BE,Electrical,8.91,1,1,0,6,9,89,5,1,Product,11.13,34.666666666666664,84.1,6,6
11404,Female,22,BSc,CS,9.47,1,0,4,2,10,66,5,0,,0.0,26.0,89.7,9,9
11405,Male,20,BE,CS,9.33,1,1,4,7,4,86,1,1,Service,11.33,32.333333333333336,88.3,6,6
11406,Male,20,BSc,AI,7.55,0,3,4,8,1,55,3,0,,0.0,21.333333333333332,75.5,10,10
11407,Male,23,BE,DS,7.74,1,1,2,3,6,42,3,0,,0.0,17.0,72.4,6,6
11408,Male,24,BSc,CS,7.78,2,2,4,1,2,66,3,0,,0.0,23.0,67.8,9,9
11409,Male,22,BCA,AI,9.24,2,3,2,2,4,71,3,0,,0.0,25.666666666666668,82.4,8,8
11410,Female,23,BE,Electrical,9.11,3,1,4,2,3,97,5,0,,0.0,34.0,76.1,10,10
11411,Male,22,BSc,Electrical,6.84,3,2,3,6,3,74,4,1,Product,5.27,27.666666666666668,53.400000000000006,9,9
11412,Male,20,BTech,Electrical,6.2,3,1,2,7,2,63,1,0,,0.0,24.0,47.0,4,4
11413,Female,24,BTech,Electrical,7.13,2,2,0,5,8,46,5,0,,0.0,19.666666666666668,61.3,7,7
11414,Male,21,BTech,Electrical,6.74,0,3,5,10,2,88,3,1,Startup,14.12,33.333333333333336,67.4,11,11
11415,Male,24,BE,Mechanical,9.59,1,1,2,1,1,79,2,0,,0.0,27.0,90.9,5,5
11416,Female,21,BSc,CS,6.64,1,0,1,5,5,58,1,0,,0.0,22.666666666666668,61.39999999999999,2,2
11417,Male,23,BTech,CS,6.28,0,1,2,8,1,44,3,0,,0.0,17.666666666666668,62.800000000000004,6,6
11418,Female,21,BE,DS,9.37,3,0,4,10,6,78,0,1,Product,13.14,31.333333333333332,78.69999999999999,4,4
11419,Male,21,BSc,DS,5.87,0,3,4,2,5,90,1,0,,0.0,32.333333333333336,58.7,8,8
11420,Male,23,BTech,Mechanical,6.62,2,0,4,8,1,95,3,1,Service,14.81,34.666666666666664,56.2,7,7
11421,Male,24,BTech,CS,7.39,0,2,0,6,7,47,4,0,,0.0,20.0,73.89999999999999,6,6
11422,Female,23,BE,DS,8.06,2,0,3,1,3,64,0,0,,0.0,22.666666666666668,70.60000000000001,3,3
11423,Female,20,BSc,AI,6.91,2,3,2,10,2,61,0,1,Product,14.91,24.333333333333332,59.099999999999994,5,5
11424,Female,20,BE,Electrical,7.63,3,3,0,9,10,41,2,0,,0.0,20.0,61.3,5,5
11425,Female,21,BTech,Electrical,6.35,1,0,1,8,9,79,5,0,,0.0,32.0,58.5,6,6
11426,Male,23,BE,CS,7.97,3,2,2,5,3,85,5,1,Product,10.09,31.0,64.7,9,9
11427,Female,23,BE,Electrical,7.25,2,3,5,4,8,49,3,0,,0.0,20.333333333333332,62.5,11,11
11428,Female,23,BTech,Electrical,9.15,3,1,4,1,4,57,3,0,,0.0,20.666666666666668,76.5,8,8
11429,Female,24,BTech,AI,7.29,1,3,0,2,6,64,1,0,,0.0,24.0,67.9,4,4
11430,Male,22,BSc,IT,7.41,3,1,0,5,8,89,5,1,Service,8.17,34.0,59.099999999999994,6,6
11431,Male,22,BSc,Mechanical,8.05,2,0,2,5,4,55,2,0,,0.0,21.333333333333332,70.5,4,4
11432,Female,22,BTech,DS,6.03,1,2,5,8,3,54,5,0,,0.0,21.666666666666668,55.300000000000004,12,12
11433,Female,24,BTech,IT,6.17,3,1,0,5,9,46,0,0,,0.0,20.0,46.7,1,1
11434,Male,23,BCA,DS,8.9,0,2,0,5,10,51,4,0,,0.0,22.0,89.0,6,6
11435,Female,22,BCA,IT,6.68,1,2,0,3,7,71,5,0,,0.0,27.0,61.8,7,7
11436,Female,23,BSc,Electrical,8.44,3,0,2,7,9,42,3,0,,0.0,19.333333333333332,69.39999999999999,5,5
11437,Female,21,BE,DS,5.92,0,3,4,6,3,40,0,0,,0.0,16.333333333333332,59.2,7,7
11438,Female,22,BTech,Mechanical,9.03,1,3,5,5,1,95,3,1,Product,12.22,33.666666666666664,85.3,11,11
11439,Male,21,BTech,CS,9.75,0,3,0,2,3,82,5,0,,0.0,29.0,97.5,8,8
11440,Male,24,BE,AI,7.11,3,2,0,4,7,62,3,0,,0.0,24.333333333333332,56.10000000000001,5,5
11441,Male,20,BSc,IT,7.67,0,3,3,3,1,74,4,0,,0.0,26.0,76.7,10,10
11442,Female,24,BCA,AI,7.4,0,3,5,7,5,40,4,0,,0.0,17.333333333333332,74.0,12,12
11443,Female,24,BSc,AI,9.35,2,0,5,9,5,83,4,1,Product,6.78,32.333333333333336,83.5,9,9
11444,Male,24,BE,DS,5.54,0,3,1,3,3,83,1,0,,0.0,29.666666666666668,55.4,5,5
11445,Male,22,BTech,CS,8.31,1,2,3,7,8,97,4,1,Product,6.12,37.333333333333336,78.10000000000001,9,9
11446,Male,21,BCA,DS,8.31,0,0,4,9,1,59,5,0,,0.0,23.0,83.10000000000001,9,9
11447,Female,22,BE,AI,7.14,0,3,3,5,9,55,4,0,,0.0,23.0,71.39999999999999,10,10
11448,Male,20,BTech,Electrical,6.44,1,1,2,8,7,76,5,0,,0.0,30.333333333333332,59.400000000000006,8,8
11449,Female,24,BSc,Mechanical,6.53,3,3,3,8,1,84,4,1,Startup,8.2,31.0,50.3,10,10
11450,Female,23,BCA,CS,8.94,3,2,2,7,2,74,4,1,Product,9.1,27.666666666666668,74.39999999999999,8,8
11451,Male,20,BTech,CS,5.78,0,0,3,1,2,76,2,0,,0.0,26.333333333333332,57.800000000000004,5,5
11452,Male,21,BTech,Electrical,7.92,1,3,3,5,1,40,5,0,,0.0,15.333333333333334,74.2,11,11
11453,Female,20,BTech,AI,6.82,0,1,1,10,1,86,5,1,Service,12.52,32.333333333333336,68.2,7,7
11454,Male,22,BTech,DS,6.64,1,3,5,9,10,94,1,1,Product,6.62,37.666666666666664,61.39999999999999,9,9
11455,Male,23,BTech,Electrical,7.67,1,0,2,9,2,73,3,1,Startup,4.32,28.0,71.7,5,5
11456,Female,22,BSc,Mechanical,9.36,3,0,4,6,6,60,1,1,Startup,11.34,24.0,78.6,5,5
11457,Female,24,BE,IT,8.16,0,0,5,8,5,65,1,1,Product,11.24,26.0,81.6,6,6
11458,Female,24,BCA,DS,8.89,0,0,0,4,5,53,1,0,,0.0,20.666666666666668,88.9,1,1
11459,Female,20,BSc,CS,8.08,0,0,4,9,2,57,4,0,,0.0,22.666666666666668,80.8,8,8
11460,Female,24,BCA,Electrical,8.5,0,2,3,2,7,63,1,0,,0.0,24.0,85.0,6,6
11461,Male,24,BTech,DS,7.36,0,1,4,2,3,74,2,0,,0.0,26.333333333333332,73.60000000000001,7,7
11462,Female,21,BE,IT,9.48,0,1,3,7,9,40,3,0,,0.0,18.666666666666668,94.80000000000001,7,7
11463,Female,21,BTech,Mechanical,7.66,2,1,3,4,8,93,1,0,,0.0,35.0,66.6,5,5
11464,Female,22,BSc,Electrical,7.87,0,2,0,4,9,86,3,0,,0.0,33.0,78.7,5,5
11465,Male,22,BSc,Mechanical,7.76,2,0,1,2,9,82,0,0,,0.0,31.0,67.6,1,1
11466,Female,21,BCA,IT,6.86,2,3,1,9,10,55,0,0,,0.0,24.666666666666668,58.60000000000001,4,4
11467,Female,20,BTech,IT,6.49,2,2,0,2,6,85,1,0,,0.0,31.0,54.900000000000006,3,3
11468,Female,21,BTech,AI,5.82,0,0,4,9,5,95,2,0,,0.0,36.333333333333336,58.2,6,6
11469,Male,22,BE,CS,8.59,1,2,2,5,2,78,0,1,Startup,7.12,28.333333333333332,80.9,4,4
11470,Female,23,BE,AI,6.74,3,3,0,5,7,77,0,1,Startup,10.5,29.666666666666668,52.400000000000006,3,3
11471,Female,24,BTech,DS,7.17,1,3,5,7,5,60,2,1,Startup,3.69,24.0,66.7,10,10
11472,Female,23,BCA,IT,9.46,1,1,3,5,10,63,4,1,Product,8.86,26.0,89.60000000000001,8,8
11473,Male,23,BE,AI,7.94,0,2,5,6,8,65,1,1,Product,12.78,26.333333333333332,79.4,8,8
11474,Male,24,BTech,CS,5.92,1,3,1,3,5,86,5,0,,0.0,31.333333333333332,54.2,9,9
11475,Male,21,BTech,CS,8.94,1,0,1,3,1,85,0,0,,0.0,29.666666666666668,84.39999999999999,1,1
11476,Male,20,BTech,IT,6.6,0,1,4,3,3,91,2,0,,0.0,32.333333333333336,66.0,7,7
11477,Female,23,BSc,Electrical,7.88,0,3,2,1,10,78,0,0,,0.0,29.666666666666668,78.8,5,5
11478,Female,20,BCA,AI,7.69,3,1,5,3,1,57,3,0,,0.0,20.333333333333332,61.900000000000006,9,9
11479,Male,22,BTech,Mechanical,6.52,3,0,0,4,10,80,0,0,,0.0,31.333333333333332,50.19999999999999,0,0
11480,Male,23,BTech,IT,6.0,2,0,3,6,5,63,5,0,,0.0,24.666666666666668,50.0,8,8
11481,Female,22,BTech,DS,6.41,3,2,5,4,6,83,3,0,,0.0,31.0,49.099999999999994,10,10
11482,Female,21,BE,AI,5.92,0,0,3,3,7,67,5,0,,0.0,25.666666666666668,59.2,8,8
11483,Male,23,BTech,AI,6.69,1,0,2,8,5,59,4,0,,0.0,24.0,61.900000000000006,6,6
11484,Male,22,BSc,IT,9.79,0,0,4,5,5,78,2,1,Startup,14.37,29.333333333333332,97.89999999999999,6,6
11485,Male,22,BSc,Electrical,7.23,0,1,5,3,6,56,4,0,,0.0,21.666666666666668,72.30000000000001,10,10
11486,Male,21,BCA,AI,9.21,1,0,2,4,9,60,3,0,,0.0,24.333333333333332,87.10000000000001,5,5
11487,Female,20,BTech,AI,7.86,3,1,4,4,2,89,0,0,,0.0,31.666666666666668,63.60000000000001,5,5
11488,Male,20,BTech,DS,8.37,1,3,4,3,6,57,4,0,,0.0,22.0,78.69999999999999,11,11
11489,Male,23,BTech,Electrical,6.17,0,3,5,9,10,89,3,0,,0.0,36.0,61.7,11,11
11490,Female,21,BSc,DS,6.68,3,1,0,4,7,41,4,0,,0.0,17.333333333333332,51.8,5,5
11491,Female,23,BE,Mechanical,7.69,0,1,0,8,4,76,5,1,Service,9.44,29.333333333333332,76.9,6,6
11492,Female,20,BE,DS,9.29,0,0,3,9,5,75,3,1,Product,3.67,29.666666666666668,92.89999999999999,6,6
11493,Female,21,BTech,Mechanical,5.68,3,0,1,7,7,56,0,0,,0.0,23.333333333333332,41.8,1,1
11494,Female,24,BE,DS,7.68,1,1,5,3,8,82,4,0,,0.0,31.0,71.8,10,10
11495,Male,21,BCA,Mechanical,5.72,2,2,4,1,3,45,2,0,,0.0,16.333333333333332,47.199999999999996,8,8
11496,Male,21,BSc,Electrical,7.46,3,2,3,9,3,74,4,1,Service,4.03,28.666666666666668,59.599999999999994,9,9
11497,Male,24,BTech,DS,8.2,0,2,5,4,9,79,3,0,,0.0,30.666666666666668,82.0,10,10
11498,Female,22,BE,DS,8.7,0,3,1,3,1,73,1,0,,0.0,25.666666666666668,87.0,5,5
11499,Male,22,BTech,IT,6.1,3,0,3,7,10,95,0,0,,0.0,37.333333333333336,46.0,3,3
11500,Female,22,BTech,DS,6.22,0,1,4,10,8,61,4,0,,0.0,26.333333333333332,62.199999999999996,9,9
11501,Male,20,BSc,Mechanical,7.52,2,3,1,9,5,76,3,1,Product,13.08,30.0,65.19999999999999,7,7
11502,Male,21,BSc,IT,9.79,3,3,2,7,3,71,2,1,Startup,6.08,27.0,82.89999999999999,7,7
11503,Female,24,BE,Mechanical,7.03,0,0,0,9,7,49,0,0,,0.0,21.666666666666668,70.3,0,0
11504,Female,20,BSc,DS,7.34,2,1,0,7,4,45,5,0,,0.0,18.666666666666668,63.400000000000006,6,6
11505,Male,24,BCA,DS,7.36,0,2,1,8,6,52,0,0,,0.0,22.0,73.60000000000001,3,3
11506,Male,20,BTech,Mechanical,5.85,3,0,5,8,5,45,2,0,,0.0,19.333333333333332,43.5,7,7
11507,Male,20,BSc,Electrical,8.83,1,3,1,8,7,75,2,1,Startup,14.62,30.0,83.3,6,6
11508,Male,20,BE,Electrical,6.59,2,3,4,2,7,72,3,0,,0.0,27.0,55.900000000000006,10,10
11509,Male,24,BE,Electrical,8.53,3,3,1,2,3,41,4,0,,0.0,15.333333333333334,70.3,8,8
11510,Female,23,BE,AI,7.54,3,3,5,2,5,55,0,0,,0.0,20.666666666666668,60.400000000000006,8,8
11511,Female,20,BCA,IT,8.13,3,2,0,7,2,79,1,1,Product,10.28,29.333333333333332,66.30000000000001,3,3
11512,Female,22,BSc,IT,5.73,1,1,4,8,2,64,2,0,,0.0,24.666666666666668,52.300000000000004,7,7
11513,Female,21,BSc,Electrical,9.33,0,2,5,10,5,59,2,0,,0.0,24.666666666666668,93.3,9,9
11514,Male,23,BCA,DS,6.55,1,3,3,1,5,66,0,0,,0.0,24.0,60.5,6,6
11515,Male,23,BSc,IT,8.38,3,1,0,8,9,85,5,1,Startup,11.25,34.0,68.80000000000001,6,6
11516,Female,24,BSc,Mechanical,8.93,2,0,2,8,8,54,2,0,,0.0,23.333333333333332,79.3,4,4
11517,Male,23,BSc,DS,7.82,0,0,4,5,8,79,2,1,Startup,4.69,30.666666666666668,78.2,6,6
11518,Female,24,BCA,IT,6.95,1,2,2,3,10,49,4,0,,0.0,20.666666666666668,64.5,8,8
11519,Male,24,BCA,CS,9.7,2,0,1,1,4,77,3,0,,0.0,27.333333333333332,87.0,4,4
11520,Male,22,BE,IT,6.7,3,3,3,4,9,66,3,0,,0.0,26.333333333333332,52.0,9,9
11521,Male,20,BCA,Electrical,9.58,2,1,1,7,1,56,2,0,,0.0,21.333333333333332,85.8,4,4
11522,Female,23,BCA,Mechanical,6.17,2,1,0,7,6,61,5,0,,0.0,24.666666666666668,51.7,6,6
11523,Female,20,BE,IT,7.17,3,2,3,5,5,78,1,1,Startup,12.53,29.333333333333332,56.7,6,6
11524,Female,20,BCA,AI,6.1,1,1,5,6,3,53,5,0,,0.0,20.666666666666668,56.0,11,11
11525,Female,20,BSc,Electrical,5.51,3,0,0,9,1,88,2,0,,0.0,32.666666666666664,40.099999999999994,2,2
11526,Male,24,BTech,AI,6.62,2,2,3,7,5,82,1,1,Service,3.29,31.333333333333332,56.2,6,6
11527,Male,20,BE,DS,5.88,3,3,2,2,1,67,1,0,,0.0,23.333333333333332,43.8,6,6
11528,Male,23,BTech,AI,9.74,0,2,0,2,6,96,1,0,,0.0,34.666666666666664,97.4,3,3
11529,Male,24,BTech,Mechanical,8.78,0,0,5,2,3,93,1,0,,0.0,32.666666666666664,87.8,6,6
11530,Female,23,BE,CS,5.52,2,0,0,2,3,47,0,0,,0.0,17.333333333333332,45.199999999999996,0,0
11531,Male,24,BTech,CS,6.46,3,0,1,5,3,47,2,0,,0.0,18.333333333333332,49.599999999999994,3,3
11532,Male,21,BTech,DS,8.38,2,2,5,10,3,68,5,1,Product,6.29,27.0,73.80000000000001,12,12
11533,Male,21,BE,DS,7.21,3,2,4,5,10,80,0,1,Product,4.75,31.666666666666668,57.099999999999994,6,6
11534,Female,21,BE,AI,9.08,0,1,5,8,10,40,1,0,,0.0,19.333333333333332,90.8,7,7
11535,Female,21,BSc,Mechanical,7.67,0,2,0,5,3,84,4,1,Product,11.63,30.666666666666668,76.7,6,6
11536,Female,24,BE,AI,8.31,2,3,5,8,2,93,3,1,Product,14.32,34.333333333333336,73.10000000000001,11,11
11537,Male,20,BCA,Mechanical,8.07,0,2,3,6,5,48,2,0,,0.0,19.666666666666668,80.7,7,7
11538,Female,22,BTech,Mechanical,8.24,2,1,1,10,6,47,2,0,,0.0,21.0,72.4,4,4
11539,Male,22,BE,CS,6.49,1,3,4,4,6,43,0,0,,0.0,17.666666666666668,59.900000000000006,7,7
11540,Male,21,BSc,Mechanical,7.11,2,3,0,10,2,60,1,1,Product,9.72,24.0,61.10000000000001,4,4
11541,Male,20,BE,IT,5.72,3,2,2,4,1,96,1,0,,0.0,33.666666666666664,42.199999999999996,5,5
11542,Female,23,BTech,Mechanical,8.03,3,1,5,3,4,44,5,0,,0.0,17.0,65.3,11,11
11543,Female,20,BE,CS,7.47,3,1,1,9,10,80,0,1,Startup,12.35,33.0,59.7,2,2
11544,Male,23,BTech,Electrical,8.77,2,3,5,5,8,88,5,1,Product,4.54,33.666666666666664,77.69999999999999,13,13
11545,Male,22,BE,AI,6.39,1,3,2,8,1,97,2,0,,0.0,35.333333333333336,58.9,7,7
11546,Female,20,BSc,Mechanical,7.38,2,1,3,4,7,80,0,0,,0.0,30.333333333333332,63.8,4,4
11547,Female,20,BCA,IT,6.28,2,0,1,3,5,97,3,0,,0.0,35.0,52.800000000000004,4,4
11548,Female,22,BSc,DS,8.14,1,0,1,6,8,80,2,1,Product,14.9,31.333333333333332,76.4,3,3
11549,Male,20,BE,AI,9.15,0,2,1,6,2,77,1,1,Startup,10.26,28.333333333333332,91.5,4,4
11550,Male,23,BTech,DS,8.79,0,1,4,6,1,62,5,1,Service,13.34,23.0,87.89999999999999,10,10
11551,Male,20,BSc,IT,9.56,0,3,5,2,9,93,5,0,,0.0,34.666666666666664,95.60000000000001,13,13
11552,Female,23,BCA,CS,9.68,0,0,4,6,4,91,4,1,Service,6.71,33.666666666666664,96.8,8,8
11553,Female,21,BCA,Electrical,8.82,0,3,0,5,4,62,5,1,Product,13.03,23.666666666666668,88.2,8,8
11554,Female,20,BTech,CS,6.73,1,3,2,5,2,98,5,1,Service,8.37,35.0,62.30000000000001,10,10
11555,Male,23,BE,Electrical,6.44,1,1,5,3,2,41,4,0,,0.0,15.333333333333334,59.400000000000006,10,10
11556,Male,22,BSc,AI,7.42,2,3,5,5,5,42,2,0,,0.0,17.333333333333332,64.2,10,10
11557,Female,21,BSc,Mechanical,9.77,0,1,0,10,2,50,2,0,,0.0,20.666666666666668,97.69999999999999,3,3
11558,Male,20,BTech,Mechanical,7.27,3,3,2,1,6,67,1,0,,0.0,24.666666666666668,57.69999999999999,6,6
11559,Female,23,BSc,DS,6.36,1,0,0,1,7,99,4,0,,0.0,35.666666666666664,58.6,4,4
11560,Male,20,BTech,CS,9.56,1,1,1,7,2,91,0,1,Service,3.52,33.333333333333336,90.60000000000001,2,2
11561,Female,23,BTech,Mechanical,7.16,0,3,1,10,8,42,0,0,,0.0,20.0,71.6,4,4
11562,Male,20,BE,Electrical,8.47,3,2,2,7,9,48,0,0,,0.0,21.333333333333332,69.7,4,4
11563,Male,21,BTech,Mechanical,8.89,3,2,1,9,10,71,0,1,Product,6.87,30.0,73.9,3,3
11564,Female,21,BSc,CS,9.13,1,2,0,9,3,84,5,1,Service,9.02,32.0,86.30000000000001,7,7
11565,Female,20,BTech,CS,9.03,2,2,4,7,4,91,4,1,Product,8.8,34.0,80.3,10,10
11566,Female,20,BSc,IT,9.1,3,0,3,10,7,85,4,1,Startup,10.85,34.0,76.0,7,7
11567,Female,24,BTech,DS,8.37,2,0,5,9,1,49,1,0,,0.0,19.666666666666668,73.69999999999999,6,6
11568,Female,20,BE,CS,7.24,0,2,5,10,4,88,2,1,Product,5.72,34.0,72.4,9,9
11569,Male,20,BE,IT,8.37,0,3,0,9,1,51,4,0,,0.0,20.333333333333332,83.69999999999999,7,7
11570,Female,21,BTech,CS,9.1,0,0,2,3,2,83,4,0,,0.0,29.333333333333332,91.0,6,6
11571,Female,20,BTech,AI,7.01,2,2,1,4,9,95,2,0,,0.0,36.0,60.099999999999994,5,5
11572,Female,22,BTech,Electrical,6.77,1,0,3,1,2,59,3,0,,0.0,20.666666666666668,62.69999999999999,6,6
11573,Male,20,BE,Electrical,6.98,2,0,3,2,3,80,5,0,,0.0,28.333333333333332,59.80000000000001,8,8
11574,Female,24,BCA,AI,7.87,0,3,1,8,6,51,0,0,,0.0,21.666666666666668,78.7,4,4
11575,Female,23,BTech,AI,5.73,3,3,0,9,1,48,5,0,,0.0,19.333333333333332,42.300000000000004,8,8
11576,Female,21,BCA,CS,8.85,1,1,1,9,7,64,4,1,Startup,12.08,26.666666666666668,83.5,6,6
11577,Male,22,BTech,Mechanical,6.1,2,3,4,9,8,50,4,0,,0.0,22.333333333333332,51.0,11,11
11578,Male,23,BSc,Mechanical,6.07,3,2,2,1,9,48,5,0,,0.0,19.333333333333332,45.7,9,9
11579,Female,22,BE,AI,6.35,3,1,5,8,9,84,0,0,,0.0,33.666666666666664,48.5,6,6
11580,Male,21,BCA,DS,7.98,0,2,1,5,5,84,4,1,Startup,6.77,31.333333333333332,79.80000000000001,7,7
11581,Female,24,BCA,Electrical,6.73,0,3,0,3,5,52,2,0,,0.0,20.0,67.30000000000001,5,5
11582,Male,21,BE,IT,7.08,3,3,4,6,4,52,4,0,,0.0,20.666666666666668,55.8,11,11
11583,Female,22,BCA,AI,9.51,1,0,5,4,4,46,1,0,,0.0,18.0,90.1,6,6
11584,Male,22,BTech,Electrical,9.14,2,2,4,1,10,51,4,0,,0.0,20.666666666666668,81.4,10,10
11585,Female,21,BCA,IT,9.16,1,1,0,3,1,80,0,0,,0.0,28.0,86.6,1,1
11586,Female,20,BTech,IT,7.98,1,3,2,2,7,62,2,0,,0.0,23.666666666666668,74.80000000000001,7,7
11587,Male,21,BCA,AI,9.23,2,1,3,1,8,66,4,0,,0.0,25.0,82.30000000000001,8,8
11588,Female,24,BSc,Mechanical,8.85,2,3,4,10,4,67,5,1,Startup,8.78,27.0,78.5,12,12
11589,Female,21,BCA,DS,9.6,2,3,5,9,3,70,3,1,Service,11.33,27.333333333333332,86.0,11,11
11590,Female,23,BCA,Electrical,5.78,1,0,0,3,3,95,2,0,,0.0,33.666666666666664,52.800000000000004,2,2
11591,Female,20,BTech,AI,5.62,1,1,5,1,7,73,2,0,,0.0,27.0,51.2,8,8
11592,Male,23,BE,IT,6.25,2,3,5,3,6,51,5,0,,0.0,20.0,52.5,13,13
11593,Female,21,BSc,Electrical,9.5,3,3,4,1,1,43,3,0,,0.0,15.0,80.0,10,10
11594,Male,20,BE,CS,8.1,3,0,5,1,1,59,4,0,,0.0,20.333333333333332,66.0,9,9
11595,Male,23,BTech,CS,7.33,2,3,3,9,1,75,1,1,Service,3.01,28.333333333333332,63.3,7,7
11596,Male,23,BSc,Electrical,7.7,1,0,5,1,5,42,5,0,,0.0,16.0,72.0,10,10
11597,Male,20,BCA,Electrical,9.07,2,0,0,5,1,68,0,1,Startup,3.53,24.666666666666668,80.7,0,0
11598,Female,20,BE,IT,9.5,0,0,4,5,7,88,2,1,Service,4.82,33.333333333333336,95.0,6,6
11599,Female,22,BE,AI,8.64,3,3,0,1,9,45,5,0,,0.0,18.333333333333332,71.4,8,8
11600,Male,20,BE,Mechanical,8.77,3,0,5,9,3,44,1,0,,0.0,18.666666666666668,72.69999999999999,6,6
11601,Female,21,BCA,AI,6.88,3,1,0,5,4,82,0,1,Startup,3.29,30.333333333333332,53.8,1,1
11602,Male,24,BTech,DS,7.51,2,1,3,2,7,74,0,0,,0.0,27.666666666666668,65.1,4,4
11603,Female,22,BCA,Electrical,9.31,0,1,0,7,2,51,4,0,,0.0,20.0,93.10000000000001,5,5
11604,Female,20,BCA,CS,8.88,3,1,5,9,4,94,5,1,Product,4.03,35.666666666666664,73.80000000000001,11,11
11605,Female,24,BTech,IT,8.44,0,0,2,4,7,77,1,0,,0.0,29.333333333333332,84.39999999999999,3,3
11606,Male,22,BTech,Mechanical,5.78,1,2,4,5,9,86,5,0,,0.0,33.333333333333336,52.800000000000004,11,11
11607,Male,21,BCA,AI,5.67,1,3,1,9,8,59,2,0,,0.0,25.333333333333332,51.7,6,6
11608,Female,24,BTech,DS,6.06,3,3,2,2,4,64,2,0,,0.0,23.333333333333332,45.599999999999994,7,7
11609,Male,20,BE,AI,8.0,1,2,2,5,2,71,5,1,Startup,13.41,26.0,75.0,9,9
11610,Male,20,BSc,DS,7.81,2,2,0,6,9,91,4,1,Startup,9.35,35.333333333333336,68.1,6,6
11611,Female,21,BTech,AI,9.55,1,3,2,3,4,96,2,0,,0.0,34.333333333333336,90.5,7,7
11612,Male,22,BSc,Mechanical,8.49,2,3,2,10,9,42,5,0,,0.0,20.333333333333332,74.9,10,10
11613,Female,24,BE,Mechanical,6.76,1,2,2,9,9,85,0,1,Product,9.19,34.333333333333336,62.599999999999994,4,4
11614,Female,21,BTech,IT,6.19,0,1,0,10,5,94,5,0,,0.0,36.333333333333336,61.900000000000006,6,6
11615,Female,22,BCA,Mechanical,9.15,1,0,5,8,6,94,4,1,Service,10.16,36.0,86.5,9,9
11616,Male,23,BCA,DS,7.48,0,3,2,4,6,40,0,0,,0.0,16.666666666666668,74.80000000000001,5,5
11617,Female,23,BE,IT,8.31,2,3,1,5,5,40,0,0,,0.0,16.666666666666668,73.10000000000001,4,4
11618,Female,22,BTech,Mechanical,7.93,1,3,2,8,10,41,5,0,,0.0,19.666666666666668,74.3,10,10
11619,Male,20,BCA,CS,5.96,1,1,0,10,7,91,3,0,,0.0,36.0,54.6,4,4
11620,Male,20,BTech,DS,5.75,0,1,5,10,7,52,3,0,,0.0,23.0,57.5,9,9
11621,Male,23,BSc,IT,7.12,1,3,0,1,7,57,5,0,,0.0,21.666666666666668,66.2,8,8
11622,Male,20,BCA,DS,7.05,2,1,3,8,6,81,4,1,Service,8.81,31.666666666666668,60.5,8,8
11623,Female,20,BE,IT,8.4,0,3,3,6,2,81,0,1,Product,14.75,29.666666666666668,84.0,6,6
11624,Male,22,BCA,DS,8.22,2,0,5,7,8,84,4,1,Product,6.14,33.0,72.2,9,9
11625,Male,22,BE,CS,9.67,3,1,5,4,10,60,3,0,,0.0,24.666666666666668,81.7,9,9
11626,Male,20,BE,Mechanical,9.19,2,0,1,6,4,41,4,0,,0.0,17.0,81.89999999999999,5,5
11627,Male,22,BSc,AI,7.64,0,2,5,10,6,63,1,1,Service,3.23,26.333333333333332,76.39999999999999,8,8
11628,Female,24,BSc,AI,7.65,2,3,4,10,7,45,4,0,,0.0,20.666666666666668,66.5,11,11
11629,Male,23,BE,AI,8.4,1,1,3,4,1,42,1,0,,0.0,15.666666666666666,79.0,5,5
11630,Female,24,BCA,IT,5.99,2,0,2,10,6,89,4,0,,0.0,35.0,49.900000000000006,6,6
11631,Male,24,BE,Mechanical,9.8,1,1,0,10,8,53,1,0,,0.0,23.666666666666668,93.0,2,2
11632,Female,20,BTech,Electrical,7.73,0,2,3,2,5,70,1,0,,0.0,25.666666666666668,77.30000000000001,6,6
11633,Female,20,BTech,IT,9.41,1,0,5,1,8,69,1,0,,0.0,26.0,89.1,6,6
11634,Male,24,BCA,IT,9.66,2,2,0,4,6,48,1,0,,0.0,19.333333333333332,86.6,3,3
11635,Female,24,BCA,IT,8.0,3,2,2,7,7,40,2,0,,0.0,18.0,65.0,6,6
11636,Male,21,BSc,Electrical,5.94,1,0,0,8,9,77,2,0,,0.0,31.333333333333332,54.400000000000006,2,2
11637,Female,21,BTech,IT,7.97,3,1,0,3,7,94,5,0,,0.0,34.666666666666664,64.7,6,6
11638,Female,23,BE,Mechanical,8.07,3,0,3,3,2,86,4,0,,0.0,30.333333333333332,65.7,7,7
11639,Female,24,BE,AI,8.89,3,2,0,5,8,68,3,1,Product,3.7,27.0,73.9,5,5
11640,Male,22,BTech,DS,5.71,3,3,2,10,1,64,0,0,,0.0,25.0,42.1,5,5
11641,Female,21,BTech,IT,7.51,2,0,1,10,1,78,2,1,Product,9.39,29.666666666666668,65.1,3,3
11642,Male,20,BSc,Mechanical,9.47,1,3,0,7,10,59,1,0,,0.0,25.333333333333332,89.7,4,4
11643,Female,24,BTech,CS,9.76,0,1,5,4,6,51,2,0,,0.0,20.333333333333332,97.6,8,8
11644,Female,22,BSc,DS,6.32,0,0,0,7,8,73,1,0,,0.0,29.333333333333332,63.2,1,1
11645,Female,22,BCA,IT,9.24,1,3,2,2,10,61,3,0,,0.0,24.333333333333332,87.4,8,8
11646,Female,22,BCA,IT,6.13,0,2,4,1,1,83,2,0,,0.0,28.333333333333332,61.3,8,8
11647,Female,20,BTech,DS,9.12,1,1,2,6,1,99,0,1,Product,8.6,35.333333333333336,86.19999999999999,3,3
11648,Female,21,BTech,DS,6.69,2,3,3,4,5,53,0,0,,0.0,20.666666666666668,56.900000000000006,6,6
11649,Male,22,BTech,IT,9.63,1,1,3,7,3,97,2,1,Product,9.23,35.666666666666664,91.30000000000001,6,6
11650,Male,21,BTech,Mechanical,8.49,2,0,1,1,10,67,5,0,,0.0,26.0,74.9,6,6
11651,Male,23,BE,CS,7.22,1,3,0,1,10,98,2,0,,0.0,36.333333333333336,67.2,5,5
11652,Female,20,BE,Mechanical,6.71,3,0,1,5,1,46,0,0,,0.0,17.333333333333332,52.099999999999994,1,1
11653,Male,21,BCA,Electrical,6.51,3,0,5,1,2,45,3,0,,0.0,16.0,50.099999999999994,8,8
11654,Female,21,BE,AI,8.43,2,2,5,2,4,75,4,0,,0.0,27.0,74.3,11,11
11655,Male,22,BTech,AI,9.35,0,3,1,3,8,71,2,0,,0.0,27.333333333333332,93.5,6,6
11656,Male,22,BSc,AI,8.75,3,3,0,1,6,84,2,0,,0.0,30.333333333333332,72.5,5,5
11657,Female,20,BCA,IT,9.09,1,3,0,8,4,98,0,1,Product,5.17,36.666666666666664,85.9,3,3
11658,Female,21,BTech,CS,8.86,0,1,2,2,7,94,0,0,,0.0,34.333333333333336,88.6,3,3
11659,Male,24,BE,CS,9.71,0,1,1,2,9,65,0,0,,0.0,25.333333333333332,97.10000000000001,2,2
11660,Male,22,BSc,Electrical,8.76,2,1,1,8,6,93,0,1,Startup,12.73,35.666666666666664,77.6,2,2
11661,Male,22,BSc,IT,6.4,0,1,3,7,1,45,2,0,,0.0,17.666666666666668,64.0,6,6
11662,Male,23,BE,IT,8.9,2,3,5,3,8,73,1,0,,0.0,28.0,79.0,9,9
11663,Female,20,BTech,IT,6.88,3,3,1,5,3,82,0,1,Product,7.37,30.0,53.8,4,4
11664,Male,21,BSc,CS,9.78,3,1,5,3,5,87,5,0,,0.0,31.666666666666668,82.8,11,11
11665,Female,21,BSc,IT,7.12,0,2,2,5,2,89,3,1,Service,9.81,32.0,71.2,7,7
11666,Female,21,BE,DS,6.76,0,3,5,9,1,68,3,1,Product,12.11,26.0,67.6,11,11
11667,Male,22,BSc,DS,6.53,1,1,4,3,7,45,5,0,,0.0,18.333333333333332,60.3,10,10
11668,Female,20,BSc,DS,8.33,1,0,1,3,3,40,5,0,,0.0,15.333333333333334,78.3,6,6
11669,Male,21,BSc,IT,5.97,2,2,2,1,4,47,2,0,,0.0,17.333333333333332,49.699999999999996,6,6
11670,Female,24,BCA,DS,9.6,0,3,2,5,2,96,0,1,Startup,13.69,34.333333333333336,96.0,5,5
11671,Female,23,BTech,Electrical,6.77,0,2,4,3,4,47,4,0,,0.0,18.0,67.69999999999999,10,10
11672,Male,23,BTech,IT,6.77,1,1,2,3,9,65,5,0,,0.0,25.666666666666668,62.69999999999999,8,8
11673,Female,21,BE,Electrical,5.7,2,0,3,4,9,61,0,0,,0.0,24.666666666666668,47.0,3,3
11674,Female,22,BTech,DS,6.56,1,0,4,2,1,84,2,0,,0.0,29.0,60.599999999999994,6,6
11675,Male,23,BSc,IT,7.3,0,1,5,2,7,55,5,0,,0.0,21.333333333333332,73.0,11,11
11676,Female,23,BTech,Mechanical,7.09,2,2,5,8,3,49,4,0,,0.0,20.0,60.900000000000006,11,11
11677,Female,23,BCA,AI,6.67,3,3,5,3,5,56,2,0,,0.0,21.333333333333332,51.7,10,10
11678,Male,23,BSc,Mechanical,5.68,0,1,5,4,5,84,1,0,,0.0,31.0,56.8,7,7
11679,Male,21,BSc,AI,6.79,1,2,5,2,4,47,3,0,,0.0,17.666666666666668,62.900000000000006,10,10
11680,Female,20,BCA,AI,8.85,2,1,5,5,1,89,5,1,Service,10.17,31.666666666666668,78.5,11,11
11681,Female,20,BCA,DS,7.39,1,0,3,9,9,59,2,0,,0.0,25.666666666666668,68.89999999999999,5,5
11682,Female,22,BTech,AI,6.75,3,3,1,9,5,88,0,1,Service,9.08,34.0,52.5,4,4
11683,Male,24,BTech,AI,6.81,0,1,1,8,2,40,0,0,,0.0,16.666666666666668,68.1,2,2
11684,Female,20,BTech,Mechanical,7.88,0,0,2,9,2,92,2,1,Service,10.71,34.333333333333336,78.8,4,4
11685,Female,24,BCA,AI,6.8,1,1,2,9,4,83,3,1,Service,14.09,32.0,63.0,6,6
11686,Female,20,BTech,IT,8.21,0,0,5,9,2,99,2,1,Product,14.43,36.666666666666664,82.10000000000001,7,7
11687,Female,20,BE,Electrical,9.75,1,0,4,10,5,70,2,1,Service,13.02,28.333333333333332,92.5,6,6
11688,Female,22,BTech,Electrical,5.68,1,3,5,2,2,61,0,0,,0.0,21.666666666666668,51.8,8,8
11689,Female,23,BCA,IT,6.23,2,0,1,3,4,82,0,0,,0.0,29.666666666666668,52.300000000000004,1,1
11690,Male,22,BCA,DS,6.27,3,3,0,4,4,64,0,0,,0.0,24.0,47.699999999999996,3,3
11691,Male,20,BE,Mechanical,7.42,0,3,2,1,3,90,5,0,,0.0,31.333333333333332,74.2,10,10
11692,Female,23,BSc,CS,5.68,0,0,4,6,10,51,3,0,,0.0,22.333333333333332,56.8,7,7
11693,Female,23,BE,Electrical,7.55,1,0,2,2,7,68,0,0,,0.0,25.666666666666668,70.5,2,2
11694,Male,23,BCA,Mechanical,9.49,3,3,4,4,2,41,4,0,,0.0,15.666666666666666,79.9,11,11
11695,Male,24,BSc,Electrical,5.55,2,1,1,5,5,53,4,0,,0.0,21.0,45.5,6,6
11696,Male,20,BE,CS,7.07,1,1,2,4,2,89,2,0,,0.0,31.666666666666668,65.7,5,5
11697,Female,21,BE,AI,8.77,3,1,5,6,9,63,2,1,Service,10.56,26.0,72.69999999999999,8,8
11698,Female,22,BSc,CS,6.16,0,2,2,10,6,64,1,0,,0.0,26.666666666666668,61.6,5,5
11699,Female,24,BE,AI,5.83,2,0,0,10,8,86,4,0,,0.0,34.666666666666664,48.3,4,4
11700,Female,22,BSc,Electrical,8.21,2,3,1,6,6,63,3,1,Product,5.84,25.0,72.10000000000001,7,7
11701,Male,21,BTech,Mechanical,5.54,1,2,4,9,3,51,2,0,,0.0,21.0,50.4,8,8
11702,Male,23,BSc,Mechanical,8.95,1,0,0,9,7,42,2,0,,0.0,19.333333333333332,84.5,2,2
11703,Male,21,BE,DS,5.79,2,3,4,1,2,54,3,0,,0.0,19.0,47.9,10,10
11704,Male,22,BTech,Electrical,7.75,0,0,2,10,4,84,4,1,Product,3.72,32.666666666666664,77.5,6,6
11705,Female,21,BCA,DS,8.68,0,1,3,8,10,49,1,0,,0.0,22.333333333333332,86.8,5,5
11706,Female,20,BCA,Electrical,6.54,2,2,2,5,5,49,3,0,,0.0,19.666666666666668,55.400000000000006,7,7
11707,Male,21,BCA,AI,5.95,1,3,1,1,4,79,1,0,,0.0,28.0,54.5,5,5
11708,Male,20,BE,Electrical,6.26,1,0,5,5,2,81,1,0,,0.0,29.333333333333332,57.599999999999994,6,6
11709,Male,21,BTech,Electrical,9.18,0,3,4,6,2,66,5,1,Service,4.63,24.666666666666668,91.8,12,12
11710,Male,20,BSc,AI,8.53,3,3,0,7,6,45,2,0,,0.0,19.333333333333332,70.3,5,5
11711,Male,20,BCA,IT,6.35,3,3,2,3,9,77,4,0,,0.0,29.666666666666668,48.5,9,9
11712,Female,21,BCA,IT,8.58,3,1,4,9,7,69,1,1,Service,13.63,28.333333333333332,70.8,6,6
11713,Female,24,BTech,Electrical,8.55,0,3,0,3,8,48,3,0,,0.0,19.666666666666668,85.5,6,6
11714,Male,23,BTech,IT,9.79,2,2,2,1,6,79,4,0,,0.0,28.666666666666668,87.89999999999999,8,8
11715,Male,23,BTech,Mechanical,7.18,3,2,3,3,8,72,0,0,,0.0,27.666666666666668,56.8,5,5
11716,Male,23,BE,Electrical,9.22,0,0,3,7,10,62,0,1,Product,9.1,26.333333333333332,92.2,3,3
11717,Female,20,BTech,CS,7.42,0,0,5,10,4,93,5,1,Service,11.3,35.666666666666664,74.2,10,10
11718,Female,23,BSc,AI,9.36,1,3,2,1,10,60,3,0,,0.0,23.666666666666668,88.6,8,8
11719,Female,20,BSc,DS,5.89,1,1,1,4,7,90,0,0,,0.0,33.666666666666664,53.9,2,2
11720,Male,24,BCA,AI,6.25,0,2,3,7,3,40,4,0,,0.0,16.666666666666668,62.5,9,9
11721,Female,21,BSc,Electrical,9.15,1,3,4,3,3,79,4,0,,0.0,28.333333333333332,86.5,11,11
11722,Male,21,BTech,CS,9.02,1,2,1,7,3,86,2,1,Startup,7.81,32.0,85.19999999999999,5,5
11723,Female,20,BSc,AI,6.81,1,0,1,4,10,51,4,0,,0.0,21.666666666666668,63.099999999999994,5,5
11724,Female,20,BCA,DS,8.07,0,1,2,7,5,74,1,1,Service,3.67,28.666666666666668,80.7,4,4
11725,Female,24,BE,DS,7.15,3,2,4,9,6,85,5,1,Service,11.19,33.333333333333336,56.5,11,11
11726,Male,23,BSc,CS,5.54,1,0,4,10,4,62,2,0,,0.0,25.333333333333332,50.4,6,6
11727,Male,24,BCA,DS,5.61,0,2,0,5,5,93,1,0,,0.0,34.333333333333336,56.1,3,3
11728,Female,21,BCA,Mechanical,5.73,0,3,3,3,3,73,4,0,,0.0,26.333333333333332,57.300000000000004,10,10
11729,Male,21,BTech,DS,8.05,2,2,3,1,8,73,2,0,,0.0,27.333333333333332,70.5,7,7
11730,Male,23,BCA,CS,6.7,2,2,1,3,10,66,3,0,,0.0,26.333333333333332,57.0,6,6
11731,Male,21,BSc,CS,6.12,3,3,1,4,6,71,3,0,,0.0,27.0,46.2,7,7
11732,Male,20,BCA,AI,9.55,2,1,2,2,4,90,3,0,,0.0,32.0,85.5,6,6
11733,Male,21,BCA,DS,6.02,0,1,4,4,1,58,5,0,,0.0,21.0,60.199999999999996,10,10
11734,Male,22,BTech,DS,8.4,2,3,3,5,10,57,2,0,,0.0,24.0,74.0,8,8
11735,Male,23,BTech,Electrical,9.34,1,1,0,8,3,47,4,0,,0.0,19.333333333333332,88.4,5,5
11736,Female,23,BSc,Electrical,6.2,2,1,3,5,8,88,4,0,,0.0,33.666666666666664,52.0,8,8
11737,Male,23,BCA,CS,6.42,0,3,3,2,2,74,5,0,,0.0,26.0,64.2,11,11
11738,Male,22,BE,Electrical,7.97,3,2,5,1,4,87,5,0,,0.0,30.666666666666668,64.7,12,12
11739,Female,24,BCA,AI,7.69,3,1,5,9,10,88,2,1,Service,3.49,35.666666666666664,61.900000000000006,8,8
11740,Female,20,BE,AI,7.74,3,0,3,4,5,75,2,0,,0.0,28.0,62.400000000000006,5,5
11741,Female,23,BSc,Mechanical,7.89,3,0,1,9,6,88,0,1,Service,11.4,34.333333333333336,63.89999999999999,1,1
11742,Female,21,BTech,Mechanical,9.58,1,3,4,9,2,88,0,1,Startup,13.33,33.0,90.8,7,7
11743,Male,20,BSc,CS,5.73,1,0,4,1,7,67,5,0,,0.0,25.0,52.300000000000004,9,9
11744,Female,21,BTech,AI,8.77,1,0,3,7,9,75,5,1,Startup,7.26,30.333333333333332,82.69999999999999,8,8
11745,Female,20,BTech,AI,6.5,2,3,4,6,9,77,2,1,Product,4.03,30.666666666666668,55.0,9,9
11746,Male,20,BCA,Mechanical,7.11,2,0,2,2,4,98,3,0,,0.0,34.666666666666664,61.10000000000001,5,5
11747,Male,21,BCA,Electrical,5.88,2,0,1,10,10,93,4,0,,0.0,37.666666666666664,48.8,5,5
11748,Male,21,BTech,Mechanical,7.42,3,2,1,4,4,83,3,0,,0.0,30.333333333333332,59.2,6,6
11749,Female,20,BE,CS,8.96,3,3,4,5,2,91,1,1,Startup,6.05,32.666666666666664,74.60000000000001,8,8
11750,Male,23,BE,AI,5.92,2,1,3,5,9,78,1,0,,0.0,30.666666666666668,49.2,5,5
11751,Female,21,BCA,CS,6.69,1,3,3,7,5,79,1,1,Startup,7.89,30.333333333333332,61.900000000000006,7,7
11752,Male,22,BSc,Mechanical,7.1,0,0,5,10,7,89,3,1,Product,3.37,35.333333333333336,71.0,8,8
11753,Male,22,BE,DS,5.95,2,0,3,2,3,96,5,0,,0.0,33.666666666666664,49.5,8,8
11754,Female,20,BTech,Mechanical,8.78,0,1,4,3,8,44,5,0,,0.0,18.333333333333332,87.8,10,10
11755,Male,24,BCA,AI,8.88,1,1,3,2,7,77,0,0,,0.0,28.666666666666668,83.80000000000001,4,4
11756,Male,20,BCA,CS,9.09,0,2,5,7,8,88,1,1,Product,7.98,34.333333333333336,90.9,8,8
11757,Male,20,BTech,Electrical,8.01,3,0,5,7,2,52,2,0,,0.0,20.333333333333332,65.1,7,7
11758,Male,23,BSc,Electrical,7.68,0,0,4,9,8,54,4,0,,0.0,23.666666666666668,76.8,8,8
11759,Male,23,BTech,AI,6.63,2,0,0,4,1,43,5,0,,0.0,16.0,56.3,5,5
11760,Female,24,BSc,Mechanical,8.32,2,2,5,4,10,94,0,0,,0.0,36.0,73.2,7,7
11761,Female,24,BCA,Mechanical,7.41,1,3,4,6,6,77,1,1,Service,12.75,29.666666666666668,69.1,8,8
11762,Male,24,BSc,IT,9.67,2,1,2,3,6,70,5,0,,0.0,26.333333333333332,86.7,8,8
11763,Female,24,BTech,Mechanical,9.66,0,2,3,3,10,69,4,0,,0.0,27.333333333333332,96.6,9,9
11764,Female,24,BCA,AI,9.39,3,2,3,9,10,41,4,0,,0.0,20.0,78.9,9,9
11765,Female,20,BE,CS,7.05,0,0,1,7,7,46,0,0,,0.0,20.0,70.5,1,1
11766,Male,20,BCA,CS,7.08,0,1,5,9,4,96,3,1,Service,13.77,36.333333333333336,70.8,9,9
11767,Male,22,BTech,IT,9.17,0,3,4,2,8,48,4,0,,0.0,19.333333333333332,91.7,11,11
11768,Male,22,BTech,Electrical,8.64,2,0,0,4,2,68,5,0,,0.0,24.666666666666668,76.4,5,5
11769,Female,21,BCA,AI,8.53,1,2,3,8,8,69,0,1,Startup,12.42,28.333333333333332,80.3,5,5
11770,Female,20,BCA,Mechanical,6.7,2,2,1,9,7,58,1,0,,0.0,24.666666666666668,57.0,4,4
11771,Male,24,BCA,DS,9.08,0,1,4,3,10,61,0,0,,0.0,24.666666666666668,90.8,5,5
11772,Male,21,BSc,CS,7.99,1,1,1,8,6,88,3,1,Service,7.04,34.0,74.9,5,5
11773,Female,23,BE,AI,7.42,1,1,0,8,8,75,1,1,Service,10.57,30.333333333333332,69.2,2,2
11774,Female,20,BSc,IT,9.22,0,0,4,3,2,92,3,0,,0.0,32.333333333333336,92.2,7,7
11775,Male,22,BTech,DS,7.2,0,2,3,8,8,96,4,1,Startup,7.77,37.333333333333336,72.0,9,9
11776,Female,20,BCA,Electrical,8.31,2,1,4,6,10,42,5,0,,0.0,19.333333333333332,73.10000000000001,10,10
11777,Female,20,BSc,AI,7.5,1,3,3,9,4,96,0,1,Service,4.52,36.333333333333336,70.0,6,6
11778,Female,20,BSc,Mechanical,8.05,3,1,2,1,7,69,2,0,,0.0,25.666666666666668,65.5,5,5
11779,Female,20,BTech,Electrical,5.67,1,1,3,9,10,76,5,0,,0.0,31.666666666666668,51.7,9,9
11780,Female,23,BSc,CS,7.48,2,0,1,8,8,55,3,0,,0.0,23.666666666666668,64.80000000000001,4,4
11781,Female,22,BTech,Mechanical,7.89,0,0,0,10,3,90,0,1,Startup,14.64,34.333333333333336,78.89999999999999,0,0
11782,Female,20,BSc,IT,7.62,1,0,4,8,8,41,2,0,,0.0,19.0,71.2,6,6
11783,Male,23,BE,CS,9.14,3,0,2,8,1,80,2,1,Startup,12.22,29.666666666666668,76.4,4,4
11784,Male,21,BTech,DS,6.84,2,1,2,10,9,50,5,0,,0.0,23.0,58.400000000000006,8,8
11785,Female,20,BE,CS,9.3,1,2,2,7,2,86,0,1,Service,11.23,31.666666666666668,88.0,4,4
11786,Female,23,BSc,Mechanical,7.23,2,3,1,3,2,67,5,0,,0.0,24.0,62.30000000000001,9,9
11787,Female,24,BE,Electrical,8.49,1,3,3,6,5,68,1,1,Service,5.98,26.333333333333332,79.9,7,7
11788,Male,21,BE,AI,5.87,0,2,2,10,8,66,2,0,,0.0,28.0,58.7,6,6
11789,Male,22,BE,AI,6.36,3,3,0,8,1,84,0,0,,0.0,31.0,48.6,3,3
11790,Female,20,BSc,AI,8.77,0,1,0,8,3,45,0,0,,0.0,18.666666666666668,87.69999999999999,1,1
11791,Male,20,BTech,IT,5.55,1,2,4,4,8,77,1,0,,0.0,29.666666666666668,50.5,7,7
11792,Female,23,BSc,IT,9.66,3,0,0,8,7,57,5,0,,0.0,24.0,81.6,5,5
11793,Female,22,BSc,AI,6.32,1,0,3,8,6,79,0,0,,0.0,31.0,58.2,3,3
11794,Female,24,BSc,DS,9.38,1,0,3,1,1,44,3,0,,0.0,15.333333333333334,88.80000000000001,6,6
11795,Female,21,BTech,Mechanical,7.72,3,1,2,5,4,49,3,0,,0.0,19.333333333333332,62.2,6,6
11796,Female,22,BCA,DS,7.93,3,0,3,7,3,61,1,1,Service,3.16,23.666666666666668,64.3,4,4
11797,Female,20,BSc,AI,5.86,2,0,3,8,10,80,4,0,,0.0,32.666666666666664,48.6,7,7
11798,Female,23,BSc,Mechanical,7.07,3,0,2,9,10,63,0,1,Startup,12.25,27.333333333333332,55.7,2,2
11799,Male,24,BTech,IT,6.17,0,3,4,6,7,96,3,0,,0.0,36.333333333333336,61.7,10,10
11800,Female,23,BCA,CS,7.76,3,2,3,10,8,46,3,0,,0.0,21.333333333333332,62.599999999999994,8,8
11801,Male,21,BCA,CS,7.87,3,3,3,5,7,72,0,1,Product,9.89,28.0,63.7,6,6
11802,Female,22,BCA,Mechanical,8.55,2,1,1,8,5,51,5,0,,0.0,21.333333333333332,75.5,7,7
11803,Female,23,BCA,DS,9.28,0,1,4,6,9,56,5,0,,0.0,23.666666666666668,92.8,10,10
11804,Male,23,BTech,Mechanical,7.51,0,1,2,2,4,75,0,0,,0.0,27.0,75.1,3,3
11805,Male,20,BTech,DS,6.5,3,3,1,9,3,99,5,1,Startup,13.19,37.0,50.0,9,9
11806,Female,23,BCA,Electrical,6.93,3,2,5,9,8,73,2,1,Service,10.88,30.0,54.3,9,9
11807,Male,24,BE,DS,9.14,2,0,1,1,1,96,1,0,,0.0,32.666666666666664,81.4,2,2
11808,Female,22,BTech,CS,6.13,0,1,4,9,10,59,2,0,,0.0,26.0,61.3,7,7
11809,Female,21,BE,IT,8.2,0,1,3,5,2,92,1,1,Product,12.98,33.0,82.0,5,5
11810,Male,23,BE,AI,5.56,1,3,2,9,10,89,2,0,,0.0,36.0,50.599999999999994,7,7
11811,Male,24,BCA,IT,6.56,2,0,4,5,5,54,5,0,,0.0,21.333333333333332,55.599999999999994,9,9
11812,Male,21,BCA,AI,8.04,2,0,1,10,9,48,1,0,,0.0,22.333333333333332,70.39999999999999,2,2
11813,Male,24,BSc,Electrical,7.46,3,3,0,6,6,55,0,0,,0.0,22.333333333333332,59.599999999999994,3,3
11814,Female,23,BE,CS,7.62,0,3,2,9,7,47,5,0,,0.0,21.0,76.2,10,10
11815,Male,23,BSc,AI,8.34,3,3,0,7,3,62,1,1,Product,12.99,24.0,68.4,4,4
11816,Male,22,BCA,Electrical,6.51,2,2,5,4,5,83,3,0,,0.0,30.666666666666668,55.099999999999994,10,10
11817,Male,20,BE,DS,6.71,0,1,5,6,4,46,4,0,,0.0,18.666666666666668,67.1,10,10
11818,Male,24,BTech,Mechanical,8.44,0,1,3,8,5,67,3,1,Service,13.9,26.666666666666668,84.39999999999999,7,7
11819,Male,20,BSc,AI,7.81,2,1,4,5,4,70,1,1,Product,12.99,26.333333333333332,68.1,6,6
11820,Female,20,BCA,IT,5.56,0,2,3,4,6,79,1,0,,0.0,29.666666666666668,55.599999999999994,6,6
11821,Female,21,BE,CS,8.38,1,3,4,7,4,49,1,0,,0.0,20.0,78.80000000000001,8,8
11822,Male,21,BCA,CS,8.17,2,1,1,3,6,54,4,0,,0.0,21.0,71.7,6,6
11823,Male,24,BSc,Electrical,5.84,2,1,3,4,8,97,4,0,,0.0,36.333333333333336,48.4,8,8
11824,Female,20,BCA,Mechanical,8.71,0,1,0,7,9,46,2,0,,0.0,20.666666666666668,87.10000000000001,3,3
11825,Male,22,BCA,DS,7.75,2,2,1,5,6,81,1,1,Product,13.95,30.666666666666668,67.5,4,4
11826,Female,20,BTech,DS,6.38,3,3,4,1,7,94,2,0,,0.0,34.0,48.8,9,9
11827,Female,21,BCA,CS,7.91,2,1,1,6,2,61,3,1,Product,14.2,23.0,69.1,5,5
11828,Male,20,BE,DS,8.06,3,1,0,9,4,96,4,1,Service,4.86,36.333333333333336,65.60000000000001,5,5
11829,Female,23,BE,Electrical,9.46,1,2,2,10,4,91,0,1,Startup,11.85,35.0,89.60000000000001,4,4
11830,Male,23,BTech,Mechanical,8.69,1,3,4,3,9,92,4,0,,0.0,34.666666666666664,81.89999999999999,11,11
11831,Male,22,BE,CS,6.8,3,3,2,4,6,61,2,0,,0.0,23.666666666666668,53.0,7,7
11832,Female,24,BCA,DS,6.01,2,1,1,10,8,78,0,0,,0.0,32.0,50.099999999999994,2,2
11833,Female,20,BCA,AI,9.17,3,0,5,2,10,60,5,0,,0.0,24.0,76.7,10,10
11834,Male,23,BE,AI,9.14,0,2,5,3,7,60,0,0,,0.0,23.333333333333332,91.4,7,7
11835,Female,24,BSc,Electrical,6.25,3,0,3,5,2,65,0,0,,0.0,24.0,47.5,3,3
11836,Male,23,BCA,DS,5.77,1,0,5,6,5,81,4,0,,0.0,30.666666666666668,52.699999999999996,9,9
11837,Female,24,BE,AI,8.56,1,1,4,2,9,93,1,0,,0.0,34.666666666666664,80.60000000000001,6,6
11838,Female,24,BCA,Mechanical,8.61,3,1,1,2,10,49,0,0,,0.0,20.333333333333332,71.1,2,2
11839,Male,23,BCA,IT,6.26,1,1,4,6,10,64,3,0,,0.0,26.666666666666668,57.599999999999994,8,8
11840,Male,21,BTech,Mechanical,8.37,0,2,0,1,6,45,3,0,,0.0,17.333333333333332,83.69999999999999,5,5
11841,Male,24,BE,Electrical,6.7,2,2,1,2,9,54,0,0,,0.0,21.666666666666668,57.0,3,3
11842,Female,20,BCA,Mechanical,6.62,2,2,3,4,9,63,3,0,,0.0,25.333333333333332,56.2,8,8
11843,Male,23,BSc,DS,6.9,3,0,4,1,2,91,3,0,,0.0,31.333333333333332,54.0,7,7
11844,Male,21,BE,Mechanical,7.74,1,2,5,5,3,55,3,0,,0.0,21.0,72.4,10,10
11845,Female,23,BSc,DS,8.96,2,3,3,3,10,94,2,0,,0.0,35.666666666666664,79.60000000000001,8,8
11846,Female,22,BE,CS,7.64,1,2,3,10,2,76,2,1,Product,9.07,29.333333333333332,71.39999999999999,7,7
11847,Male,20,BSc,DS,6.78,3,1,0,1,5,43,5,0,,0.0,16.333333333333332,52.8,6,6
11848,Male,22,BSc,Electrical,9.3,1,0,5,4,8,99,3,0,,0.0,37.0,88.0,8,8
11849,Male,24,BE,DS,5.74,0,2,2,1,6,57,1,0,,0.0,21.333333333333332,57.400000000000006,5,5
11850,Male,24,BTech,CS,8.93,0,1,1,2,8,80,3,0,,0.0,30.0,89.3,5,5
11851,Female,22,BTech,IT,8.87,1,1,2,10,1,76,2,1,Startup,11.39,29.0,83.69999999999999,5,5
11852,Female,22,BE,Electrical,6.59,0,3,2,7,9,50,0,0,,0.0,22.0,65.9,5,5
11853,Male,24,BCA,CS,6.35,3,3,0,1,7,52,3,0,,0.0,20.0,48.5,6,6
11854,Male,21,BE,DS,9.26,0,2,3,6,4,45,4,0,,0.0,18.333333333333332,92.6,9,9
11855,Male,20,BE,Electrical,7.9,0,0,3,4,8,72,2,0,,0.0,28.0,79.0,5,5
11856,Female,23,BCA,AI,5.7,2,0,1,6,7,75,2,0,,0.0,29.333333333333332,47.0,3,3
11857,Male,22,BE,DS,9.33,2,2,0,5,5,60,2,1,Service,6.14,23.333333333333332,83.3,4,4
11858,Male,20,BE,CS,7.0,3,2,4,6,5,86,0,1,Product,9.24,32.333333333333336,55.0,6,6
11859,Female,23,BCA,DS,6.97,0,2,3,5,1,70,4,1,Service,3.68,25.333333333333332,69.7,9,9
11860,Female,23,BCA,CS,8.27,2,0,1,2,9,91,4,0,,0.0,34.0,72.69999999999999,5,5
11861,Male,22,BTech,Mechanical,8.34,1,3,4,10,6,57,4,0,,0.0,24.333333333333332,78.4,11,11
11862,Male,21,BSc,IT,7.02,1,0,5,4,2,56,2,0,,0.0,20.666666666666668,65.19999999999999,7,7
11863,Female,21,BSc,IT,6.12,0,1,2,7,8,48,3,0,,0.0,21.0,61.2,6,6
11864,Male,20,BTech,Electrical,7.87,3,3,0,4,9,54,3,0,,0.0,22.333333333333332,63.7,6,6
11865,Male,20,BTech,CS,8.19,0,1,4,5,4,68,5,1,Service,5.79,25.666666666666668,81.89999999999999,10,10
11866,Female,24,BSc,IT,9.2,2,0,3,2,7,43,4,0,,0.0,17.333333333333332,82.0,7,7
11867,Female,21,BTech,AI,7.58,0,1,5,3,7,63,2,0,,0.0,24.333333333333332,75.8,8,8
11868,Female,20,BE,Electrical,8.28,0,0,1,5,7,50,3,0,,0.0,20.666666666666668,82.8,4,4
11869,Male,24,BTech,AI,5.73,1,3,1,4,3,63,1,0,,0.0,23.333333333333332,52.300000000000004,5,5
11870,Female,23,BTech,IT,9.35,1,3,5,3,7,83,3,0,,0.0,31.0,88.5,11,11
11871,Female,20,BTech,CS,6.91,2,3,0,2,5,51,3,0,,0.0,19.333333333333332,59.099999999999994,6,6
11872,Male,24,BTech,Electrical,8.22,3,1,2,9,7,70,1,1,Service,4.48,28.666666666666668,67.2,4,4
11873,Male,21,BSc,AI,9.44,3,2,3,2,4,43,3,0,,0.0,16.333333333333332,79.39999999999999,8,8
11874,Female,23,BCA,IT,8.99,2,3,2,9,8,79,0,1,Service,7.23,32.0,79.9,5,5
11875,Female,20,BSc,DS,8.24,2,0,0,4,4,83,5,0,,0.0,30.333333333333332,72.4,5,5
11876,Male,21,BSc,AI,8.53,0,1,0,10,5,59,2,0,,0.0,24.666666666666668,85.3,3,3
11877,Male,23,BCA,Mechanical,9.46,0,3,2,9,10,45,0,0,,0.0,21.333333333333332,94.60000000000001,5,5
11878,Female,22,BSc,Electrical,8.99,3,2,4,9,7,84,0,1,Product,7.26,33.333333333333336,74.9,6,6
11879,Female,21,BE,AI,8.12,0,3,4,10,2,44,2,0,,0.0,18.666666666666668,81.19999999999999,9,9
11880,Male,22,BCA,Electrical,8.33,0,1,0,5,7,98,5,1,Product,6.26,36.666666666666664,83.3,6,6
11881,Female,20,BE,IT,6.13,1,1,4,7,7,53,0,0,,0.0,22.333333333333332,56.3,5,5
11882,Male,24,BSc,IT,7.52,2,2,4,4,6,54,3,0,,0.0,21.333333333333332,65.19999999999999,9,9
11883,Female,20,BSc,Electrical,6.79,2,2,5,10,2,56,4,0,,0.0,22.666666666666668,57.900000000000006,11,11
11884,Male,21,BCA,IT,7.36,1,0,1,4,8,54,4,0,,0.0,22.0,68.60000000000001,5,5
11885,Male,22,BSc,CS,8.35,1,3,2,1,6,64,0,0,,0.0,23.666666666666668,78.5,5,5
11886,Female,22,BTech,Electrical,6.14,0,1,1,10,1,82,4,0,,0.0,31.0,61.4,6,6
11887,Female,23,BE,CS,5.57,2,2,1,9,3,93,5,0,,0.0,35.0,45.7,8,8
11888,Male,20,BE,Electrical,7.21,3,1,5,10,4,53,0,0,,0.0,22.333333333333332,57.099999999999994,6,6
11889,Female,20,BTech,DS,6.89,2,2,0,8,10,67,2,1,Service,14.44,28.333333333333332,58.89999999999999,4,4
11890,Female,21,BCA,DS,7.31,3,0,5,9,10,97,5,1,Startup,10.96,38.666666666666664,58.099999999999994,10,10
11891,Female,22,BCA,AI,9.5,1,3,0,1,8,70,5,0,,0.0,26.333333333333332,90.0,8,8
11892,Male,21,BTech,IT,8.54,2,2,0,2,7,84,1,0,,0.0,31.0,75.39999999999999,3,3
11893,Female,21,BTech,DS,6.91,1,1,1,8,6,66,0,1,Startup,4.86,26.666666666666668,64.1,2,2
11894,Female,22,BE,IT,6.27,2,1,3,8,10,80,1,0,,0.0,32.666666666666664,52.699999999999996,5,5
11895,Male,21,BTech,AI,8.16,3,0,1,1,6,91,3,0,,0.0,32.666666666666664,66.6,4,4
11896,Female,22,BTech,CS,8.33,1,0,5,10,10,91,2,1,Product,3.89,37.0,78.3,7,7
11897,Female,21,BTech,DS,7.58,0,2,1,5,9,75,4,1,Service,4.81,29.666666666666668,75.8,7,7
11898,Male,24,BSc,Mechanical,6.41,2,3,5,6,5,55,5,0,,0.0,22.0,54.099999999999994,13,13
11899,Male,21,BTech,Mechanical,5.62,3,2,1,5,3,89,0,0,,0.0,32.333333333333336,41.2,3,3
11900,Female,21,BSc,Mechanical,6.64,0,1,4,6,1,74,0,1,Startup,11.53,27.0,66.39999999999999,5,5
11901,Female,24,BE,Mechanical,7.47,1,2,5,7,2,52,3,0,,0.0,20.333333333333332,69.7,10,10
11902,Male,20,BE,Mechanical,8.89,2,0,4,10,7,60,2,1,Service,9.77,25.666666666666668,78.9,6,6
11903,Male,22,BCA,Mechanical,9.17,2,2,0,6,2,86,1,1,Startup,10.42,31.333333333333332,81.7,3,3
11904,Female,23,BE,Mechanical,7.28,0,0,1,3,9,59,2,0,,0.0,23.666666666666668,72.8,3,3
11905,Female,24,BCA,DS,8.92,0,1,1,6,1,88,3,1,Product,14.2,31.666666666666668,89.2,5,5
11906,Female,20,BSc,Mechanical,9.77,1,3,0,9,4,47,1,0,,0.0,20.0,92.69999999999999,4,4
11907,Male,21,BTech,Electrical,8.58,0,2,2,6,8,91,1,1,Service,13.75,35.0,85.8,5,5
11908,Female,20,BE,Electrical,8.63,2,0,3,6,8,59,0,0,,0.0,24.333333333333332,76.30000000000001,3,3
11909,Male,24,BTech,Mechanical,9.41,2,2,5,5,4,71,0,1,Startup,13.56,26.666666666666668,84.1,7,7
11910,Male,21,BCA,AI,6.95,2,0,3,1,4,94,2,0,,0.0,33.0,59.5,5,5
11911,Male,20,BSc,DS,5.55,2,0,2,5,4,45,1,0,,0.0,18.0,45.5,3,3
11912,Female,23,BE,Electrical,9.74,0,0,0,1,1,53,0,0,,0.0,18.333333333333332,97.4,0,0
11913,Female,22,BTech,AI,7.61,0,2,2,8,3,73,1,1,Startup,11.21,28.0,76.10000000000001,5,5
11914,Female,22,BCA,IT,8.88,3,0,3,1,3,75,1,0,,0.0,26.333333333333332,73.80000000000001,4,4
11915,Male,24,BTech,Mechanical,8.99,1,2,2,8,5,51,4,0,,0.0,21.333333333333332,84.9,8,8
11916,Female,21,BE,CS,7.21,0,0,1,4,8,73,0,0,,0.0,28.333333333333332,72.1,1,1
11917,Male,21,BTech,Mechanical,7.83,1,3,4,3,5,55,0,0,,0.0,21.0,73.3,7,7
11918,Male,22,BSc,Mechanical,7.82,0,0,1,4,4,83,0,0,,0.0,30.333333333333332,78.2,1,1
11919,Male,20,BE,AI,6.45,3,2,3,2,7,74,5,0,,0.0,27.666666666666668,49.5,10,10
11920,Male,21,BCA,IT,6.01,0,2,5,3,1,98,4,0,,0.0,34.0,60.099999999999994,11,11
11921,Male,23,BE,AI,7.84,2,2,5,4,6,82,3,0,,0.0,30.666666666666668,68.4,10,10
11922,Male,23,BCA,DS,6.02,0,1,5,9,9,97,4,0,,0.0,38.333333333333336,60.199999999999996,10,10
11923,Female,21,BCA,IT,6.99,1,3,4,10,2,93,5,1,Service,14.76,35.0,64.9,12,12
11924,Male,21,BE,Electrical,6.3,2,3,4,2,9,52,3,0,,0.0,21.0,53.0,10,10
11925,Female,22,BCA,IT,8.54,0,3,2,3,7,66,2,0,,0.0,25.333333333333332,85.39999999999999,7,7
11926,Male,24,BE,IT,9.25,2,1,1,4,7,80,0,0,,0.0,30.333333333333332,82.5,2,2
11927,Female,22,BSc,AI,7.99,2,1,5,3,4,69,3,0,,0.0,25.333333333333332,69.9,9,9
11928,Female,24,BSc,Mechanical,7.26,2,3,2,3,10,72,1,0,,0.0,28.333333333333332,62.599999999999994,6,6
11929,Female,23,BTech,Mechanical,9.79,3,0,3,9,5,75,5,1,Service,10.98,29.666666666666668,82.89999999999999,8,8
11930,Female,24,BSc,Mechanical,5.59,1,0,4,5,6,71,3,0,,0.0,27.333333333333332,50.9,7,7
11931,Male,22,BCA,Mechanical,6.81,1,3,2,9,6,53,5,0,,0.0,22.666666666666668,63.099999999999994,10,10
11932,Male,21,BTech,Mechanical,6.7,0,0,4,6,8,87,3,1,Startup,7.04,33.666666666666664,67.0,7,7
11933,Male,24,BTech,DS,7.03,2,2,1,10,10,79,1,1,Startup,8.01,33.0,60.3,4,4
11934,Male,22,BE,CS,6.49,0,1,5,8,5,84,2,0,,0.0,32.333333333333336,64.9,8,8
11935,Female,23,BTech,Electrical,6.64,1,3,3,1,10,59,5,0,,0.0,23.333333333333332,61.39999999999999,11,11
11936,Female,24,BE,IT,6.61,2,0,1,8,4,93,0,1,Startup,14.61,35.0,56.10000000000001,1,1
11937,Female,23,BTech,CS,7.67,1,3,2,1,8,66,4,0,,0.0,25.0,71.7,9,9
11938,Male,23,BSc,DS,7.18,2,3,2,9,10,72,5,1,Service,11.56,30.333333333333332,61.8,10,10
11939,Female,20,BE,Mechanical,8.25,2,2,0,3,8,71,5,0,,0.0,27.333333333333332,72.5,7,7
11940,Male,24,BCA,DS,7.71,3,1,1,9,3,81,5,1,Startup,11.63,31.0,62.099999999999994,7,7
11941,Female,22,BTech,Electrical,6.29,2,1,3,8,2,68,5,0,,0.0,26.0,52.9,9,9
11942,Female,24,BSc,Electrical,8.98,0,3,5,7,1,75,2,1,Startup,12.47,27.666666666666668,89.80000000000001,10,10
11943,Female,24,BSc,DS,7.53,1,2,4,1,1,46,4,0,,0.0,16.0,70.3,10,10
11944,Female,23,BE,CS,6.16,1,0,0,7,4,61,4,0,,0.0,24.0,56.6,4,4
11945,Female,23,BE,IT,6.22,1,1,3,2,10,64,2,0,,0.0,25.333333333333332,57.199999999999996,6,6
11946,Male,23,BE,AI,8.93,2,3,5,2,2,50,3,0,,0.0,18.0,79.3,11,11
11947,Female,23,BCA,AI,8.52,0,0,1,9,3,42,2,0,,0.0,18.0,85.19999999999999,3,3
11948,Male,22,BCA,Electrical,7.68,3,3,4,9,3,44,4,0,,0.0,18.666666666666668,61.8,11,11
11949,Male,21,BCA,IT,6.82,3,0,3,1,7,94,2,0,,0.0,34.0,53.2,5,5
11950,Male,20,BTech,Mechanical,7.48,0,0,0,7,6,83,1,1,Service,5.1,32.0,74.80000000000001,1,1
11951,Male,23,BCA,DS,8.24,0,0,5,5,5,82,5,1,Service,4.3,30.666666666666668,82.4,10,10
11952,Male,23,BE,Mechanical,9.28,0,0,5,6,9,72,3,1,Service,13.17,29.0,92.8,8,8
11953,Male,20,BSc,Electrical,7.89,2,0,4,1,4,83,3,0,,0.0,29.333333333333332,68.89999999999999,7,7
11954,Male,23,BSc,DS,6.69,2,0,1,6,10,48,4,0,,0.0,21.333333333333332,56.900000000000006,5,5
11955,Male,21,BE,AI,5.68,3,2,4,1,3,87,5,0,,0.0,30.333333333333332,41.8,11,11
11956,Female,24,BCA,Electrical,6.25,0,0,1,4,7,50,5,0,,0.0,20.333333333333332,62.5,6,6
11957,Female,20,BCA,Electrical,8.3,0,0,2,2,7,96,3,0,,0.0,35.0,83.0,5,5
11958,Male,22,BE,IT,6.19,1,1,2,2,2,42,5,0,,0.0,15.333333333333334,56.900000000000006,8,8
11959,Male,20,BSc,CS,7.57,3,1,1,1,9,47,4,0,,0.0,19.0,60.7,6,6
11960,Male,21,BTech,Electrical,8.51,2,0,3,7,8,89,5,1,Service,10.62,34.666666666666664,75.1,8,8
11961,Female,22,BSc,CS,6.83,0,3,0,2,1,75,1,0,,0.0,26.0,68.3,4,4
11962,Female,24,BCA,IT,8.38,2,1,2,7,2,94,4,1,Service,12.28,34.333333333333336,73.80000000000001,7,7
11963,Male,23,BSc,Electrical,8.0,1,2,3,2,2,48,1,0,,0.0,17.333333333333332,75.0,6,6
11964,Male,20,BCA,Electrical,7.39,0,2,4,7,8,75,5,1,Startup,11.76,30.0,73.89999999999999,11,11
11965,Female,22,BSc,AI,9.36,2,2,2,4,3,72,1,0,,0.0,26.333333333333332,83.6,5,5
11966,Female,20,BE,DS,8.48,2,1,5,9,7,62,3,1,Product,11.89,26.0,74.80000000000001,9,9
11967,Male,24,BCA,CS,7.05,3,2,5,1,10,42,3,0,,0.0,17.666666666666668,55.5,10,10
11968,Male,20,BTech,AI,8.96,2,2,3,3,6,82,4,0,,0.0,30.333333333333332,79.60000000000001,9,9
11969,Male,22,BTech,Electrical,8.67,2,3,0,5,2,97,4,1,Service,5.96,34.666666666666664,76.7,7,7
11970,Male,21,BE,IT,8.9,2,3,5,7,9,96,3,1,Startup,6.35,37.333333333333336,79.0,11,11
11971,Female,22,BSc,Mechanical,8.26,2,1,4,7,9,81,4,1,Startup,3.32,32.333333333333336,72.6,9,9
11972,Female,20,BE,AI,7.13,1,0,2,6,7,96,2,1,Service,5.81,36.333333333333336,66.3,4,4
11973,Male,24,BE,AI,7.0,2,3,5,5,4,89,4,1,Startup,6.43,32.666666666666664,60.0,12,12
11974,Male,23,BTech,Mechanical,8.31,3,0,2,5,1,55,2,0,,0.0,20.333333333333332,68.10000000000001,4,4
11975,Male,23,BTech,Electrical,6.06,1,3,0,4,8,99,4,0,,0.0,37.0,55.599999999999994,7,7
11976,Female,24,BCA,AI,9.03,1,3,1,9,9,94,2,1,Service,9.03,37.333333333333336,85.3,6,6
11977,Male,20,BCA,CS,7.09,2,3,5,8,8,85,1,1,Startup,5.17,33.666666666666664,60.900000000000006,9,9
11978,Male,24,BCA,Electrical,8.21,0,3,2,9,2,47,0,0,,0.0,19.333333333333332,82.10000000000001,5,5
11979,Male,20,BE,CS,7.65,2,0,1,7,7,82,4,1,Startup,14.77,32.0,66.5,5,5
11980,Female,22,BE,CS,7.73,1,1,0,5,10,40,5,0,,0.0,18.333333333333332,72.30000000000001,6,6
11981,Male,21,BCA,AI,8.67,2,0,5,10,1,92,4,1,Service,3.6,34.333333333333336,76.7,9,9
11982,Female,20,BTech,Electrical,8.19,3,2,0,2,5,82,1,0,,0.0,29.666666666666668,66.89999999999999,3,3
11983,Male,23,BTech,AI,6.58,3,0,5,4,8,63,3,0,,0.0,25.0,50.8,8,8
11984,Male,23,BSc,AI,5.82,3,2,3,6,9,68,3,0,,0.0,27.666666666666668,43.2,8,8
11985,Male,21,BCA,Electrical,9.11,2,0,2,8,10,52,3,0,,0.0,23.333333333333332,81.1,5,5
11986,Female,20,BE,Electrical,9.31,2,0,4,5,3,84,1,1,Startup,9.08,30.666666666666668,83.10000000000001,5,5
11987,Male,21,BSc,Electrical,6.21,1,3,5,9,8,97,5,0,,0.0,38.0,57.1,13,13
11988,Male,22,BSc,Electrical,6.83,1,0,4,4,3,41,0,0,,0.0,16.0,63.3,4,4
11989,Female,21,BSc,IT,6.71,1,3,5,6,8,72,3,1,Service,10.4,28.666666666666668,62.099999999999994,11,11
11990,Female,22,BCA,Electrical,9.53,0,1,0,4,5,53,3,0,,0.0,20.666666666666668,95.3,4,4
11991,Female,23,BCA,Mechanical,6.38,3,0,4,6,7,49,4,0,,0.0,20.666666666666668,48.8,8,8
11992,Male,22,BCA,Electrical,6.22,0,3,4,10,6,43,1,0,,0.0,19.666666666666668,62.199999999999996,8,8
11993,Female,20,BTech,AI,6.28,0,2,5,3,5,86,1,0,,0.0,31.333333333333332,62.800000000000004,8,8
11994,Male,20,BSc,Mechanical,8.64,3,3,4,8,2,55,2,0,,0.0,21.666666666666668,71.4,9,9
11995,Female,20,BTech,DS,9.32,0,2,3,4,9,72,4,0,,0.0,28.333333333333332,93.2,9,9
11996,Female,20,BCA,CS,7.19,2,0,3,7,7,86,2,1,Startup,9.37,33.333333333333336,61.900000000000006,5,5
11997,Female,24,BTech,IT,6.09,3,1,5,10,7,52,2,0,,0.0,23.0,45.9,8,8
11998,Male,22,BTech,Mechanical,8.02,0,0,0,8,5,44,0,0,,0.0,19.0,80.19999999999999,0,0
11999,Male,20,BE,CS,6.4,0,0,5,9,3,47,3,0,,0.0,19.666666666666668,64.0,8,8
12000,Male,21,BCA,IT,5.78,0,3,4,2,9,82,1,0,,0.0,31.0,57.800000000000004,8,8
