id,job_role,country,experience_level,salary_usd,skills,company_type
1,NLP Engineer,UK,Mid,65795,"Deep Learning, PyTorch, Data Visualization",Mid-size
2,Data Analyst,Canada,Lead,172535,"Statistics, Deep Learning, Computer Vision",Enterprise
3,NLP Engineer,Germany,Senior,111962,"TensorFlow, Data Visualization, NLP",Startup
4,Data Analyst,UK,Entry,48020,"Statistics, Deep Learning, TensorFlow",Enterprise
5,Deep Learning Engineer,Canada,Mid,57676,"Data Visualization, TensorFlow, MLOps",Startup
6,Data Scientist,USA,Senior,131722,"SQL, Computer Vision, Statistics",Startup
7,Data Scientist,Canada,Senior,144577,"SQL, Statistics, MLOps",Enterprise
8,Computer Vision Engineer,India,Lead,79327,"PyTorch, Statistics, TensorFlow",Enterprise
9,Research Scientist,UK,Entry,46382,"SQL, MLOps, Python",Enterprise
10,Computer Vision Engineer,Australia,Senior,100393,"TensorFlow, SQL, Statistics",Mid-size
11,Data Scientist,Canada,Lead,158279,"PyTorch, Deep Learning, Python",Enterprise
12,Data Analyst,Canada,Entry,31721,"Computer Vision, Statistics, MLOps",Startup
13,AI Engineer,Germany,Lead,183021,"Computer Vision, MLOps, SQL",Mid-size
14,Computer Vision Engineer,UK,Entry,28433,"NLP, Deep Learning, Statistics",Mid-size
15,ML Engineer,UK,Mid,73483,"PyTorch, Data Visualization, TensorFlow",Mid-size
16,ML Engineer,Canada,Entry,40874,"Python, Statistics, MLOps",Mid-size
17,Data Scientist,Australia,Entry,23743,"Statistics, Python, SQL",Enterprise
18,AI Engineer,Canada,Senior,146930,"MLOps, NLP, PyTorch",Mid-size
19,Data Scientist,Australia,Senior,149333,"Python, MLOps, Computer Vision",Mid-size
20,Computer Vision Engineer,Canada,Senior,139771,"NLP, Python, PyTorch",Enterprise
21,Research Scientist,Germany,Entry,20995,"Deep Learning, NLP, PyTorch",Enterprise
22,Data Scientist,USA,Mid,91021,"Deep Learning, MLOps, Statistics",Mid-size
23,Data Analyst,Australia,Entry,47105,"NLP, SQL, TensorFlow",Mid-size
24,Research Scientist,Australia,Lead,177398,"TensorFlow, Deep Learning, Data Visualization",Startup
25,Computer Vision Engineer,Germany,Mid,71243,"SQL, NLP, Deep Learning",Enterprise
26,Research Scientist,India,Senior,51217,"Deep Learning, Data Visualization, Statistics",Enterprise
27,Computer Vision Engineer,Germany,Entry,48460,"Data Visualization, Deep Learning, Statistics",Startup
28,NLP Engineer,India,Mid,22103,"TensorFlow, Statistics, SQL",Startup
29,NLP Engineer,USA,Entry,24469,"Data Visualization, Statistics, MLOps",Mid-size
30,ML Engineer,Canada,Lead,211476,"Python, PyTorch, MLOps",Enterprise
31,Deep Learning Engineer,Canada,Lead,168373,"Computer Vision, Data Visualization, Python",Startup
32,ML Engineer,Canada,Senior,137744,"Data Visualization, Deep Learning, MLOps",Mid-size
33,Computer Vision Engineer,UK,Lead,150965,"TensorFlow, PyTorch, NLP",Mid-size
34,Research Scientist,UK,Entry,44538,"Python, MLOps, Data Visualization",Mid-size
35,Computer Vision Engineer,USA,Mid,76527,"SQL, Python, NLP",Startup
36,ML Engineer,Germany,Entry,37412,"MLOps, Statistics, TensorFlow",Startup
37,AI Engineer,India,Senior,44607,"Computer Vision, Deep Learning, SQL",Mid-size
38,Research Scientist,India,Lead,76006,"PyTorch, NLP, Deep Learning",Enterprise
39,AI Engineer,Australia,Senior,118955,"Statistics, MLOps, PyTorch",Enterprise
40,AI Engineer,India,Entry,11029,"Python, NLP, Deep Learning",Mid-size
41,Data Analyst,UK,Mid,83827,"Data Visualization, PyTorch, Deep Learning",Enterprise
42,AI Engineer,UK,Lead,183689,"Deep Learning, Data Visualization, Python",Mid-size
43,AI Engineer,Canada,Entry,32767,"Data Visualization, PyTorch, Deep Learning",Startup
44,Data Analyst,UK,Mid,53627,"Statistics, Deep Learning, SQL",Mid-size
45,ML Engineer,India,Lead,66442,"NLP, MLOps, Deep Learning",Startup
46,NLP Engineer,Australia,Senior,123173,"TensorFlow, Computer Vision, SQL",Mid-size
47,AI Engineer,Germany,Senior,120080,"Statistics, Python, SQL",Mid-size
48,ML Engineer,India,Senior,46900,"TensorFlow, MLOps, Deep Learning",Startup
49,Computer Vision Engineer,India,Lead,67728,"Data Visualization, Computer Vision, Statistics",Enterprise
50,Deep Learning Engineer,India,Entry,16318,"MLOps, NLP, SQL",Mid-size
51,ML Engineer,USA,Lead,177592,"TensorFlow, SQL, PyTorch",Startup
52,Data Analyst,Germany,Senior,93304,"TensorFlow, Data Visualization, PyTorch",Startup
53,Computer Vision Engineer,Australia,Entry,45777,"MLOps, NLP, SQL",Mid-size
54,Deep Learning Engineer,USA,Lead,169963,"Statistics, MLOps, Python",Startup
55,NLP Engineer,India,Lead,66694,"Python, Deep Learning, TensorFlow",Startup
56,Research Scientist,UK,Entry,48673,"TensorFlow, PyTorch, NLP",Mid-size
57,ML Engineer,Australia,Entry,22939,"Data Visualization, Computer Vision, TensorFlow",Mid-size
58,Data Analyst,Canada,Mid,78711,"Statistics, Computer Vision, TensorFlow",Startup
59,Deep Learning Engineer,Australia,Senior,135267,"Data Visualization, Deep Learning, Computer Vision",Startup
60,Deep Learning Engineer,Australia,Senior,126876,"MLOps, Deep Learning, Computer Vision",Startup
61,AI Engineer,Germany,Entry,22327,"Statistics, Deep Learning, SQL",Enterprise
62,NLP Engineer,India,Lead,66073,"PyTorch, Data Visualization, MLOps",Mid-size
63,Computer Vision Engineer,India,Entry,19139,"Deep Learning, MLOps, Data Visualization",Enterprise
64,Research Scientist,Australia,Entry,39278,"Data Visualization, Computer Vision, Statistics",Startup
65,ML Engineer,UK,Senior,124754,"Statistics, PyTorch, TensorFlow",Mid-size
66,NLP Engineer,Germany,Senior,92911,"Data Visualization, TensorFlow, MLOps",Mid-size
67,Deep Learning Engineer,Canada,Senior,120296,"Python, SQL, Data Visualization",Enterprise
68,Research Scientist,Germany,Lead,151111,"MLOps, SQL, Deep Learning",Enterprise
69,ML Engineer,Germany,Senior,98155,"Python, Computer Vision, PyTorch",Enterprise
70,Data Analyst,Canada,Lead,187336,"Statistics, TensorFlow, NLP",Startup
71,ML Engineer,Germany,Lead,181976,"PyTorch, Statistics, Deep Learning",Startup
72,ML Engineer,Canada,Lead,156253,"Data Visualization, TensorFlow, Computer Vision",Mid-size
73,Data Analyst,UK,Entry,25423,"Deep Learning, Python, PyTorch",Mid-size
74,Deep Learning Engineer,Australia,Senior,145906,"Python, Deep Learning, Statistics",Mid-size
75,Deep Learning Engineer,Australia,Senior,103948,"TensorFlow, Deep Learning, Data Visualization",Mid-size
76,ML Engineer,Canada,Lead,168161,"TensorFlow, Computer Vision, Data Visualization",Enterprise
77,AI Engineer,Canada,Mid,90982,"Statistics, Data Visualization, Computer Vision",Enterprise
78,Computer Vision Engineer,USA,Lead,187778,"PyTorch, Computer Vision, SQL",Mid-size
79,Computer Vision Engineer,UK,Entry,22200,"Python, TensorFlow, NLP",Startup
80,NLP Engineer,UK,Entry,40817,"SQL, Data Visualization, TensorFlow",Enterprise
81,ML Engineer,UK,Senior,114736,"Deep Learning, TensorFlow, PyTorch",Mid-size
82,Deep Learning Engineer,Canada,Mid,83463,"PyTorch, Deep Learning, Statistics",Mid-size
83,Data Analyst,Germany,Mid,72399,"MLOps, Statistics, PyTorch",Startup
84,Computer Vision Engineer,USA,Senior,160876,"SQL, Python, TensorFlow",Enterprise
85,NLP Engineer,UK,Senior,107429,"Deep Learning, Data Visualization, MLOps",Enterprise
86,Data Analyst,USA,Lead,172123,"NLP, Computer Vision, Data Visualization",Mid-size
87,AI Engineer,Germany,Lead,159738,"Python, Statistics, Deep Learning",Startup
88,Computer Vision Engineer,UK,Senior,129790,"TensorFlow, NLP, Data Visualization",Enterprise
89,NLP Engineer,USA,Lead,216916,"TensorFlow, Computer Vision, PyTorch",Enterprise
90,NLP Engineer,UK,Lead,180447,"Computer Vision, Python, SQL",Mid-size
91,Computer Vision Engineer,UK,Senior,133484,"PyTorch, NLP, Python",Startup
92,Computer Vision Engineer,Canada,Senior,136210,"NLP, Deep Learning, Statistics",Enterprise
93,Data Analyst,Canada,Entry,25762,"NLP, Statistics, Data Visualization",Startup
94,Computer Vision Engineer,Germany,Entry,36990,"Computer Vision, Data Visualization, Python",Enterprise
95,Research Scientist,Germany,Lead,190336,"Deep Learning, TensorFlow, PyTorch",Enterprise
96,Deep Learning Engineer,India,Lead,69833,"SQL, PyTorch, Data Visualization",Startup
97,Computer Vision Engineer,Germany,Senior,90569,"NLP, Statistics, MLOps",Enterprise
98,Deep Learning Engineer,UK,Mid,86631,"TensorFlow, MLOps, Computer Vision",Enterprise
99,Research Scientist,USA,Entry,28816,"Statistics, Deep Learning, MLOps",Mid-size
100,ML Engineer,Australia,Senior,110801,"TensorFlow, Data Visualization, MLOps",Startup
101,Data Scientist,UK,Lead,180864,"NLP, PyTorch, SQL",Mid-size
102,AI Engineer,Australia,Entry,30316,"NLP, Deep Learning, TensorFlow",Mid-size
103,Research Scientist,India,Lead,75875,"MLOps, Computer Vision, TensorFlow",Mid-size
104,Deep Learning Engineer,UK,Mid,79592,"TensorFlow, SQL, Computer Vision",Startup
105,AI Engineer,UK,Entry,43355,"NLP, Deep Learning, PyTorch",Enterprise
106,Computer Vision Engineer,Canada,Senior,112242,"PyTorch, Data Visualization, MLOps",Mid-size
107,NLP Engineer,USA,Mid,65394,"NLP, Statistics, Python",Mid-size
108,Deep Learning Engineer,Canada,Lead,168433,"SQL, TensorFlow, PyTorch",Startup
109,Data Scientist,USA,Senior,148345,"Statistics, Python, TensorFlow",Enterprise
110,AI Engineer,UK,Senior,121289,"NLP, Deep Learning, Python",Startup
111,Research Scientist,India,Lead,62135,"SQL, NLP, MLOps",Enterprise
112,NLP Engineer,Canada,Senior,151905,"PyTorch, Deep Learning, Data Visualization",Startup
113,AI Engineer,UK,Senior,138747,"Deep Learning, Computer Vision, MLOps",Enterprise
114,NLP Engineer,USA,Lead,238002,"Statistics, SQL, Python",Startup
115,Deep Learning Engineer,Canada,Mid,90302,"Deep Learning, Python, NLP",Enterprise
116,ML Engineer,UK,Senior,97987,"Statistics, TensorFlow, NLP",Startup
117,Deep Learning Engineer,Australia,Senior,117720,"SQL, PyTorch, TensorFlow",Startup
118,Data Analyst,USA,Lead,177973,"Deep Learning, NLP, SQL",Mid-size
119,Data Analyst,Canada,Mid,70507,"Statistics, NLP, MLOps",Enterprise
120,Data Analyst,Australia,Entry,37688,"TensorFlow, Data Visualization, Deep Learning",Startup
121,Research Scientist,India,Mid,22379,"Statistics, Deep Learning, PyTorch",Mid-size
122,Data Scientist,UK,Lead,169305,"SQL, Python, MLOps",Enterprise
123,Data Analyst,Australia,Entry,40585,"SQL, Deep Learning, TensorFlow",Enterprise
124,Data Analyst,Germany,Senior,103500,"Computer Vision, SQL, Data Visualization",Enterprise
125,Research Scientist,Germany,Mid,59662,"PyTorch, TensorFlow, Python",Enterprise
126,Deep Learning Engineer,Germany,Lead,193401,"Python, NLP, Deep Learning",Mid-size
127,Data Scientist,Australia,Mid,58856,"NLP, TensorFlow, Python",Startup
128,ML Engineer,USA,Mid,93518,"SQL, Data Visualization, TensorFlow",Enterprise
129,ML Engineer,Australia,Entry,34441,"MLOps, SQL, Python",Enterprise
130,NLP Engineer,India,Entry,19054,"Python, TensorFlow, NLP",Enterprise
131,Deep Learning Engineer,Canada,Lead,182832,"SQL, Data Visualization, TensorFlow",Startup
132,Data Analyst,USA,Mid,104664,"Deep Learning, NLP, PyTorch",Startup
133,ML Engineer,Germany,Mid,64069,"Python, Data Visualization, TensorFlow",Enterprise
134,NLP Engineer,India,Lead,70102,"TensorFlow, SQL, Python",Mid-size
135,Computer Vision Engineer,India,Mid,23816,"Python, Deep Learning, Data Visualization",Mid-size
136,Data Scientist,India,Senior,48390,"NLP, Python, Deep Learning",Mid-size
137,AI Engineer,UK,Entry,36347,"Python, Data Visualization, Computer Vision",Enterprise
138,Research Scientist,Germany,Lead,175195,"Python, Deep Learning, NLP",Startup
139,Data Analyst,Canada,Senior,104557,"Computer Vision, Deep Learning, PyTorch",Startup
140,Data Scientist,Germany,Senior,130770,"MLOps, TensorFlow, Deep Learning",Startup
141,Computer Vision Engineer,Germany,Senior,107450,"Deep Learning, Python, MLOps",Enterprise
142,Deep Learning Engineer,Australia,Senior,141343,"SQL, Data Visualization, Computer Vision",Mid-size
143,Data Analyst,India,Entry,12864,"TensorFlow, Computer Vision, Python",Startup
144,Research Scientist,UK,Lead,168761,"SQL, Python, NLP",Startup
145,Data Analyst,Germany,Lead,155305,"PyTorch, SQL, MLOps",Startup
146,NLP Engineer,Canada,Lead,217203,"MLOps, NLP, Computer Vision",Mid-size
147,NLP Engineer,USA,Mid,84429,"Deep Learning, Statistics, Data Visualization",Startup
148,Research Scientist,Australia,Mid,97364,"PyTorch, MLOps, Statistics",Enterprise
149,ML Engineer,Australia,Senior,143390,"SQL, Statistics, PyTorch",Startup
150,Deep Learning Engineer,India,Senior,46953,"PyTorch, SQL, MLOps",Enterprise
151,Data Scientist,Germany,Mid,88756,"Deep Learning, NLP, Computer Vision",Mid-size
152,AI Engineer,UK,Senior,110463,"Data Visualization, PyTorch, MLOps",Startup
153,AI Engineer,Australia,Senior,137402,"MLOps, Python, PyTorch",Mid-size
154,Computer Vision Engineer,Germany,Senior,122479,"NLP, Computer Vision, Deep Learning",Startup
155,Data Scientist,USA,Lead,219943,"SQL, NLP, Deep Learning",Mid-size
156,NLP Engineer,UK,Entry,34552,"Statistics, SQL, Python",Startup
157,NLP Engineer,Canada,Senior,144710,"Statistics, NLP, MLOps",Mid-size
158,Data Analyst,UK,Lead,187280,"PyTorch, Computer Vision, Deep Learning",Startup
159,NLP Engineer,UK,Senior,97400,"Python, Computer Vision, MLOps",Startup
160,Research Scientist,Australia,Lead,219079,"Python, Computer Vision, NLP",Mid-size
161,NLP Engineer,Canada,Senior,105034,"PyTorch, Deep Learning, Python",Mid-size
162,Research Scientist,India,Lead,68666,"MLOps, SQL, Statistics",Startup
163,NLP Engineer,Germany,Entry,31130,"Statistics, PyTorch, Data Visualization",Enterprise
164,NLP Engineer,Germany,Lead,141062,"Computer Vision, NLP, TensorFlow",Enterprise
165,ML Engineer,Canada,Lead,177857,"Computer Vision, Data Visualization, PyTorch",Mid-size
166,Data Analyst,Australia,Senior,140246,"TensorFlow, Statistics, SQL",Mid-size
167,Computer Vision Engineer,Canada,Senior,108816,"Deep Learning, Computer Vision, SQL",Startup
168,Research Scientist,UK,Senior,127614,"TensorFlow, PyTorch, Data Visualization",Mid-size
169,ML Engineer,Germany,Lead,175307,"Computer Vision, Statistics, SQL",Enterprise
170,NLP Engineer,Australia,Mid,67667,"Data Visualization, TensorFlow, Python",Startup
171,ML Engineer,Canada,Mid,97989,"NLP, Deep Learning, Computer Vision",Mid-size
172,Data Analyst,Canada,Lead,214162,"MLOps, Python, Data Visualization",Mid-size
173,AI Engineer,Canada,Entry,51658,"TensorFlow, Python, Statistics",Startup
174,Research Scientist,Germany,Mid,67749,"TensorFlow, SQL, PyTorch",Mid-size
175,Computer Vision Engineer,Canada,Lead,182304,"Python, PyTorch, MLOps",Mid-size
176,Data Analyst,Germany,Senior,113803,"Data Visualization, Statistics, Computer Vision",Enterprise
177,ML Engineer,UK,Mid,56588,"Python, Statistics, TensorFlow",Enterprise
178,Computer Vision Engineer,Australia,Lead,185581,"PyTorch, NLP, Data Visualization",Enterprise
179,Data Scientist,USA,Mid,84782,"TensorFlow, Data Visualization, MLOps",Startup
180,Research Scientist,India,Senior,48142,"Python, MLOps, NLP",Startup
181,Computer Vision Engineer,Germany,Senior,115470,"Deep Learning, SQL, Python",Enterprise
182,Computer Vision Engineer,Germany,Senior,132956,"Computer Vision, TensorFlow, PyTorch",Startup
183,AI Engineer,UK,Lead,174299,"NLP, PyTorch, Python",Startup
184,Data Scientist,India,Entry,19206,"SQL, MLOps, PyTorch",Enterprise
185,ML Engineer,UK,Mid,52105,"Python, NLP, SQL",Enterprise
186,Data Analyst,Germany,Lead,160559,"Computer Vision, SQL, NLP",Enterprise
187,Data Scientist,Germany,Senior,101003,"NLP, PyTorch, TensorFlow",Mid-size
188,NLP Engineer,UK,Lead,184472,"NLP, MLOps, Deep Learning",Mid-size
189,ML Engineer,Canada,Lead,211780,"Computer Vision, MLOps, Statistics",Mid-size
190,Research Scientist,Australia,Lead,199573,"PyTorch, SQL, Deep Learning",Startup
191,Deep Learning Engineer,Canada,Lead,191533,"PyTorch, Python, MLOps",Startup
192,Computer Vision Engineer,USA,Lead,197919,"Deep Learning, NLP, SQL",Mid-size
193,Data Analyst,UK,Entry,47595,"MLOps, Statistics, PyTorch",Mid-size
194,AI Engineer,Australia,Lead,215568,"Data Visualization, NLP, Statistics",Enterprise
195,Data Scientist,USA,Lead,216301,"Deep Learning, NLP, TensorFlow",Enterprise
196,ML Engineer,India,Entry,8215,"Computer Vision, PyTorch, TensorFlow",Enterprise
197,NLP Engineer,USA,Lead,235504,"NLP, Deep Learning, SQL",Mid-size
198,Research Scientist,Australia,Mid,96896,"Statistics, TensorFlow, Python",Startup
199,ML Engineer,India,Entry,17710,"MLOps, SQL, Data Visualization",Startup
200,Research Scientist,India,Entry,19012,"Deep Learning, NLP, SQL",Startup
201,Data Analyst,India,Senior,40054,"Data Visualization, TensorFlow, PyTorch",Mid-size
202,AI Engineer,Germany,Lead,177892,"MLOps, PyTorch, Python",Startup
203,Data Analyst,Australia,Mid,85483,"Statistics, Computer Vision, MLOps",Startup
204,ML Engineer,USA,Senior,112989,"Computer Vision, Python, Statistics",Mid-size
205,Data Scientist,UK,Lead,186540,"SQL, Data Visualization, Computer Vision",Startup
206,Deep Learning Engineer,Australia,Senior,110378,"Python, SQL, Computer Vision",Startup
207,Research Scientist,Canada,Mid,55422,"Data Visualization, Statistics, SQL",Mid-size
208,Data Analyst,Germany,Senior,102763,"NLP, MLOps, Statistics",Enterprise
209,NLP Engineer,USA,Senior,119832,"MLOps, Computer Vision, Deep Learning",Enterprise
210,Data Scientist,USA,Senior,136228,"SQL, NLP, Statistics",Startup
211,ML Engineer,Canada,Senior,134421,"TensorFlow, PyTorch, Deep Learning",Enterprise
212,Computer Vision Engineer,UK,Lead,185106,"SQL, Computer Vision, TensorFlow",Enterprise
213,NLP Engineer,Australia,Lead,158998,"SQL, Computer Vision, Statistics",Startup
214,Data Scientist,USA,Lead,224637,"MLOps, Data Visualization, PyTorch",Enterprise
215,Deep Learning Engineer,USA,Mid,77386,"Data Visualization, NLP, SQL",Startup
216,Deep Learning Engineer,Germany,Entry,49109,"PyTorch, Data Visualization, Computer Vision",Enterprise
217,Computer Vision Engineer,Australia,Mid,64269,"Computer Vision, SQL, Data Visualization",Enterprise
218,ML Engineer,India,Senior,43679,"Data Visualization, PyTorch, Computer Vision",Mid-size
219,NLP Engineer,India,Entry,14101,"NLP, PyTorch, SQL",Mid-size
220,Research Scientist,Canada,Senior,116359,"Computer Vision, Python, Statistics",Enterprise
221,Data Analyst,India,Senior,52915,"PyTorch, Python, SQL",Startup
222,Computer Vision Engineer,UK,Lead,163386,"Data Visualization, PyTorch, Python",Startup
223,AI Engineer,UK,Senior,107715,"Computer Vision, Data Visualization, SQL",Mid-size
224,ML Engineer,UK,Lead,194267,"Deep Learning, SQL, Data Visualization",Enterprise
225,Research Scientist,Australia,Senior,146396,"NLP, Data Visualization, TensorFlow",Startup
226,ML Engineer,USA,Mid,107773,"Computer Vision, Deep Learning, TensorFlow",Mid-size
227,Data Analyst,Germany,Mid,71833,"PyTorch, Python, MLOps",Enterprise
228,AI Engineer,Australia,Mid,95625,"Deep Learning, Statistics, MLOps",Startup
229,Data Analyst,USA,Entry,41265,"PyTorch, Data Visualization, NLP",Mid-size
230,Deep Learning Engineer,India,Senior,54000,"TensorFlow, Computer Vision, Deep Learning",Enterprise
231,Deep Learning Engineer,Canada,Senior,125635,"Computer Vision, Data Visualization, SQL",Startup
232,NLP Engineer,Germany,Mid,56238,"PyTorch, Data Visualization, Deep Learning",Mid-size
233,Computer Vision Engineer,India,Lead,73071,"PyTorch, MLOps, Statistics",Enterprise
234,Research Scientist,Canada,Mid,75098,"Data Visualization, SQL, Statistics",Mid-size
235,Computer Vision Engineer,India,Senior,47492,"Python, TensorFlow, Computer Vision",Enterprise
236,NLP Engineer,USA,Lead,194362,"Statistics, NLP, Computer Vision",Enterprise
237,Data Analyst,UK,Entry,32891,"NLP, Deep Learning, Statistics",Mid-size
238,Data Scientist,UK,Mid,89749,"Computer Vision, Data Visualization, Python",Enterprise
239,Deep Learning Engineer,USA,Senior,159513,"SQL, MLOps, Python",Mid-size
240,AI Engineer,India,Entry,13649,"Computer Vision, NLP, SQL",Startup
241,Data Analyst,Australia,Entry,33536,"Computer Vision, Deep Learning, SQL",Mid-size
242,NLP Engineer,UK,Lead,169721,"Python, Data Visualization, TensorFlow",Enterprise
243,ML Engineer,UK,Entry,33568,"SQL, TensorFlow, Computer Vision",Enterprise
244,Deep Learning Engineer,Germany,Senior,135781,"Statistics, Computer Vision, Data Visualization",Enterprise
245,Deep Learning Engineer,India,Entry,19658,"MLOps, Computer Vision, NLP",Enterprise
246,ML Engineer,Australia,Entry,34626,"NLP, Deep Learning, TensorFlow",Mid-size
247,NLP Engineer,UK,Entry,35034,"Statistics, Computer Vision, NLP",Startup
248,Computer Vision Engineer,Canada,Entry,41032,"MLOps, Python, SQL",Mid-size
249,Deep Learning Engineer,UK,Mid,73333,"Computer Vision, MLOps, TensorFlow",Mid-size
250,Deep Learning Engineer,Canada,Mid,63967,"Computer Vision, NLP, TensorFlow",Enterprise
251,Data Analyst,India,Entry,12106,"Deep Learning, MLOps, Python",Startup
252,Computer Vision Engineer,USA,Entry,45216,"Data Visualization, SQL, Computer Vision",Enterprise
253,ML Engineer,India,Entry,14603,"PyTorch, Statistics, TensorFlow",Startup
254,AI Engineer,Germany,Mid,56168,"Deep Learning, PyTorch, SQL",Mid-size
255,Data Scientist,India,Mid,26646,"Deep Learning, MLOps, SQL",Startup
256,Data Analyst,Canada,Mid,83675,"NLP, SQL, Python",Startup
257,Data Scientist,USA,Senior,126873,"Statistics, MLOps, PyTorch",Mid-size
258,AI Engineer,India,Entry,10695,"TensorFlow, Computer Vision, Python",Enterprise
259,Data Scientist,Germany,Senior,100167,"Statistics, PyTorch, Computer Vision",Mid-size
260,NLP Engineer,Germany,Senior,118024,"Deep Learning, Computer Vision, PyTorch",Mid-size
261,Data Scientist,Australia,Lead,209973,"SQL, NLP, MLOps",Mid-size
262,NLP Engineer,USA,Entry,25926,"Computer Vision, NLP, Deep Learning",Startup
263,ML Engineer,USA,Senior,124701,"Computer Vision, Python, MLOps",Mid-size
264,Data Scientist,USA,Lead,210429,"TensorFlow, SQL, Statistics",Startup
265,Data Analyst,USA,Mid,65188,"Deep Learning, MLOps, Python",Startup
266,Deep Learning Engineer,Australia,Lead,169447,"Statistics, Deep Learning, PyTorch",Mid-size
267,Computer Vision Engineer,Germany,Lead,140117,"Data Visualization, NLP, SQL",Enterprise
268,NLP Engineer,UK,Mid,68935,"MLOps, Computer Vision, Statistics",Enterprise
269,Data Scientist,Germany,Mid,50846,"Data Visualization, SQL, Statistics",Mid-size
270,Data Analyst,India,Senior,48817,"PyTorch, TensorFlow, Data Visualization",Enterprise
271,Data Scientist,Canada,Senior,153313,"NLP, Statistics, SQL",Enterprise
272,NLP Engineer,UK,Entry,24208,"SQL, Python, TensorFlow",Startup
273,Data Analyst,Canada,Entry,36235,"Statistics, NLP, Computer Vision",Startup
274,Research Scientist,UK,Senior,135745,"PyTorch, TensorFlow, Computer Vision",Startup
275,ML Engineer,Australia,Entry,22009,"MLOps, Python, TensorFlow",Startup
276,Data Scientist,Germany,Senior,95287,"Deep Learning, Computer Vision, Python",Startup
277,ML Engineer,UK,Entry,28512,"NLP, Python, Computer Vision",Enterprise
278,Research Scientist,Canada,Senior,114654,"Deep Learning, Data Visualization, NLP",Enterprise
279,NLP Engineer,UK,Entry,46614,"Deep Learning, SQL, PyTorch",Mid-size
280,AI Engineer,Australia,Senior,133140,"SQL, MLOps, TensorFlow",Mid-size
281,NLP Engineer,Canada,Senior,108423,"NLP, Statistics, TensorFlow",Mid-size
282,Data Scientist,USA,Lead,238696,"Data Visualization, MLOps, TensorFlow",Mid-size
283,Data Analyst,India,Lead,73570,"Data Visualization, TensorFlow, MLOps",Enterprise
284,ML Engineer,India,Lead,59202,"MLOps, Data Visualization, Deep Learning",Startup
285,Data Scientist,Australia,Entry,53268,"Deep Learning, Statistics, NLP",Startup
286,Data Scientist,UK,Lead,163930,"Computer Vision, Statistics, PyTorch",Startup
287,Data Scientist,USA,Senior,128380,"SQL, MLOps, Deep Learning",Mid-size
288,Computer Vision Engineer,Canada,Mid,75372,"MLOps, Statistics, Data Visualization",Enterprise
289,Research Scientist,Germany,Senior,118173,"Python, Data Visualization, NLP",Startup
290,Research Scientist,Canada,Lead,160582,"Statistics, SQL, Python",Mid-size
291,Data Scientist,India,Entry,16610,"Data Visualization, Python, Deep Learning",Startup
292,NLP Engineer,India,Lead,60498,"PyTorch, TensorFlow, Python",Mid-size
293,NLP Engineer,USA,Lead,200072,"TensorFlow, SQL, Data Visualization",Enterprise
294,Computer Vision Engineer,USA,Entry,28821,"Computer Vision, MLOps, Statistics",Mid-size
295,Computer Vision Engineer,UK,Mid,77202,"Python, NLP, Statistics",Startup
296,Data Analyst,Germany,Lead,196819,"Deep Learning, Python, PyTorch",Startup
297,Research Scientist,Canada,Mid,61366,"Data Visualization, PyTorch, Statistics",Startup
298,ML Engineer,Canada,Entry,49558,"Python, NLP, SQL",Enterprise
299,Data Scientist,Australia,Senior,134402,"MLOps, SQL, NLP",Enterprise
300,Data Scientist,Germany,Entry,31260,"Computer Vision, Statistics, SQL",Mid-size
301,Research Scientist,Germany,Lead,199201,"Data Visualization, MLOps, Python",Enterprise
302,Computer Vision Engineer,Canada,Senior,131434,"Python, Data Visualization, MLOps",Mid-size
303,Data Scientist,UK,Senior,110103,"Python, Statistics, Data Visualization",Mid-size
304,ML Engineer,Canada,Lead,176669,"SQL, Statistics, NLP",Startup
305,Data Analyst,UK,Senior,125442,"Data Visualization, Statistics, Python",Mid-size
306,Data Analyst,Germany,Lead,145779,"Deep Learning, Python, Statistics",Enterprise
307,Deep Learning Engineer,Australia,Mid,70568,"PyTorch, Computer Vision, SQL",Mid-size
308,ML Engineer,Canada,Mid,69298,"Python, PyTorch, Data Visualization",Startup
309,Research Scientist,Australia,Mid,82431,"Computer Vision, Deep Learning, SQL",Startup
310,ML Engineer,UK,Entry,30380,"SQL, TensorFlow, Deep Learning",Mid-size
311,AI Engineer,Canada,Mid,83836,"PyTorch, SQL, Computer Vision",Enterprise
312,Data Scientist,USA,Entry,47898,"Python, Data Visualization, Computer Vision",Enterprise
313,ML Engineer,Germany,Mid,88727,"TensorFlow, Statistics, Python",Mid-size
314,NLP Engineer,UK,Lead,184327,"MLOps, Statistics, PyTorch",Enterprise
315,Data Analyst,Germany,Entry,23368,"Python, TensorFlow, Computer Vision",Mid-size
316,NLP Engineer,Germany,Mid,61053,"NLP, Data Visualization, Python",Startup
317,NLP Engineer,Canada,Mid,56809,"NLP, TensorFlow, Computer Vision",Mid-size
318,Data Scientist,India,Mid,27702,"Deep Learning, Data Visualization, PyTorch",Mid-size
319,NLP Engineer,Germany,Mid,87430,"PyTorch, NLP, Python",Enterprise
320,Deep Learning Engineer,USA,Mid,74032,"Data Visualization, Statistics, Deep Learning",Startup
321,Deep Learning Engineer,India,Entry,17910,"TensorFlow, PyTorch, Data Visualization",Mid-size
322,Data Scientist,India,Senior,55875,"TensorFlow, SQL, MLOps",Startup
323,Computer Vision Engineer,Australia,Entry,33345,"MLOps, Data Visualization, Statistics",Startup
324,Data Analyst,Canada,Mid,64532,"MLOps, SQL, TensorFlow",Enterprise
325,AI Engineer,India,Senior,41396,"MLOps, Statistics, Deep Learning",Mid-size
326,Data Scientist,Canada,Lead,204341,"Python, MLOps, TensorFlow",Mid-size
327,ML Engineer,Australia,Lead,215019,"Python, Data Visualization, NLP",Startup
328,Data Analyst,Australia,Mid,86607,"Deep Learning, Computer Vision, NLP",Enterprise
329,AI Engineer,Germany,Mid,66241,"Statistics, MLOps, Data Visualization",Enterprise
330,NLP Engineer,UK,Mid,54944,"TensorFlow, Deep Learning, SQL",Startup
331,AI Engineer,Canada,Senior,126408,"Computer Vision, NLP, PyTorch",Enterprise
332,Data Analyst,Australia,Senior,121886,"Computer Vision, NLP, TensorFlow",Startup
333,AI Engineer,UK,Mid,76838,"Python, Statistics, Computer Vision",Startup
334,Computer Vision Engineer,Germany,Lead,142717,"Computer Vision, TensorFlow, NLP",Enterprise
335,Research Scientist,UK,Senior,110908,"Python, TensorFlow, NLP",Enterprise
336,ML Engineer,UK,Lead,163570,"Python, TensorFlow, Data Visualization",Mid-size
337,NLP Engineer,UK,Senior,128258,"PyTorch, Deep Learning, Data Visualization",Mid-size
338,NLP Engineer,Germany,Mid,78865,"Statistics, Deep Learning, Computer Vision",Startup
339,NLP Engineer,USA,Senior,121782,"NLP, PyTorch, Statistics",Enterprise
340,AI Engineer,UK,Senior,130806,"Computer Vision, Python, Deep Learning",Enterprise
341,AI Engineer,UK,Mid,87641,"Python, Computer Vision, Deep Learning",Enterprise
342,Computer Vision Engineer,Canada,Senior,143452,"Python, TensorFlow, Data Visualization",Enterprise
343,NLP Engineer,Canada,Lead,202442,"TensorFlow, Python, SQL",Enterprise
344,Research Scientist,Germany,Lead,170678,"MLOps, Python, Statistics",Enterprise
345,Data Analyst,Australia,Senior,133628,"Deep Learning, Statistics, NLP",Enterprise
346,NLP Engineer,UK,Entry,23300,"TensorFlow, Deep Learning, PyTorch",Enterprise
347,Computer Vision Engineer,India,Mid,34328,"Statistics, Data Visualization, TensorFlow",Enterprise
348,ML Engineer,Canada,Entry,24357,"Statistics, Python, PyTorch",Startup
349,Data Scientist,Australia,Entry,52543,"Statistics, Data Visualization, TensorFlow",Startup
350,Data Scientist,Canada,Senior,151621,"Python, PyTorch, Statistics",Mid-size
351,Deep Learning Engineer,Australia,Entry,41059,"TensorFlow, Python, Computer Vision",Enterprise
352,Data Scientist,Australia,Entry,39635,"TensorFlow, Statistics, SQL",Mid-size
353,Computer Vision Engineer,Australia,Lead,212661,"NLP, Python, PyTorch",Enterprise
354,Computer Vision Engineer,Canada,Mid,80559,"Python, NLP, Computer Vision",Enterprise
355,Deep Learning Engineer,Australia,Entry,27325,"NLP, Python, Deep Learning",Enterprise
356,Computer Vision Engineer,UK,Entry,24566,"Computer Vision, NLP, Statistics",Mid-size
357,Data Scientist,India,Senior,54384,"Statistics, TensorFlow, Python",Mid-size
358,Computer Vision Engineer,USA,Lead,222777,"Deep Learning, Computer Vision, Data Visualization",Enterprise
359,Data Analyst,Germany,Senior,92106,"SQL, Deep Learning, Computer Vision",Enterprise
360,Computer Vision Engineer,USA,Lead,230304,"Computer Vision, Data Visualization, SQL",Enterprise
361,ML Engineer,UK,Entry,48529,"NLP, MLOps, Data Visualization",Mid-size
362,AI Engineer,India,Lead,72478,"MLOps, Python, PyTorch",Enterprise
363,Research Scientist,Germany,Senior,107685,"Python, SQL, TensorFlow",Enterprise
364,ML Engineer,Germany,Lead,156458,"NLP, MLOps, PyTorch",Startup
365,ML Engineer,India,Lead,71297,"MLOps, Python, Statistics",Mid-size
366,Deep Learning Engineer,India,Lead,71980,"SQL, MLOps, NLP",Enterprise
367,ML Engineer,Germany,Lead,141622,"Deep Learning, MLOps, Computer Vision",Startup
368,Data Scientist,USA,Entry,43185,"TensorFlow, Data Visualization, SQL",Mid-size
369,NLP Engineer,India,Mid,31760,"SQL, PyTorch, Computer Vision",Startup
370,Data Analyst,Germany,Lead,199052,"TensorFlow, Computer Vision, MLOps",Mid-size
371,Data Analyst,UK,Lead,164027,"Computer Vision, SQL, Deep Learning",Startup
372,Deep Learning Engineer,India,Lead,70334,"PyTorch, Data Visualization, Deep Learning",Mid-size
373,Computer Vision Engineer,UK,Mid,69250,"Deep Learning, Statistics, PyTorch",Startup
374,Deep Learning Engineer,UK,Entry,41874,"Data Visualization, SQL, MLOps",Mid-size
375,Data Analyst,Canada,Mid,82238,"Deep Learning, Statistics, TensorFlow",Enterprise
376,Deep Learning Engineer,USA,Lead,171253,"Python, SQL, Computer Vision",Startup
377,Data Analyst,UK,Mid,79077,"Deep Learning, TensorFlow, MLOps",Enterprise
378,Deep Learning Engineer,Australia,Mid,64836,"PyTorch, Computer Vision, Data Visualization",Enterprise
379,NLP Engineer,UK,Senior,105850,"MLOps, NLP, SQL",Startup
380,NLP Engineer,UK,Senior,135420,"Deep Learning, Statistics, PyTorch",Mid-size
381,Deep Learning Engineer,USA,Entry,24577,"SQL, Computer Vision, TensorFlow",Mid-size
382,Research Scientist,UK,Lead,177904,"PyTorch, Statistics, SQL",Mid-size
383,Deep Learning Engineer,USA,Senior,108072,"Statistics, TensorFlow, PyTorch",Enterprise
384,AI Engineer,USA,Entry,45627,"TensorFlow, SQL, Statistics",Enterprise
385,Data Scientist,Germany,Mid,84020,"NLP, TensorFlow, PyTorch",Mid-size
386,Deep Learning Engineer,Canada,Lead,179732,"MLOps, PyTorch, NLP",Startup
387,AI Engineer,Canada,Entry,47356,"Python, PyTorch, SQL",Mid-size
388,Data Analyst,USA,Entry,32352,"SQL, PyTorch, Deep Learning",Mid-size
389,Research Scientist,UK,Lead,141341,"Statistics, Data Visualization, MLOps",Enterprise
390,Research Scientist,Germany,Lead,145895,"NLP, Statistics, Python",Enterprise
391,Computer Vision Engineer,Australia,Lead,214231,"TensorFlow, Deep Learning, NLP",Mid-size
392,Data Scientist,Canada,Senior,104850,"Statistics, NLP, Python",Startup
393,Deep Learning Engineer,Canada,Mid,68109,"SQL, MLOps, Python",Enterprise
394,Computer Vision Engineer,India,Lead,67884,"Computer Vision, TensorFlow, Deep Learning",Enterprise
395,Data Scientist,Australia,Lead,215903,"Data Visualization, PyTorch, Python",Enterprise
396,NLP Engineer,UK,Lead,184813,"Computer Vision, Deep Learning, NLP",Mid-size
397,Data Analyst,India,Mid,23528,"Data Visualization, SQL, PyTorch",Mid-size
398,Data Scientist,Germany,Entry,31122,"TensorFlow, Data Visualization, Statistics",Startup
399,Data Scientist,UK,Mid,79398,"TensorFlow, PyTorch, MLOps",Startup
400,NLP Engineer,Australia,Entry,25623,"Python, TensorFlow, MLOps",Mid-size
401,AI Engineer,Germany,Entry,37850,"Deep Learning, Data Visualization, Statistics",Enterprise
402,Data Scientist,Canada,Entry,32311,"MLOps, TensorFlow, Python",Mid-size
403,Computer Vision Engineer,Australia,Lead,157281,"Data Visualization, TensorFlow, Python",Startup
404,NLP Engineer,UK,Entry,40662,"Statistics, Python, NLP",Mid-size
405,Computer Vision Engineer,UK,Entry,44078,"Data Visualization, Python, TensorFlow",Mid-size
406,Deep Learning Engineer,Germany,Mid,65317,"Statistics, Computer Vision, Data Visualization",Startup
407,Data Analyst,India,Mid,31474,"Computer Vision, Python, PyTorch",Mid-size
408,Research Scientist,India,Mid,23400,"PyTorch, Data Visualization, Python",Enterprise
409,Data Scientist,Germany,Lead,167788,"TensorFlow, SQL, Statistics",Startup
410,Computer Vision Engineer,Australia,Senior,103191,"NLP, SQL, PyTorch",Mid-size
411,Research Scientist,Germany,Senior,135084,"Data Visualization, Deep Learning, MLOps",Mid-size
412,Data Scientist,India,Entry,15366,"PyTorch, Statistics, Python",Enterprise
413,NLP Engineer,Germany,Mid,68155,"MLOps, Data Visualization, Deep Learning",Mid-size
414,AI Engineer,USA,Entry,32482,"Statistics, NLP, Data Visualization",Startup
415,Data Scientist,USA,Mid,72979,"Statistics, Python, Data Visualization",Enterprise
416,Deep Learning Engineer,UK,Mid,83933,"Data Visualization, Deep Learning, PyTorch",Mid-size
417,Data Analyst,India,Lead,77416,"MLOps, Computer Vision, TensorFlow",Mid-size
418,Research Scientist,Canada,Lead,205759,"PyTorch, Deep Learning, NLP",Enterprise
419,AI Engineer,USA,Mid,65392,"NLP, Python, Statistics",Startup
420,Research Scientist,UK,Lead,183194,"TensorFlow, Computer Vision, NLP",Startup
421,AI Engineer,USA,Senior,162033,"Data Visualization, Python, PyTorch",Enterprise
422,AI Engineer,UK,Entry,24805,"Computer Vision, NLP, SQL",Enterprise
423,ML Engineer,India,Senior,55312,"SQL, Deep Learning, NLP",Startup
424,Deep Learning Engineer,USA,Entry,41878,"Data Visualization, Python, MLOps",Startup
425,NLP Engineer,Germany,Mid,84157,"MLOps, Statistics, SQL",Startup
426,NLP Engineer,Australia,Senior,129113,"Data Visualization, Statistics, Computer Vision",Mid-size
427,Data Scientist,UK,Mid,64199,"Python, Statistics, NLP",Startup
428,Research Scientist,Germany,Entry,28245,"PyTorch, Python, TensorFlow",Mid-size
429,ML Engineer,Germany,Entry,33832,"Python, Statistics, Data Visualization",Mid-size
430,Deep Learning Engineer,Australia,Senior,119735,"TensorFlow, SQL, PyTorch",Enterprise
431,ML Engineer,USA,Senior,142597,"Data Visualization, MLOps, Computer Vision",Enterprise
432,ML Engineer,Canada,Lead,165244,"Python, Data Visualization, Computer Vision",Startup
433,Data Analyst,USA,Mid,104931,"TensorFlow, MLOps, Data Visualization",Enterprise
434,Data Scientist,UK,Senior,108024,"NLP, MLOps, Statistics",Enterprise
435,Deep Learning Engineer,Australia,Senior,118362,"Statistics, Deep Learning, PyTorch",Enterprise
436,Deep Learning Engineer,India,Mid,30372,"Deep Learning, Python, Computer Vision",Startup
437,Data Scientist,UK,Lead,180059,"Python, Deep Learning, NLP",Startup
438,Data Analyst,USA,Lead,194104,"NLP, Computer Vision, Deep Learning",Startup
439,Data Analyst,USA,Senior,164017,"TensorFlow, PyTorch, NLP",Startup
440,ML Engineer,India,Mid,23961,"Deep Learning, MLOps, Data Visualization",Startup
441,ML Engineer,USA,Senior,162777,"SQL, Statistics, Computer Vision",Enterprise
442,Data Analyst,Canada,Entry,52455,"Python, PyTorch, Deep Learning",Mid-size
443,Computer Vision Engineer,India,Lead,56636,"Data Visualization, Computer Vision, PyTorch",Enterprise
444,ML Engineer,Canada,Senior,105801,"TensorFlow, SQL, NLP",Enterprise
445,Research Scientist,Australia,Lead,162045,"Data Visualization, Computer Vision, TensorFlow",Mid-size
446,AI Engineer,Australia,Senior,101352,"TensorFlow, NLP, Python",Mid-size
447,AI Engineer,UK,Mid,89692,"Data Visualization, Python, NLP",Mid-size
448,Deep Learning Engineer,UK,Lead,142469,"SQL, Computer Vision, MLOps",Startup
449,Deep Learning Engineer,Germany,Mid,72534,"Data Visualization, NLP, Computer Vision",Startup
450,NLP Engineer,UK,Lead,194302,"TensorFlow, Python, Statistics",Mid-size
451,Research Scientist,Canada,Senior,143361,"Deep Learning, NLP, TensorFlow",Enterprise
452,AI Engineer,Germany,Senior,126509,"Computer Vision, SQL, TensorFlow",Startup
453,Data Scientist,UK,Entry,23998,"SQL, NLP, TensorFlow",Enterprise
454,NLP Engineer,Australia,Lead,190368,"Statistics, NLP, Python",Startup
455,Research Scientist,USA,Mid,86072,"Statistics, SQL, PyTorch",Mid-size
456,Data Analyst,India,Mid,33932,"SQL, Data Visualization, Statistics",Mid-size
457,Research Scientist,UK,Mid,87311,"NLP, TensorFlow, Data Visualization",Startup
458,Research Scientist,Germany,Entry,25445,"TensorFlow, NLP, PyTorch",Enterprise
459,Data Analyst,Germany,Lead,153281,"MLOps, NLP, Data Visualization",Mid-size
460,AI Engineer,USA,Lead,210180,"TensorFlow, Python, Data Visualization",Mid-size
461,Research Scientist,USA,Entry,54985,"NLP, MLOps, SQL",Enterprise
462,Data Analyst,Canada,Lead,204092,"PyTorch, Data Visualization, Deep Learning",Mid-size
463,AI Engineer,Germany,Entry,37649,"PyTorch, TensorFlow, Python",Mid-size
464,Computer Vision Engineer,Germany,Mid,58073,"TensorFlow, NLP, Data Visualization",Startup
465,NLP Engineer,Australia,Entry,49056,"SQL, Statistics, Computer Vision",Enterprise
466,ML Engineer,UK,Lead,177567,"TensorFlow, MLOps, Data Visualization",Mid-size
467,Deep Learning Engineer,Germany,Lead,151939,"SQL, PyTorch, MLOps",Enterprise
468,Computer Vision Engineer,Germany,Entry,45338,"SQL, TensorFlow, Python",Mid-size
469,Data Analyst,USA,Entry,56499,"Python, TensorFlow, Data Visualization",Enterprise
470,Research Scientist,Canada,Lead,186165,"Deep Learning, TensorFlow, MLOps",Enterprise
471,NLP Engineer,USA,Entry,38161,"Deep Learning, TensorFlow, Data Visualization",Mid-size
472,AI Engineer,Australia,Mid,70716,"MLOps, TensorFlow, Statistics",Mid-size
473,AI Engineer,India,Entry,14568,"MLOps, PyTorch, NLP",Enterprise
474,Data Scientist,Canada,Senior,124752,"TensorFlow, Statistics, NLP",Enterprise
475,Deep Learning Engineer,USA,Entry,57332,"TensorFlow, NLP, MLOps",Mid-size
476,Computer Vision Engineer,India,Senior,48938,"TensorFlow, Deep Learning, Statistics",Enterprise
477,AI Engineer,Germany,Mid,89214,"Computer Vision, NLP, SQL",Startup
478,AI Engineer,USA,Senior,146635,"Computer Vision, NLP, SQL",Enterprise
479,AI Engineer,UK,Mid,62857,"NLP, MLOps, Statistics",Enterprise
480,Computer Vision Engineer,Germany,Entry,39982,"Data Visualization, Python, MLOps",Mid-size
481,Research Scientist,USA,Entry,55717,"NLP, Python, PyTorch",Enterprise
482,NLP Engineer,Australia,Mid,84023,"Statistics, PyTorch, MLOps",Startup
483,Deep Learning Engineer,Canada,Entry,42502,"PyTorch, SQL, Computer Vision",Startup
484,Deep Learning Engineer,UK,Senior,126444,"Python, Statistics, Deep Learning",Enterprise
485,AI Engineer,USA,Entry,34453,"MLOps, Data Visualization, NLP",Mid-size
486,Research Scientist,India,Senior,51644,"Computer Vision, SQL, Deep Learning",Enterprise
487,Data Scientist,Germany,Senior,134859,"Deep Learning, Statistics, Computer Vision",Startup
488,Data Scientist,USA,Senior,108631,"Statistics, Computer Vision, Deep Learning",Mid-size
489,Research Scientist,India,Entry,14027,"PyTorch, Deep Learning, NLP",Enterprise
490,AI Engineer,India,Lead,71426,"SQL, NLP, Python",Mid-size
491,Data Analyst,USA,Senior,167121,"Deep Learning, Data Visualization, MLOps",Mid-size
492,AI Engineer,India,Mid,26786,"Deep Learning, TensorFlow, Data Visualization",Enterprise
493,Computer Vision Engineer,Germany,Senior,116589,"PyTorch, Statistics, Computer Vision",Mid-size
494,Deep Learning Engineer,UK,Mid,67773,"Computer Vision, MLOps, Python",Enterprise
495,Deep Learning Engineer,UK,Senior,131688,"PyTorch, TensorFlow, Data Visualization",Mid-size
496,Computer Vision Engineer,USA,Senior,167916,"PyTorch, TensorFlow, Computer Vision",Startup
497,ML Engineer,USA,Entry,28514,"Python, Statistics, Computer Vision",Enterprise
498,NLP Engineer,India,Senior,55436,"PyTorch, NLP, Computer Vision",Startup
499,NLP Engineer,India,Mid,31912,"Python, Computer Vision, Deep Learning",Mid-size
500,NLP Engineer,Germany,Mid,58905,"TensorFlow, Python, SQL",Enterprise
501,AI Engineer,UK,Entry,48913,"Computer Vision, PyTorch, Python",Mid-size
502,Deep Learning Engineer,Germany,Senior,113116,"Computer Vision, TensorFlow, Data Visualization",Startup
503,Deep Learning Engineer,Australia,Lead,190142,"Computer Vision, PyTorch, SQL",Startup
504,Data Analyst,Germany,Senior,106369,"PyTorch, MLOps, TensorFlow",Enterprise
505,Computer Vision Engineer,Germany,Mid,59078,"Deep Learning, Statistics, PyTorch",Mid-size
506,NLP Engineer,India,Senior,55914,"Data Visualization, PyTorch, Deep Learning",Startup
507,Deep Learning Engineer,UK,Entry,38440,"PyTorch, SQL, Computer Vision",Mid-size
508,Data Scientist,Germany,Entry,45291,"MLOps, SQL, Deep Learning",Startup
509,Data Analyst,UK,Entry,45683,"SQL, Statistics, Computer Vision",Startup
510,Data Analyst,UK,Entry,46630,"TensorFlow, Computer Vision, PyTorch",Enterprise
511,Data Scientist,India,Senior,47184,"Computer Vision, TensorFlow, SQL",Mid-size
512,Research Scientist,Germany,Lead,196446,"Statistics, TensorFlow, NLP",Enterprise
513,Data Analyst,Germany,Mid,79545,"Python, TensorFlow, SQL",Startup
514,Research Scientist,India,Entry,14125,"Computer Vision, Statistics, Deep Learning",Mid-size
515,ML Engineer,Australia,Mid,56716,"Computer Vision, SQL, PyTorch",Startup
516,Deep Learning Engineer,India,Mid,32756,"Data Visualization, TensorFlow, Statistics",Enterprise
517,ML Engineer,UK,Mid,54780,"Deep Learning, Data Visualization, PyTorch",Mid-size
518,Data Analyst,Germany,Lead,166911,"TensorFlow, Python, PyTorch",Startup
519,AI Engineer,India,Entry,14676,"NLP, PyTorch, Python",Enterprise
520,AI Engineer,Australia,Lead,195153,"Deep Learning, PyTorch, Python",Startup
521,ML Engineer,UK,Lead,188770,"Computer Vision, Data Visualization, Deep Learning",Startup
522,Data Scientist,India,Entry,19018,"SQL, Data Visualization, Statistics",Enterprise
523,ML Engineer,USA,Mid,106804,"Deep Learning, Computer Vision, Python",Startup
524,NLP Engineer,Australia,Senior,132029,"PyTorch, NLP, Python",Enterprise
525,Research Scientist,India,Entry,13614,"Data Visualization, NLP, Computer Vision",Enterprise
526,Deep Learning Engineer,Australia,Senior,127559,"PyTorch, NLP, Statistics",Startup
527,Computer Vision Engineer,UK,Senior,129063,"Data Visualization, PyTorch, MLOps",Enterprise
528,Deep Learning Engineer,India,Senior,37881,"TensorFlow, MLOps, Python",Startup
529,Computer Vision Engineer,Australia,Senior,133743,"Computer Vision, NLP, PyTorch",Enterprise
530,AI Engineer,Germany,Senior,116017,"Python, Data Visualization, MLOps",Startup
531,NLP Engineer,USA,Entry,55647,"Statistics, PyTorch, Python",Enterprise
532,NLP Engineer,Canada,Entry,35720,"TensorFlow, Deep Learning, PyTorch",Enterprise
533,AI Engineer,India,Senior,46996,"Python, Data Visualization, Computer Vision",Enterprise
534,Data Scientist,UK,Mid,73279,"MLOps, NLP, TensorFlow",Startup
535,Research Scientist,UK,Senior,112861,"NLP, Data Visualization, PyTorch",Enterprise
536,AI Engineer,Australia,Mid,84607,"Python, Statistics, MLOps",Enterprise
537,Computer Vision Engineer,Germany,Lead,174414,"Data Visualization, PyTorch, NLP",Enterprise
538,Computer Vision Engineer,UK,Lead,187064,"Statistics, Python, PyTorch",Mid-size
539,AI Engineer,UK,Entry,23155,"Data Visualization, MLOps, Python",Enterprise
540,Deep Learning Engineer,USA,Senior,110535,"SQL, Computer Vision, TensorFlow",Startup
541,Research Scientist,Canada,Lead,177032,"Computer Vision, Statistics, Python",Startup
542,Data Analyst,Australia,Mid,90660,"Data Visualization, SQL, NLP",Mid-size
543,Data Scientist,Germany,Senior,134738,"SQL, Deep Learning, TensorFlow",Mid-size
544,AI Engineer,USA,Senior,114868,"Python, PyTorch, NLP",Startup
545,Research Scientist,Germany,Mid,69816,"Statistics, TensorFlow, Deep Learning",Mid-size
546,NLP Engineer,USA,Mid,106395,"Data Visualization, SQL, Computer Vision",Mid-size
547,Data Analyst,UK,Senior,96099,"NLP, Python, Computer Vision",Enterprise
548,AI Engineer,UK,Entry,39576,"PyTorch, NLP, Data Visualization",Startup
549,Data Scientist,UK,Mid,76928,"Computer Vision, MLOps, SQL",Mid-size
550,Data Analyst,Germany,Entry,46155,"Statistics, Deep Learning, Python",Enterprise
551,NLP Engineer,USA,Lead,228129,"Statistics, Deep Learning, NLP",Enterprise
552,Data Analyst,UK,Lead,140968,"Python, TensorFlow, Statistics",Startup
553,Computer Vision Engineer,Australia,Lead,154309,"Python, NLP, Statistics",Enterprise
554,Data Analyst,Australia,Mid,71896,"Python, Statistics, SQL",Mid-size
555,Research Scientist,USA,Senior,142084,"PyTorch, Statistics, MLOps",Enterprise
556,Research Scientist,UK,Senior,99200,"Python, Deep Learning, TensorFlow",Startup
557,ML Engineer,USA,Entry,54733,"SQL, Computer Vision, TensorFlow",Enterprise
558,Computer Vision Engineer,Germany,Lead,163857,"SQL, PyTorch, TensorFlow",Startup
559,Data Scientist,USA,Mid,78477,"NLP, SQL, Computer Vision",Startup
560,ML Engineer,Australia,Mid,65021,"Data Visualization, SQL, Statistics",Enterprise
561,Research Scientist,India,Mid,35624,"NLP, Statistics, Data Visualization",Mid-size
562,Research Scientist,Germany,Lead,157275,"SQL, Python, Deep Learning",Enterprise
563,AI Engineer,India,Mid,24090,"Data Visualization, Deep Learning, MLOps",Mid-size
564,Computer Vision Engineer,Canada,Entry,32126,"PyTorch, SQL, Statistics",Mid-size
565,ML Engineer,Germany,Senior,105577,"Data Visualization, PyTorch, MLOps",Startup
566,Data Analyst,India,Senior,42201,"Statistics, Computer Vision, NLP",Enterprise
567,Data Analyst,India,Entry,9487,"MLOps, TensorFlow, Data Visualization",Startup
568,Data Scientist,Canada,Lead,193424,"TensorFlow, MLOps, PyTorch",Mid-size
569,Research Scientist,USA,Lead,184056,"PyTorch, TensorFlow, Python",Mid-size
570,Research Scientist,UK,Mid,58125,"Deep Learning, NLP, MLOps",Mid-size
571,Research Scientist,Canada,Entry,27615,"TensorFlow, SQL, NLP",Startup
572,ML Engineer,UK,Mid,57848,"Data Visualization, Statistics, NLP",Startup
573,Computer Vision Engineer,Canada,Lead,154536,"Python, SQL, PyTorch",Mid-size
574,Deep Learning Engineer,Germany,Lead,175941,"SQL, PyTorch, Computer Vision",Enterprise
575,Deep Learning Engineer,USA,Senior,139455,"Python, TensorFlow, Data Visualization",Enterprise
576,ML Engineer,USA,Entry,28263,"Python, TensorFlow, SQL",Startup
577,AI Engineer,UK,Mid,75426,"Data Visualization, PyTorch, TensorFlow",Enterprise
578,AI Engineer,India,Mid,20546,"MLOps, Statistics, Python",Startup
579,Research Scientist,Germany,Mid,76200,"Data Visualization, Deep Learning, SQL",Mid-size
580,AI Engineer,Germany,Entry,47723,"Computer Vision, Data Visualization, PyTorch",Mid-size
581,NLP Engineer,USA,Senior,145588,"SQL, Data Visualization, Deep Learning",Mid-size
582,Data Analyst,Australia,Senior,129958,"Deep Learning, TensorFlow, PyTorch",Startup
583,Data Analyst,Australia,Senior,147727,"Deep Learning, PyTorch, MLOps",Mid-size
584,Deep Learning Engineer,Canada,Senior,138332,"Python, Computer Vision, Data Visualization",Enterprise
585,ML Engineer,UK,Lead,146471,"Deep Learning, Statistics, MLOps",Startup
586,Data Scientist,USA,Entry,27435,"Computer Vision, Data Visualization, TensorFlow",Enterprise
587,ML Engineer,UK,Senior,111636,"TensorFlow, Deep Learning, Data Visualization",Mid-size
588,Deep Learning Engineer,Germany,Entry,40783,"Computer Vision, Statistics, Python",Startup
589,Deep Learning Engineer,Germany,Mid,58234,"Computer Vision, SQL, Deep Learning",Enterprise
590,NLP Engineer,Germany,Mid,66173,"MLOps, Statistics, TensorFlow",Enterprise
591,Data Analyst,USA,Senior,147808,"Python, NLP, TensorFlow",Enterprise
592,AI Engineer,Canada,Senior,122789,"NLP, PyTorch, Python",Enterprise
593,Research Scientist,Germany,Senior,126914,"PyTorch, Deep Learning, Statistics",Enterprise
594,Deep Learning Engineer,UK,Senior,139292,"PyTorch, Deep Learning, Computer Vision",Startup
595,Deep Learning Engineer,Australia,Senior,106866,"SQL, Statistics, TensorFlow",Startup
596,NLP Engineer,Australia,Lead,200917,"Deep Learning, TensorFlow, Python",Mid-size
597,Computer Vision Engineer,Germany,Mid,63467,"Deep Learning, MLOps, Statistics",Startup
598,Computer Vision Engineer,Australia,Senior,148473,"SQL, Data Visualization, Python",Enterprise
599,Research Scientist,Australia,Mid,93395,"Deep Learning, Python, NLP",Mid-size
600,AI Engineer,USA,Lead,172384,"MLOps, TensorFlow, Computer Vision",Startup
601,AI Engineer,Canada,Mid,75617,"PyTorch, Computer Vision, Python",Mid-size
602,ML Engineer,Canada,Senior,126072,"SQL, PyTorch, Python",Mid-size
603,Deep Learning Engineer,Australia,Senior,137022,"MLOps, SQL, TensorFlow",Mid-size
604,Deep Learning Engineer,Germany,Lead,182668,"NLP, SQL, Statistics",Startup
605,AI Engineer,UK,Mid,61130,"Python, Deep Learning, Computer Vision",Startup
606,Data Analyst,Germany,Senior,113253,"Python, Statistics, PyTorch",Startup
607,ML Engineer,UK,Lead,150617,"SQL, Computer Vision, Statistics",Mid-size
608,Research Scientist,USA,Senior,145681,"NLP, TensorFlow, SQL",Startup
609,Data Analyst,Canada,Entry,28924,"SQL, NLP, Computer Vision",Mid-size
610,Deep Learning Engineer,Canada,Lead,161949,"Deep Learning, MLOps, PyTorch",Startup
611,Data Analyst,India,Lead,71111,"NLP, Data Visualization, MLOps",Startup
612,NLP Engineer,UK,Mid,53040,"Deep Learning, TensorFlow, MLOps",Mid-size
613,NLP Engineer,USA,Lead,188416,"PyTorch, MLOps, Python",Mid-size
614,Data Analyst,Germany,Lead,156014,"TensorFlow, Data Visualization, Deep Learning",Enterprise
615,Research Scientist,Canada,Senior,143429,"Computer Vision, MLOps, Statistics",Startup
616,Research Scientist,India,Lead,76100,"SQL, Statistics, TensorFlow",Startup
617,AI Engineer,India,Mid,22968,"Statistics, Computer Vision, TensorFlow",Mid-size
618,Data Scientist,India,Senior,47392,"Data Visualization, Deep Learning, Statistics",Mid-size
619,NLP Engineer,UK,Senior,122496,"Data Visualization, Python, Deep Learning",Mid-size
620,Data Analyst,Germany,Entry,49670,"TensorFlow, Statistics, SQL",Startup
621,AI Engineer,India,Lead,66306,"Statistics, TensorFlow, PyTorch",Mid-size
622,Data Scientist,Canada,Lead,205502,"PyTorch, Data Visualization, Deep Learning",Startup
623,Computer Vision Engineer,Australia,Entry,35904,"Statistics, PyTorch, MLOps",Enterprise
624,Deep Learning Engineer,Germany,Lead,142472,"Data Visualization, Deep Learning, NLP",Enterprise
625,Research Scientist,Canada,Senior,103084,"MLOps, Data Visualization, Deep Learning",Mid-size
626,AI Engineer,Australia,Mid,57722,"SQL, MLOps, Deep Learning",Startup
627,NLP Engineer,India,Lead,72298,"MLOps, SQL, NLP",Enterprise
628,Computer Vision Engineer,Australia,Mid,64386,"SQL, MLOps, Statistics",Startup
629,ML Engineer,Germany,Entry,47350,"MLOps, SQL, Deep Learning",Startup
630,AI Engineer,Australia,Lead,203327,"MLOps, TensorFlow, Computer Vision",Enterprise
631,NLP Engineer,Australia,Entry,53014,"Computer Vision, PyTorch, TensorFlow",Enterprise
632,ML Engineer,Canada,Lead,210809,"Computer Vision, Python, Deep Learning",Startup
633,Research Scientist,Canada,Senior,102391,"MLOps, SQL, NLP",Enterprise
634,Data Scientist,USA,Entry,40453,"PyTorch, Computer Vision, SQL",Mid-size
635,NLP Engineer,India,Entry,8671,"Statistics, Computer Vision, MLOps",Enterprise
636,Data Analyst,Germany,Entry,24443,"Data Visualization, Computer Vision, Deep Learning",Enterprise
637,NLP Engineer,Australia,Mid,75627,"Computer Vision, Deep Learning, Data Visualization",Enterprise
638,Research Scientist,Canada,Entry,22162,"NLP, Statistics, Deep Learning",Mid-size
639,ML Engineer,Canada,Lead,213875,"SQL, TensorFlow, Statistics",Mid-size
640,NLP Engineer,Canada,Mid,67125,"Python, MLOps, Computer Vision",Mid-size
641,ML Engineer,Germany,Entry,39169,"Deep Learning, Statistics, SQL",Enterprise
642,ML Engineer,Australia,Lead,193143,"SQL, Data Visualization, NLP",Mid-size
643,Data Scientist,Canada,Entry,38605,"Computer Vision, Deep Learning, PyTorch",Startup
644,Data Scientist,Australia,Mid,74880,"PyTorch, Deep Learning, NLP",Mid-size
645,Data Scientist,Australia,Senior,126479,"MLOps, Statistics, PyTorch",Mid-size
646,ML Engineer,Australia,Senior,126300,"TensorFlow, PyTorch, SQL",Startup
647,ML Engineer,Germany,Senior,115169,"Data Visualization, Deep Learning, Statistics",Startup
648,Data Scientist,Canada,Entry,24008,"NLP, TensorFlow, Data Visualization",Mid-size
649,Deep Learning Engineer,USA,Senior,146100,"NLP, TensorFlow, Statistics",Enterprise
650,AI Engineer,Australia,Entry,30462,"Deep Learning, TensorFlow, PyTorch",Mid-size
651,Computer Vision Engineer,USA,Mid,68065,"Computer Vision, SQL, TensorFlow",Startup
652,Data Scientist,UK,Entry,27373,"TensorFlow, Computer Vision, PyTorch",Mid-size
653,NLP Engineer,Australia,Entry,28221,"NLP, Computer Vision, PyTorch",Enterprise
654,ML Engineer,Australia,Senior,133707,"TensorFlow, Statistics, Deep Learning",Enterprise
655,Data Analyst,Australia,Senior,115187,"Computer Vision, SQL, Python",Mid-size
656,NLP Engineer,USA,Mid,102357,"PyTorch, Computer Vision, SQL",Mid-size
657,Data Scientist,UK,Entry,25772,"TensorFlow, PyTorch, MLOps",Startup
658,Computer Vision Engineer,UK,Mid,81822,"Deep Learning, SQL, Python",Startup
659,Research Scientist,Germany,Mid,57967,"Computer Vision, Deep Learning, MLOps",Startup
660,Research Scientist,India,Lead,69445,"Python, TensorFlow, Data Visualization",Startup
661,Data Scientist,Australia,Lead,211058,"Data Visualization, SQL, NLP",Mid-size
662,AI Engineer,USA,Senior,132879,"TensorFlow, NLP, Statistics",Mid-size
663,Data Scientist,India,Entry,18914,"NLP, SQL, Computer Vision",Enterprise
664,Data Scientist,USA,Senior,155107,"SQL, Data Visualization, PyTorch",Enterprise
665,Research Scientist,Canada,Mid,95279,"MLOps, TensorFlow, PyTorch",Startup
666,AI Engineer,India,Mid,32063,"SQL, TensorFlow, Computer Vision",Enterprise
667,ML Engineer,Germany,Mid,79794,"Data Visualization, SQL, Statistics",Enterprise
668,NLP Engineer,UK,Senior,99074,"Data Visualization, Python, SQL",Mid-size
669,ML Engineer,UK,Entry,44975,"SQL, Data Visualization, Python",Mid-size
670,Computer Vision Engineer,Germany,Lead,183108,"MLOps, Python, PyTorch",Mid-size
671,Deep Learning Engineer,Australia,Lead,157621,"Deep Learning, SQL, Computer Vision",Enterprise
672,Computer Vision Engineer,Germany,Entry,29011,"Data Visualization, Python, TensorFlow",Enterprise
673,Deep Learning Engineer,Canada,Mid,71964,"NLP, MLOps, Data Visualization",Mid-size
674,NLP Engineer,Australia,Entry,48679,"NLP, PyTorch, MLOps",Mid-size
675,Data Analyst,UK,Lead,166715,"MLOps, SQL, PyTorch",Mid-size
676,Data Scientist,India,Senior,48469,"MLOps, Python, SQL",Mid-size
677,Data Scientist,Canada,Mid,66920,"Data Visualization, TensorFlow, SQL",Mid-size
678,NLP Engineer,Canada,Entry,48710,"NLP, Deep Learning, TensorFlow",Enterprise
679,Computer Vision Engineer,USA,Entry,37080,"NLP, Deep Learning, MLOps",Startup
680,AI Engineer,India,Senior,46190,"Data Visualization, Computer Vision, MLOps",Startup
681,NLP Engineer,Australia,Lead,206355,"NLP, Deep Learning, Data Visualization",Mid-size
682,Data Scientist,Australia,Lead,205783,"Computer Vision, PyTorch, Statistics",Startup
683,ML Engineer,UK,Mid,50671,"Statistics, PyTorch, MLOps",Mid-size
684,Data Analyst,Germany,Senior,100634,"NLP, Deep Learning, Computer Vision",Startup
685,Data Analyst,Canada,Entry,46662,"Python, Computer Vision, TensorFlow",Mid-size
686,AI Engineer,Australia,Mid,82633,"Python, Data Visualization, PyTorch",Enterprise
687,Data Scientist,India,Mid,28489,"Data Visualization, NLP, SQL",Startup
688,Data Analyst,India,Senior,48248,"Python, Statistics, Deep Learning",Enterprise
689,Data Scientist,Canada,Entry,51894,"Computer Vision, Statistics, Python",Startup
690,Deep Learning Engineer,Canada,Senior,141944,"PyTorch, Python, SQL",Startup
691,ML Engineer,Canada,Mid,61789,"Computer Vision, MLOps, SQL",Mid-size
692,Computer Vision Engineer,Canada,Mid,77309,"NLP, Data Visualization, Python",Startup
693,NLP Engineer,Australia,Entry,42529,"Computer Vision, Python, MLOps",Startup
694,Research Scientist,Australia,Entry,40874,"Data Visualization, NLP, PyTorch",Startup
695,Data Analyst,UK,Mid,58080,"Data Visualization, Statistics, PyTorch",Enterprise
696,NLP Engineer,Germany,Lead,170111,"Data Visualization, MLOps, PyTorch",Mid-size
697,Research Scientist,UK,Entry,27083,"Python, NLP, Data Visualization",Enterprise
698,AI Engineer,India,Entry,9976,"Deep Learning, TensorFlow, NLP",Enterprise
699,ML Engineer,Canada,Mid,81437,"Computer Vision, PyTorch, Deep Learning",Mid-size
700,NLP Engineer,Australia,Lead,185793,"Statistics, Data Visualization, Python",Startup
701,Data Scientist,USA,Lead,226026,"TensorFlow, Data Visualization, Python",Startup
702,AI Engineer,Australia,Entry,32852,"PyTorch, Data Visualization, Computer Vision",Startup
703,Computer Vision Engineer,Canada,Senior,128771,"Deep Learning, MLOps, Data Visualization",Enterprise
704,Deep Learning Engineer,UK,Senior,100759,"Python, SQL, MLOps",Mid-size
705,ML Engineer,Australia,Entry,37920,"PyTorch, Deep Learning, MLOps",Startup
706,Data Scientist,UK,Entry,31483,"SQL, PyTorch, TensorFlow",Mid-size
707,Computer Vision Engineer,UK,Mid,85144,"PyTorch, MLOps, Python",Startup
708,Research Scientist,Canada,Lead,182807,"SQL, Computer Vision, Deep Learning",Enterprise
709,Research Scientist,Australia,Lead,161601,"TensorFlow, Data Visualization, NLP",Mid-size
710,Data Scientist,Germany,Lead,165227,"Computer Vision, Data Visualization, Deep Learning",Mid-size
711,Research Scientist,Canada,Mid,79190,"MLOps, Deep Learning, TensorFlow",Mid-size
712,Computer Vision Engineer,Germany,Mid,89071,"NLP, Computer Vision, Statistics",Startup
713,ML Engineer,Germany,Mid,79921,"Python, Deep Learning, Statistics",Mid-size
714,Data Scientist,India,Entry,18758,"TensorFlow, PyTorch, Statistics",Mid-size
715,AI Engineer,Canada,Senior,141585,"MLOps, Python, PyTorch",Mid-size
716,Data Scientist,Germany,Mid,89896,"MLOps, PyTorch, TensorFlow",Enterprise
717,Data Analyst,Canada,Entry,35502,"NLP, PyTorch, TensorFlow",Mid-size
718,Research Scientist,Germany,Lead,158544,"MLOps, NLP, SQL",Mid-size
719,ML Engineer,USA,Mid,74709,"TensorFlow, Statistics, Python",Startup
720,ML Engineer,USA,Entry,50070,"Data Visualization, TensorFlow, PyTorch",Startup
721,NLP Engineer,Canada,Mid,93460,"SQL, Computer Vision, TensorFlow",Startup
722,Computer Vision Engineer,Germany,Entry,47284,"Data Visualization, MLOps, TensorFlow",Enterprise
723,Research Scientist,UK,Entry,43911,"Python, TensorFlow, Statistics",Enterprise
724,Deep Learning Engineer,Germany,Mid,78927,"MLOps, Computer Vision, PyTorch",Mid-size
725,Data Analyst,Australia,Senior,130288,"SQL, Data Visualization, Computer Vision",Enterprise
726,AI Engineer,Germany,Entry,39921,"Data Visualization, PyTorch, Deep Learning",Startup
727,Data Scientist,UK,Senior,138689,"Computer Vision, SQL, Deep Learning",Mid-size
728,Data Scientist,Canada,Entry,50668,"NLP, Deep Learning, Data Visualization",Mid-size
729,Deep Learning Engineer,Germany,Senior,117044,"SQL, PyTorch, Statistics",Enterprise
730,Research Scientist,USA,Mid,70447,"MLOps, NLP, SQL",Enterprise
731,AI Engineer,USA,Lead,175111,"Python, Computer Vision, Statistics",Enterprise
732,Research Scientist,Canada,Mid,65445,"SQL, Statistics, NLP",Mid-size
733,Data Scientist,Germany,Entry,42663,"NLP, PyTorch, TensorFlow",Startup
734,Data Analyst,USA,Lead,225877,"Statistics, Data Visualization, SQL",Mid-size
735,Data Scientist,Canada,Entry,45899,"Computer Vision, NLP, Deep Learning",Enterprise
736,Data Scientist,India,Senior,50694,"Computer Vision, PyTorch, NLP",Enterprise
737,ML Engineer,USA,Senior,138597,"Python, TensorFlow, NLP",Startup
738,NLP Engineer,Australia,Lead,206471,"NLP, PyTorch, Deep Learning",Enterprise
739,AI Engineer,UK,Senior,100805,"NLP, SQL, Python",Mid-size
740,Deep Learning Engineer,Canada,Senior,120860,"Computer Vision, Deep Learning, Data Visualization",Mid-size
741,ML Engineer,Germany,Senior,126751,"TensorFlow, Data Visualization, SQL",Mid-size
742,Deep Learning Engineer,USA,Entry,53143,"Computer Vision, SQL, Statistics",Enterprise
743,Research Scientist,Germany,Mid,67081,"Data Visualization, PyTorch, TensorFlow",Enterprise
744,Data Analyst,USA,Entry,30301,"NLP, Data Visualization, Deep Learning",Mid-size
745,NLP Engineer,Canada,Mid,81075,"Python, TensorFlow, MLOps",Startup
746,Deep Learning Engineer,Canada,Entry,28146,"SQL, PyTorch, TensorFlow",Startup
747,Computer Vision Engineer,Canada,Mid,70990,"Deep Learning, Computer Vision, PyTorch",Startup
748,Deep Learning Engineer,Australia,Senior,140584,"MLOps, Statistics, Python",Startup
749,Data Scientist,Germany,Senior,133590,"NLP, TensorFlow, Computer Vision",Startup
750,Data Scientist,India,Mid,31678,"Statistics, SQL, TensorFlow",Mid-size
751,Deep Learning Engineer,Germany,Entry,36100,"SQL, NLP, Python",Mid-size
752,Research Scientist,Germany,Mid,86727,"Python, PyTorch, MLOps",Mid-size
753,Data Scientist,Australia,Mid,72631,"TensorFlow, Deep Learning, Computer Vision",Startup
754,Deep Learning Engineer,Germany,Senior,133922,"MLOps, PyTorch, TensorFlow",Enterprise
755,Computer Vision Engineer,Canada,Lead,208796,"SQL, PyTorch, Computer Vision",Startup
756,Computer Vision Engineer,Germany,Mid,50541,"Computer Vision, Data Visualization, PyTorch",Startup
757,ML Engineer,Germany,Lead,169411,"PyTorch, Python, Data Visualization",Enterprise
758,Research Scientist,Germany,Mid,78854,"Data Visualization, TensorFlow, NLP",Mid-size
759,ML Engineer,UK,Mid,83937,"TensorFlow, Python, NLP",Startup
760,Research Scientist,UK,Mid,69194,"TensorFlow, NLP, Python",Startup
761,NLP Engineer,USA,Lead,193945,"Deep Learning, Statistics, PyTorch",Mid-size
762,Data Scientist,USA,Lead,208861,"SQL, Data Visualization, MLOps",Mid-size
763,Data Analyst,India,Mid,32178,"Data Visualization, SQL, Computer Vision",Startup
764,Research Scientist,India,Lead,76529,"NLP, Python, Statistics",Startup
765,AI Engineer,Australia,Senior,149222,"TensorFlow, Statistics, PyTorch",Enterprise
766,Research Scientist,USA,Lead,209838,"Computer Vision, NLP, Data Visualization",Startup
767,AI Engineer,UK,Entry,34082,"TensorFlow, Computer Vision, Python",Enterprise
768,Deep Learning Engineer,USA,Senior,129940,"PyTorch, Python, Data Visualization",Mid-size
769,AI Engineer,UK,Mid,67833,"SQL, MLOps, NLP",Startup
770,AI Engineer,USA,Mid,95102,"Python, TensorFlow, SQL",Startup
771,Data Scientist,UK,Entry,30195,"PyTorch, Python, TensorFlow",Enterprise
772,AI Engineer,USA,Mid,91441,"Deep Learning, PyTorch, Data Visualization",Enterprise
773,Computer Vision Engineer,Germany,Mid,55105,"PyTorch, Statistics, Deep Learning",Enterprise
774,Data Scientist,Canada,Senior,117775,"Data Visualization, Deep Learning, TensorFlow",Mid-size
775,ML Engineer,UK,Lead,147710,"MLOps, Python, NLP",Startup
776,Deep Learning Engineer,Australia,Senior,149163,"Python, MLOps, Data Visualization",Enterprise
777,Deep Learning Engineer,India,Entry,14104,"PyTorch, Deep Learning, Python",Mid-size
778,NLP Engineer,Australia,Senior,109378,"TensorFlow, Data Visualization, MLOps",Enterprise
779,Data Scientist,Australia,Entry,22178,"Statistics, Python, TensorFlow",Mid-size
780,Data Analyst,Australia,Lead,192260,"Statistics, Python, TensorFlow",Startup
781,ML Engineer,USA,Lead,227679,"Python, NLP, Computer Vision",Mid-size
782,NLP Engineer,India,Senior,38138,"Statistics, TensorFlow, Python",Startup
783,ML Engineer,Germany,Mid,68681,"MLOps, Python, Deep Learning",Startup
784,ML Engineer,Canada,Entry,37984,"TensorFlow, PyTorch, Deep Learning",Enterprise
785,Computer Vision Engineer,Canada,Entry,52488,"SQL, MLOps, NLP",Enterprise
786,Research Scientist,Germany,Entry,27927,"Computer Vision, PyTorch, SQL",Enterprise
787,NLP Engineer,Canada,Senior,101792,"MLOps, TensorFlow, NLP",Startup
788,ML Engineer,Canada,Senior,104975,"SQL, PyTorch, MLOps",Mid-size
789,NLP Engineer,India,Entry,15498,"Data Visualization, NLP, Python",Enterprise
790,Research Scientist,Canada,Mid,75154,"Data Visualization, Deep Learning, PyTorch",Startup
791,AI Engineer,USA,Mid,79651,"Computer Vision, Statistics, MLOps",Enterprise
792,NLP Engineer,UK,Senior,119300,"NLP, Python, MLOps",Enterprise
793,ML Engineer,Canada,Mid,80318,"Statistics, Deep Learning, NLP",Mid-size
794,Data Analyst,India,Lead,68926,"Data Visualization, MLOps, TensorFlow",Enterprise
795,Data Analyst,Germany,Entry,20572,"MLOps, NLP, Statistics",Startup
796,NLP Engineer,India,Mid,28403,"Data Visualization, MLOps, PyTorch",Enterprise
797,Computer Vision Engineer,India,Senior,55178,"Statistics, MLOps, Python",Startup
798,Computer Vision Engineer,India,Senior,41742,"Deep Learning, Data Visualization, Computer Vision",Startup
799,Deep Learning Engineer,UK,Senior,101407,"Data Visualization, Python, Statistics",Startup
800,AI Engineer,USA,Entry,39266,"SQL, PyTorch, Statistics",Enterprise
801,Data Analyst,Germany,Lead,194565,"TensorFlow, Statistics, PyTorch",Mid-size
802,ML Engineer,USA,Senior,110072,"SQL, Data Visualization, PyTorch",Mid-size
803,Research Scientist,UK,Entry,21854,"Statistics, Data Visualization, Deep Learning",Enterprise
804,Data Analyst,India,Entry,15483,"SQL, Statistics, TensorFlow",Mid-size
805,Data Analyst,Germany,Entry,33171,"PyTorch, Deep Learning, SQL",Enterprise
806,AI Engineer,Canada,Lead,173946,"Python, Computer Vision, PyTorch",Mid-size
807,Data Analyst,Australia,Mid,71432,"TensorFlow, Data Visualization, PyTorch",Enterprise
808,Data Scientist,Canada,Lead,174337,"NLP, MLOps, Data Visualization",Startup
809,AI Engineer,USA,Entry,48301,"Deep Learning, MLOps, SQL",Startup
810,Deep Learning Engineer,Canada,Lead,176389,"Deep Learning, Statistics, SQL",Mid-size
811,NLP Engineer,USA,Senior,136377,"TensorFlow, Data Visualization, Statistics",Startup
812,Data Analyst,USA,Senior,133503,"Deep Learning, MLOps, PyTorch",Mid-size
813,AI Engineer,Germany,Entry,46390,"TensorFlow, Python, Data Visualization",Mid-size
814,Computer Vision Engineer,UK,Mid,79450,"MLOps, Statistics, Python",Startup
815,Deep Learning Engineer,UK,Lead,150403,"SQL, Computer Vision, TensorFlow",Startup
816,Computer Vision Engineer,India,Senior,38684,"PyTorch, TensorFlow, NLP",Mid-size
817,NLP Engineer,India,Entry,16415,"Statistics, Deep Learning, TensorFlow",Enterprise
818,Deep Learning Engineer,India,Lead,63963,"Statistics, PyTorch, Data Visualization",Startup
819,Data Analyst,Australia,Lead,195482,"PyTorch, NLP, Statistics",Startup
820,NLP Engineer,USA,Mid,73339,"MLOps, TensorFlow, Deep Learning",Mid-size
821,ML Engineer,Germany,Entry,33937,"TensorFlow, MLOps, Python",Mid-size
822,Research Scientist,USA,Mid,83500,"Computer Vision, NLP, Python",Startup
823,Computer Vision Engineer,India,Senior,44029,"PyTorch, Deep Learning, Data Visualization",Enterprise
824,ML Engineer,USA,Senior,121446,"TensorFlow, PyTorch, MLOps",Startup
825,AI Engineer,Canada,Lead,170663,"Statistics, NLP, PyTorch",Enterprise
826,AI Engineer,USA,Senior,138180,"Computer Vision, SQL, Python",Startup
827,Deep Learning Engineer,Australia,Senior,136060,"TensorFlow, PyTorch, Computer Vision",Enterprise
828,Data Analyst,India,Lead,64038,"Data Visualization, Python, NLP",Enterprise
829,Research Scientist,Germany,Lead,195426,"Deep Learning, NLP, Computer Vision",Startup
830,Data Analyst,Australia,Senior,139295,"SQL, PyTorch, MLOps",Startup
831,NLP Engineer,Australia,Lead,190293,"MLOps, Statistics, Python",Startup
832,ML Engineer,UK,Senior,122220,"Python, SQL, MLOps",Mid-size
833,Research Scientist,Canada,Lead,188023,"PyTorch, TensorFlow, MLOps",Mid-size
834,NLP Engineer,USA,Lead,230570,"Statistics, NLP, Data Visualization",Startup
835,Research Scientist,UK,Senior,108888,"Python, PyTorch, NLP",Startup
836,Computer Vision Engineer,Germany,Mid,59346,"Computer Vision, TensorFlow, PyTorch",Mid-size
837,NLP Engineer,Germany,Lead,195451,"Python, NLP, Deep Learning",Enterprise
838,AI Engineer,USA,Entry,48258,"Data Visualization, SQL, TensorFlow",Startup
839,AI Engineer,UK,Lead,185096,"Computer Vision, TensorFlow, Data Visualization",Startup
840,Data Scientist,Australia,Mid,69553,"Computer Vision, SQL, PyTorch",Enterprise
841,AI Engineer,USA,Senior,130452,"SQL, Statistics, MLOps",Startup
842,Data Analyst,India,Mid,26408,"Python, PyTorch, NLP",Mid-size
843,Research Scientist,Canada,Mid,74863,"NLP, Python, Computer Vision",Startup
844,Data Scientist,India,Senior,47006,"Data Visualization, Computer Vision, TensorFlow",Startup
845,Research Scientist,UK,Lead,150487,"Deep Learning, SQL, TensorFlow",Startup
846,Computer Vision Engineer,India,Entry,8062,"PyTorch, Python, MLOps",Startup
847,Data Analyst,Canada,Senior,122591,"Statistics, NLP, Deep Learning",Enterprise
848,Data Scientist,India,Senior,39917,"Data Visualization, Deep Learning, Python",Enterprise
849,Research Scientist,USA,Lead,235812,"TensorFlow, Data Visualization, Deep Learning",Startup
850,Data Scientist,Germany,Entry,24628,"Python, Deep Learning, NLP",Enterprise
851,NLP Engineer,Canada,Senior,152659,"MLOps, PyTorch, Statistics",Enterprise
852,NLP Engineer,Australia,Lead,203387,"MLOps, TensorFlow, Data Visualization",Mid-size
853,Data Analyst,Australia,Senior,110493,"Computer Vision, Python, PyTorch",Startup
854,Research Scientist,USA,Senior,116901,"SQL, Computer Vision, MLOps",Startup
855,ML Engineer,Australia,Entry,24699,"Deep Learning, NLP, Data Visualization",Startup
856,NLP Engineer,Germany,Senior,92659,"SQL, Computer Vision, PyTorch",Startup
857,Deep Learning Engineer,UK,Senior,136738,"Statistics, SQL, TensorFlow",Startup
858,AI Engineer,India,Lead,59514,"TensorFlow, MLOps, SQL",Mid-size
859,AI Engineer,Germany,Lead,163383,"MLOps, Statistics, SQL",Startup
860,NLP Engineer,Australia,Entry,53835,"Data Visualization, PyTorch, Statistics",Enterprise
861,NLP Engineer,Germany,Lead,193330,"SQL, NLP, Computer Vision",Mid-size
862,NLP Engineer,India,Lead,72963,"PyTorch, Computer Vision, Data Visualization",Mid-size
863,NLP Engineer,UK,Senior,95075,"Data Visualization, Computer Vision, SQL",Mid-size
864,ML Engineer,India,Lead,75280,"Deep Learning, Python, TensorFlow",Startup
865,Data Analyst,Germany,Lead,169304,"Deep Learning, SQL, Python",Mid-size
866,ML Engineer,UK,Entry,37915,"Deep Learning, Data Visualization, MLOps",Startup
867,Deep Learning Engineer,Germany,Lead,191875,"Computer Vision, MLOps, Statistics",Enterprise
868,Research Scientist,USA,Entry,36844,"Computer Vision, PyTorch, SQL",Mid-size
869,Research Scientist,Canada,Entry,37361,"Statistics, NLP, Data Visualization",Mid-size
870,AI Engineer,Australia,Senior,105409,"NLP, SQL, Deep Learning",Startup
871,Data Scientist,Canada,Senior,116855,"SQL, PyTorch, NLP",Mid-size
872,Deep Learning Engineer,Germany,Lead,163567,"Computer Vision, PyTorch, Deep Learning",Startup
873,ML Engineer,Australia,Lead,210794,"Statistics, Computer Vision, Deep Learning",Enterprise
874,AI Engineer,India,Entry,11954,"SQL, Data Visualization, PyTorch",Enterprise
875,ML Engineer,Canada,Lead,209550,"TensorFlow, Computer Vision, Data Visualization",Enterprise
876,Research Scientist,UK,Senior,106288,"NLP, Statistics, Python",Mid-size
877,Data Analyst,Australia,Senior,120890,"Data Visualization, TensorFlow, Python",Startup
878,NLP Engineer,Canada,Mid,83197,"Data Visualization, PyTorch, Python",Startup
879,Data Scientist,Australia,Mid,81237,"MLOps, Statistics, SQL",Mid-size
880,Data Analyst,UK,Mid,76955,"Data Visualization, Python, NLP",Startup
881,Computer Vision Engineer,India,Mid,30659,"Data Visualization, TensorFlow, MLOps",Mid-size
882,Data Scientist,UK,Lead,182533,"SQL, NLP, Statistics",Mid-size
883,Deep Learning Engineer,Canada,Mid,68712,"SQL, Data Visualization, NLP",Mid-size
884,AI Engineer,Canada,Lead,178099,"PyTorch, Statistics, Computer Vision",Startup
885,Deep Learning Engineer,India,Mid,23508,"Data Visualization, Python, Statistics",Mid-size
886,NLP Engineer,UK,Senior,107569,"NLP, MLOps, SQL",Enterprise
887,Computer Vision Engineer,USA,Entry,37428,"SQL, NLP, Python",Mid-size
888,Data Scientist,UK,Mid,52261,"MLOps, Statistics, Python",Enterprise
889,Data Scientist,Australia,Mid,78384,"TensorFlow, Python, NLP",Startup
890,AI Engineer,Canada,Mid,76818,"TensorFlow, Statistics, NLP",Enterprise
891,ML Engineer,Canada,Lead,157080,"SQL, Data Visualization, PyTorch",Enterprise
892,Data Scientist,USA,Entry,59445,"MLOps, SQL, Computer Vision",Startup
893,Computer Vision Engineer,Australia,Entry,41622,"Python, Data Visualization, NLP",Enterprise
894,Data Analyst,Germany,Lead,177418,"MLOps, Python, TensorFlow",Enterprise
895,ML Engineer,Australia,Mid,96530,"Computer Vision, Deep Learning, PyTorch",Mid-size
896,Deep Learning Engineer,UK,Lead,152605,"Data Visualization, SQL, Computer Vision",Enterprise
897,NLP Engineer,UK,Mid,77005,"Statistics, Python, NLP",Enterprise
898,Data Analyst,Canada,Entry,28009,"MLOps, TensorFlow, Computer Vision",Mid-size
899,Data Scientist,Canada,Mid,94197,"Deep Learning, SQL, Computer Vision",Enterprise
900,Data Analyst,UK,Senior,112054,"Statistics, MLOps, Python",Mid-size
901,Computer Vision Engineer,Germany,Entry,42207,"TensorFlow, Computer Vision, MLOps",Startup
902,Data Scientist,India,Mid,27096,"SQL, MLOps, Python",Mid-size
903,ML Engineer,Australia,Entry,34754,"Computer Vision, NLP, PyTorch",Enterprise
904,Deep Learning Engineer,Australia,Entry,29246,"SQL, NLP, Deep Learning",Enterprise
905,ML Engineer,Germany,Lead,177383,"Deep Learning, MLOps, Python",Enterprise
906,Computer Vision Engineer,Australia,Mid,69460,"Statistics, MLOps, Data Visualization",Enterprise
907,Data Analyst,Australia,Mid,55798,"Deep Learning, Computer Vision, NLP",Enterprise
908,Computer Vision Engineer,Germany,Lead,144033,"PyTorch, Deep Learning, Data Visualization",Mid-size
909,Deep Learning Engineer,Australia,Mid,74110,"PyTorch, MLOps, NLP",Enterprise
910,Deep Learning Engineer,Australia,Entry,40674,"TensorFlow, Deep Learning, SQL",Mid-size
911,Data Analyst,Australia,Lead,194233,"Computer Vision, NLP, PyTorch",Enterprise
912,AI Engineer,USA,Mid,89167,"NLP, Deep Learning, SQL",Startup
913,Deep Learning Engineer,USA,Mid,67066,"SQL, Data Visualization, Statistics",Mid-size
914,AI Engineer,India,Lead,79736,"Data Visualization, Deep Learning, Computer Vision",Mid-size
915,Deep Learning Engineer,UK,Lead,144658,"Data Visualization, NLP, Python",Enterprise
916,ML Engineer,Germany,Mid,67154,"NLP, Statistics, Deep Learning",Enterprise
917,AI Engineer,UK,Senior,124396,"MLOps, Python, TensorFlow",Enterprise
918,NLP Engineer,India,Entry,8154,"MLOps, SQL, Data Visualization",Mid-size
919,Research Scientist,Germany,Senior,118669,"Deep Learning, Data Visualization, SQL",Startup
920,NLP Engineer,Australia,Mid,57510,"Statistics, Data Visualization, Computer Vision",Startup
921,AI Engineer,Australia,Senior,133875,"Computer Vision, Statistics, PyTorch",Mid-size
922,Computer Vision Engineer,UK,Entry,29428,"PyTorch, Computer Vision, Statistics",Mid-size
923,NLP Engineer,Australia,Entry,44772,"SQL, NLP, Data Visualization",Startup
924,Data Analyst,Canada,Entry,28186,"Statistics, Python, NLP",Startup
925,Deep Learning Engineer,Canada,Mid,74265,"Statistics, Python, Deep Learning",Startup
926,Data Scientist,India,Senior,50715,"Data Visualization, TensorFlow, Statistics",Startup
927,Computer Vision Engineer,Germany,Senior,118011,"NLP, MLOps, SQL",Enterprise
928,Deep Learning Engineer,Canada,Entry,24005,"SQL, NLP, Deep Learning",Startup
929,NLP Engineer,USA,Mid,107709,"SQL, Computer Vision, MLOps",Mid-size
930,Computer Vision Engineer,Germany,Lead,150233,"TensorFlow, Python, MLOps",Startup
931,AI Engineer,USA,Lead,192460,"Statistics, Python, Deep Learning",Startup
932,NLP Engineer,UK,Entry,30135,"PyTorch, NLP, Data Visualization",Enterprise
933,AI Engineer,UK,Senior,93267,"Deep Learning, PyTorch, SQL",Enterprise
934,Data Analyst,India,Senior,47136,"PyTorch, MLOps, Computer Vision",Startup
935,ML Engineer,Canada,Lead,211667,"TensorFlow, NLP, Data Visualization",Mid-size
936,AI Engineer,India,Mid,26918,"MLOps, Computer Vision, SQL",Mid-size
937,Data Scientist,Australia,Lead,206247,"Data Visualization, Python, Statistics",Mid-size
938,Computer Vision Engineer,UK,Lead,162852,"TensorFlow, Deep Learning, NLP",Startup
939,Deep Learning Engineer,Australia,Lead,212136,"Statistics, TensorFlow, MLOps",Startup
940,Research Scientist,Canada,Mid,87454,"PyTorch, Python, Computer Vision",Startup
941,NLP Engineer,Canada,Senior,145658,"PyTorch, Deep Learning, TensorFlow",Enterprise
942,AI Engineer,Germany,Mid,69799,"SQL, Python, Computer Vision",Enterprise
943,AI Engineer,India,Senior,45729,"Computer Vision, Statistics, Python",Startup
944,Data Scientist,India,Mid,23038,"Data Visualization, Statistics, Python",Mid-size
945,ML Engineer,Canada,Mid,83416,"TensorFlow, Data Visualization, MLOps",Startup
946,Deep Learning Engineer,UK,Lead,158556,"NLP, SQL, Computer Vision",Enterprise
947,AI Engineer,UK,Lead,148036,"Statistics, Deep Learning, NLP",Mid-size
948,Computer Vision Engineer,India,Entry,19093,"MLOps, SQL, TensorFlow",Enterprise
949,Research Scientist,UK,Lead,165372,"NLP, Statistics, Data Visualization",Mid-size
950,NLP Engineer,Canada,Senior,115470,"NLP, TensorFlow, Python",Startup
951,Research Scientist,India,Senior,51967,"Statistics, Data Visualization, TensorFlow",Mid-size
952,Computer Vision Engineer,UK,Mid,77716,"NLP, PyTorch, MLOps",Startup
953,NLP Engineer,Germany,Lead,148556,"TensorFlow, Data Visualization, MLOps",Startup
954,Data Scientist,Australia,Lead,209107,"TensorFlow, Deep Learning, NLP",Startup
955,Data Scientist,Canada,Lead,154374,"Data Visualization, Deep Learning, SQL",Enterprise
956,Data Scientist,Germany,Mid,66766,"SQL, PyTorch, Data Visualization",Enterprise
957,AI Engineer,India,Mid,20143,"Deep Learning, TensorFlow, MLOps",Enterprise
958,Research Scientist,Germany,Lead,155996,"NLP, SQL, Deep Learning",Mid-size
959,Computer Vision Engineer,USA,Entry,51612,"Python, TensorFlow, Statistics",Startup
960,Data Scientist,Australia,Entry,29317,"SQL, Statistics, NLP",Mid-size
961,Data Analyst,USA,Entry,26581,"Data Visualization, MLOps, PyTorch",Mid-size
962,AI Engineer,Canada,Mid,76139,"PyTorch, Python, Deep Learning",Startup
963,Research Scientist,UK,Senior,91307,"TensorFlow, SQL, Statistics",Mid-size
964,AI Engineer,Australia,Entry,49755,"Data Visualization, MLOps, Computer Vision",Startup
965,Deep Learning Engineer,Germany,Mid,60238,"Python, SQL, MLOps",Mid-size
966,Data Analyst,Germany,Mid,74842,"MLOps, Data Visualization, SQL",Enterprise
967,AI Engineer,UK,Senior,100485,"PyTorch, TensorFlow, Data Visualization",Enterprise
968,Research Scientist,USA,Lead,177220,"Python, NLP, Computer Vision",Enterprise
969,NLP Engineer,UK,Entry,45552,"Statistics, SQL, NLP",Mid-size
970,NLP Engineer,USA,Entry,24668,"SQL, MLOps, PyTorch",Enterprise
971,Data Scientist,Canada,Lead,215726,"MLOps, Data Visualization, TensorFlow",Mid-size
972,AI Engineer,Australia,Senior,106882,"Computer Vision, Deep Learning, NLP",Startup
973,Deep Learning Engineer,UK,Mid,88115,"SQL, MLOps, PyTorch",Enterprise
974,Deep Learning Engineer,Germany,Mid,63527,"MLOps, TensorFlow, PyTorch",Mid-size
975,Data Analyst,Germany,Entry,38330,"NLP, Statistics, Data Visualization",Startup
976,Data Scientist,UK,Lead,195220,"Data Visualization, PyTorch, Deep Learning",Startup
977,Computer Vision Engineer,India,Lead,64433,"SQL, Statistics, MLOps",Mid-size
978,Research Scientist,India,Entry,15341,"NLP, MLOps, SQL",Enterprise
979,ML Engineer,India,Mid,33252,"Python, MLOps, Statistics",Startup
980,AI Engineer,Australia,Mid,93094,"Deep Learning, Computer Vision, PyTorch",Mid-size
981,AI Engineer,Australia,Entry,30817,"NLP, MLOps, Computer Vision",Mid-size
982,Deep Learning Engineer,Australia,Lead,207826,"SQL, MLOps, Computer Vision",Startup
983,Research Scientist,UK,Entry,41826,"PyTorch, MLOps, Computer Vision",Enterprise
984,NLP Engineer,UK,Entry,44045,"Computer Vision, TensorFlow, MLOps",Startup
985,NLP Engineer,UK,Lead,145845,"NLP, Computer Vision, Statistics",Mid-size
986,Computer Vision Engineer,USA,Entry,49394,"TensorFlow, Python, Statistics",Enterprise
987,Research Scientist,Australia,Entry,51637,"TensorFlow, Python, SQL",Startup
988,ML Engineer,Germany,Lead,192887,"Computer Vision, Python, Deep Learning",Startup
989,Research Scientist,India,Mid,28214,"Computer Vision, Data Visualization, Deep Learning",Startup
990,ML Engineer,USA,Entry,52705,"Computer Vision, TensorFlow, SQL",Enterprise
991,Research Scientist,Germany,Entry,48135,"Deep Learning, Statistics, Data Visualization",Startup
992,Deep Learning Engineer,Germany,Lead,149764,"TensorFlow, SQL, Computer Vision",Startup
993,Computer Vision Engineer,Australia,Senior,145999,"NLP, SQL, MLOps",Startup
994,ML Engineer,Australia,Senior,144276,"NLP, Deep Learning, Statistics",Mid-size
995,Data Analyst,Germany,Entry,28448,"TensorFlow, Data Visualization, Deep Learning",Startup
996,NLP Engineer,USA,Mid,93818,"Statistics, NLP, Computer Vision",Enterprise
997,NLP Engineer,Australia,Lead,155519,"Computer Vision, SQL, Deep Learning",Startup
998,Data Analyst,USA,Entry,25317,"Python, NLP, Deep Learning",Mid-size
999,ML Engineer,UK,Senior,111793,"Statistics, MLOps, NLP",Mid-size
1000,Data Scientist,UK,Mid,68514,"Deep Learning, Statistics, Computer Vision",Enterprise
1001,AI Engineer,Australia,Entry,46234,"Statistics, Data Visualization, SQL",Mid-size
1002,Research Scientist,USA,Lead,236038,"MLOps, Computer Vision, SQL",Enterprise
1003,NLP Engineer,Germany,Lead,179233,"MLOps, SQL, Python",Mid-size
1004,Research Scientist,Germany,Lead,175323,"Deep Learning, PyTorch, NLP",Mid-size
1005,Research Scientist,UK,Lead,198317,"SQL, Statistics, PyTorch",Startup
1006,Research Scientist,UK,Entry,24727,"MLOps, Python, Deep Learning",Mid-size
1007,Deep Learning Engineer,Germany,Senior,92368,"NLP, Data Visualization, TensorFlow",Enterprise
1008,Data Scientist,UK,Senior,125596,"PyTorch, Data Visualization, Deep Learning",Enterprise
1009,Data Analyst,Australia,Senior,151611,"MLOps, TensorFlow, NLP",Mid-size
1010,Computer Vision Engineer,Canada,Senior,106909,"Statistics, SQL, Deep Learning",Enterprise
1011,Deep Learning Engineer,India,Senior,45614,"Python, MLOps, Statistics",Startup
1012,Research Scientist,Canada,Lead,167359,"Statistics, NLP, PyTorch",Mid-size
1013,NLP Engineer,Australia,Lead,171860,"MLOps, Deep Learning, SQL",Startup
1014,NLP Engineer,USA,Entry,35043,"SQL, NLP, Deep Learning",Enterprise
1015,ML Engineer,USA,Lead,235653,"Data Visualization, Statistics, Computer Vision",Enterprise
1016,AI Engineer,USA,Lead,201933,"Data Visualization, SQL, Computer Vision",Startup
1017,NLP Engineer,Canada,Lead,195484,"NLP, Deep Learning, Statistics",Enterprise
1018,Research Scientist,India,Mid,22806,"Statistics, Deep Learning, TensorFlow",Startup
1019,ML Engineer,USA,Entry,52970,"MLOps, PyTorch, Deep Learning",Enterprise
1020,NLP Engineer,Australia,Mid,84608,"Computer Vision, TensorFlow, PyTorch",Startup
1021,Data Scientist,Germany,Entry,49783,"PyTorch, TensorFlow, NLP",Enterprise
1022,NLP Engineer,Canada,Senior,104803,"Computer Vision, Deep Learning, PyTorch",Mid-size
1023,Data Scientist,Canada,Lead,160311,"TensorFlow, NLP, SQL",Enterprise
1024,NLP Engineer,Germany,Senior,127291,"SQL, Python, MLOps",Enterprise
1025,Research Scientist,India,Mid,30157,"SQL, Data Visualization, NLP",Startup
1026,Data Scientist,Australia,Mid,90685,"Data Visualization, TensorFlow, Computer Vision",Enterprise
1027,Data Scientist,Australia,Lead,179825,"Deep Learning, Python, Statistics",Startup
1028,Deep Learning Engineer,Germany,Entry,49577,"PyTorch, MLOps, SQL",Mid-size
1029,Computer Vision Engineer,Germany,Lead,169796,"SQL, Statistics, Deep Learning",Startup
1030,ML Engineer,Germany,Lead,195056,"MLOps, Deep Learning, SQL",Startup
1031,ML Engineer,Germany,Lead,152820,"SQL, Computer Vision, MLOps",Startup
1032,Data Analyst,Germany,Entry,36211,"TensorFlow, PyTorch, Data Visualization",Startup
1033,AI Engineer,Canada,Senior,123205,"SQL, Data Visualization, MLOps",Mid-size
1034,Research Scientist,Germany,Senior,115599,"Data Visualization, NLP, Deep Learning",Mid-size
1035,Data Analyst,USA,Mid,61822,"MLOps, Python, Deep Learning",Enterprise
1036,Data Scientist,Canada,Entry,28702,"Statistics, PyTorch, Deep Learning",Startup
1037,Data Scientist,UK,Mid,63324,"Deep Learning, Data Visualization, NLP",Mid-size
1038,AI Engineer,Germany,Mid,76654,"SQL, Data Visualization, Statistics",Mid-size
1039,Data Scientist,Germany,Mid,70808,"Statistics, Python, Computer Vision",Mid-size
1040,NLP Engineer,Germany,Entry,49623,"Python, Statistics, Deep Learning",Mid-size
1041,Computer Vision Engineer,USA,Lead,189762,"Python, TensorFlow, Deep Learning",Mid-size
1042,Data Scientist,Germany,Lead,163554,"Computer Vision, MLOps, TensorFlow",Mid-size
1043,Computer Vision Engineer,UK,Lead,187591,"NLP, MLOps, Computer Vision",Mid-size
1044,ML Engineer,India,Lead,69200,"SQL, Python, PyTorch",Startup
1045,Deep Learning Engineer,USA,Lead,173055,"NLP, Computer Vision, MLOps",Enterprise
1046,NLP Engineer,India,Mid,33776,"Deep Learning, PyTorch, MLOps",Mid-size
1047,Data Scientist,USA,Senior,132158,"MLOps, NLP, Statistics",Mid-size
1048,ML Engineer,USA,Lead,177619,"TensorFlow, NLP, Computer Vision",Startup
1049,AI Engineer,India,Lead,62823,"PyTorch, Statistics, TensorFlow",Mid-size
1050,NLP Engineer,India,Senior,49932,"NLP, Python, SQL",Mid-size
1051,Data Analyst,USA,Senior,123393,"Python, MLOps, SQL",Startup
1052,Computer Vision Engineer,UK,Mid,51401,"Statistics, TensorFlow, NLP",Enterprise
1053,Research Scientist,UK,Mid,70307,"Data Visualization, NLP, Computer Vision",Mid-size
1054,Research Scientist,Australia,Entry,34125,"Data Visualization, Deep Learning, NLP",Startup
1055,NLP Engineer,USA,Mid,63294,"Python, Deep Learning, SQL",Enterprise
1056,Deep Learning Engineer,UK,Lead,191944,"Deep Learning, Python, TensorFlow",Mid-size
1057,Data Analyst,Australia,Entry,50900,"Computer Vision, Data Visualization, Python",Mid-size
1058,Research Scientist,India,Lead,67734,"Deep Learning, Python, MLOps",Enterprise
1059,Data Analyst,India,Mid,21610,"NLP, SQL, PyTorch",Enterprise
1060,Research Scientist,USA,Lead,234801,"Deep Learning, Computer Vision, NLP",Enterprise
1061,NLP Engineer,UK,Senior,94426,"MLOps, Deep Learning, Computer Vision",Startup
1062,NLP Engineer,Australia,Lead,184966,"NLP, Data Visualization, TensorFlow",Startup
1063,Data Scientist,Australia,Entry,37143,"NLP, SQL, Data Visualization",Enterprise
1064,AI Engineer,Canada,Mid,82247,"Statistics, Data Visualization, TensorFlow",Enterprise
1065,ML Engineer,Canada,Senior,122901,"Statistics, Computer Vision, Deep Learning",Enterprise
1066,NLP Engineer,USA,Entry,47592,"Python, NLP, Deep Learning",Enterprise
1067,Data Analyst,Australia,Senior,126464,"SQL, Data Visualization, Deep Learning",Startup
1068,Deep Learning Engineer,Canada,Lead,164088,"Python, SQL, NLP",Startup
1069,Data Scientist,Australia,Senior,145763,"MLOps, SQL, TensorFlow",Mid-size
1070,Computer Vision Engineer,USA,Senior,160042,"NLP, Deep Learning, Statistics",Mid-size
1071,AI Engineer,Australia,Senior,125237,"TensorFlow, PyTorch, NLP",Mid-size
1072,Computer Vision Engineer,Canada,Senior,106706,"SQL, Python, Deep Learning",Mid-size
1073,Data Scientist,USA,Senior,148608,"PyTorch, Computer Vision, Statistics",Mid-size
1074,Research Scientist,USA,Mid,99579,"Computer Vision, Python, SQL",Startup
1075,Deep Learning Engineer,Canada,Senior,126207,"Computer Vision, SQL, Python",Mid-size
1076,Data Scientist,UK,Entry,41165,"PyTorch, Computer Vision, MLOps",Enterprise
1077,Data Analyst,Canada,Senior,151210,"TensorFlow, Statistics, MLOps",Enterprise
1078,Data Analyst,USA,Mid,101356,"Data Visualization, NLP, Statistics",Enterprise
1079,ML Engineer,UK,Lead,161625,"MLOps, NLP, Statistics",Startup
1080,Data Scientist,USA,Lead,190834,"Computer Vision, Deep Learning, Statistics",Startup
1081,Data Analyst,India,Mid,35648,"MLOps, Statistics, Python",Enterprise
1082,Computer Vision Engineer,Australia,Entry,24125,"Statistics, Deep Learning, MLOps",Startup
1083,Data Scientist,Germany,Entry,25637,"Data Visualization, Statistics, NLP",Mid-size
1084,Data Analyst,UK,Lead,167808,"MLOps, NLP, Statistics",Enterprise
1085,Computer Vision Engineer,India,Entry,17708,"Computer Vision, Data Visualization, Python",Enterprise
1086,Deep Learning Engineer,Australia,Lead,200821,"PyTorch, Python, MLOps",Mid-size
1087,AI Engineer,Australia,Entry,53160,"Statistics, Deep Learning, Python",Mid-size
1088,AI Engineer,India,Entry,15650,"Computer Vision, PyTorch, SQL",Startup
1089,NLP Engineer,UK,Entry,30685,"Data Visualization, PyTorch, Deep Learning",Startup
1090,Deep Learning Engineer,Germany,Senior,128870,"TensorFlow, PyTorch, Data Visualization",Mid-size
1091,Computer Vision Engineer,Canada,Entry,49989,"Python, PyTorch, Statistics",Enterprise
1092,Research Scientist,Australia,Lead,191470,"NLP, Statistics, Deep Learning",Mid-size
1093,ML Engineer,USA,Entry,59148,"Data Visualization, Statistics, PyTorch",Enterprise
1094,Data Scientist,USA,Entry,51572,"MLOps, Deep Learning, SQL",Mid-size
1095,Computer Vision Engineer,USA,Mid,69838,"SQL, NLP, Deep Learning",Enterprise
1096,Computer Vision Engineer,Germany,Mid,73360,"TensorFlow, Deep Learning, SQL",Enterprise
1097,Research Scientist,UK,Mid,86435,"MLOps, TensorFlow, SQL",Startup
1098,AI Engineer,USA,Lead,190622,"Computer Vision, Data Visualization, Python",Startup
1099,ML Engineer,Canada,Entry,46861,"NLP, Python, TensorFlow",Mid-size
1100,Research Scientist,USA,Entry,42618,"Data Visualization, PyTorch, MLOps",Enterprise
1101,NLP Engineer,Germany,Senior,94967,"Deep Learning, Data Visualization, Computer Vision",Mid-size
1102,Data Scientist,USA,Lead,200895,"MLOps, Data Visualization, SQL",Startup
1103,Research Scientist,Germany,Mid,65514,"Computer Vision, SQL, PyTorch",Enterprise
1104,Computer Vision Engineer,Australia,Lead,155315,"Deep Learning, Python, Data Visualization",Startup
1105,Deep Learning Engineer,USA,Lead,238566,"Computer Vision, Python, Deep Learning",Mid-size
1106,Computer Vision Engineer,Australia,Entry,30719,"PyTorch, TensorFlow, Data Visualization",Startup
1107,Data Scientist,Australia,Entry,24393,"PyTorch, Data Visualization, TensorFlow",Startup
1108,Data Scientist,Australia,Mid,77228,"Statistics, Python, Deep Learning",Enterprise
1109,Deep Learning Engineer,Germany,Lead,180546,"Deep Learning, PyTorch, SQL",Enterprise
1110,AI Engineer,Australia,Mid,77063,"Python, SQL, Deep Learning",Enterprise
1111,Research Scientist,Canada,Senior,110214,"SQL, Statistics, Data Visualization",Enterprise
1112,NLP Engineer,Canada,Entry,43500,"Statistics, Computer Vision, TensorFlow",Startup
1113,Deep Learning Engineer,Germany,Lead,169961,"PyTorch, TensorFlow, MLOps",Enterprise
1114,Data Analyst,UK,Entry,32602,"PyTorch, SQL, NLP",Startup
1115,AI Engineer,Australia,Lead,201697,"NLP, Computer Vision, SQL",Mid-size
1116,NLP Engineer,India,Entry,8708,"Computer Vision, Python, SQL",Startup
1117,Computer Vision Engineer,Canada,Mid,58158,"NLP, PyTorch, SQL",Mid-size
1118,AI Engineer,Germany,Entry,42626,"TensorFlow, Python, NLP",Enterprise
1119,Computer Vision Engineer,Canada,Senior,125239,"Python, PyTorch, Computer Vision",Startup
1120,ML Engineer,Australia,Senior,104012,"Data Visualization, PyTorch, Statistics",Startup
1121,Research Scientist,USA,Senior,117930,"TensorFlow, MLOps, PyTorch",Mid-size
1122,Data Scientist,Canada,Lead,197410,"PyTorch, Python, Data Visualization",Startup
1123,Data Analyst,USA,Mid,93352,"NLP, TensorFlow, Python",Startup
1124,Data Analyst,USA,Senior,133144,"SQL, Computer Vision, TensorFlow",Startup
1125,NLP Engineer,Canada,Senior,150673,"SQL, Deep Learning, PyTorch",Enterprise
1126,Deep Learning Engineer,UK,Mid,64270,"TensorFlow, Python, Deep Learning",Mid-size
1127,Data Analyst,Germany,Entry,49665,"Computer Vision, SQL, MLOps",Startup
1128,Deep Learning Engineer,India,Entry,15783,"Deep Learning, MLOps, Data Visualization",Mid-size
1129,Data Analyst,India,Entry,9300,"Python, Deep Learning, TensorFlow",Mid-size
1130,Data Scientist,Australia,Senior,140498,"Deep Learning, Python, MLOps",Mid-size
1131,Deep Learning Engineer,Australia,Entry,26703,"Computer Vision, Python, Data Visualization",Enterprise
1132,Deep Learning Engineer,USA,Lead,213855,"SQL, Statistics, Deep Learning",Mid-size
1133,Research Scientist,Australia,Entry,23518,"Data Visualization, Deep Learning, PyTorch",Enterprise
1134,Data Scientist,India,Mid,35360,"Python, Statistics, Data Visualization",Mid-size
1135,Computer Vision Engineer,UK,Mid,60179,"Python, MLOps, SQL",Enterprise
1136,Data Scientist,Germany,Entry,39493,"NLP, Computer Vision, PyTorch",Enterprise
1137,Research Scientist,India,Mid,27849,"TensorFlow, MLOps, PyTorch",Mid-size
1138,Research Scientist,India,Lead,65225,"MLOps, PyTorch, Python",Mid-size
1139,Deep Learning Engineer,India,Senior,42635,"Statistics, TensorFlow, Python",Mid-size
1140,AI Engineer,Australia,Senior,106935,"Python, PyTorch, NLP",Enterprise
1141,ML Engineer,Canada,Senior,104655,"Python, NLP, PyTorch",Startup
1142,Research Scientist,Australia,Entry,49373,"Deep Learning, NLP, Data Visualization",Mid-size
1143,Deep Learning Engineer,Germany,Lead,187135,"TensorFlow, NLP, MLOps",Mid-size
1144,Deep Learning Engineer,Germany,Senior,121486,"NLP, Computer Vision, PyTorch",Mid-size
1145,Data Scientist,India,Lead,60918,"Python, Deep Learning, Statistics",Mid-size
1146,Computer Vision Engineer,India,Entry,12386,"Computer Vision, TensorFlow, SQL",Enterprise
1147,Data Scientist,UK,Mid,72963,"Statistics, PyTorch, SQL",Enterprise
1148,Computer Vision Engineer,UK,Entry,42138,"Computer Vision, NLP, Statistics",Mid-size
1149,Deep Learning Engineer,Germany,Lead,142610,"NLP, SQL, TensorFlow",Enterprise
1150,AI Engineer,Australia,Mid,92259,"Deep Learning, Data Visualization, NLP",Startup
1151,AI Engineer,UK,Entry,49783,"Computer Vision, Statistics, Python",Mid-size
1152,Research Scientist,USA,Mid,62296,"Python, Computer Vision, NLP",Enterprise
1153,Data Analyst,Australia,Lead,190227,"Statistics, TensorFlow, SQL",Startup
1154,Data Scientist,Australia,Senior,120860,"PyTorch, Python, SQL",Enterprise
1155,Data Scientist,India,Entry,8272,"PyTorch, SQL, Statistics",Enterprise
1156,NLP Engineer,USA,Entry,59103,"MLOps, SQL, PyTorch",Startup
1157,Data Scientist,India,Senior,50470,"Data Visualization, MLOps, Python",Mid-size
1158,Deep Learning Engineer,Australia,Entry,31627,"SQL, Deep Learning, PyTorch",Mid-size
1159,NLP Engineer,Australia,Senior,139760,"PyTorch, Python, MLOps",Mid-size
1160,Computer Vision Engineer,Germany,Mid,89874,"Statistics, MLOps, SQL",Startup
1161,Data Analyst,India,Senior,39047,"TensorFlow, Python, Statistics",Enterprise
1162,NLP Engineer,USA,Lead,209610,"Deep Learning, Statistics, SQL",Mid-size
1163,NLP Engineer,Germany,Senior,94173,"Computer Vision, Deep Learning, TensorFlow",Enterprise
1164,AI Engineer,Australia,Senior,140320,"Data Visualization, Python, TensorFlow",Enterprise
1165,Research Scientist,Germany,Entry,34211,"Deep Learning, Python, TensorFlow",Mid-size
1166,Data Analyst,Germany,Entry,40306,"Data Visualization, Statistics, TensorFlow",Mid-size
1167,Research Scientist,Australia,Mid,66635,"PyTorch, MLOps, TensorFlow",Startup
1168,Computer Vision Engineer,Canada,Lead,204138,"SQL, Computer Vision, PyTorch",Enterprise
1169,NLP Engineer,USA,Senior,157071,"Deep Learning, Python, Computer Vision",Mid-size
1170,Computer Vision Engineer,USA,Lead,206757,"SQL, Computer Vision, Statistics",Enterprise
1171,Deep Learning Engineer,India,Senior,42734,"TensorFlow, Statistics, MLOps",Startup
1172,Deep Learning Engineer,USA,Lead,188719,"MLOps, Python, Computer Vision",Startup
1173,Data Scientist,UK,Senior,133526,"Computer Vision, Statistics, Data Visualization",Enterprise
1174,ML Engineer,Australia,Lead,166379,"Deep Learning, Data Visualization, Statistics",Mid-size
1175,Deep Learning Engineer,Australia,Lead,213121,"SQL, TensorFlow, MLOps",Enterprise
1176,Deep Learning Engineer,India,Senior,38916,"Python, TensorFlow, Computer Vision",Mid-size
1177,AI Engineer,Germany,Lead,188692,"Statistics, Deep Learning, NLP",Startup
1178,Research Scientist,USA,Lead,187827,"Python, Statistics, TensorFlow",Startup
1179,Data Analyst,USA,Lead,214573,"PyTorch, NLP, Statistics",Mid-size
1180,Computer Vision Engineer,India,Senior,51611,"TensorFlow, SQL, PyTorch",Enterprise
1181,AI Engineer,USA,Mid,96015,"Statistics, MLOps, NLP",Enterprise
1182,Computer Vision Engineer,India,Entry,15977,"TensorFlow, Computer Vision, Python",Startup
1183,Data Analyst,India,Senior,40901,"Python, Data Visualization, TensorFlow",Mid-size
1184,Deep Learning Engineer,Canada,Mid,82529,"TensorFlow, Data Visualization, NLP",Enterprise
1185,Computer Vision Engineer,UK,Lead,185270,"Computer Vision, SQL, NLP",Mid-size
1186,NLP Engineer,UK,Mid,72742,"MLOps, TensorFlow, SQL",Enterprise
1187,Research Scientist,UK,Entry,44028,"PyTorch, SQL, TensorFlow",Startup
1188,Data Analyst,UK,Senior,119240,"Data Visualization, MLOps, Computer Vision",Startup
1189,Computer Vision Engineer,Canada,Mid,97411,"NLP, TensorFlow, PyTorch",Startup
1190,NLP Engineer,Canada,Senior,143555,"Computer Vision, Data Visualization, PyTorch",Mid-size
1191,AI Engineer,UK,Lead,184505,"PyTorch, MLOps, Data Visualization",Startup
1192,ML Engineer,UK,Mid,64256,"Python, MLOps, Data Visualization",Mid-size
1193,NLP Engineer,Germany,Mid,72625,"TensorFlow, NLP, Data Visualization",Mid-size
1194,AI Engineer,Germany,Mid,88401,"Python, MLOps, Deep Learning",Enterprise
1195,Research Scientist,UK,Mid,54117,"Deep Learning, PyTorch, Python",Mid-size
1196,Data Analyst,Australia,Lead,155669,"Statistics, Data Visualization, PyTorch",Mid-size
1197,ML Engineer,UK,Mid,66346,"Data Visualization, Computer Vision, SQL",Mid-size
1198,ML Engineer,Canada,Mid,87193,"Statistics, PyTorch, Python",Startup
1199,Data Analyst,Canada,Senior,120156,"Deep Learning, Python, PyTorch",Enterprise
1200,Data Analyst,USA,Mid,101412,"SQL, NLP, Python",Enterprise
1201,Research Scientist,Australia,Lead,194659,"Statistics, SQL, Deep Learning",Enterprise
1202,Deep Learning Engineer,UK,Lead,180387,"TensorFlow, Computer Vision, SQL",Mid-size
1203,Data Analyst,Canada,Mid,57906,"Data Visualization, TensorFlow, NLP",Enterprise
1204,Deep Learning Engineer,Canada,Lead,195277,"NLP, MLOps, Python",Startup
1205,NLP Engineer,India,Senior,36725,"Deep Learning, MLOps, Computer Vision",Mid-size
1206,Deep Learning Engineer,Canada,Lead,194880,"SQL, MLOps, TensorFlow",Enterprise
1207,ML Engineer,India,Entry,11713,"PyTorch, Data Visualization, Statistics",Enterprise
1208,Computer Vision Engineer,Canada,Lead,198643,"Data Visualization, Python, SQL",Mid-size
1209,Data Scientist,Australia,Entry,34851,"SQL, Computer Vision, MLOps",Enterprise
1210,ML Engineer,India,Mid,29740,"Deep Learning, MLOps, Statistics",Mid-size
1211,ML Engineer,USA,Senior,128103,"Data Visualization, Deep Learning, PyTorch",Startup
1212,AI Engineer,Germany,Entry,38485,"MLOps, Computer Vision, NLP",Startup
1213,Research Scientist,Germany,Senior,119315,"MLOps, Computer Vision, PyTorch",Mid-size
1214,ML Engineer,Australia,Senior,102258,"SQL, PyTorch, Data Visualization",Startup
1215,Research Scientist,Canada,Senior,137711,"MLOps, NLP, Computer Vision",Mid-size
1216,Data Scientist,India,Senior,40180,"NLP, MLOps, Deep Learning",Mid-size
1217,NLP Engineer,India,Senior,53505,"Computer Vision, SQL, PyTorch",Enterprise
1218,AI Engineer,Canada,Lead,196308,"Deep Learning, Computer Vision, Python",Startup
1219,NLP Engineer,UK,Senior,111869,"Data Visualization, Python, SQL",Enterprise
1220,Research Scientist,Australia,Mid,60542,"PyTorch, TensorFlow, MLOps",Mid-size
1221,Research Scientist,Germany,Senior,117586,"Deep Learning, Data Visualization, TensorFlow",Enterprise
1222,ML Engineer,Canada,Senior,121891,"Deep Learning, MLOps, Computer Vision",Startup
1223,AI Engineer,UK,Mid,84397,"SQL, PyTorch, Statistics",Startup
1224,AI Engineer,Australia,Lead,162371,"SQL, Deep Learning, MLOps",Startup
1225,Deep Learning Engineer,Canada,Mid,71416,"PyTorch, NLP, Statistics",Enterprise
1226,Research Scientist,Germany,Senior,90869,"SQL, Python, TensorFlow",Mid-size
1227,Data Analyst,Germany,Entry,21014,"Data Visualization, MLOps, Computer Vision",Startup
1228,AI Engineer,UK,Entry,20690,"PyTorch, MLOps, Statistics",Enterprise
1229,Computer Vision Engineer,Germany,Senior,114170,"TensorFlow, Deep Learning, PyTorch",Mid-size
1230,Research Scientist,Canada,Lead,202183,"Computer Vision, TensorFlow, Deep Learning",Startup
1231,Data Scientist,UK,Entry,39296,"NLP, Data Visualization, MLOps",Enterprise
1232,AI Engineer,UK,Entry,38257,"Python, PyTorch, MLOps",Enterprise
1233,AI Engineer,USA,Lead,174368,"PyTorch, Python, Data Visualization",Mid-size
1234,ML Engineer,India,Senior,55932,"Deep Learning, Statistics, PyTorch",Startup
1235,NLP Engineer,Australia,Mid,97356,"MLOps, Deep Learning, Python",Startup
1236,ML Engineer,USA,Lead,187735,"TensorFlow, SQL, Statistics",Startup
1237,ML Engineer,UK,Mid,60751,"Computer Vision, Python, Deep Learning",Enterprise
1238,Computer Vision Engineer,UK,Mid,73299,"TensorFlow, MLOps, Data Visualization",Enterprise
1239,Deep Learning Engineer,UK,Lead,166711,"MLOps, SQL, Statistics",Enterprise
1240,Research Scientist,Germany,Entry,28003,"Deep Learning, PyTorch, Python",Startup
1241,AI Engineer,Germany,Entry,45398,"MLOps, Data Visualization, PyTorch",Enterprise
1242,Deep Learning Engineer,India,Lead,61460,"SQL, PyTorch, Computer Vision",Mid-size
1243,ML Engineer,India,Entry,10041,"MLOps, Deep Learning, SQL",Startup
1244,ML Engineer,Canada,Mid,75297,"NLP, Python, Data Visualization",Mid-size
1245,Data Scientist,USA,Senior,128623,"Deep Learning, Statistics, NLP",Mid-size
1246,Data Scientist,India,Lead,60682,"Python, Deep Learning, TensorFlow",Enterprise
1247,ML Engineer,India,Lead,57442,"Python, TensorFlow, Computer Vision",Enterprise
1248,Deep Learning Engineer,USA,Mid,99393,"Python, Data Visualization, TensorFlow",Mid-size
1249,Data Analyst,Canada,Lead,205029,"Data Visualization, PyTorch, MLOps",Mid-size
1250,Deep Learning Engineer,Germany,Lead,188516,"PyTorch, NLP, Statistics",Mid-size
1251,Deep Learning Engineer,USA,Senior,109440,"PyTorch, Statistics, Data Visualization",Enterprise
1252,Data Analyst,Canada,Senior,111195,"Python, PyTorch, Deep Learning",Enterprise
1253,Data Scientist,Australia,Entry,47748,"Data Visualization, SQL, MLOps",Startup
1254,NLP Engineer,Australia,Mid,75875,"Computer Vision, Deep Learning, Python",Mid-size
1255,Deep Learning Engineer,USA,Mid,92260,"MLOps, Data Visualization, Python",Enterprise
1256,NLP Engineer,India,Mid,29810,"Deep Learning, Data Visualization, PyTorch",Mid-size
1257,Data Analyst,Germany,Senior,136364,"Python, Statistics, NLP",Enterprise
1258,AI Engineer,UK,Lead,163199,"Computer Vision, Deep Learning, Python",Mid-size
1259,ML Engineer,Germany,Entry,31821,"NLP, SQL, Data Visualization",Enterprise
1260,ML Engineer,Germany,Lead,154955,"MLOps, Data Visualization, PyTorch",Startup
1261,ML Engineer,USA,Mid,76700,"Data Visualization, MLOps, Statistics",Enterprise
1262,NLP Engineer,UK,Lead,171135,"Python, Statistics, MLOps",Mid-size
1263,Data Analyst,USA,Mid,88201,"Deep Learning, Computer Vision, Python",Enterprise
1264,AI Engineer,Australia,Senior,147332,"Statistics, Computer Vision, TensorFlow",Mid-size
1265,Data Scientist,USA,Lead,172356,"NLP, SQL, PyTorch",Startup
1266,Data Analyst,UK,Lead,187221,"Computer Vision, Data Visualization, TensorFlow",Mid-size
1267,Computer Vision Engineer,UK,Mid,53453,"Deep Learning, NLP, PyTorch",Enterprise
1268,Deep Learning Engineer,India,Entry,17654,"SQL, NLP, Data Visualization",Mid-size
1269,NLP Engineer,Canada,Senior,138952,"Data Visualization, MLOps, NLP",Mid-size
1270,Deep Learning Engineer,Canada,Lead,163504,"Python, MLOps, PyTorch",Mid-size
1271,Data Analyst,Canada,Lead,160179,"Python, TensorFlow, Data Visualization",Mid-size
1272,Computer Vision Engineer,Australia,Entry,26659,"Computer Vision, Statistics, Python",Mid-size
1273,NLP Engineer,USA,Mid,60285,"Python, Data Visualization, Computer Vision",Mid-size
1274,Computer Vision Engineer,India,Mid,31566,"Python, SQL, Statistics",Enterprise
1275,ML Engineer,USA,Mid,104589,"Data Visualization, TensorFlow, PyTorch",Mid-size
1276,ML Engineer,USA,Lead,174151,"Statistics, Deep Learning, Computer Vision",Mid-size
1277,Deep Learning Engineer,USA,Senior,108230,"Data Visualization, SQL, Statistics",Startup
1278,AI Engineer,USA,Lead,237112,"Data Visualization, Computer Vision, Deep Learning",Enterprise
1279,NLP Engineer,UK,Mid,82130,"Data Visualization, Deep Learning, Python",Enterprise
1280,Research Scientist,Germany,Mid,80075,"NLP, Deep Learning, Computer Vision",Enterprise
1281,Deep Learning Engineer,Australia,Mid,91599,"PyTorch, TensorFlow, MLOps",Enterprise
1282,Research Scientist,USA,Senior,139155,"NLP, Python, Deep Learning",Mid-size
1283,Data Analyst,Australia,Senior,131883,"Deep Learning, SQL, Statistics",Mid-size
1284,Deep Learning Engineer,India,Entry,12670,"TensorFlow, Data Visualization, Deep Learning",Enterprise
1285,Research Scientist,Germany,Mid,79100,"TensorFlow, PyTorch, Python",Startup
1286,Deep Learning Engineer,India,Lead,72886,"Python, NLP, Data Visualization",Enterprise
1287,Data Analyst,Germany,Senior,126487,"NLP, Statistics, MLOps",Startup
1288,Data Scientist,Canada,Lead,215028,"NLP, Python, MLOps",Startup
1289,Data Scientist,UK,Mid,60531,"Computer Vision, SQL, NLP",Enterprise
1290,Data Analyst,India,Mid,24524,"PyTorch, Computer Vision, Deep Learning",Mid-size
1291,Data Analyst,Canada,Lead,156620,"PyTorch, Computer Vision, Statistics",Startup
1292,Deep Learning Engineer,UK,Mid,72463,"Statistics, SQL, PyTorch",Enterprise
1293,Deep Learning Engineer,USA,Senior,124994,"NLP, MLOps, Statistics",Startup
1294,AI Engineer,India,Lead,74038,"Computer Vision, Deep Learning, SQL",Enterprise
1295,NLP Engineer,UK,Senior,112010,"Computer Vision, Data Visualization, PyTorch",Enterprise
1296,ML Engineer,Germany,Lead,183626,"Python, MLOps, Computer Vision",Mid-size
1297,Data Scientist,Canada,Senior,102636,"SQL, MLOps, Computer Vision",Mid-size
1298,Deep Learning Engineer,UK,Senior,90670,"Deep Learning, PyTorch, Data Visualization",Enterprise
1299,Deep Learning Engineer,India,Mid,25202,"MLOps, TensorFlow, Computer Vision",Enterprise
1300,Deep Learning Engineer,USA,Senior,149592,"Python, Data Visualization, PyTorch",Mid-size
1301,Data Analyst,India,Senior,40630,"Data Visualization, NLP, Computer Vision",Mid-size
1302,Deep Learning Engineer,Canada,Lead,175995,"MLOps, Computer Vision, Data Visualization",Enterprise
1303,AI Engineer,Germany,Entry,22618,"TensorFlow, Statistics, MLOps",Enterprise
1304,ML Engineer,Australia,Mid,93162,"Statistics, SQL, PyTorch",Startup
1305,Data Analyst,Canada,Senior,111062,"SQL, PyTorch, Deep Learning",Startup
1306,ML Engineer,Canada,Entry,34251,"NLP, Deep Learning, MLOps",Mid-size
1307,Research Scientist,Germany,Mid,72260,"Deep Learning, SQL, Python",Enterprise
1308,ML Engineer,UK,Entry,43465,"NLP, Statistics, Python",Startup
1309,Data Analyst,Australia,Senior,117698,"Python, Data Visualization, PyTorch",Mid-size
1310,Data Scientist,USA,Senior,120750,"Data Visualization, Python, PyTorch",Mid-size
1311,Computer Vision Engineer,Canada,Senior,144769,"Data Visualization, NLP, MLOps",Enterprise
1312,Research Scientist,Canada,Mid,94650,"TensorFlow, SQL, Statistics",Mid-size
1313,Data Analyst,UK,Lead,189522,"SQL, Statistics, Python",Enterprise
1314,ML Engineer,Australia,Lead,162233,"MLOps, SQL, TensorFlow",Startup
1315,AI Engineer,Germany,Entry,33680,"MLOps, NLP, Data Visualization",Mid-size
1316,AI Engineer,UK,Lead,167869,"Deep Learning, Computer Vision, Data Visualization",Enterprise
1317,Computer Vision Engineer,USA,Mid,76128,"SQL, Data Visualization, NLP",Startup
1318,Data Analyst,Australia,Mid,95720,"Data Visualization, Statistics, SQL",Enterprise
1319,Data Analyst,India,Mid,31010,"NLP, Computer Vision, TensorFlow",Startup
1320,Data Analyst,Australia,Senior,146734,"Data Visualization, Deep Learning, Computer Vision",Startup
1321,Computer Vision Engineer,Canada,Senior,150769,"Deep Learning, Data Visualization, Statistics",Startup
1322,AI Engineer,India,Mid,28129,"Computer Vision, Data Visualization, NLP",Startup
1323,AI Engineer,Australia,Entry,40198,"Data Visualization, NLP, MLOps",Enterprise
1324,Research Scientist,India,Mid,35794,"Deep Learning, TensorFlow, NLP",Mid-size
1325,Computer Vision Engineer,Germany,Entry,40884,"MLOps, Deep Learning, SQL",Mid-size
1326,ML Engineer,India,Entry,11892,"TensorFlow, MLOps, SQL",Mid-size
1327,Deep Learning Engineer,India,Entry,8275,"Computer Vision, NLP, Statistics",Mid-size
1328,AI Engineer,USA,Senior,147012,"PyTorch, Statistics, Deep Learning",Enterprise
1329,AI Engineer,USA,Entry,39290,"Statistics, NLP, PyTorch",Startup
1330,Research Scientist,Canada,Lead,156615,"SQL, Python, PyTorch",Startup
1331,Data Analyst,Germany,Senior,134799,"TensorFlow, MLOps, Python",Enterprise
1332,Deep Learning Engineer,Germany,Entry,22735,"MLOps, Data Visualization, PyTorch",Enterprise
1333,Data Analyst,Canada,Mid,92096,"SQL, Python, Computer Vision",Mid-size
1334,Data Analyst,Germany,Lead,163386,"Python, Deep Learning, MLOps",Enterprise
1335,AI Engineer,USA,Senior,131054,"NLP, Statistics, Python",Mid-size
1336,ML Engineer,USA,Entry,39958,"TensorFlow, Data Visualization, SQL",Mid-size
1337,Research Scientist,USA,Lead,175972,"Python, PyTorch, Data Visualization",Startup
1338,Data Scientist,Canada,Mid,91226,"TensorFlow, Data Visualization, SQL",Enterprise
1339,Data Analyst,Australia,Lead,214718,"Deep Learning, SQL, PyTorch",Enterprise
1340,Deep Learning Engineer,UK,Senior,113993,"TensorFlow, Deep Learning, Computer Vision",Enterprise
1341,Data Analyst,India,Mid,28475,"SQL, Python, NLP",Startup
1342,NLP Engineer,UK,Lead,149788,"Data Visualization, PyTorch, Statistics",Mid-size
1343,AI Engineer,India,Lead,60368,"Python, MLOps, Statistics",Enterprise
1344,Data Analyst,USA,Lead,236380,"Statistics, TensorFlow, SQL",Enterprise
1345,ML Engineer,UK,Lead,162423,"MLOps, Data Visualization, NLP",Enterprise
1346,Data Analyst,Australia,Mid,61315,"SQL, Deep Learning, Statistics",Mid-size
1347,AI Engineer,India,Lead,73837,"MLOps, PyTorch, Data Visualization",Mid-size
1348,NLP Engineer,UK,Entry,42164,"Deep Learning, Computer Vision, MLOps",Startup
1349,ML Engineer,India,Entry,10092,"PyTorch, TensorFlow, SQL",Enterprise
1350,Data Analyst,India,Mid,25610,"Statistics, NLP, MLOps",Enterprise
1351,Computer Vision Engineer,Germany,Mid,69610,"PyTorch, Computer Vision, MLOps",Enterprise
1352,Computer Vision Engineer,Germany,Entry,27031,"Python, Computer Vision, Deep Learning",Mid-size
1353,Data Analyst,Canada,Lead,175216,"Python, Statistics, NLP",Enterprise
1354,Data Analyst,Australia,Lead,155008,"PyTorch, Data Visualization, Computer Vision",Mid-size
1355,Research Scientist,UK,Senior,96982,"Deep Learning, MLOps, NLP",Startup
1356,AI Engineer,UK,Entry,26336,"SQL, PyTorch, Deep Learning",Enterprise
1357,Research Scientist,UK,Entry,48401,"TensorFlow, NLP, MLOps",Enterprise
1358,AI Engineer,India,Mid,21811,"Statistics, SQL, Data Visualization",Mid-size
1359,Computer Vision Engineer,India,Senior,51172,"Computer Vision, Python, SQL",Mid-size
1360,Computer Vision Engineer,Germany,Lead,144627,"TensorFlow, NLP, Statistics",Enterprise
1361,Deep Learning Engineer,Canada,Senior,143100,"PyTorch, Python, Data Visualization",Startup
1362,NLP Engineer,UK,Mid,55213,"Python, Data Visualization, Statistics",Mid-size
1363,Data Analyst,Germany,Entry,38241,"SQL, Python, TensorFlow",Enterprise
1364,Deep Learning Engineer,Canada,Senior,145827,"Python, PyTorch, Computer Vision",Startup
1365,Data Scientist,USA,Senior,121695,"NLP, TensorFlow, PyTorch",Startup
1366,Data Analyst,Germany,Mid,73513,"MLOps, Deep Learning, Python",Enterprise
1367,Computer Vision Engineer,USA,Mid,95158,"PyTorch, MLOps, Statistics",Mid-size
1368,Data Analyst,UK,Senior,112250,"SQL, Statistics, Computer Vision",Mid-size
1369,Data Scientist,UK,Entry,37359,"NLP, MLOps, PyTorch",Enterprise
1370,Computer Vision Engineer,Germany,Senior,93327,"MLOps, SQL, PyTorch",Mid-size
1371,AI Engineer,USA,Entry,59721,"Computer Vision, Python, MLOps",Enterprise
1372,Research Scientist,India,Lead,78633,"Python, Deep Learning, Computer Vision",Mid-size
1373,Data Analyst,Australia,Lead,158185,"NLP, Computer Vision, TensorFlow",Enterprise
1374,Deep Learning Engineer,Australia,Mid,71186,"Deep Learning, PyTorch, NLP",Enterprise
1375,ML Engineer,India,Entry,13292,"NLP, Python, TensorFlow",Mid-size
1376,ML Engineer,USA,Mid,86901,"TensorFlow, MLOps, Deep Learning",Enterprise
1377,ML Engineer,USA,Senior,150214,"Data Visualization, Statistics, TensorFlow",Startup
1378,AI Engineer,India,Mid,30135,"TensorFlow, NLP, Deep Learning",Startup
1379,ML Engineer,Germany,Mid,81647,"SQL, PyTorch, Data Visualization",Enterprise
1380,Data Scientist,USA,Entry,51614,"Statistics, NLP, Computer Vision",Mid-size
1381,Data Analyst,Australia,Senior,126674,"Python, Statistics, PyTorch",Mid-size
1382,Research Scientist,Germany,Mid,60295,"SQL, Statistics, MLOps",Startup
1383,ML Engineer,Canada,Entry,49153,"Python, Computer Vision, SQL",Mid-size
1384,Research Scientist,Australia,Entry,47404,"MLOps, Computer Vision, NLP",Mid-size
1385,ML Engineer,UK,Mid,67420,"TensorFlow, Statistics, MLOps",Enterprise
1386,Deep Learning Engineer,USA,Mid,73618,"SQL, MLOps, Python",Enterprise
1387,Data Scientist,Germany,Lead,158263,"SQL, TensorFlow, NLP",Enterprise
1388,Data Scientist,Canada,Entry,35373,"Python, PyTorch, Computer Vision",Mid-size
1389,AI Engineer,Australia,Entry,35095,"Deep Learning, Python, SQL",Enterprise
1390,NLP Engineer,Australia,Entry,25710,"NLP, Python, Deep Learning",Mid-size
1391,ML Engineer,Australia,Entry,37979,"NLP, Python, Statistics",Enterprise
1392,NLP Engineer,Australia,Senior,120523,"TensorFlow, Computer Vision, Data Visualization",Startup
1393,Data Analyst,USA,Entry,40508,"Data Visualization, PyTorch, Deep Learning",Startup
1394,Deep Learning Engineer,Canada,Entry,43082,"SQL, Deep Learning, NLP",Mid-size
1395,ML Engineer,Germany,Senior,95208,"Statistics, TensorFlow, Data Visualization",Mid-size
1396,Deep Learning Engineer,Germany,Lead,148080,"Statistics, Python, NLP",Mid-size
1397,Computer Vision Engineer,Australia,Entry,46092,"TensorFlow, Statistics, SQL",Mid-size
1398,Deep Learning Engineer,Germany,Entry,46102,"PyTorch, SQL, Python",Enterprise
1399,AI Engineer,India,Entry,9241,"SQL, NLP, Computer Vision",Enterprise
1400,Data Scientist,UK,Senior,139996,"SQL, Deep Learning, NLP",Mid-size
1401,NLP Engineer,UK,Entry,34536,"MLOps, NLP, Python",Startup
1402,Research Scientist,USA,Mid,81141,"NLP, MLOps, SQL",Mid-size
1403,AI Engineer,USA,Senior,136282,"Deep Learning, Statistics, TensorFlow",Enterprise
1404,Data Analyst,Germany,Mid,82954,"Computer Vision, NLP, PyTorch",Mid-size
1405,Computer Vision Engineer,Germany,Mid,85303,"SQL, Data Visualization, Statistics",Enterprise
1406,ML Engineer,Australia,Senior,100377,"SQL, PyTorch, TensorFlow",Enterprise
1407,NLP Engineer,UK,Senior,104523,"Statistics, TensorFlow, Data Visualization",Startup
1408,Data Analyst,Germany,Entry,20269,"Data Visualization, TensorFlow, PyTorch",Startup
1409,ML Engineer,Australia,Senior,115303,"Computer Vision, PyTorch, Statistics",Enterprise
1410,Data Scientist,Canada,Entry,23589,"Computer Vision, MLOps, Statistics",Mid-size
1411,ML Engineer,UK,Senior,96901,"Deep Learning, NLP, MLOps",Enterprise
1412,Data Analyst,UK,Senior,96855,"SQL, Data Visualization, Computer Vision",Startup
1413,NLP Engineer,Australia,Entry,31089,"Statistics, TensorFlow, Data Visualization",Enterprise
1414,Computer Vision Engineer,UK,Mid,70866,"Computer Vision, Data Visualization, Python",Startup
1415,AI Engineer,Germany,Entry,27243,"Python, TensorFlow, NLP",Startup
1416,Deep Learning Engineer,India,Mid,24840,"PyTorch, Computer Vision, TensorFlow",Enterprise
1417,Deep Learning Engineer,USA,Entry,59786,"TensorFlow, PyTorch, SQL",Mid-size
1418,Data Scientist,USA,Senior,133034,"Deep Learning, MLOps, Data Visualization",Mid-size
1419,ML Engineer,Australia,Mid,72507,"Statistics, PyTorch, Data Visualization",Mid-size
1420,NLP Engineer,USA,Senior,140808,"Deep Learning, NLP, TensorFlow",Mid-size
1421,AI Engineer,India,Mid,27745,"MLOps, TensorFlow, NLP",Startup
1422,NLP Engineer,Germany,Lead,178215,"SQL, Python, Deep Learning",Enterprise
1423,ML Engineer,Germany,Entry,26129,"SQL, MLOps, Python",Mid-size
1424,ML Engineer,Germany,Senior,116375,"TensorFlow, Python, PyTorch",Enterprise
1425,ML Engineer,USA,Entry,38084,"Computer Vision, Python, Statistics",Startup
1426,Data Analyst,Australia,Entry,48934,"Statistics, PyTorch, Computer Vision",Mid-size
1427,Data Analyst,UK,Mid,67270,"Statistics, TensorFlow, Deep Learning",Startup
1428,NLP Engineer,Australia,Senior,99957,"Computer Vision, Statistics, SQL",Startup
1429,AI Engineer,Australia,Mid,92976,"SQL, Data Visualization, Computer Vision",Startup
1430,Data Analyst,UK,Entry,31601,"Python, MLOps, Data Visualization",Startup
1431,Computer Vision Engineer,Canada,Lead,184314,"MLOps, PyTorch, Data Visualization",Enterprise
1432,Research Scientist,India,Senior,42610,"Python, Deep Learning, TensorFlow",Startup
1433,Research Scientist,Australia,Lead,168137,"NLP, TensorFlow, Deep Learning",Mid-size
1434,ML Engineer,India,Senior,48410,"Statistics, PyTorch, TensorFlow",Mid-size
1435,Deep Learning Engineer,USA,Lead,210664,"SQL, PyTorch, NLP",Startup
1436,NLP Engineer,USA,Senior,112549,"Data Visualization, NLP, Statistics",Enterprise
1437,Data Scientist,Australia,Entry,26258,"Computer Vision, Python, Data Visualization",Startup
1438,Data Scientist,India,Senior,47010,"TensorFlow, Statistics, PyTorch",Enterprise
1439,Data Scientist,Canada,Entry,41881,"TensorFlow, Computer Vision, NLP",Startup
1440,Deep Learning Engineer,UK,Lead,197002,"Data Visualization, PyTorch, NLP",Mid-size
1441,NLP Engineer,Canada,Mid,80080,"Python, Computer Vision, Data Visualization",Mid-size
1442,Data Scientist,Canada,Senior,103316,"SQL, TensorFlow, Deep Learning",Startup
1443,Computer Vision Engineer,Canada,Entry,52859,"MLOps, Python, NLP",Mid-size
1444,ML Engineer,India,Mid,29793,"TensorFlow, Statistics, Deep Learning",Startup
1445,NLP Engineer,Germany,Entry,45074,"Statistics, PyTorch, SQL",Mid-size
1446,Research Scientist,Germany,Mid,70706,"Computer Vision, Statistics, NLP",Mid-size
1447,Computer Vision Engineer,USA,Senior,136399,"Python, Data Visualization, SQL",Startup
1448,Research Scientist,India,Mid,33856,"TensorFlow, MLOps, Python",Startup
1449,NLP Engineer,Germany,Senior,101410,"SQL, Computer Vision, Deep Learning",Mid-size
1450,AI Engineer,Germany,Senior,134993,"Python, NLP, TensorFlow",Startup
1451,Data Scientist,Canada,Mid,68838,"Statistics, NLP, SQL",Startup
1452,NLP Engineer,Germany,Entry,47865,"Statistics, Data Visualization, TensorFlow",Enterprise
1453,ML Engineer,Australia,Lead,193538,"Computer Vision, Data Visualization, Deep Learning",Startup
1454,ML Engineer,Australia,Lead,209735,"NLP, TensorFlow, Deep Learning",Startup
1455,Deep Learning Engineer,Canada,Senior,133068,"Computer Vision, PyTorch, NLP",Mid-size
1456,Computer Vision Engineer,USA,Mid,89307,"Computer Vision, PyTorch, TensorFlow",Enterprise
1457,NLP Engineer,Canada,Lead,167746,"NLP, TensorFlow, Data Visualization",Mid-size
1458,Data Analyst,UK,Entry,39247,"Python, SQL, Computer Vision",Enterprise
1459,Research Scientist,India,Lead,75538,"PyTorch, Deep Learning, MLOps",Enterprise
1460,Deep Learning Engineer,India,Lead,79306,"Statistics, Python, SQL",Mid-size
1461,Data Scientist,UK,Senior,93358,"MLOps, Python, Statistics",Enterprise
1462,Deep Learning Engineer,Germany,Senior,130446,"Deep Learning, Statistics, Data Visualization",Mid-size
1463,Deep Learning Engineer,Germany,Mid,51273,"Statistics, Computer Vision, SQL",Mid-size
1464,Data Analyst,Germany,Senior,131875,"TensorFlow, MLOps, SQL",Mid-size
1465,Data Scientist,UK,Mid,81954,"NLP, Computer Vision, TensorFlow",Startup
1466,ML Engineer,USA,Lead,180843,"MLOps, Python, Computer Vision",Mid-size
1467,Data Scientist,UK,Mid,67570,"Computer Vision, Statistics, NLP",Enterprise
1468,AI Engineer,India,Mid,25599,"PyTorch, Data Visualization, Computer Vision",Mid-size
1469,Research Scientist,USA,Senior,155715,"Python, Deep Learning, TensorFlow",Enterprise
1470,Deep Learning Engineer,USA,Entry,40538,"TensorFlow, Statistics, Deep Learning",Startup
1471,AI Engineer,Germany,Mid,76177,"Data Visualization, TensorFlow, NLP",Startup
1472,Deep Learning Engineer,USA,Entry,52714,"MLOps, Statistics, PyTorch",Startup
1473,Data Scientist,UK,Mid,50627,"Statistics, NLP, SQL",Mid-size
1474,Data Analyst,Canada,Mid,93293,"Data Visualization, TensorFlow, Deep Learning",Enterprise
1475,AI Engineer,Australia,Mid,97517,"MLOps, Deep Learning, Data Visualization",Enterprise
1476,NLP Engineer,USA,Lead,196291,"Computer Vision, Deep Learning, Statistics",Mid-size
1477,AI Engineer,Canada,Mid,83010,"TensorFlow, Data Visualization, Statistics",Startup
1478,ML Engineer,Australia,Senior,143051,"Python, Statistics, Deep Learning",Enterprise
1479,NLP Engineer,USA,Senior,167090,"Data Visualization, PyTorch, Computer Vision",Enterprise
1480,NLP Engineer,Australia,Senior,102050,"SQL, Statistics, Computer Vision",Startup
1481,Data Scientist,Canada,Entry,32865,"Statistics, Computer Vision, Python",Mid-size
1482,Data Scientist,India,Entry,9513,"PyTorch, Computer Vision, Statistics",Mid-size
1483,Research Scientist,India,Mid,33793,"Data Visualization, Deep Learning, Python",Startup
1484,Deep Learning Engineer,UK,Senior,135925,"MLOps, Statistics, Computer Vision",Mid-size
1485,Research Scientist,Germany,Mid,66968,"PyTorch, SQL, Python",Enterprise
1486,Data Analyst,UK,Mid,64011,"Computer Vision, TensorFlow, PyTorch",Mid-size
1487,Deep Learning Engineer,Australia,Lead,195477,"Python, NLP, Data Visualization",Startup
1488,Computer Vision Engineer,Germany,Senior,100956,"NLP, Data Visualization, TensorFlow",Enterprise
1489,NLP Engineer,UK,Lead,196188,"Deep Learning, Python, MLOps",Mid-size
1490,Research Scientist,Canada,Entry,31815,"Statistics, SQL, Computer Vision",Enterprise
1491,NLP Engineer,Germany,Entry,28806,"Python, SQL, MLOps",Enterprise
1492,Data Scientist,Germany,Entry,49345,"Statistics, Deep Learning, PyTorch",Mid-size
1493,Data Scientist,UK,Lead,150350,"MLOps, TensorFlow, Python",Startup
1494,Data Scientist,Australia,Entry,42697,"TensorFlow, Deep Learning, MLOps",Startup
1495,ML Engineer,USA,Senior,149060,"Statistics, Python, PyTorch",Mid-size
1496,Research Scientist,Canada,Lead,199800,"Deep Learning, TensorFlow, SQL",Mid-size
1497,Computer Vision Engineer,Germany,Mid,68412,"Data Visualization, PyTorch, Statistics",Enterprise
1498,Research Scientist,Australia,Senior,108732,"Statistics, TensorFlow, Data Visualization",Startup
1499,Data Scientist,Germany,Entry,33136,"PyTorch, NLP, Statistics",Mid-size
1500,Research Scientist,Canada,Mid,62159,"NLP, SQL, Data Visualization",Mid-size
1501,Data Analyst,Australia,Lead,164406,"Data Visualization, PyTorch, Computer Vision",Enterprise
1502,Deep Learning Engineer,USA,Senior,142412,"Data Visualization, Python, MLOps",Startup
1503,Deep Learning Engineer,Germany,Senior,97384,"PyTorch, Python, Computer Vision",Mid-size
1504,Computer Vision Engineer,Canada,Mid,81802,"Computer Vision, PyTorch, Deep Learning",Enterprise
1505,Deep Learning Engineer,Australia,Entry,34974,"PyTorch, Statistics, Python",Enterprise
1506,Research Scientist,UK,Mid,72673,"TensorFlow, Deep Learning, NLP",Mid-size
1507,Research Scientist,Germany,Senior,104719,"SQL, Data Visualization, Statistics",Mid-size
1508,Data Analyst,Canada,Entry,34238,"SQL, MLOps, Statistics",Enterprise
1509,Research Scientist,Australia,Senior,118125,"Python, Data Visualization, MLOps",Mid-size
1510,Computer Vision Engineer,Australia,Entry,48276,"MLOps, Statistics, Deep Learning",Startup
1511,NLP Engineer,Germany,Lead,186999,"Deep Learning, TensorFlow, Statistics",Enterprise
1512,Deep Learning Engineer,USA,Entry,51489,"NLP, Data Visualization, Python",Enterprise
1513,NLP Engineer,Canada,Lead,192196,"TensorFlow, NLP, Python",Mid-size
1514,AI Engineer,Australia,Entry,29725,"SQL, Deep Learning, NLP",Mid-size
1515,AI Engineer,USA,Senior,164158,"Statistics, Data Visualization, NLP",Startup
1516,NLP Engineer,Australia,Lead,206757,"Statistics, NLP, MLOps",Mid-size
1517,Data Analyst,USA,Entry,55059,"Computer Vision, SQL, PyTorch",Startup
1518,Data Analyst,USA,Lead,172624,"Computer Vision, PyTorch, SQL",Startup
1519,Computer Vision Engineer,UK,Entry,32458,"Computer Vision, Deep Learning, SQL",Mid-size
1520,Deep Learning Engineer,Australia,Senior,137704,"Computer Vision, SQL, Deep Learning",Mid-size
1521,Data Scientist,USA,Lead,179607,"MLOps, Deep Learning, Data Visualization",Startup
1522,Data Scientist,UK,Mid,81601,"PyTorch, NLP, MLOps",Enterprise
1523,Data Scientist,Germany,Lead,184641,"MLOps, Data Visualization, TensorFlow",Enterprise
1524,Computer Vision Engineer,Germany,Entry,24266,"Python, SQL, NLP",Enterprise
1525,AI Engineer,UK,Senior,122764,"PyTorch, Statistics, SQL",Startup
1526,Computer Vision Engineer,Canada,Lead,174280,"Computer Vision, Statistics, SQL",Startup
1527,Research Scientist,India,Senior,43840,"MLOps, Data Visualization, Deep Learning",Enterprise
1528,Deep Learning Engineer,Germany,Mid,56009,"Statistics, SQL, MLOps",Enterprise
1529,NLP Engineer,Germany,Lead,142671,"SQL, Computer Vision, Deep Learning",Startup
1530,Data Analyst,UK,Entry,26519,"NLP, MLOps, Deep Learning",Startup
1531,NLP Engineer,Australia,Senior,104396,"MLOps, Python, Statistics",Mid-size
1532,AI Engineer,Germany,Senior,111438,"TensorFlow, Data Visualization, Deep Learning",Startup
1533,Data Scientist,UK,Lead,189028,"SQL, PyTorch, TensorFlow",Enterprise
1534,Deep Learning Engineer,UK,Mid,82247,"Statistics, Data Visualization, Computer Vision",Startup
1535,NLP Engineer,Germany,Senior,110435,"TensorFlow, PyTorch, NLP",Enterprise
1536,AI Engineer,USA,Lead,206065,"Python, MLOps, SQL",Mid-size
1537,ML Engineer,Germany,Mid,63704,"TensorFlow, Python, Data Visualization",Mid-size
1538,AI Engineer,Germany,Lead,165416,"Data Visualization, TensorFlow, Computer Vision",Enterprise
1539,Data Analyst,Canada,Entry,23995,"SQL, TensorFlow, PyTorch",Enterprise
1540,Deep Learning Engineer,UK,Entry,33380,"TensorFlow, Computer Vision, SQL",Mid-size
1541,Data Analyst,UK,Entry,32317,"TensorFlow, PyTorch, SQL",Mid-size
1542,Data Scientist,Canada,Entry,48178,"Deep Learning, SQL, Python",Mid-size
1543,NLP Engineer,Australia,Lead,182151,"NLP, TensorFlow, Python",Startup
1544,Data Scientist,India,Lead,58712,"Statistics, Deep Learning, Python",Mid-size
1545,Data Scientist,Germany,Senior,115933,"PyTorch, NLP, Statistics",Mid-size
1546,Data Scientist,UK,Mid,76671,"MLOps, SQL, NLP",Mid-size
1547,Computer Vision Engineer,Germany,Entry,30338,"Computer Vision, NLP, SQL",Mid-size
1548,Data Analyst,Australia,Senior,129278,"Python, Deep Learning, TensorFlow",Startup
1549,AI Engineer,Germany,Senior,95695,"Deep Learning, MLOps, SQL",Mid-size
1550,Data Analyst,USA,Senior,154758,"Python, NLP, Statistics",Enterprise
1551,Data Analyst,Canada,Senior,108215,"NLP, MLOps, Data Visualization",Enterprise
1552,AI Engineer,India,Lead,66002,"Computer Vision, MLOps, SQL",Mid-size
1553,ML Engineer,UK,Senior,125113,"Data Visualization, PyTorch, Statistics",Startup
1554,ML Engineer,Canada,Senior,105464,"Data Visualization, MLOps, PyTorch",Startup
1555,Data Analyst,India,Entry,14333,"TensorFlow, PyTorch, Statistics",Startup
1556,Data Analyst,Canada,Lead,210159,"Data Visualization, NLP, Python",Startup
1557,Data Scientist,USA,Lead,223136,"NLP, MLOps, Computer Vision",Startup
1558,ML Engineer,India,Senior,47280,"Data Visualization, Statistics, MLOps",Startup
1559,NLP Engineer,Canada,Entry,36711,"Computer Vision, Data Visualization, MLOps",Enterprise
1560,ML Engineer,Canada,Lead,208165,"Deep Learning, TensorFlow, PyTorch",Startup
1561,Data Scientist,Australia,Lead,183106,"Computer Vision, TensorFlow, PyTorch",Startup
1562,Research Scientist,Australia,Entry,53621,"Deep Learning, TensorFlow, SQL",Startup
1563,Deep Learning Engineer,India,Lead,78599,"Data Visualization, MLOps, PyTorch",Startup
1564,AI Engineer,USA,Entry,47494,"Python, Data Visualization, Computer Vision",Mid-size
1565,ML Engineer,UK,Mid,65790,"Computer Vision, Data Visualization, Statistics",Enterprise
1566,AI Engineer,USA,Mid,75297,"SQL, Statistics, MLOps",Enterprise
1567,Data Analyst,UK,Entry,40543,"Statistics, MLOps, PyTorch",Mid-size
1568,Research Scientist,Germany,Senior,94933,"Python, Computer Vision, TensorFlow",Startup
1569,ML Engineer,Canada,Entry,50339,"PyTorch, TensorFlow, NLP",Startup
1570,Research Scientist,Germany,Entry,28975,"PyTorch, SQL, MLOps",Mid-size
1571,NLP Engineer,Canada,Senior,122045,"NLP, PyTorch, Python",Startup
1572,Data Analyst,India,Senior,38545,"Deep Learning, Python, NLP",Enterprise
1573,Data Analyst,Canada,Senior,100024,"TensorFlow, NLP, Python",Mid-size
1574,ML Engineer,USA,Entry,53152,"Deep Learning, MLOps, NLP",Enterprise
1575,Research Scientist,India,Mid,29106,"Data Visualization, PyTorch, NLP",Startup
1576,Computer Vision Engineer,Germany,Entry,37416,"NLP, MLOps, Deep Learning",Enterprise
1577,Research Scientist,Canada,Senior,127040,"Deep Learning, SQL, Statistics",Mid-size
1578,NLP Engineer,UK,Entry,43165,"Computer Vision, PyTorch, NLP",Startup
1579,AI Engineer,Canada,Entry,42067,"Computer Vision, Python, PyTorch",Mid-size
1580,NLP Engineer,UK,Mid,60374,"Data Visualization, MLOps, SQL",Startup
1581,NLP Engineer,India,Entry,11472,"Python, TensorFlow, SQL",Enterprise
1582,ML Engineer,Australia,Mid,93753,"Statistics, Data Visualization, TensorFlow",Mid-size
1583,Data Scientist,Germany,Entry,49876,"Deep Learning, SQL, Computer Vision",Startup
1584,Data Analyst,UK,Senior,139281,"NLP, Data Visualization, Computer Vision",Enterprise
1585,Computer Vision Engineer,Canada,Mid,81988,"Data Visualization, NLP, SQL",Startup
1586,Research Scientist,UK,Entry,36527,"Data Visualization, Python, PyTorch",Mid-size
1587,Computer Vision Engineer,USA,Senior,146197,"PyTorch, TensorFlow, SQL",Startup
1588,Data Scientist,Canada,Lead,211805,"MLOps, Statistics, Deep Learning",Startup
1589,AI Engineer,USA,Lead,182380,"SQL, NLP, Computer Vision",Startup
1590,Data Scientist,Australia,Lead,154352,"Python, NLP, PyTorch",Startup
1591,Data Analyst,India,Mid,31454,"MLOps, Deep Learning, NLP",Startup
1592,ML Engineer,India,Mid,28755,"TensorFlow, Data Visualization, NLP",Startup
1593,Computer Vision Engineer,India,Senior,51728,"Deep Learning, MLOps, Statistics",Startup
1594,Data Analyst,Germany,Lead,180130,"PyTorch, SQL, MLOps",Startup
1595,Computer Vision Engineer,Canada,Senior,120148,"Deep Learning, Data Visualization, MLOps",Startup
1596,Deep Learning Engineer,Germany,Mid,53009,"Python, MLOps, TensorFlow",Mid-size
1597,Deep Learning Engineer,Australia,Senior,101284,"Python, Computer Vision, MLOps",Startup
1598,Deep Learning Engineer,UK,Lead,144873,"TensorFlow, Python, MLOps",Mid-size
1599,Data Scientist,Canada,Entry,31498,"NLP, PyTorch, Deep Learning",Startup
1600,AI Engineer,UK,Mid,83783,"SQL, Deep Learning, TensorFlow",Mid-size
1601,Computer Vision Engineer,Germany,Mid,79092,"Data Visualization, Python, TensorFlow",Enterprise
1602,NLP Engineer,USA,Mid,85136,"Computer Vision, MLOps, Statistics",Enterprise
1603,Computer Vision Engineer,India,Senior,44426,"Statistics, Deep Learning, Data Visualization",Mid-size
1604,Data Scientist,UK,Mid,75097,"PyTorch, SQL, Data Visualization",Startup
1605,AI Engineer,UK,Mid,72191,"NLP, Python, Data Visualization",Startup
1606,Research Scientist,Australia,Entry,44592,"Python, MLOps, Deep Learning",Enterprise
1607,AI Engineer,Canada,Entry,39594,"Data Visualization, Python, Statistics",Mid-size
1608,ML Engineer,USA,Lead,176942,"TensorFlow, Deep Learning, Computer Vision",Enterprise
1609,Data Analyst,Germany,Mid,64859,"Python, Data Visualization, Deep Learning",Enterprise
1610,Deep Learning Engineer,India,Lead,77251,"NLP, Computer Vision, Data Visualization",Mid-size
1611,AI Engineer,UK,Entry,39053,"Statistics, PyTorch, NLP",Startup
1612,ML Engineer,UK,Entry,46327,"MLOps, TensorFlow, PyTorch",Mid-size
1613,Deep Learning Engineer,Germany,Lead,146135,"Deep Learning, PyTorch, TensorFlow",Startup
1614,Data Analyst,UK,Entry,25573,"TensorFlow, Data Visualization, NLP",Enterprise
1615,Research Scientist,Australia,Lead,213055,"MLOps, PyTorch, Statistics",Startup
1616,Computer Vision Engineer,India,Mid,31025,"Data Visualization, SQL, Computer Vision",Mid-size
1617,AI Engineer,India,Mid,23354,"TensorFlow, SQL, Statistics",Enterprise
1618,NLP Engineer,Germany,Mid,59615,"SQL, Deep Learning, NLP",Mid-size
1619,NLP Engineer,USA,Entry,37080,"Computer Vision, Deep Learning, TensorFlow",Enterprise
1620,Data Analyst,Canada,Lead,169424,"TensorFlow, Data Visualization, Computer Vision",Enterprise
1621,NLP Engineer,Germany,Senior,105886,"SQL, NLP, Computer Vision",Startup
1622,NLP Engineer,Canada,Mid,82781,"Statistics, NLP, Computer Vision",Enterprise
1623,Computer Vision Engineer,India,Mid,33350,"PyTorch, TensorFlow, Python",Enterprise
1624,Deep Learning Engineer,India,Mid,26702,"SQL, Statistics, NLP",Startup
1625,AI Engineer,Australia,Entry,47624,"TensorFlow, Computer Vision, Statistics",Enterprise
1626,Computer Vision Engineer,Germany,Mid,50864,"NLP, Python, SQL",Enterprise
1627,Data Analyst,Australia,Mid,78050,"SQL, Statistics, MLOps",Enterprise
1628,ML Engineer,UK,Mid,54054,"Statistics, NLP, SQL",Startup
1629,NLP Engineer,USA,Mid,80050,"Computer Vision, Statistics, Deep Learning",Startup
1630,ML Engineer,UK,Mid,84753,"TensorFlow, NLP, Deep Learning",Enterprise
1631,ML Engineer,UK,Mid,69162,"TensorFlow, MLOps, Deep Learning",Enterprise
1632,Computer Vision Engineer,India,Lead,74773,"TensorFlow, SQL, MLOps",Enterprise
1633,Deep Learning Engineer,UK,Mid,57754,"SQL, Deep Learning, Data Visualization",Startup
1634,AI Engineer,Australia,Lead,169827,"Python, Statistics, PyTorch",Mid-size
1635,Deep Learning Engineer,Germany,Lead,190733,"MLOps, Data Visualization, Python",Mid-size
1636,Data Analyst,Australia,Lead,183349,"SQL, Python, Computer Vision",Mid-size
1637,Deep Learning Engineer,USA,Entry,52785,"Computer Vision, Python, SQL",Mid-size
1638,Research Scientist,Germany,Mid,78572,"NLP, Deep Learning, SQL",Startup
1639,Computer Vision Engineer,Australia,Lead,205957,"Python, PyTorch, SQL",Mid-size
1640,NLP Engineer,Australia,Lead,198328,"MLOps, Deep Learning, Python",Mid-size
1641,Computer Vision Engineer,Australia,Mid,74830,"Deep Learning, NLP, Statistics",Mid-size
1642,Data Scientist,Australia,Entry,37491,"SQL, NLP, MLOps",Enterprise
1643,AI Engineer,Germany,Senior,96828,"Data Visualization, Python, Deep Learning",Mid-size
1644,Data Scientist,India,Mid,35639,"SQL, Python, NLP",Startup
1645,ML Engineer,Canada,Lead,213745,"MLOps, Data Visualization, Python",Mid-size
1646,Computer Vision Engineer,UK,Entry,30450,"SQL, Computer Vision, NLP",Mid-size
1647,Computer Vision Engineer,Australia,Senior,124469,"MLOps, Deep Learning, Python",Startup
1648,Research Scientist,Germany,Lead,193384,"PyTorch, Data Visualization, TensorFlow",Enterprise
1649,Deep Learning Engineer,USA,Mid,84828,"TensorFlow, Python, NLP",Enterprise
1650,NLP Engineer,Canada,Mid,68479,"Computer Vision, Deep Learning, NLP",Enterprise
1651,Research Scientist,India,Lead,67639,"PyTorch, NLP, Statistics",Mid-size
1652,Computer Vision Engineer,Germany,Entry,39730,"Python, Deep Learning, NLP",Startup
1653,ML Engineer,USA,Mid,89386,"MLOps, Python, TensorFlow",Startup
1654,NLP Engineer,Germany,Lead,141466,"NLP, Python, Deep Learning",Enterprise
1655,ML Engineer,USA,Entry,48409,"MLOps, PyTorch, Python",Startup
1656,NLP Engineer,UK,Mid,72886,"PyTorch, MLOps, Deep Learning",Enterprise
1657,ML Engineer,UK,Mid,51893,"TensorFlow, Data Visualization, Deep Learning",Mid-size
1658,Data Scientist,USA,Senior,149304,"PyTorch, Python, Computer Vision",Startup
1659,Computer Vision Engineer,UK,Lead,191064,"Deep Learning, MLOps, SQL",Enterprise
1660,NLP Engineer,Australia,Mid,64671,"Statistics, TensorFlow, Computer Vision",Mid-size
1661,Data Scientist,UK,Lead,149290,"NLP, Computer Vision, SQL",Mid-size
1662,Deep Learning Engineer,USA,Entry,30718,"SQL, PyTorch, Deep Learning",Mid-size
1663,ML Engineer,Canada,Lead,198165,"Statistics, TensorFlow, Data Visualization",Mid-size
1664,Computer Vision Engineer,Australia,Mid,76948,"Statistics, PyTorch, Computer Vision",Enterprise
1665,Data Analyst,USA,Lead,218444,"Computer Vision, PyTorch, Statistics",Startup
1666,Research Scientist,Germany,Entry,33778,"Computer Vision, SQL, Data Visualization",Startup
1667,Research Scientist,Australia,Lead,176909,"TensorFlow, PyTorch, NLP",Enterprise
1668,Data Scientist,India,Entry,8108,"SQL, PyTorch, Computer Vision",Startup
1669,Data Scientist,USA,Senior,133396,"Python, Computer Vision, Deep Learning",Startup
1670,Data Scientist,Germany,Entry,49293,"Statistics, Deep Learning, MLOps",Startup
1671,ML Engineer,India,Senior,55863,"Deep Learning, Statistics, NLP",Mid-size
1672,Data Scientist,UK,Senior,131203,"Data Visualization, SQL, Computer Vision",Mid-size
1673,Deep Learning Engineer,Canada,Senior,138993,"MLOps, NLP, Python",Enterprise
1674,AI Engineer,Australia,Lead,173333,"Statistics, NLP, Python",Enterprise
1675,Research Scientist,USA,Lead,194398,"TensorFlow, Computer Vision, Deep Learning",Mid-size
1676,Deep Learning Engineer,Australia,Senior,113331,"Data Visualization, SQL, Computer Vision",Mid-size
1677,Data Analyst,UK,Senior,95867,"PyTorch, Statistics, NLP",Mid-size
1678,Deep Learning Engineer,UK,Entry,21211,"NLP, Statistics, Data Visualization",Mid-size
1679,Data Analyst,Australia,Mid,64562,"TensorFlow, MLOps, Data Visualization",Mid-size
1680,Research Scientist,Germany,Mid,60310,"TensorFlow, Deep Learning, Statistics",Enterprise
1681,Data Scientist,USA,Mid,98715,"Computer Vision, PyTorch, Deep Learning",Enterprise
1682,ML Engineer,USA,Lead,175116,"PyTorch, SQL, MLOps",Mid-size
1683,Data Scientist,UK,Mid,50507,"Python, Data Visualization, SQL",Mid-size
1684,NLP Engineer,USA,Lead,176824,"SQL, Deep Learning, TensorFlow",Startup
1685,Research Scientist,USA,Senior,133080,"Python, SQL, PyTorch",Startup
1686,Data Analyst,India,Lead,67453,"Statistics, Python, Data Visualization",Mid-size
1687,ML Engineer,India,Senior,50593,"Python, TensorFlow, PyTorch",Startup
1688,Data Analyst,India,Entry,11134,"SQL, Data Visualization, NLP",Mid-size
1689,NLP Engineer,Canada,Entry,42392,"Statistics, Deep Learning, SQL",Mid-size
1690,Computer Vision Engineer,Australia,Entry,38993,"MLOps, Python, PyTorch",Startup
1691,NLP Engineer,UK,Lead,189593,"Data Visualization, PyTorch, TensorFlow",Startup
1692,Data Analyst,Canada,Mid,93955,"Data Visualization, NLP, Deep Learning",Mid-size
1693,Data Analyst,UK,Lead,151927,"NLP, Statistics, PyTorch",Mid-size
1694,Research Scientist,Germany,Senior,99316,"Python, PyTorch, Statistics",Mid-size
1695,Research Scientist,India,Mid,23173,"Data Visualization, PyTorch, Computer Vision",Enterprise
1696,Data Scientist,UK,Entry,27928,"TensorFlow, Statistics, NLP",Enterprise
1697,Data Scientist,USA,Entry,55347,"Deep Learning, TensorFlow, Data Visualization",Startup
1698,ML Engineer,Canada,Mid,74418,"Data Visualization, Python, Computer Vision",Mid-size
1699,ML Engineer,UK,Entry,29974,"Python, Data Visualization, SQL",Mid-size
1700,Research Scientist,Germany,Entry,21725,"Deep Learning, Computer Vision, SQL",Enterprise
1701,Data Scientist,USA,Senior,127866,"Python, Deep Learning, PyTorch",Startup
1702,Research Scientist,Canada,Senior,135507,"MLOps, Data Visualization, Deep Learning",Startup
1703,Research Scientist,Australia,Mid,90967,"Data Visualization, Deep Learning, TensorFlow",Enterprise
1704,Data Scientist,Australia,Senior,145035,"PyTorch, Python, TensorFlow",Mid-size
1705,Computer Vision Engineer,India,Senior,51806,"TensorFlow, Python, Statistics",Enterprise
1706,Data Analyst,Canada,Lead,182627,"Data Visualization, Statistics, TensorFlow",Startup
1707,Research Scientist,USA,Senior,160939,"Statistics, Deep Learning, MLOps",Mid-size
1708,ML Engineer,Canada,Lead,160377,"NLP, TensorFlow, Deep Learning",Enterprise
1709,Data Analyst,India,Mid,24986,"Deep Learning, Computer Vision, Data Visualization",Startup
1710,AI Engineer,India,Senior,38623,"Computer Vision, PyTorch, Data Visualization",Enterprise
1711,Deep Learning Engineer,Germany,Mid,80916,"Data Visualization, Computer Vision, Deep Learning",Enterprise
1712,NLP Engineer,India,Mid,24682,"Data Visualization, PyTorch, NLP",Enterprise
1713,Data Scientist,USA,Senior,139773,"Python, Deep Learning, Data Visualization",Enterprise
1714,Computer Vision Engineer,India,Mid,34065,"PyTorch, Python, Computer Vision",Mid-size
1715,ML Engineer,Australia,Entry,31048,"Data Visualization, Statistics, SQL",Mid-size
1716,Data Scientist,Germany,Entry,23365,"Statistics, MLOps, Computer Vision",Startup
1717,AI Engineer,UK,Senior,113047,"TensorFlow, Computer Vision, Python",Enterprise
1718,Computer Vision Engineer,India,Mid,23412,"PyTorch, SQL, NLP",Startup
1719,Data Analyst,USA,Lead,203797,"PyTorch, NLP, TensorFlow",Startup
1720,Research Scientist,UK,Lead,192719,"PyTorch, Data Visualization, TensorFlow",Startup
1721,Computer Vision Engineer,Australia,Senior,118140,"Python, NLP, Data Visualization",Startup
1722,Deep Learning Engineer,USA,Lead,221326,"TensorFlow, PyTorch, Python",Startup
1723,ML Engineer,Australia,Lead,187792,"Computer Vision, Deep Learning, SQL",Mid-size
1724,Data Scientist,USA,Senior,119804,"Computer Vision, TensorFlow, MLOps",Startup
1725,ML Engineer,USA,Senior,147687,"NLP, Python, Data Visualization",Mid-size
1726,AI Engineer,Australia,Senior,136902,"PyTorch, Deep Learning, Python",Mid-size
1727,ML Engineer,Australia,Mid,58229,"SQL, Deep Learning, Statistics",Mid-size
1728,AI Engineer,Canada,Senior,151874,"NLP, Data Visualization, PyTorch",Enterprise
1729,Data Scientist,Germany,Entry,47672,"SQL, NLP, PyTorch",Mid-size
1730,Computer Vision Engineer,USA,Lead,190332,"Deep Learning, TensorFlow, PyTorch",Enterprise
1731,Data Analyst,Canada,Senior,150426,"Data Visualization, Deep Learning, TensorFlow",Enterprise
1732,Research Scientist,USA,Mid,97141,"SQL, PyTorch, TensorFlow",Enterprise
1733,ML Engineer,Australia,Mid,62958,"Statistics, Data Visualization, Computer Vision",Startup
1734,ML Engineer,Germany,Lead,184463,"SQL, PyTorch, MLOps",Mid-size
1735,Research Scientist,India,Entry,15614,"SQL, TensorFlow, MLOps",Startup
1736,Data Analyst,USA,Entry,43075,"SQL, Data Visualization, TensorFlow",Enterprise
1737,Deep Learning Engineer,Australia,Lead,189324,"SQL, Statistics, PyTorch",Enterprise
1738,ML Engineer,India,Entry,9708,"Deep Learning, TensorFlow, Computer Vision",Startup
1739,Deep Learning Engineer,Germany,Entry,49809,"SQL, TensorFlow, NLP",Startup
1740,ML Engineer,UK,Lead,179449,"MLOps, Deep Learning, Data Visualization",Enterprise
1741,ML Engineer,UK,Mid,79709,"Data Visualization, Deep Learning, NLP",Startup
1742,AI Engineer,Australia,Senior,146564,"Computer Vision, Statistics, MLOps",Mid-size
1743,Deep Learning Engineer,USA,Senior,156524,"SQL, PyTorch, NLP",Startup
1744,Data Scientist,UK,Lead,195131,"Statistics, SQL, Deep Learning",Enterprise
1745,AI Engineer,UK,Lead,142962,"Statistics, NLP, Deep Learning",Mid-size
1746,AI Engineer,UK,Lead,145730,"PyTorch, Deep Learning, MLOps",Startup
1747,Data Analyst,USA,Lead,189090,"Python, SQL, NLP",Mid-size
1748,Deep Learning Engineer,UK,Entry,39023,"Python, SQL, Deep Learning",Mid-size
1749,AI Engineer,Canada,Senior,142382,"PyTorch, Python, TensorFlow",Mid-size
1750,Research Scientist,UK,Lead,142887,"MLOps, Deep Learning, TensorFlow",Enterprise
1751,Data Analyst,Australia,Mid,95539,"Python, PyTorch, TensorFlow",Enterprise
1752,ML Engineer,USA,Lead,231254,"NLP, Deep Learning, Computer Vision",Enterprise
1753,Data Analyst,Australia,Entry,33334,"MLOps, NLP, Python",Enterprise
1754,Research Scientist,USA,Senior,166802,"Deep Learning, SQL, PyTorch",Mid-size
1755,ML Engineer,Germany,Mid,83949,"TensorFlow, NLP, Computer Vision",Startup
1756,Research Scientist,India,Mid,22389,"Statistics, SQL, Data Visualization",Startup
1757,ML Engineer,USA,Entry,58780,"Computer Vision, NLP, Data Visualization",Mid-size
1758,Research Scientist,Australia,Mid,94330,"TensorFlow, Python, Computer Vision",Enterprise
1759,NLP Engineer,Australia,Entry,54997,"MLOps, PyTorch, Deep Learning",Startup
1760,Computer Vision Engineer,UK,Lead,158771,"Python, Deep Learning, SQL",Enterprise
1761,NLP Engineer,UK,Senior,132330,"Computer Vision, SQL, Python",Enterprise
1762,NLP Engineer,India,Mid,33969,"NLP, Python, Statistics",Enterprise
1763,Data Scientist,UK,Lead,188940,"Computer Vision, MLOps, PyTorch",Mid-size
1764,Data Analyst,UK,Lead,187204,"Data Visualization, Computer Vision, MLOps",Mid-size
1765,Research Scientist,UK,Senior,91627,"Statistics, TensorFlow, SQL",Enterprise
1766,ML Engineer,Canada,Lead,200729,"Statistics, SQL, MLOps",Mid-size
1767,NLP Engineer,UK,Lead,191448,"TensorFlow, Data Visualization, Computer Vision",Enterprise
1768,Research Scientist,UK,Senior,90901,"Data Visualization, TensorFlow, PyTorch",Startup
1769,NLP Engineer,Australia,Mid,74867,"TensorFlow, Computer Vision, MLOps",Mid-size
1770,Deep Learning Engineer,USA,Lead,189158,"SQL, Python, Computer Vision",Mid-size
1771,Deep Learning Engineer,Australia,Entry,53142,"MLOps, Data Visualization, Python",Startup
1772,Computer Vision Engineer,Australia,Entry,32401,"PyTorch, SQL, Data Visualization",Enterprise
1773,ML Engineer,Canada,Entry,52057,"MLOps, TensorFlow, Python",Startup
1774,Data Analyst,Australia,Mid,60063,"Computer Vision, PyTorch, Deep Learning",Mid-size
1775,NLP Engineer,Australia,Lead,154242,"PyTorch, Python, NLP",Startup
1776,Research Scientist,Canada,Mid,60299,"Data Visualization, Statistics, Python",Enterprise
1777,Data Scientist,Canada,Senior,119080,"Statistics, NLP, TensorFlow",Startup
1778,Data Scientist,India,Mid,20584,"SQL, Python, MLOps",Startup
1779,AI Engineer,USA,Lead,216006,"Data Visualization, SQL, Deep Learning",Enterprise
1780,ML Engineer,Australia,Lead,174880,"Computer Vision, Statistics, SQL",Mid-size
1781,AI Engineer,Germany,Senior,137645,"MLOps, Deep Learning, TensorFlow",Startup
1782,NLP Engineer,Canada,Mid,78578,"MLOps, PyTorch, Computer Vision",Enterprise
1783,Computer Vision Engineer,Germany,Senior,139630,"TensorFlow, MLOps, Computer Vision",Startup
1784,Data Scientist,USA,Senior,146716,"TensorFlow, PyTorch, Computer Vision",Startup
1785,Data Analyst,Canada,Mid,61926,"TensorFlow, Statistics, MLOps",Mid-size
1786,Research Scientist,Australia,Senior,105608,"SQL, TensorFlow, Deep Learning",Enterprise
1787,ML Engineer,Australia,Lead,154865,"Statistics, Computer Vision, Deep Learning",Startup
1788,NLP Engineer,USA,Mid,71847,"SQL, MLOps, PyTorch",Mid-size
1789,AI Engineer,India,Mid,34136,"SQL, Statistics, Data Visualization",Mid-size
1790,Data Scientist,Australia,Lead,177757,"NLP, TensorFlow, MLOps",Mid-size
1791,AI Engineer,India,Lead,75449,"Python, Deep Learning, Data Visualization",Mid-size
1792,Deep Learning Engineer,India,Mid,23013,"Data Visualization, PyTorch, MLOps",Enterprise
1793,Deep Learning Engineer,Canada,Entry,36604,"Deep Learning, Computer Vision, TensorFlow",Mid-size
1794,NLP Engineer,USA,Senior,128318,"SQL, TensorFlow, Deep Learning",Startup
1795,Research Scientist,USA,Mid,89577,"Data Visualization, SQL, Statistics",Startup
1796,AI Engineer,India,Lead,62869,"MLOps, PyTorch, NLP",Enterprise
1797,Computer Vision Engineer,India,Mid,25519,"SQL, NLP, Computer Vision",Mid-size
1798,Deep Learning Engineer,USA,Mid,84564,"NLP, Deep Learning, Python",Mid-size
1799,AI Engineer,USA,Lead,171354,"Deep Learning, SQL, Computer Vision",Enterprise
1800,Data Analyst,India,Mid,34942,"Deep Learning, Data Visualization, Statistics",Mid-size
1801,Deep Learning Engineer,USA,Lead,201626,"Computer Vision, PyTorch, Data Visualization",Mid-size
1802,Data Scientist,Australia,Mid,68167,"Statistics, SQL, Python",Mid-size
1803,Computer Vision Engineer,Canada,Lead,170705,"Statistics, PyTorch, Computer Vision",Mid-size
1804,NLP Engineer,Germany,Senior,95074,"Statistics, Computer Vision, PyTorch",Startup
1805,Computer Vision Engineer,Canada,Lead,191573,"Statistics, Computer Vision, MLOps",Enterprise
1806,Research Scientist,Canada,Mid,59662,"TensorFlow, Computer Vision, PyTorch",Enterprise
1807,Data Scientist,India,Mid,34055,"Computer Vision, MLOps, PyTorch",Mid-size
1808,Deep Learning Engineer,Canada,Lead,215864,"Statistics, SQL, NLP",Enterprise
1809,Data Analyst,India,Entry,10234,"Data Visualization, TensorFlow, Statistics",Enterprise
1810,ML Engineer,Canada,Mid,91000,"Python, Deep Learning, MLOps",Startup
1811,Research Scientist,Australia,Entry,45642,"NLP, Deep Learning, Python",Mid-size
1812,NLP Engineer,USA,Senior,127030,"PyTorch, TensorFlow, Python",Mid-size
1813,Data Scientist,Canada,Lead,191177,"TensorFlow, Python, MLOps",Mid-size
1814,Computer Vision Engineer,Australia,Lead,212458,"Data Visualization, NLP, SQL",Enterprise
1815,Computer Vision Engineer,India,Entry,19675,"PyTorch, TensorFlow, SQL",Enterprise
1816,Deep Learning Engineer,USA,Mid,61754,"Python, Data Visualization, SQL",Enterprise
1817,NLP Engineer,India,Lead,67251,"Python, Statistics, PyTorch",Startup
1818,Research Scientist,USA,Senior,115465,"NLP, TensorFlow, Computer Vision",Mid-size
1819,Deep Learning Engineer,Germany,Lead,191046,"SQL, TensorFlow, Python",Enterprise
1820,Deep Learning Engineer,India,Mid,21968,"NLP, MLOps, Python",Enterprise
1821,Deep Learning Engineer,Germany,Entry,30003,"MLOps, Deep Learning, NLP",Startup
1822,Data Analyst,India,Entry,14096,"PyTorch, Statistics, SQL",Enterprise
1823,Data Analyst,UK,Entry,36574,"Data Visualization, Deep Learning, TensorFlow",Startup
1824,NLP Engineer,Germany,Entry,31298,"TensorFlow, PyTorch, SQL",Startup
1825,NLP Engineer,UK,Senior,121973,"SQL, Deep Learning, Data Visualization",Startup
1826,Data Analyst,Australia,Senior,121008,"TensorFlow, NLP, Data Visualization",Mid-size
1827,Data Analyst,USA,Lead,178657,"TensorFlow, SQL, Python",Enterprise
1828,ML Engineer,Canada,Mid,61163,"TensorFlow, Python, Data Visualization",Startup
1829,Data Scientist,USA,Entry,50642,"SQL, Data Visualization, Deep Learning",Enterprise
1830,Data Analyst,UK,Mid,64559,"SQL, PyTorch, Python",Enterprise
1831,NLP Engineer,India,Lead,59322,"PyTorch, NLP, TensorFlow",Enterprise
1832,Deep Learning Engineer,USA,Mid,99856,"Deep Learning, Python, SQL",Mid-size
1833,Deep Learning Engineer,USA,Senior,165866,"TensorFlow, PyTorch, Statistics",Startup
1834,Data Analyst,Australia,Lead,207491,"TensorFlow, Statistics, PyTorch",Startup
1835,Deep Learning Engineer,India,Entry,16478,"PyTorch, Statistics, Python",Mid-size
1836,Research Scientist,Australia,Mid,98100,"NLP, TensorFlow, Statistics",Startup
1837,Computer Vision Engineer,USA,Entry,36583,"Statistics, PyTorch, NLP",Enterprise
1838,ML Engineer,Canada,Entry,45597,"Python, Statistics, TensorFlow",Enterprise
1839,Data Scientist,India,Senior,40057,"Deep Learning, Computer Vision, Python",Startup
1840,NLP Engineer,Australia,Lead,179638,"MLOps, Computer Vision, Deep Learning",Enterprise
1841,Data Scientist,Germany,Senior,116957,"Statistics, MLOps, TensorFlow",Startup
1842,Data Scientist,USA,Lead,200550,"Data Visualization, PyTorch, Statistics",Mid-size
1843,Deep Learning Engineer,India,Senior,42549,"PyTorch, Statistics, Deep Learning",Enterprise
1844,Deep Learning Engineer,USA,Senior,133234,"TensorFlow, MLOps, SQL",Enterprise
1845,ML Engineer,India,Lead,61467,"Computer Vision, SQL, Data Visualization",Mid-size
1846,Deep Learning Engineer,Australia,Mid,72556,"NLP, SQL, PyTorch",Enterprise
1847,AI Engineer,USA,Lead,201758,"Statistics, PyTorch, Computer Vision",Enterprise
1848,Data Scientist,USA,Entry,33541,"PyTorch, Statistics, SQL",Startup
1849,Computer Vision Engineer,Australia,Lead,199541,"PyTorch, Computer Vision, Data Visualization",Enterprise
1850,Data Analyst,Canada,Senior,134062,"MLOps, Statistics, Deep Learning",Mid-size
1851,NLP Engineer,Germany,Entry,26054,"Data Visualization, PyTorch, Deep Learning",Startup
1852,AI Engineer,USA,Lead,195422,"MLOps, PyTorch, TensorFlow",Enterprise
1853,Research Scientist,Australia,Entry,47982,"Computer Vision, Statistics, NLP",Startup
1854,Data Scientist,USA,Mid,93374,"Computer Vision, Deep Learning, SQL",Mid-size
1855,ML Engineer,Germany,Mid,51449,"Statistics, SQL, Deep Learning",Mid-size
1856,Deep Learning Engineer,Canada,Entry,30259,"Deep Learning, MLOps, PyTorch",Mid-size
1857,Data Analyst,UK,Lead,175693,"TensorFlow, Computer Vision, Statistics",Startup
1858,AI Engineer,Canada,Entry,32806,"Deep Learning, MLOps, PyTorch",Startup
1859,Research Scientist,Australia,Lead,166675,"Data Visualization, NLP, MLOps",Startup
1860,AI Engineer,Canada,Entry,33400,"Python, Statistics, Deep Learning",Enterprise
1861,AI Engineer,India,Senior,40160,"MLOps, NLP, TensorFlow",Enterprise
1862,NLP Engineer,USA,Entry,36414,"Python, Statistics, PyTorch",Mid-size
1863,AI Engineer,Canada,Senior,105141,"Statistics, TensorFlow, MLOps",Startup
1864,ML Engineer,Germany,Mid,56001,"Data Visualization, Deep Learning, MLOps",Enterprise
1865,Data Scientist,India,Mid,24681,"PyTorch, SQL, TensorFlow",Enterprise
1866,Research Scientist,USA,Lead,197695,"Deep Learning, Statistics, Python",Mid-size
1867,Data Analyst,India,Mid,34820,"MLOps, SQL, TensorFlow",Startup
1868,Data Scientist,Australia,Senior,111589,"NLP, Statistics, Computer Vision",Mid-size
1869,Data Scientist,UK,Mid,87729,"MLOps, Data Visualization, PyTorch",Mid-size
1870,Deep Learning Engineer,India,Entry,12020,"MLOps, Statistics, Data Visualization",Mid-size
1871,AI Engineer,USA,Senior,143989,"MLOps, Python, SQL",Mid-size
1872,Computer Vision Engineer,UK,Entry,24565,"Computer Vision, PyTorch, MLOps",Enterprise
1873,AI Engineer,USA,Lead,170184,"Data Visualization, TensorFlow, Statistics",Mid-size
1874,Data Analyst,India,Entry,15739,"NLP, Statistics, Computer Vision",Startup
1875,Deep Learning Engineer,Australia,Lead,202651,"Data Visualization, Deep Learning, Python",Mid-size
1876,Computer Vision Engineer,India,Lead,60878,"PyTorch, TensorFlow, NLP",Enterprise
1877,AI Engineer,UK,Mid,65424,"Python, MLOps, Statistics",Startup
1878,AI Engineer,USA,Mid,65557,"MLOps, TensorFlow, NLP",Mid-size
1879,NLP Engineer,UK,Senior,127845,"NLP, SQL, Python",Startup
1880,NLP Engineer,Australia,Entry,26144,"Data Visualization, Computer Vision, SQL",Startup
1881,Data Analyst,Australia,Lead,168020,"Python, NLP, Statistics",Startup
1882,Deep Learning Engineer,Canada,Senior,129866,"Computer Vision, Deep Learning, SQL",Enterprise
1883,ML Engineer,Australia,Senior,119945,"MLOps, Statistics, Python",Mid-size
1884,Data Analyst,India,Entry,13541,"Deep Learning, PyTorch, Computer Vision",Startup
1885,Research Scientist,Australia,Mid,59804,"PyTorch, TensorFlow, SQL",Startup
1886,AI Engineer,Canada,Entry,51803,"Deep Learning, Statistics, Python",Mid-size
1887,Data Scientist,UK,Mid,78610,"PyTorch, SQL, Data Visualization",Enterprise
1888,Data Scientist,USA,Lead,199297,"Deep Learning, TensorFlow, Computer Vision",Startup
1889,Data Analyst,UK,Senior,108300,"Data Visualization, Deep Learning, SQL",Startup
1890,ML Engineer,India,Senior,46612,"Computer Vision, TensorFlow, Statistics",Startup
1891,Research Scientist,UK,Entry,36562,"Data Visualization, Deep Learning, Computer Vision",Enterprise
1892,Deep Learning Engineer,Germany,Mid,73065,"Python, MLOps, NLP",Mid-size
1893,Deep Learning Engineer,Australia,Senior,132979,"Data Visualization, Computer Vision, Python",Enterprise
1894,Research Scientist,Australia,Senior,135632,"Data Visualization, Computer Vision, Python",Enterprise
1895,NLP Engineer,USA,Entry,28813,"Deep Learning, PyTorch, NLP",Enterprise
1896,Deep Learning Engineer,Germany,Lead,183459,"SQL, Computer Vision, NLP",Startup
1897,ML Engineer,Canada,Lead,190045,"PyTorch, Deep Learning, Python",Mid-size
1898,ML Engineer,India,Senior,41928,"NLP, PyTorch, Statistics",Enterprise
1899,Research Scientist,Canada,Lead,207313,"NLP, SQL, MLOps",Mid-size
1900,Data Analyst,Germany,Mid,60740,"Data Visualization, MLOps, NLP",Startup
1901,Data Scientist,Canada,Senior,114818,"NLP, SQL, Computer Vision",Startup
1902,Research Scientist,UK,Entry,25398,"Data Visualization, MLOps, Deep Learning",Enterprise
1903,ML Engineer,USA,Lead,227638,"TensorFlow, SQL, Statistics",Enterprise
1904,Deep Learning Engineer,Canada,Senior,126806,"NLP, Computer Vision, Data Visualization",Startup
1905,NLP Engineer,Germany,Lead,188257,"Python, TensorFlow, SQL",Startup
1906,Research Scientist,India,Mid,25680,"Statistics, TensorFlow, MLOps",Startup
1907,Computer Vision Engineer,UK,Mid,58997,"Computer Vision, Deep Learning, Statistics",Enterprise
1908,NLP Engineer,Canada,Senior,148035,"SQL, MLOps, Python",Mid-size
1909,AI Engineer,Germany,Mid,85228,"SQL, Computer Vision, PyTorch",Enterprise
1910,Data Analyst,Canada,Entry,43023,"NLP, Deep Learning, TensorFlow",Startup
1911,Computer Vision Engineer,USA,Lead,227721,"Computer Vision, SQL, TensorFlow",Startup
1912,NLP Engineer,Canada,Lead,200990,"PyTorch, Computer Vision, Python",Mid-size
1913,ML Engineer,India,Lead,70371,"NLP, Data Visualization, MLOps",Mid-size
1914,Data Scientist,Australia,Senior,149569,"Deep Learning, Python, MLOps",Enterprise
1915,NLP Engineer,USA,Entry,32518,"MLOps, SQL, Computer Vision",Mid-size
1916,Computer Vision Engineer,India,Senior,38320,"PyTorch, TensorFlow, SQL",Mid-size
1917,Deep Learning Engineer,Australia,Senior,139610,"Computer Vision, PyTorch, SQL",Enterprise
1918,ML Engineer,USA,Entry,46780,"SQL, MLOps, Deep Learning",Mid-size
1919,Data Analyst,USA,Mid,67008,"NLP, SQL, Statistics",Mid-size
1920,Data Scientist,UK,Mid,71118,"Statistics, Python, NLP",Startup
1921,Data Analyst,Germany,Entry,46636,"Deep Learning, MLOps, NLP",Mid-size
1922,Computer Vision Engineer,USA,Entry,51565,"NLP, Data Visualization, PyTorch",Startup
1923,Data Scientist,USA,Mid,61190,"SQL, Data Visualization, Statistics",Enterprise
1924,ML Engineer,UK,Mid,70906,"MLOps, NLP, Python",Mid-size
1925,NLP Engineer,Canada,Lead,203963,"PyTorch, TensorFlow, NLP",Enterprise
1926,ML Engineer,UK,Entry,35479,"NLP, Computer Vision, Data Visualization",Enterprise
1927,NLP Engineer,UK,Mid,69585,"SQL, Statistics, Computer Vision",Mid-size
1928,Data Scientist,Australia,Senior,142884,"MLOps, PyTorch, Statistics",Enterprise
1929,Data Scientist,Australia,Mid,72265,"Python, Statistics, PyTorch",Enterprise
1930,Computer Vision Engineer,India,Senior,43754,"Computer Vision, PyTorch, MLOps",Mid-size
1931,Data Scientist,Germany,Senior,102982,"PyTorch, Python, SQL",Startup
1932,ML Engineer,USA,Entry,24181,"Data Visualization, Deep Learning, MLOps",Enterprise
1933,Deep Learning Engineer,India,Mid,20859,"Computer Vision, MLOps, SQL",Startup
1934,Computer Vision Engineer,India,Lead,59570,"Python, Computer Vision, NLP",Enterprise
1935,Computer Vision Engineer,India,Mid,35972,"TensorFlow, Statistics, SQL",Mid-size
1936,NLP Engineer,Canada,Mid,90599,"Data Visualization, Deep Learning, Statistics",Mid-size
1937,Research Scientist,Germany,Entry,20154,"Statistics, Deep Learning, PyTorch",Startup
1938,Data Scientist,UK,Lead,153016,"PyTorch, Statistics, NLP",Enterprise
1939,Data Scientist,Germany,Lead,152379,"Deep Learning, Python, Computer Vision",Mid-size
1940,Data Analyst,Germany,Entry,35792,"Python, MLOps, Statistics",Mid-size
1941,Research Scientist,USA,Lead,204838,"SQL, Python, TensorFlow",Enterprise
1942,Research Scientist,Canada,Lead,217784,"TensorFlow, NLP, Statistics",Startup
1943,NLP Engineer,UK,Senior,119238,"Statistics, SQL, Data Visualization",Startup
1944,Data Analyst,Australia,Senior,122992,"Computer Vision, TensorFlow, Statistics",Enterprise
1945,Deep Learning Engineer,USA,Entry,53323,"PyTorch, Computer Vision, NLP",Enterprise
1946,ML Engineer,Australia,Mid,98756,"Data Visualization, TensorFlow, PyTorch",Startup
1947,Deep Learning Engineer,Germany,Lead,179472,"SQL, TensorFlow, Python",Startup
1948,ML Engineer,UK,Mid,73817,"NLP, Deep Learning, SQL",Enterprise
1949,Data Scientist,India,Entry,8057,"MLOps, Deep Learning, Data Visualization",Startup
1950,Data Analyst,India,Lead,71519,"SQL, Statistics, PyTorch",Enterprise
1951,NLP Engineer,Germany,Mid,63647,"MLOps, Deep Learning, Statistics",Mid-size
1952,AI Engineer,Australia,Entry,32503,"TensorFlow, Python, NLP",Mid-size
1953,NLP Engineer,India,Senior,37204,"NLP, TensorFlow, Computer Vision",Enterprise
1954,Deep Learning Engineer,USA,Senior,161943,"NLP, SQL, Python",Startup
1955,Data Analyst,Australia,Senior,105248,"SQL, Deep Learning, MLOps",Startup
1956,Computer Vision Engineer,Germany,Entry,41209,"Computer Vision, MLOps, Data Visualization",Mid-size
1957,Data Analyst,UK,Senior,133617,"MLOps, PyTorch, Data Visualization",Enterprise
1958,Deep Learning Engineer,Australia,Senior,146210,"Data Visualization, MLOps, Statistics",Enterprise
1959,ML Engineer,Australia,Senior,123875,"TensorFlow, NLP, PyTorch",Enterprise
1960,Computer Vision Engineer,USA,Entry,47592,"PyTorch, Statistics, SQL",Startup
1961,Computer Vision Engineer,Germany,Mid,81315,"SQL, TensorFlow, Data Visualization",Mid-size
1962,Deep Learning Engineer,Germany,Entry,26701,"Python, Data Visualization, Computer Vision",Enterprise
1963,AI Engineer,Germany,Mid,57489,"Statistics, MLOps, NLP",Mid-size
1964,Data Analyst,UK,Mid,52831,"TensorFlow, Data Visualization, Computer Vision",Startup
1965,Research Scientist,India,Mid,29925,"PyTorch, MLOps, NLP",Startup
1966,NLP Engineer,India,Lead,64263,"Data Visualization, SQL, Python",Startup
1967,Deep Learning Engineer,Canada,Entry,35651,"SQL, Python, Statistics",Startup
1968,Deep Learning Engineer,Germany,Senior,94575,"PyTorch, NLP, SQL",Startup
1969,Data Analyst,Australia,Lead,180076,"Data Visualization, Python, MLOps",Startup
1970,AI Engineer,Canada,Mid,80172,"NLP, PyTorch, SQL",Mid-size
1971,Computer Vision Engineer,Australia,Entry,34465,"Data Visualization, Deep Learning, NLP",Enterprise
1972,Research Scientist,Australia,Senior,99587,"SQL, Deep Learning, Python",Enterprise
1973,Research Scientist,Canada,Entry,25700,"PyTorch, Data Visualization, MLOps",Mid-size
1974,Deep Learning Engineer,Canada,Lead,176991,"NLP, Data Visualization, Computer Vision",Startup
1975,Computer Vision Engineer,Canada,Senior,153585,"Deep Learning, Data Visualization, PyTorch",Enterprise
1976,Deep Learning Engineer,India,Mid,34997,"Python, Statistics, PyTorch",Mid-size
1977,NLP Engineer,India,Mid,28042,"TensorFlow, Data Visualization, PyTorch",Enterprise
1978,Computer Vision Engineer,UK,Entry,23309,"Statistics, Python, MLOps",Enterprise
1979,NLP Engineer,Canada,Senior,147361,"PyTorch, Deep Learning, MLOps",Enterprise
1980,ML Engineer,Germany,Senior,129691,"NLP, Computer Vision, SQL",Startup
1981,Data Scientist,Canada,Mid,88907,"Computer Vision, Deep Learning, Python",Enterprise
1982,Research Scientist,UK,Lead,172786,"TensorFlow, SQL, PyTorch",Enterprise
1983,Data Analyst,Australia,Senior,122742,"Python, Statistics, Data Visualization",Startup
1984,Data Analyst,Germany,Lead,144732,"TensorFlow, PyTorch, Computer Vision",Mid-size
1985,Data Scientist,Germany,Senior,129563,"TensorFlow, Python, Deep Learning",Startup
1986,NLP Engineer,Germany,Mid,52567,"PyTorch, SQL, Data Visualization",Mid-size
1987,Computer Vision Engineer,India,Lead,67656,"Statistics, Computer Vision, PyTorch",Enterprise
1988,Deep Learning Engineer,USA,Senior,114152,"Computer Vision, Statistics, TensorFlow",Enterprise
1989,Deep Learning Engineer,Germany,Senior,103749,"Statistics, Data Visualization, MLOps",Mid-size
1990,Research Scientist,UK,Entry,29045,"NLP, Data Visualization, Deep Learning",Startup
1991,Data Analyst,Germany,Entry,28669,"MLOps, Data Visualization, Statistics",Enterprise
1992,Computer Vision Engineer,Australia,Entry,29697,"MLOps, Computer Vision, TensorFlow",Mid-size
1993,Deep Learning Engineer,Australia,Mid,78976,"Statistics, Computer Vision, Deep Learning",Enterprise
1994,Computer Vision Engineer,UK,Entry,32373,"TensorFlow, MLOps, Python",Enterprise
1995,AI Engineer,Australia,Senior,108276,"MLOps, Data Visualization, Statistics",Mid-size
1996,ML Engineer,Canada,Senior,152071,"Computer Vision, Deep Learning, PyTorch",Mid-size
1997,Research Scientist,Australia,Entry,30892,"MLOps, SQL, TensorFlow",Startup
1998,Research Scientist,USA,Entry,31440,"Python, Computer Vision, Deep Learning",Enterprise
1999,Research Scientist,Australia,Lead,177434,"PyTorch, Deep Learning, Python",Mid-size
2000,Data Analyst,Australia,Lead,214595,"MLOps, Deep Learning, PyTorch",Mid-size
2001,AI Engineer,USA,Lead,185098,"PyTorch, MLOps, Python",Mid-size
2002,Data Analyst,Australia,Senior,140476,"Data Visualization, TensorFlow, Computer Vision",Mid-size
2003,NLP Engineer,Germany,Mid,88968,"PyTorch, Deep Learning, SQL",Enterprise
2004,NLP Engineer,India,Senior,44920,"TensorFlow, NLP, Data Visualization",Startup
2005,Computer Vision Engineer,Canada,Senior,130856,"PyTorch, NLP, Statistics",Mid-size
2006,Data Scientist,Canada,Lead,210570,"TensorFlow, Deep Learning, Computer Vision",Enterprise
2007,Research Scientist,India,Entry,17510,"Data Visualization, Deep Learning, Python",Mid-size
2008,ML Engineer,USA,Mid,68072,"TensorFlow, SQL, Computer Vision",Enterprise
2009,ML Engineer,USA,Lead,217674,"TensorFlow, MLOps, Computer Vision",Mid-size
2010,Data Scientist,Australia,Lead,204864,"TensorFlow, NLP, Data Visualization",Mid-size
2011,NLP Engineer,Australia,Senior,116814,"Statistics, Data Visualization, Deep Learning",Enterprise
2012,Data Scientist,India,Mid,35648,"PyTorch, Computer Vision, Python",Mid-size
2013,Computer Vision Engineer,Germany,Mid,72223,"MLOps, Statistics, TensorFlow",Startup
2014,Research Scientist,UK,Entry,41271,"PyTorch, SQL, MLOps",Startup
2015,NLP Engineer,UK,Entry,21927,"Data Visualization, PyTorch, Python",Startup
2016,AI Engineer,UK,Senior,111917,"Computer Vision, SQL, Statistics",Enterprise
2017,AI Engineer,USA,Senior,111195,"TensorFlow, Python, MLOps",Startup
2018,AI Engineer,Australia,Senior,103024,"PyTorch, Statistics, MLOps",Startup
2019,Research Scientist,Canada,Senior,124433,"Computer Vision, Deep Learning, Statistics",Mid-size
2020,AI Engineer,UK,Mid,61221,"MLOps, Deep Learning, PyTorch",Enterprise
2021,Data Analyst,UK,Entry,25092,"Statistics, SQL, MLOps",Mid-size
2022,Computer Vision Engineer,UK,Entry,33515,"Data Visualization, Computer Vision, Deep Learning",Startup
2023,Data Scientist,Germany,Lead,143044,"Python, Computer Vision, MLOps",Startup
2024,Data Scientist,Germany,Senior,101593,"Computer Vision, Deep Learning, MLOps",Startup
2025,ML Engineer,UK,Lead,171085,"Deep Learning, Data Visualization, NLP",Enterprise
2026,Computer Vision Engineer,Germany,Mid,50654,"Python, Statistics, PyTorch",Mid-size
2027,AI Engineer,Germany,Mid,87927,"Deep Learning, SQL, Computer Vision",Enterprise
2028,Data Scientist,UK,Lead,188867,"MLOps, SQL, Deep Learning",Enterprise
2029,Deep Learning Engineer,USA,Lead,195045,"NLP, PyTorch, Data Visualization",Enterprise
2030,Data Scientist,UK,Lead,163023,"SQL, TensorFlow, Python",Mid-size
2031,Computer Vision Engineer,Germany,Senior,107392,"TensorFlow, NLP, Data Visualization",Enterprise
2032,Computer Vision Engineer,Germany,Mid,76535,"NLP, Python, MLOps",Mid-size
2033,Computer Vision Engineer,Canada,Senior,144335,"Computer Vision, NLP, PyTorch",Enterprise
2034,Research Scientist,UK,Mid,81390,"Computer Vision, NLP, Data Visualization",Enterprise
2035,NLP Engineer,USA,Mid,96356,"PyTorch, MLOps, SQL",Enterprise
2036,ML Engineer,USA,Lead,180915,"Computer Vision, Python, TensorFlow",Startup
2037,Data Scientist,India,Senior,43674,"MLOps, NLP, Data Visualization",Enterprise
2038,Deep Learning Engineer,Australia,Senior,117130,"Data Visualization, Deep Learning, SQL",Startup
2039,Deep Learning Engineer,Australia,Mid,55964,"Data Visualization, NLP, Statistics",Mid-size
2040,Data Scientist,India,Mid,27108,"NLP, PyTorch, Statistics",Startup
2041,NLP Engineer,India,Senior,49588,"SQL, Computer Vision, TensorFlow",Startup
2042,Data Analyst,Australia,Mid,68014,"Computer Vision, MLOps, Data Visualization",Mid-size
2043,Data Analyst,Canada,Mid,82877,"MLOps, Python, Deep Learning",Mid-size
2044,Research Scientist,USA,Entry,31824,"MLOps, SQL, Computer Vision",Mid-size
2045,Data Scientist,Canada,Entry,46503,"Statistics, SQL, PyTorch",Startup
2046,Data Analyst,UK,Senior,131973,"MLOps, NLP, Python",Mid-size
2047,AI Engineer,Australia,Mid,59383,"Data Visualization, Statistics, Computer Vision",Startup
2048,Deep Learning Engineer,UK,Lead,166019,"Computer Vision, Statistics, PyTorch",Startup
2049,AI Engineer,Australia,Senior,153696,"SQL, TensorFlow, NLP",Startup
2050,Data Analyst,UK,Senior,126770,"Statistics, Data Visualization, PyTorch",Mid-size
2051,ML Engineer,USA,Mid,96393,"Data Visualization, PyTorch, NLP",Startup
2052,Research Scientist,UK,Mid,84765,"PyTorch, Deep Learning, SQL",Mid-size
2053,Deep Learning Engineer,Germany,Lead,167675,"PyTorch, Deep Learning, Statistics",Startup
2054,AI Engineer,Canada,Lead,198619,"Deep Learning, Computer Vision, MLOps",Mid-size
2055,NLP Engineer,India,Mid,27670,"Deep Learning, Python, Computer Vision",Mid-size
2056,NLP Engineer,Germany,Entry,44336,"NLP, Computer Vision, MLOps",Mid-size
2057,ML Engineer,Canada,Mid,86166,"Computer Vision, TensorFlow, PyTorch",Enterprise
2058,Deep Learning Engineer,India,Mid,22226,"Data Visualization, TensorFlow, NLP",Startup
2059,Computer Vision Engineer,Canada,Senior,150878,"Data Visualization, Computer Vision, Statistics",Enterprise
2060,Data Analyst,India,Senior,40729,"MLOps, PyTorch, TensorFlow",Mid-size
2061,NLP Engineer,India,Mid,20971,"Deep Learning, Computer Vision, MLOps",Startup
2062,Data Analyst,UK,Mid,52607,"Computer Vision, Deep Learning, NLP",Enterprise
2063,Research Scientist,Canada,Senior,122284,"SQL, Data Visualization, MLOps",Startup
2064,AI Engineer,UK,Lead,145580,"Python, Deep Learning, NLP",Enterprise
2065,AI Engineer,India,Mid,29636,"Data Visualization, TensorFlow, PyTorch",Enterprise
2066,Research Scientist,Canada,Lead,157840,"PyTorch, Deep Learning, SQL",Enterprise
2067,Deep Learning Engineer,Australia,Senior,116300,"PyTorch, NLP, MLOps",Startup
2068,Deep Learning Engineer,Canada,Mid,97375,"NLP, MLOps, TensorFlow",Mid-size
2069,Computer Vision Engineer,Germany,Senior,129619,"PyTorch, MLOps, SQL",Startup
2070,Computer Vision Engineer,Australia,Senior,102648,"Data Visualization, Statistics, PyTorch",Enterprise
2071,Research Scientist,India,Lead,57222,"Data Visualization, PyTorch, MLOps",Startup
2072,AI Engineer,Australia,Mid,95915,"MLOps, SQL, Computer Vision",Mid-size
2073,NLP Engineer,India,Senior,46817,"MLOps, Python, Data Visualization",Mid-size
2074,NLP Engineer,USA,Mid,78186,"TensorFlow, Deep Learning, Python",Enterprise
2075,Research Scientist,USA,Entry,52621,"TensorFlow, NLP, SQL",Startup
2076,Deep Learning Engineer,UK,Lead,144150,"PyTorch, MLOps, TensorFlow",Mid-size
2077,NLP Engineer,Australia,Entry,36371,"MLOps, NLP, Statistics",Enterprise
2078,Data Analyst,Australia,Lead,203413,"TensorFlow, Computer Vision, Statistics",Startup
2079,Computer Vision Engineer,Australia,Entry,47213,"TensorFlow, SQL, PyTorch",Enterprise
2080,Deep Learning Engineer,India,Mid,25375,"Deep Learning, Data Visualization, PyTorch",Mid-size
2081,Data Analyst,USA,Entry,54950,"PyTorch, Python, Data Visualization",Enterprise
2082,Research Scientist,Canada,Entry,49126,"Statistics, TensorFlow, Deep Learning",Mid-size
2083,Deep Learning Engineer,Australia,Senior,115535,"NLP, Computer Vision, SQL",Mid-size
2084,Deep Learning Engineer,UK,Mid,53516,"NLP, Python, Computer Vision",Mid-size
2085,NLP Engineer,Canada,Mid,88297,"PyTorch, Python, Data Visualization",Startup
2086,Data Scientist,Australia,Entry,39613,"NLP, TensorFlow, Statistics",Startup
2087,Data Scientist,Australia,Mid,98045,"PyTorch, Computer Vision, Data Visualization",Mid-size
2088,Computer Vision Engineer,UK,Entry,23875,"Python, PyTorch, SQL",Enterprise
2089,Research Scientist,UK,Mid,66645,"Python, NLP, MLOps",Startup
2090,ML Engineer,India,Lead,61537,"Statistics, Computer Vision, PyTorch",Enterprise
2091,ML Engineer,India,Entry,17866,"NLP, Deep Learning, Statistics",Startup
2092,AI Engineer,UK,Entry,23443,"TensorFlow, Data Visualization, MLOps",Enterprise
2093,NLP Engineer,USA,Lead,223930,"Deep Learning, Python, TensorFlow",Mid-size
2094,Data Analyst,USA,Mid,76825,"MLOps, PyTorch, Statistics",Enterprise
2095,Data Scientist,UK,Lead,198560,"Statistics, Python, MLOps",Enterprise
2096,Deep Learning Engineer,India,Lead,64302,"Data Visualization, NLP, SQL",Enterprise
2097,Data Analyst,USA,Entry,32872,"PyTorch, MLOps, Python",Startup
2098,AI Engineer,Germany,Lead,193228,"Deep Learning, Data Visualization, SQL",Enterprise
2099,Data Scientist,Germany,Lead,167307,"PyTorch, SQL, Data Visualization",Startup
2100,Computer Vision Engineer,UK,Mid,74502,"MLOps, Computer Vision, Statistics",Mid-size
2101,Data Analyst,India,Lead,71353,"Deep Learning, Computer Vision, MLOps",Enterprise
2102,ML Engineer,Canada,Mid,93517,"SQL, PyTorch, Computer Vision",Enterprise
2103,Data Analyst,UK,Senior,98695,"Computer Vision, Statistics, PyTorch",Enterprise
2104,Research Scientist,India,Senior,42679,"Computer Vision, Python, PyTorch",Enterprise
2105,ML Engineer,Australia,Senior,139860,"Deep Learning, NLP, PyTorch",Startup
2106,Data Scientist,UK,Lead,186098,"NLP, PyTorch, TensorFlow",Startup
2107,Deep Learning Engineer,India,Senior,44787,"Data Visualization, Python, Statistics",Mid-size
2108,Data Analyst,USA,Senior,114804,"Computer Vision, SQL, TensorFlow",Startup
2109,Research Scientist,Canada,Lead,212458,"TensorFlow, PyTorch, Statistics",Startup
2110,Computer Vision Engineer,Australia,Lead,209922,"Statistics, Deep Learning, Data Visualization",Startup
2111,NLP Engineer,India,Entry,9643,"NLP, PyTorch, MLOps",Enterprise
2112,NLP Engineer,UK,Senior,127661,"SQL, PyTorch, NLP",Startup
2113,Data Analyst,India,Mid,31303,"Data Visualization, MLOps, Statistics",Mid-size
2114,Data Scientist,USA,Mid,83748,"Python, NLP, TensorFlow",Enterprise
2115,NLP Engineer,Canada,Lead,209991,"PyTorch, MLOps, TensorFlow",Mid-size
2116,ML Engineer,USA,Senior,130987,"Python, Statistics, Deep Learning",Mid-size
2117,NLP Engineer,India,Entry,13777,"PyTorch, Computer Vision, Deep Learning",Startup
2118,ML Engineer,USA,Mid,101541,"TensorFlow, Statistics, Python",Mid-size
2119,Data Scientist,Canada,Mid,72931,"MLOps, TensorFlow, Deep Learning",Startup
2120,Deep Learning Engineer,Canada,Mid,73015,"TensorFlow, MLOps, Data Visualization",Enterprise
2121,AI Engineer,UK,Senior,116183,"PyTorch, TensorFlow, Statistics",Mid-size
2122,Research Scientist,India,Entry,8600,"SQL, MLOps, Python",Mid-size
2123,NLP Engineer,Germany,Senior,104266,"PyTorch, TensorFlow, Deep Learning",Enterprise
2124,Data Scientist,Australia,Senior,107103,"SQL, Statistics, Computer Vision",Mid-size
2125,Computer Vision Engineer,USA,Mid,102434,"TensorFlow, Computer Vision, Statistics",Enterprise
2126,Data Scientist,Australia,Senior,138937,"PyTorch, MLOps, NLP",Mid-size
2127,NLP Engineer,Australia,Lead,161015,"Statistics, SQL, Computer Vision",Startup
2128,Deep Learning Engineer,India,Mid,24568,"Data Visualization, Statistics, MLOps",Startup
2129,ML Engineer,USA,Mid,75816,"Python, Computer Vision, SQL",Enterprise
2130,NLP Engineer,Australia,Mid,81415,"NLP, SQL, Computer Vision",Mid-size
2131,Deep Learning Engineer,Germany,Mid,72200,"MLOps, NLP, Python",Startup
2132,AI Engineer,Canada,Lead,212767,"MLOps, NLP, Data Visualization",Enterprise
2133,Data Scientist,Germany,Senior,96523,"Computer Vision, SQL, NLP",Enterprise
2134,Data Scientist,USA,Lead,195588,"SQL, MLOps, Statistics",Startup
2135,Computer Vision Engineer,UK,Entry,49661,"Deep Learning, SQL, PyTorch",Mid-size
2136,Data Analyst,UK,Entry,25315,"NLP, TensorFlow, Computer Vision",Enterprise
2137,Research Scientist,Australia,Entry,41674,"Deep Learning, Python, NLP",Startup
2138,ML Engineer,Canada,Senior,135824,"Data Visualization, Computer Vision, MLOps",Mid-size
2139,Computer Vision Engineer,Germany,Senior,102601,"Data Visualization, SQL, Python",Enterprise
2140,Data Scientist,India,Senior,50148,"Deep Learning, PyTorch, Data Visualization",Enterprise
2141,Data Scientist,Australia,Mid,77885,"SQL, Python, TensorFlow",Mid-size
2142,Deep Learning Engineer,Australia,Lead,174509,"TensorFlow, SQL, Statistics",Startup
2143,ML Engineer,Canada,Mid,68008,"TensorFlow, Python, PyTorch",Mid-size
2144,ML Engineer,Canada,Entry,42639,"Data Visualization, MLOps, NLP",Mid-size
2145,Data Scientist,Canada,Senior,140732,"Data Visualization, NLP, TensorFlow",Startup
2146,NLP Engineer,USA,Mid,91882,"Data Visualization, Deep Learning, Computer Vision",Enterprise
2147,Data Scientist,USA,Mid,94737,"PyTorch, Statistics, TensorFlow",Enterprise
2148,ML Engineer,Germany,Entry,23587,"SQL, Python, Statistics",Mid-size
2149,AI Engineer,UK,Mid,73544,"Computer Vision, TensorFlow, PyTorch",Startup
2150,Research Scientist,India,Senior,45258,"NLP, Python, SQL",Enterprise
2151,AI Engineer,Germany,Lead,140845,"SQL, Statistics, PyTorch",Enterprise
2152,ML Engineer,UK,Entry,21164,"PyTorch, NLP, MLOps",Startup
2153,AI Engineer,Germany,Lead,143832,"TensorFlow, Data Visualization, Computer Vision",Enterprise
2154,NLP Engineer,Canada,Entry,35713,"Data Visualization, SQL, PyTorch",Mid-size
2155,Computer Vision Engineer,Australia,Lead,218321,"NLP, Deep Learning, Computer Vision",Enterprise
2156,Deep Learning Engineer,India,Lead,67645,"Deep Learning, Computer Vision, SQL",Enterprise
2157,AI Engineer,Australia,Mid,70860,"Python, Deep Learning, PyTorch",Startup
2158,ML Engineer,Canada,Senior,100702,"Python, NLP, MLOps",Mid-size
2159,ML Engineer,Germany,Lead,173407,"TensorFlow, Data Visualization, Deep Learning",Enterprise
2160,Computer Vision Engineer,India,Entry,8068,"Computer Vision, Statistics, TensorFlow",Startup
2161,Computer Vision Engineer,Australia,Entry,49601,"MLOps, SQL, Statistics",Mid-size
2162,NLP Engineer,India,Entry,18602,"Computer Vision, Python, Statistics",Enterprise
2163,AI Engineer,Canada,Mid,72155,"Data Visualization, MLOps, Computer Vision",Mid-size
2164,Data Analyst,India,Mid,21114,"Data Visualization, MLOps, Deep Learning",Startup
2165,Computer Vision Engineer,Australia,Mid,98237,"SQL, Data Visualization, MLOps",Startup
2166,Deep Learning Engineer,Germany,Mid,53990,"Deep Learning, MLOps, Data Visualization",Enterprise
2167,AI Engineer,Germany,Lead,149979,"Data Visualization, TensorFlow, Computer Vision",Mid-size
2168,NLP Engineer,Canada,Senior,130156,"Data Visualization, Computer Vision, NLP",Mid-size
2169,Computer Vision Engineer,UK,Entry,49747,"PyTorch, Computer Vision, SQL",Enterprise
2170,Computer Vision Engineer,India,Senior,37133,"TensorFlow, Deep Learning, NLP",Startup
2171,ML Engineer,Germany,Mid,64116,"Statistics, Computer Vision, TensorFlow",Enterprise
2172,Data Analyst,UK,Entry,49150,"PyTorch, SQL, TensorFlow",Startup
2173,ML Engineer,USA,Senior,163654,"Computer Vision, NLP, MLOps",Enterprise
2174,Computer Vision Engineer,Germany,Entry,44662,"Computer Vision, Deep Learning, Statistics",Enterprise
2175,ML Engineer,Germany,Entry,43909,"Computer Vision, Statistics, MLOps",Startup
2176,Computer Vision Engineer,Australia,Senior,119147,"PyTorch, SQL, Data Visualization",Enterprise
2177,Computer Vision Engineer,USA,Entry,28242,"Statistics, Python, Deep Learning",Mid-size
2178,Data Scientist,USA,Entry,40083,"Data Visualization, MLOps, Computer Vision",Enterprise
2179,Computer Vision Engineer,Canada,Lead,216965,"SQL, Statistics, Deep Learning",Enterprise
2180,Data Analyst,USA,Senior,131570,"SQL, Data Visualization, TensorFlow",Startup
2181,Research Scientist,Canada,Lead,197613,"SQL, PyTorch, NLP",Enterprise
2182,AI Engineer,Australia,Entry,25999,"Computer Vision, Statistics, MLOps",Enterprise
2183,Data Analyst,India,Mid,27324,"Statistics, MLOps, Computer Vision",Enterprise
2184,Computer Vision Engineer,Australia,Mid,96250,"Computer Vision, SQL, MLOps",Mid-size
2185,Data Scientist,UK,Senior,137997,"SQL, Deep Learning, MLOps",Startup
2186,Computer Vision Engineer,India,Lead,70074,"NLP, Data Visualization, PyTorch",Startup
2187,Data Analyst,UK,Mid,51893,"Python, SQL, Statistics",Enterprise
2188,Deep Learning Engineer,Australia,Mid,74259,"Deep Learning, NLP, Statistics",Mid-size
2189,Computer Vision Engineer,Australia,Entry,39075,"Data Visualization, PyTorch, NLP",Mid-size
2190,Deep Learning Engineer,Canada,Mid,82524,"Computer Vision, SQL, PyTorch",Mid-size
2191,AI Engineer,Australia,Mid,94283,"PyTorch, NLP, Computer Vision",Mid-size
2192,Research Scientist,Australia,Entry,31665,"PyTorch, Data Visualization, Deep Learning",Mid-size
2193,NLP Engineer,Germany,Lead,175775,"MLOps, Computer Vision, Data Visualization",Startup
2194,Data Scientist,Australia,Entry,23065,"Python, Computer Vision, Data Visualization",Enterprise
2195,Deep Learning Engineer,India,Entry,8091,"NLP, TensorFlow, Statistics",Startup
2196,Data Scientist,USA,Lead,168057,"TensorFlow, SQL, PyTorch",Startup
2197,Data Scientist,Australia,Lead,191110,"SQL, Data Visualization, NLP",Mid-size
2198,Computer Vision Engineer,India,Entry,19214,"SQL, MLOps, PyTorch",Enterprise
2199,Computer Vision Engineer,UK,Entry,31609,"PyTorch, Deep Learning, TensorFlow",Startup
2200,Data Analyst,Germany,Senior,120461,"Statistics, SQL, TensorFlow",Enterprise
2201,Computer Vision Engineer,Australia,Mid,80501,"MLOps, Python, PyTorch",Enterprise
2202,AI Engineer,Germany,Senior,120766,"PyTorch, MLOps, Python",Enterprise
2203,Research Scientist,USA,Senior,118078,"NLP, Data Visualization, Statistics",Startup
2204,Computer Vision Engineer,Germany,Mid,66821,"Statistics, TensorFlow, SQL",Startup
2205,Data Scientist,USA,Mid,94172,"Statistics, MLOps, TensorFlow",Startup
2206,Data Analyst,Canada,Lead,157105,"Python, TensorFlow, PyTorch",Mid-size
2207,ML Engineer,Germany,Entry,42112,"TensorFlow, PyTorch, NLP",Startup
2208,Computer Vision Engineer,USA,Lead,203622,"Data Visualization, Computer Vision, Python",Mid-size
2209,AI Engineer,Australia,Senior,145674,"SQL, Statistics, PyTorch",Enterprise
2210,AI Engineer,USA,Senior,155991,"MLOps, SQL, TensorFlow",Mid-size
2211,Research Scientist,Canada,Senior,153731,"TensorFlow, SQL, Statistics",Startup
2212,NLP Engineer,Germany,Entry,48424,"Data Visualization, MLOps, NLP",Enterprise
2213,Data Analyst,India,Mid,29657,"TensorFlow, Deep Learning, Data Visualization",Mid-size
2214,Data Scientist,Canada,Mid,59196,"SQL, Statistics, NLP",Startup
2215,Computer Vision Engineer,Germany,Entry,24709,"PyTorch, Data Visualization, Deep Learning",Mid-size
2216,ML Engineer,Germany,Entry,32446,"Data Visualization, Computer Vision, NLP",Startup
2217,Computer Vision Engineer,Germany,Senior,100750,"SQL, NLP, MLOps",Mid-size
2218,Computer Vision Engineer,USA,Entry,48834,"Deep Learning, Data Visualization, SQL",Enterprise
2219,Data Analyst,Australia,Lead,154798,"Python, SQL, TensorFlow",Mid-size
2220,Research Scientist,Canada,Entry,50402,"Deep Learning, TensorFlow, Python",Enterprise
2221,AI Engineer,USA,Mid,61297,"NLP, Statistics, Data Visualization",Startup
2222,Deep Learning Engineer,Canada,Mid,89997,"Statistics, Deep Learning, MLOps",Mid-size
2223,Deep Learning Engineer,Germany,Mid,65958,"SQL, Computer Vision, Statistics",Startup
2224,Deep Learning Engineer,India,Senior,41374,"Data Visualization, Deep Learning, MLOps",Mid-size
2225,Data Analyst,USA,Senior,138481,"MLOps, Statistics, Data Visualization",Startup
2226,Deep Learning Engineer,Australia,Entry,26037,"Python, Data Visualization, MLOps",Enterprise
2227,NLP Engineer,Australia,Mid,84729,"MLOps, Deep Learning, SQL",Enterprise
2228,Computer Vision Engineer,Australia,Entry,32541,"NLP, Python, Data Visualization",Mid-size
2229,Computer Vision Engineer,Germany,Entry,26016,"MLOps, TensorFlow, Statistics",Startup
2230,Data Scientist,Canada,Senior,107731,"PyTorch, NLP, TensorFlow",Startup
2231,Data Scientist,Australia,Mid,65500,"Data Visualization, TensorFlow, PyTorch",Enterprise
2232,AI Engineer,UK,Entry,33247,"Data Visualization, TensorFlow, MLOps",Mid-size
2233,AI Engineer,Australia,Entry,51779,"Computer Vision, TensorFlow, NLP",Enterprise
2234,Data Scientist,Germany,Senior,139103,"Statistics, Python, NLP",Mid-size
2235,Computer Vision Engineer,Australia,Mid,93244,"Computer Vision, Data Visualization, Deep Learning",Enterprise
2236,Research Scientist,Canada,Entry,54541,"NLP, Computer Vision, Data Visualization",Enterprise
2237,ML Engineer,UK,Entry,34090,"Deep Learning, MLOps, NLP",Enterprise
2238,Computer Vision Engineer,Canada,Lead,174707,"TensorFlow, PyTorch, Statistics",Startup
2239,Research Scientist,UK,Entry,37482,"SQL, Data Visualization, Python",Mid-size
2240,AI Engineer,USA,Senior,165684,"Deep Learning, MLOps, Data Visualization",Mid-size
2241,NLP Engineer,India,Entry,13340,"TensorFlow, NLP, Data Visualization",Mid-size
2242,NLP Engineer,Canada,Lead,189567,"Python, Computer Vision, NLP",Startup
2243,Computer Vision Engineer,Germany,Senior,112398,"Data Visualization, Statistics, Deep Learning",Startup
2244,Deep Learning Engineer,Germany,Senior,100737,"SQL, TensorFlow, Python",Startup
2245,AI Engineer,Germany,Lead,178967,"NLP, Python, Data Visualization",Enterprise
2246,NLP Engineer,USA,Senior,156879,"SQL, NLP, Statistics",Enterprise
2247,Research Scientist,UK,Mid,51752,"NLP, PyTorch, Deep Learning",Mid-size
2248,Data Scientist,USA,Mid,84943,"SQL, MLOps, TensorFlow",Mid-size
2249,Computer Vision Engineer,Australia,Entry,40702,"Data Visualization, Deep Learning, Python",Enterprise
2250,NLP Engineer,India,Senior,53319,"PyTorch, Python, MLOps",Startup
2251,ML Engineer,USA,Lead,238681,"Statistics, PyTorch, Computer Vision",Mid-size
2252,ML Engineer,Canada,Lead,192718,"MLOps, Python, Statistics",Enterprise
2253,ML Engineer,Germany,Senior,104374,"Computer Vision, NLP, Statistics",Enterprise
2254,AI Engineer,UK,Entry,41301,"Data Visualization, NLP, Statistics",Mid-size
2255,AI Engineer,Australia,Senior,140756,"NLP, PyTorch, Data Visualization",Enterprise
2256,NLP Engineer,USA,Entry,31311,"Data Visualization, PyTorch, Python",Enterprise
2257,Data Analyst,UK,Entry,43610,"Data Visualization, PyTorch, Python",Mid-size
2258,Computer Vision Engineer,UK,Lead,150195,"SQL, TensorFlow, MLOps",Enterprise
2259,ML Engineer,UK,Senior,134328,"Deep Learning, PyTorch, SQL",Mid-size
2260,Research Scientist,UK,Senior,110619,"SQL, Python, Data Visualization",Mid-size
2261,ML Engineer,Germany,Senior,114310,"Python, TensorFlow, Data Visualization",Enterprise
2262,AI Engineer,USA,Entry,57643,"Computer Vision, SQL, Data Visualization",Startup
2263,Data Analyst,USA,Mid,93381,"Python, Computer Vision, SQL",Enterprise
2264,NLP Engineer,Canada,Mid,77114,"NLP, TensorFlow, Data Visualization",Mid-size
2265,AI Engineer,India,Lead,68566,"Computer Vision, Data Visualization, TensorFlow",Startup
2266,ML Engineer,Canada,Entry,32168,"PyTorch, Data Visualization, MLOps",Mid-size
2267,Research Scientist,USA,Lead,224835,"PyTorch, Data Visualization, TensorFlow",Startup
2268,ML Engineer,Germany,Lead,163723,"NLP, Deep Learning, SQL",Startup
2269,NLP Engineer,Canada,Lead,218500,"TensorFlow, Python, SQL",Startup
2270,Data Analyst,Australia,Entry,51147,"NLP, Data Visualization, Deep Learning",Mid-size
2271,Data Analyst,UK,Entry,44895,"Statistics, Computer Vision, NLP",Enterprise
2272,Data Analyst,UK,Senior,120974,"TensorFlow, Computer Vision, MLOps",Startup
2273,AI Engineer,Australia,Entry,47406,"Data Visualization, Computer Vision, Python",Enterprise
2274,Computer Vision Engineer,India,Mid,26017,"SQL, NLP, Computer Vision",Startup
2275,ML Engineer,Canada,Mid,96121,"Python, Statistics, Deep Learning",Startup
2276,ML Engineer,Canada,Senior,116306,"Data Visualization, MLOps, NLP",Startup
2277,AI Engineer,India,Mid,34968,"Deep Learning, SQL, Computer Vision",Startup
2278,Deep Learning Engineer,Germany,Entry,43840,"MLOps, Deep Learning, SQL",Startup
2279,NLP Engineer,Canada,Lead,177048,"Python, MLOps, NLP",Startup
2280,Research Scientist,India,Senior,38416,"NLP, Python, TensorFlow",Enterprise
2281,Research Scientist,Germany,Lead,184722,"Data Visualization, SQL, Python",Startup
2282,AI Engineer,India,Lead,70196,"SQL, Deep Learning, TensorFlow",Startup
2283,Deep Learning Engineer,USA,Mid,96404,"Data Visualization, Computer Vision, Python",Mid-size
2284,Data Analyst,India,Lead,62545,"PyTorch, Data Visualization, MLOps",Mid-size
2285,Data Scientist,Germany,Senior,133359,"Statistics, Data Visualization, MLOps",Mid-size
2286,Data Scientist,Australia,Lead,199118,"PyTorch, Computer Vision, Data Visualization",Mid-size
2287,Research Scientist,USA,Mid,60920,"SQL, Statistics, TensorFlow",Enterprise
2288,Data Analyst,Germany,Mid,65332,"PyTorch, MLOps, Deep Learning",Mid-size
2289,Data Analyst,Canada,Lead,194341,"PyTorch, Deep Learning, NLP",Enterprise
2290,Data Analyst,UK,Entry,24492,"Data Visualization, Statistics, PyTorch",Mid-size
2291,Data Scientist,India,Senior,46724,"NLP, Data Visualization, Deep Learning",Startup
2292,Deep Learning Engineer,USA,Entry,56919,"Statistics, Computer Vision, TensorFlow",Mid-size
2293,Deep Learning Engineer,Australia,Entry,33838,"NLP, Python, TensorFlow",Mid-size
2294,Data Scientist,UK,Lead,193803,"TensorFlow, PyTorch, Deep Learning",Mid-size
2295,ML Engineer,India,Entry,19579,"TensorFlow, MLOps, Statistics",Startup
2296,ML Engineer,UK,Mid,87755,"SQL, TensorFlow, Deep Learning",Startup
2297,Computer Vision Engineer,Germany,Mid,71304,"Deep Learning, Data Visualization, SQL",Enterprise
2298,NLP Engineer,Germany,Mid,65635,"Data Visualization, NLP, PyTorch",Enterprise
2299,Research Scientist,Canada,Senior,142729,"TensorFlow, NLP, Statistics",Enterprise
2300,NLP Engineer,Germany,Mid,54423,"NLP, MLOps, SQL",Startup
2301,ML Engineer,UK,Senior,112554,"SQL, Computer Vision, TensorFlow",Enterprise
2302,Data Scientist,Australia,Mid,62507,"Statistics, MLOps, Computer Vision",Mid-size
2303,ML Engineer,UK,Mid,70648,"SQL, MLOps, Data Visualization",Enterprise
2304,AI Engineer,India,Lead,57954,"Python, PyTorch, NLP",Enterprise
2305,Research Scientist,Australia,Entry,53123,"Computer Vision, SQL, TensorFlow",Mid-size
2306,NLP Engineer,India,Entry,13582,"Python, Deep Learning, PyTorch",Mid-size
2307,Computer Vision Engineer,USA,Senior,150948,"SQL, Statistics, TensorFlow",Mid-size
2308,Computer Vision Engineer,Germany,Lead,187894,"TensorFlow, MLOps, PyTorch",Mid-size
2309,Deep Learning Engineer,USA,Entry,50841,"PyTorch, Data Visualization, Deep Learning",Mid-size
2310,Research Scientist,UK,Mid,58989,"Data Visualization, Statistics, MLOps",Enterprise
2311,Data Scientist,India,Lead,66514,"Python, Computer Vision, Data Visualization",Enterprise
2312,Computer Vision Engineer,Germany,Mid,84160,"SQL, MLOps, Deep Learning",Startup
2313,Data Analyst,Australia,Mid,73767,"Deep Learning, Data Visualization, NLP",Startup
2314,Computer Vision Engineer,Canada,Senior,105098,"PyTorch, Computer Vision, Data Visualization",Startup
2315,AI Engineer,India,Mid,35901,"MLOps, TensorFlow, NLP",Mid-size
2316,Data Analyst,UK,Lead,155605,"Python, PyTorch, Deep Learning",Enterprise
2317,Research Scientist,Canada,Lead,218312,"Data Visualization, TensorFlow, Python",Enterprise
2318,NLP Engineer,Germany,Senior,95682,"Computer Vision, PyTorch, TensorFlow",Startup
2319,NLP Engineer,Germany,Mid,79799,"MLOps, Computer Vision, Data Visualization",Startup
2320,NLP Engineer,Canada,Senior,127592,"Deep Learning, Data Visualization, TensorFlow",Enterprise
2321,Computer Vision Engineer,UK,Senior,90078,"Computer Vision, SQL, Python",Enterprise
2322,AI Engineer,UK,Lead,148417,"TensorFlow, Statistics, MLOps",Enterprise
2323,NLP Engineer,Australia,Lead,159387,"Python, SQL, Computer Vision",Enterprise
2324,Data Scientist,Canada,Mid,75418,"Deep Learning, Statistics, NLP",Startup
2325,AI Engineer,Canada,Lead,217851,"Computer Vision, Statistics, Python",Enterprise
2326,Research Scientist,USA,Entry,27052,"TensorFlow, Data Visualization, SQL",Enterprise
2327,ML Engineer,USA,Entry,29652,"Deep Learning, PyTorch, MLOps",Startup
2328,AI Engineer,India,Entry,16244,"TensorFlow, NLP, Statistics",Enterprise
2329,Data Analyst,USA,Mid,84729,"Deep Learning, PyTorch, Statistics",Startup
2330,NLP Engineer,Australia,Lead,217443,"PyTorch, MLOps, NLP",Startup
2331,Data Analyst,UK,Lead,188151,"Statistics, Data Visualization, NLP",Mid-size
2332,Research Scientist,India,Mid,33249,"NLP, PyTorch, Statistics",Enterprise
2333,ML Engineer,Canada,Lead,173136,"Deep Learning, Python, PyTorch",Startup
2334,Deep Learning Engineer,UK,Senior,128607,"Statistics, Deep Learning, SQL",Startup
2335,Data Analyst,UK,Entry,48592,"Computer Vision, NLP, TensorFlow",Enterprise
2336,AI Engineer,USA,Entry,54414,"Computer Vision, Statistics, PyTorch",Mid-size
2337,Deep Learning Engineer,USA,Lead,186153,"TensorFlow, NLP, Data Visualization",Mid-size
2338,ML Engineer,India,Senior,42272,"TensorFlow, Deep Learning, Computer Vision",Startup
2339,Data Scientist,UK,Entry,35193,"Deep Learning, MLOps, TensorFlow",Mid-size
2340,Research Scientist,Germany,Mid,79432,"TensorFlow, Data Visualization, Deep Learning",Enterprise
2341,NLP Engineer,Canada,Mid,77943,"PyTorch, Statistics, Computer Vision",Startup
2342,ML Engineer,Germany,Senior,92686,"Statistics, Data Visualization, SQL",Enterprise
2343,Data Analyst,India,Mid,34128,"PyTorch, Deep Learning, Computer Vision",Startup
2344,Deep Learning Engineer,Canada,Entry,40104,"Deep Learning, Data Visualization, Python",Startup
2345,Data Scientist,USA,Mid,82479,"NLP, Data Visualization, Statistics",Enterprise
2346,ML Engineer,UK,Entry,39613,"NLP, Computer Vision, TensorFlow",Mid-size
2347,Computer Vision Engineer,Australia,Senior,140607,"NLP, Python, Deep Learning",Mid-size
2348,Research Scientist,Canada,Senior,105375,"Computer Vision, Data Visualization, TensorFlow",Mid-size
2349,ML Engineer,Australia,Lead,180481,"Computer Vision, Deep Learning, TensorFlow",Startup
2350,Data Scientist,Australia,Entry,37019,"NLP, Python, TensorFlow",Mid-size
2351,Deep Learning Engineer,UK,Lead,176964,"TensorFlow, Python, MLOps",Enterprise
2352,Data Analyst,Australia,Mid,83586,"PyTorch, Statistics, NLP",Mid-size
2353,NLP Engineer,USA,Lead,212281,"NLP, Data Visualization, MLOps",Enterprise
2354,Research Scientist,India,Senior,39900,"Data Visualization, NLP, Deep Learning",Startup
2355,ML Engineer,India,Lead,59958,"SQL, TensorFlow, Statistics",Enterprise
2356,Research Scientist,Canada,Lead,207504,"Python, PyTorch, MLOps",Enterprise
2357,ML Engineer,Germany,Senior,106396,"NLP, MLOps, SQL",Startup
2358,Computer Vision Engineer,India,Lead,64521,"PyTorch, Python, Deep Learning",Mid-size
2359,Computer Vision Engineer,Australia,Senior,130078,"Data Visualization, Computer Vision, MLOps",Startup
2360,Data Scientist,India,Mid,23182,"Statistics, Python, MLOps",Mid-size
2361,NLP Engineer,UK,Mid,63237,"TensorFlow, Deep Learning, NLP",Startup
2362,ML Engineer,UK,Entry,30707,"TensorFlow, Deep Learning, SQL",Enterprise
2363,Computer Vision Engineer,Australia,Senior,137534,"TensorFlow, Data Visualization, Statistics",Enterprise
2364,Data Analyst,USA,Mid,107754,"Statistics, Computer Vision, Data Visualization",Enterprise
2365,ML Engineer,India,Entry,17771,"TensorFlow, PyTorch, Deep Learning",Mid-size
2366,Data Analyst,Australia,Lead,154799,"SQL, MLOps, Computer Vision",Mid-size
2367,Data Analyst,India,Mid,34404,"Data Visualization, SQL, MLOps",Enterprise
2368,Deep Learning Engineer,UK,Senior,100929,"Python, MLOps, Computer Vision",Mid-size
2369,Computer Vision Engineer,India,Entry,17407,"MLOps, Python, Data Visualization",Enterprise
2370,ML Engineer,UK,Senior,118840,"Python, MLOps, Data Visualization",Enterprise
2371,Data Analyst,UK,Senior,95424,"Statistics, MLOps, Data Visualization",Enterprise
2372,ML Engineer,Canada,Senior,138521,"Statistics, Computer Vision, PyTorch",Startup
2373,Computer Vision Engineer,Australia,Mid,82613,"Computer Vision, MLOps, Python",Enterprise
2374,Computer Vision Engineer,UK,Lead,187860,"Data Visualization, TensorFlow, Python",Enterprise
2375,NLP Engineer,India,Mid,30003,"Python, Data Visualization, Computer Vision",Startup
2376,Computer Vision Engineer,India,Senior,55362,"SQL, MLOps, NLP",Enterprise
2377,NLP Engineer,Australia,Lead,219767,"NLP, TensorFlow, PyTorch",Startup
2378,Data Analyst,Australia,Lead,196159,"Deep Learning, Python, SQL",Mid-size
2379,ML Engineer,Germany,Entry,26732,"MLOps, Python, Statistics",Mid-size
2380,ML Engineer,UK,Lead,145649,"Statistics, Data Visualization, Computer Vision",Mid-size
2381,Research Scientist,Canada,Senior,101146,"Deep Learning, SQL, Data Visualization",Mid-size
2382,Research Scientist,Germany,Mid,59746,"Data Visualization, NLP, Statistics",Enterprise
2383,Data Analyst,UK,Lead,167169,"SQL, Python, MLOps",Startup
2384,AI Engineer,Australia,Senior,143707,"Deep Learning, NLP, Python",Mid-size
2385,Deep Learning Engineer,Australia,Mid,77905,"TensorFlow, SQL, NLP",Enterprise
2386,Research Scientist,Australia,Lead,181522,"PyTorch, Python, SQL",Mid-size
2387,AI Engineer,Australia,Mid,95793,"PyTorch, SQL, Deep Learning",Startup
2388,Data Analyst,Germany,Entry,32879,"Statistics, Data Visualization, MLOps",Mid-size
2389,AI Engineer,Canada,Senior,100591,"Python, PyTorch, NLP",Startup
2390,Data Analyst,USA,Lead,239294,"Computer Vision, Statistics, TensorFlow",Startup
2391,ML Engineer,Canada,Entry,35148,"NLP, Deep Learning, TensorFlow",Mid-size
2392,Computer Vision Engineer,Australia,Senior,103460,"Computer Vision, MLOps, Statistics",Startup
2393,AI Engineer,Germany,Lead,174440,"TensorFlow, Python, NLP",Mid-size
2394,ML Engineer,Australia,Senior,104416,"Computer Vision, PyTorch, Statistics",Mid-size
2395,Data Analyst,Canada,Lead,167629,"MLOps, PyTorch, SQL",Startup
2396,Deep Learning Engineer,Germany,Senior,94864,"Data Visualization, NLP, Computer Vision",Startup
2397,ML Engineer,Canada,Entry,23343,"NLP, PyTorch, SQL",Mid-size
2398,Computer Vision Engineer,USA,Lead,205470,"Statistics, NLP, Python",Enterprise
2399,AI Engineer,Australia,Entry,25578,"Python, PyTorch, Deep Learning",Enterprise
2400,Data Scientist,Canada,Mid,81503,"Python, PyTorch, SQL",Enterprise
2401,Research Scientist,Canada,Mid,75953,"Statistics, Computer Vision, TensorFlow",Startup
2402,ML Engineer,USA,Entry,43522,"Computer Vision, PyTorch, Data Visualization",Mid-size
2403,AI Engineer,Australia,Lead,196449,"Computer Vision, MLOps, Python",Enterprise
2404,ML Engineer,Germany,Mid,62122,"Statistics, Data Visualization, SQL",Startup
2405,Data Scientist,USA,Lead,236976,"TensorFlow, Computer Vision, NLP",Startup
2406,Data Analyst,UK,Mid,72754,"MLOps, Data Visualization, SQL",Startup
2407,Deep Learning Engineer,Canada,Mid,61592,"Deep Learning, PyTorch, TensorFlow",Enterprise
2408,Computer Vision Engineer,USA,Mid,79365,"Statistics, Python, Computer Vision",Startup
2409,Data Analyst,Canada,Senior,117456,"Computer Vision, TensorFlow, SQL",Mid-size
2410,ML Engineer,Canada,Entry,53994,"MLOps, SQL, TensorFlow",Enterprise
2411,ML Engineer,Germany,Lead,143435,"Statistics, PyTorch, Computer Vision",Enterprise
2412,ML Engineer,Canada,Mid,86836,"TensorFlow, Computer Vision, Deep Learning",Startup
2413,Computer Vision Engineer,USA,Entry,42183,"PyTorch, TensorFlow, SQL",Enterprise
2414,NLP Engineer,Germany,Mid,85739,"Data Visualization, PyTorch, Statistics",Enterprise
2415,ML Engineer,Germany,Senior,99628,"NLP, MLOps, Data Visualization",Enterprise
2416,AI Engineer,Canada,Mid,94724,"PyTorch, TensorFlow, Computer Vision",Enterprise
2417,Deep Learning Engineer,USA,Senior,110084,"MLOps, Python, TensorFlow",Enterprise
2418,Computer Vision Engineer,Germany,Entry,39938,"TensorFlow, MLOps, PyTorch",Mid-size
2419,NLP Engineer,USA,Senior,147043,"SQL, Deep Learning, Statistics",Mid-size
2420,Data Analyst,Canada,Lead,173242,"Data Visualization, Python, PyTorch",Mid-size
2421,NLP Engineer,USA,Entry,40152,"Data Visualization, PyTorch, TensorFlow",Enterprise
2422,Data Analyst,UK,Mid,67558,"SQL, TensorFlow, Deep Learning",Mid-size
2423,Deep Learning Engineer,USA,Entry,35370,"MLOps, NLP, Computer Vision",Startup
2424,Computer Vision Engineer,India,Senior,47732,"Statistics, Deep Learning, TensorFlow",Mid-size
2425,NLP Engineer,Australia,Senior,122090,"Data Visualization, Computer Vision, NLP",Enterprise
2426,ML Engineer,USA,Mid,92218,"MLOps, Python, TensorFlow",Mid-size
2427,ML Engineer,Germany,Entry,30306,"SQL, PyTorch, MLOps",Enterprise
2428,AI Engineer,Canada,Senior,99845,"Computer Vision, Statistics, Deep Learning",Enterprise
2429,NLP Engineer,Canada,Entry,49480,"NLP, SQL, PyTorch",Startup
2430,AI Engineer,USA,Mid,82383,"MLOps, TensorFlow, NLP",Enterprise
2431,AI Engineer,UK,Senior,127840,"PyTorch, Data Visualization, Computer Vision",Startup
2432,Research Scientist,USA,Entry,37494,"Statistics, PyTorch, MLOps",Mid-size
2433,Data Analyst,UK,Lead,166469,"Statistics, Data Visualization, Python",Startup
2434,Research Scientist,UK,Entry,21313,"Deep Learning, Statistics, PyTorch",Enterprise
2435,NLP Engineer,Canada,Senior,117374,"Computer Vision, Deep Learning, NLP",Startup
2436,Deep Learning Engineer,USA,Lead,169663,"NLP, Deep Learning, Data Visualization",Mid-size
2437,AI Engineer,UK,Lead,182964,"Data Visualization, TensorFlow, Deep Learning",Enterprise
2438,Deep Learning Engineer,USA,Lead,222876,"MLOps, SQL, Deep Learning",Startup
2439,Research Scientist,Germany,Mid,60618,"Data Visualization, SQL, MLOps",Mid-size
2440,Computer Vision Engineer,USA,Senior,110792,"SQL, Deep Learning, NLP",Startup
2441,Computer Vision Engineer,India,Entry,11523,"MLOps, PyTorch, TensorFlow",Mid-size
2442,Deep Learning Engineer,Germany,Senior,123760,"Statistics, Python, PyTorch",Startup
2443,Research Scientist,Germany,Lead,159558,"MLOps, TensorFlow, PyTorch",Startup
2444,Data Scientist,Germany,Senior,130228,"TensorFlow, Python, Computer Vision",Mid-size
2445,ML Engineer,Australia,Entry,43408,"Data Visualization, SQL, Statistics",Enterprise
2446,ML Engineer,India,Senior,40116,"Statistics, MLOps, PyTorch",Mid-size
2447,Data Scientist,UK,Lead,191153,"SQL, Deep Learning, Computer Vision",Enterprise
2448,Computer Vision Engineer,USA,Lead,222867,"MLOps, Statistics, Deep Learning",Enterprise
2449,AI Engineer,Australia,Entry,23342,"Statistics, Python, Data Visualization",Mid-size
2450,NLP Engineer,USA,Senior,134902,"NLP, Python, SQL",Mid-size
2451,Deep Learning Engineer,Australia,Mid,64969,"Computer Vision, Statistics, SQL",Startup
2452,Data Analyst,Australia,Mid,92941,"Deep Learning, Statistics, Python",Enterprise
2453,AI Engineer,Canada,Mid,95992,"Deep Learning, Statistics, SQL",Enterprise
2454,Computer Vision Engineer,Canada,Mid,96446,"TensorFlow, PyTorch, Statistics",Mid-size
2455,Computer Vision Engineer,India,Entry,13678,"Data Visualization, TensorFlow, Statistics",Startup
2456,NLP Engineer,USA,Entry,43077,"SQL, MLOps, Python",Startup
2457,AI Engineer,UK,Senior,122980,"NLP, Statistics, SQL",Mid-size
2458,AI Engineer,USA,Entry,38724,"Data Visualization, NLP, MLOps",Enterprise
2459,NLP Engineer,Canada,Entry,51658,"SQL, Statistics, Data Visualization",Startup
2460,Data Scientist,USA,Mid,76532,"Data Visualization, NLP, PyTorch",Enterprise
2461,Deep Learning Engineer,UK,Senior,93845,"Deep Learning, MLOps, PyTorch",Mid-size
2462,Computer Vision Engineer,Germany,Mid,80699,"MLOps, NLP, TensorFlow",Enterprise
2463,Computer Vision Engineer,Australia,Lead,172280,"NLP, MLOps, PyTorch",Mid-size
2464,Data Scientist,UK,Senior,106117,"PyTorch, Computer Vision, Data Visualization",Mid-size
2465,Research Scientist,Australia,Mid,87223,"NLP, Python, MLOps",Mid-size
2466,NLP Engineer,Germany,Lead,187258,"MLOps, Data Visualization, TensorFlow",Startup
2467,NLP Engineer,Germany,Entry,42784,"Python, TensorFlow, Data Visualization",Enterprise
2468,Data Analyst,USA,Mid,62187,"Data Visualization, Python, Computer Vision",Mid-size
2469,Research Scientist,Germany,Senior,122312,"MLOps, Python, Computer Vision",Enterprise
2470,AI Engineer,USA,Lead,228448,"NLP, PyTorch, TensorFlow",Startup
2471,NLP Engineer,Germany,Lead,184627,"Python, MLOps, TensorFlow",Mid-size
2472,Research Scientist,UK,Lead,164502,"Data Visualization, NLP, MLOps",Mid-size
2473,Deep Learning Engineer,USA,Mid,99284,"PyTorch, NLP, TensorFlow",Enterprise
2474,ML Engineer,USA,Lead,210588,"Statistics, Deep Learning, SQL",Mid-size
2475,ML Engineer,USA,Lead,230425,"Deep Learning, NLP, TensorFlow",Startup
2476,ML Engineer,Canada,Senior,144437,"PyTorch, TensorFlow, SQL",Mid-size
2477,NLP Engineer,India,Entry,15181,"TensorFlow, Deep Learning, Computer Vision",Enterprise
2478,Research Scientist,USA,Lead,214518,"SQL, Computer Vision, MLOps",Startup
2479,Computer Vision Engineer,USA,Lead,209510,"Computer Vision, NLP, Python",Enterprise
2480,Deep Learning Engineer,India,Mid,29465,"NLP, Computer Vision, Statistics",Startup
2481,AI Engineer,Germany,Senior,111700,"Statistics, SQL, NLP",Mid-size
2482,Computer Vision Engineer,Germany,Entry,23845,"Computer Vision, Deep Learning, PyTorch",Enterprise
2483,Data Scientist,India,Senior,41244,"Python, TensorFlow, SQL",Enterprise
2484,Research Scientist,Germany,Lead,148424,"Deep Learning, SQL, Statistics",Enterprise
2485,ML Engineer,Australia,Senior,127045,"MLOps, PyTorch, TensorFlow",Enterprise
2486,Deep Learning Engineer,Germany,Mid,80936,"PyTorch, Computer Vision, Deep Learning",Enterprise
2487,Computer Vision Engineer,India,Entry,9890,"NLP, Computer Vision, TensorFlow",Startup
2488,ML Engineer,Germany,Lead,176199,"TensorFlow, Computer Vision, Data Visualization",Startup
2489,AI Engineer,UK,Mid,86919,"SQL, TensorFlow, NLP",Mid-size
2490,AI Engineer,India,Mid,33418,"Deep Learning, SQL, MLOps",Startup
2491,AI Engineer,UK,Lead,166469,"Deep Learning, Python, Computer Vision",Startup
2492,ML Engineer,Canada,Lead,204774,"PyTorch, Data Visualization, Deep Learning",Startup
2493,Computer Vision Engineer,Australia,Mid,55023,"MLOps, Python, Computer Vision",Mid-size
2494,Data Scientist,Germany,Senior,93641,"PyTorch, NLP, MLOps",Enterprise
2495,AI Engineer,Germany,Entry,20191,"MLOps, SQL, Statistics",Mid-size
2496,Computer Vision Engineer,UK,Entry,43558,"Python, Deep Learning, PyTorch",Enterprise
2497,Data Analyst,India,Entry,9730,"Python, MLOps, PyTorch",Startup
2498,ML Engineer,UK,Lead,181964,"Python, Data Visualization, MLOps",Enterprise
2499,ML Engineer,India,Senior,39414,"TensorFlow, NLP, Computer Vision",Enterprise
2500,Deep Learning Engineer,Canada,Mid,61900,"Computer Vision, PyTorch, Python",Enterprise
2501,ML Engineer,USA,Entry,54830,"Deep Learning, Python, TensorFlow",Startup
2502,Computer Vision Engineer,USA,Entry,48453,"Computer Vision, Deep Learning, Statistics",Enterprise
2503,Research Scientist,Germany,Lead,153334,"Deep Learning, Computer Vision, NLP",Mid-size
2504,Data Scientist,India,Senior,47410,"PyTorch, SQL, MLOps",Enterprise
2505,AI Engineer,Germany,Entry,43386,"MLOps, TensorFlow, Statistics",Enterprise
2506,Deep Learning Engineer,Germany,Lead,146009,"Deep Learning, Python, SQL",Startup
2507,Research Scientist,UK,Lead,178744,"Deep Learning, Data Visualization, Computer Vision",Mid-size
2508,AI Engineer,USA,Mid,84544,"Python, Data Visualization, MLOps",Mid-size
2509,Research Scientist,UK,Mid,75708,"Computer Vision, Deep Learning, MLOps",Enterprise
2510,Data Scientist,Australia,Mid,64667,"NLP, Computer Vision, MLOps",Enterprise
2511,Data Scientist,Germany,Lead,187085,"SQL, Statistics, NLP",Mid-size
2512,Computer Vision Engineer,USA,Senior,141462,"SQL, TensorFlow, Python",Mid-size
2513,Research Scientist,UK,Mid,56895,"Computer Vision, Data Visualization, PyTorch",Enterprise
2514,AI Engineer,USA,Entry,30577,"PyTorch, SQL, Python",Mid-size
2515,Deep Learning Engineer,Australia,Mid,82311,"SQL, Deep Learning, NLP",Enterprise
2516,Computer Vision Engineer,India,Mid,35212,"Python, TensorFlow, Statistics",Enterprise
2517,Computer Vision Engineer,UK,Senior,116149,"SQL, NLP, PyTorch",Enterprise
2518,NLP Engineer,Germany,Lead,184958,"Python, Computer Vision, Statistics",Enterprise
2519,Data Scientist,India,Lead,64392,"Python, Deep Learning, MLOps",Mid-size
2520,Data Analyst,India,Lead,64157,"NLP, TensorFlow, Data Visualization",Enterprise
2521,Computer Vision Engineer,UK,Senior,136687,"NLP, TensorFlow, Statistics",Startup
2522,Data Scientist,Australia,Senior,118093,"PyTorch, NLP, SQL",Mid-size
2523,ML Engineer,UK,Entry,24613,"SQL, Deep Learning, Data Visualization",Enterprise
2524,Data Analyst,Germany,Lead,160661,"Statistics, Data Visualization, Computer Vision",Startup
2525,Deep Learning Engineer,Australia,Senior,114073,"NLP, SQL, PyTorch",Mid-size
2526,NLP Engineer,Canada,Lead,190477,"SQL, MLOps, Python",Startup
2527,Computer Vision Engineer,USA,Lead,208018,"Data Visualization, NLP, MLOps",Enterprise
2528,NLP Engineer,Canada,Lead,157723,"NLP, TensorFlow, Data Visualization",Mid-size
2529,Computer Vision Engineer,Canada,Entry,26147,"SQL, NLP, Computer Vision",Mid-size
2530,Data Scientist,Germany,Entry,27213,"Computer Vision, Python, Data Visualization",Enterprise
2531,Research Scientist,India,Mid,21653,"Data Visualization, Deep Learning, NLP",Enterprise
2532,Deep Learning Engineer,Germany,Entry,28353,"Python, TensorFlow, Statistics",Enterprise
2533,Research Scientist,Canada,Entry,37945,"Python, SQL, Deep Learning",Mid-size
2534,NLP Engineer,Australia,Senior,110529,"Deep Learning, PyTorch, SQL",Enterprise
2535,Data Analyst,USA,Entry,25066,"SQL, Data Visualization, MLOps",Startup
2536,AI Engineer,India,Lead,73659,"MLOps, Python, Deep Learning",Mid-size
2537,Deep Learning Engineer,UK,Lead,164485,"NLP, SQL, MLOps",Enterprise
2538,NLP Engineer,Australia,Mid,56173,"PyTorch, TensorFlow, MLOps",Startup
2539,Data Scientist,Australia,Entry,53711,"TensorFlow, Computer Vision, Deep Learning",Mid-size
2540,Data Analyst,USA,Senior,112782,"Data Visualization, NLP, Statistics",Startup
2541,AI Engineer,Canada,Mid,96036,"TensorFlow, Statistics, PyTorch",Enterprise
2542,Data Analyst,India,Mid,30632,"Computer Vision, SQL, NLP",Enterprise
2543,ML Engineer,UK,Entry,28458,"Statistics, MLOps, Data Visualization",Startup
2544,Deep Learning Engineer,UK,Lead,189508,"TensorFlow, NLP, Data Visualization",Startup
2545,Computer Vision Engineer,UK,Lead,160802,"TensorFlow, SQL, MLOps",Startup
2546,Data Analyst,USA,Entry,36999,"Statistics, Python, TensorFlow",Startup
2547,Data Analyst,India,Lead,77788,"SQL, Computer Vision, PyTorch",Startup
2548,NLP Engineer,Germany,Lead,153231,"MLOps, NLP, Python",Startup
2549,Computer Vision Engineer,Australia,Mid,78284,"Statistics, SQL, NLP",Startup
2550,Computer Vision Engineer,Australia,Mid,85563,"Statistics, NLP, TensorFlow",Startup
2551,AI Engineer,Germany,Mid,61392,"TensorFlow, NLP, SQL",Enterprise
2552,Data Analyst,India,Senior,39937,"Python, TensorFlow, MLOps",Startup
2553,ML Engineer,India,Entry,19592,"Data Visualization, Python, NLP",Startup
2554,AI Engineer,Canada,Lead,174633,"Statistics, TensorFlow, NLP",Startup
2555,Computer Vision Engineer,USA,Entry,26726,"TensorFlow, Python, Computer Vision",Enterprise
2556,Data Analyst,UK,Senior,126291,"Data Visualization, Python, Deep Learning",Enterprise
2557,Computer Vision Engineer,India,Senior,40356,"Computer Vision, Data Visualization, PyTorch",Mid-size
2558,Data Scientist,Canada,Entry,27159,"PyTorch, SQL, Computer Vision",Enterprise
2559,Computer Vision Engineer,Germany,Entry,37487,"Python, TensorFlow, Computer Vision",Mid-size
2560,Computer Vision Engineer,Canada,Senior,107655,"MLOps, Python, Computer Vision",Startup
2561,Computer Vision Engineer,UK,Lead,150766,"Statistics, SQL, Computer Vision",Mid-size
2562,Computer Vision Engineer,Australia,Entry,43744,"MLOps, NLP, Statistics",Mid-size
2563,ML Engineer,Canada,Mid,84086,"SQL, TensorFlow, Python",Enterprise
2564,NLP Engineer,UK,Mid,60255,"TensorFlow, PyTorch, Data Visualization",Enterprise
2565,Data Scientist,Germany,Lead,162139,"MLOps, Computer Vision, Statistics",Enterprise
2566,Research Scientist,USA,Entry,28322,"TensorFlow, Data Visualization, Deep Learning",Mid-size
2567,Research Scientist,UK,Lead,159965,"NLP, SQL, PyTorch",Startup
2568,Deep Learning Engineer,India,Mid,26782,"NLP, Statistics, Python",Mid-size
2569,Deep Learning Engineer,USA,Senior,112860,"Deep Learning, Computer Vision, MLOps",Mid-size
2570,Research Scientist,Australia,Mid,71731,"PyTorch, SQL, Python",Enterprise
2571,Computer Vision Engineer,Australia,Mid,92937,"TensorFlow, NLP, Deep Learning",Enterprise
2572,AI Engineer,UK,Entry,23896,"MLOps, Deep Learning, NLP",Enterprise
2573,ML Engineer,UK,Mid,77250,"NLP, Deep Learning, PyTorch",Enterprise
2574,Data Scientist,Australia,Senior,150053,"SQL, NLP, PyTorch",Startup
2575,ML Engineer,Canada,Lead,174786,"MLOps, NLP, Python",Enterprise
2576,NLP Engineer,India,Mid,22744,"NLP, Computer Vision, Statistics",Enterprise
2577,ML Engineer,UK,Senior,92979,"Data Visualization, Computer Vision, SQL",Enterprise
2578,Research Scientist,India,Mid,35073,"Deep Learning, PyTorch, NLP",Mid-size
2579,Data Analyst,India,Senior,38248,"MLOps, NLP, Data Visualization",Enterprise
2580,Data Analyst,Canada,Senior,136913,"Statistics, Computer Vision, MLOps",Mid-size
2581,AI Engineer,India,Mid,28865,"Deep Learning, MLOps, PyTorch",Enterprise
2582,AI Engineer,Australia,Senior,133452,"Deep Learning, Statistics, NLP",Mid-size
2583,NLP Engineer,USA,Entry,53076,"Computer Vision, TensorFlow, Data Visualization",Mid-size
2584,Computer Vision Engineer,India,Entry,14985,"Python, Statistics, Data Visualization",Startup
2585,Computer Vision Engineer,Canada,Entry,23175,"Computer Vision, NLP, PyTorch",Enterprise
2586,Data Scientist,USA,Senior,152731,"NLP, MLOps, PyTorch",Startup
2587,Data Scientist,USA,Lead,180616,"Computer Vision, Python, Statistics",Mid-size
2588,AI Engineer,Australia,Senior,100212,"MLOps, SQL, PyTorch",Enterprise
2589,Research Scientist,UK,Senior,135009,"Statistics, Deep Learning, SQL",Enterprise
2590,Data Analyst,Germany,Lead,169401,"Python, Statistics, PyTorch",Mid-size
2591,Computer Vision Engineer,Australia,Mid,62209,"Python, Computer Vision, TensorFlow",Enterprise
2592,AI Engineer,Germany,Entry,35511,"NLP, Deep Learning, TensorFlow",Mid-size
2593,Data Scientist,USA,Senior,133418,"Computer Vision, MLOps, PyTorch",Startup
2594,Data Scientist,Australia,Lead,193329,"NLP, Statistics, PyTorch",Mid-size
2595,Research Scientist,USA,Mid,83086,"SQL, Data Visualization, Statistics",Startup
2596,NLP Engineer,India,Entry,14576,"Data Visualization, TensorFlow, Python",Enterprise
2597,Data Analyst,Germany,Senior,95752,"Data Visualization, TensorFlow, Statistics",Enterprise
2598,AI Engineer,Canada,Entry,35737,"Deep Learning, Statistics, Data Visualization",Mid-size
2599,Computer Vision Engineer,Australia,Senior,103742,"MLOps, SQL, Python",Enterprise
2600,Computer Vision Engineer,USA,Lead,180472,"PyTorch, Computer Vision, Statistics",Startup
2601,Research Scientist,Germany,Entry,37593,"TensorFlow, NLP, Statistics",Enterprise
2602,Data Scientist,UK,Lead,197777,"Deep Learning, Computer Vision, Statistics",Mid-size
2603,Deep Learning Engineer,Canada,Lead,185143,"Statistics, Deep Learning, PyTorch",Mid-size
2604,NLP Engineer,USA,Lead,221998,"Computer Vision, NLP, Data Visualization",Enterprise
2605,Computer Vision Engineer,USA,Entry,46178,"SQL, MLOps, Data Visualization",Mid-size
2606,Data Analyst,UK,Mid,63026,"SQL, Statistics, TensorFlow",Enterprise
2607,Deep Learning Engineer,Australia,Senior,106360,"NLP, TensorFlow, Computer Vision",Enterprise
2608,Data Analyst,Germany,Lead,176009,"NLP, Deep Learning, TensorFlow",Mid-size
2609,Data Analyst,Canada,Lead,195996,"Python, PyTorch, MLOps",Enterprise
2610,Deep Learning Engineer,UK,Senior,101688,"PyTorch, TensorFlow, SQL",Mid-size
2611,Research Scientist,Australia,Mid,61361,"NLP, Data Visualization, MLOps",Startup
2612,Research Scientist,Australia,Entry,27946,"TensorFlow, Computer Vision, Deep Learning",Startup
2613,NLP Engineer,Canada,Mid,73319,"MLOps, Computer Vision, SQL",Enterprise
2614,Computer Vision Engineer,USA,Senior,114386,"Computer Vision, Data Visualization, Deep Learning",Startup
2615,Data Scientist,USA,Mid,90214,"TensorFlow, Data Visualization, NLP",Mid-size
2616,NLP Engineer,UK,Entry,44366,"Computer Vision, MLOps, SQL",Startup
2617,ML Engineer,UK,Senior,102881,"PyTorch, NLP, Statistics",Mid-size
2618,Data Analyst,Germany,Mid,58791,"MLOps, PyTorch, Statistics",Startup
2619,NLP Engineer,Germany,Senior,137013,"NLP, Deep Learning, PyTorch",Startup
2620,AI Engineer,India,Entry,19792,"Statistics, Python, Deep Learning",Mid-size
2621,Data Scientist,USA,Senior,152084,"NLP, Python, Deep Learning",Mid-size
2622,Data Analyst,USA,Entry,52948,"Data Visualization, SQL, TensorFlow",Mid-size
2623,NLP Engineer,Germany,Mid,69859,"SQL, Statistics, Data Visualization",Mid-size
2624,Data Analyst,USA,Lead,213788,"Data Visualization, MLOps, Statistics",Mid-size
2625,Research Scientist,India,Senior,45839,"Python, Statistics, NLP",Mid-size
2626,NLP Engineer,India,Entry,13669,"NLP, Deep Learning, Data Visualization",Mid-size
2627,Data Analyst,Canada,Mid,98283,"NLP, PyTorch, TensorFlow",Mid-size
2628,Computer Vision Engineer,Germany,Senior,137690,"Deep Learning, MLOps, Computer Vision",Enterprise
2629,AI Engineer,Australia,Mid,92765,"Python, NLP, Statistics",Startup
2630,ML Engineer,Canada,Entry,39662,"MLOps, TensorFlow, PyTorch",Enterprise
2631,ML Engineer,USA,Entry,25569,"Statistics, NLP, Data Visualization",Mid-size
2632,Research Scientist,Australia,Senior,121348,"NLP, TensorFlow, Deep Learning",Enterprise
2633,Data Analyst,India,Lead,65021,"Python, PyTorch, TensorFlow",Enterprise
2634,NLP Engineer,Australia,Mid,55060,"PyTorch, TensorFlow, Data Visualization",Enterprise
2635,ML Engineer,UK,Lead,152663,"Python, Statistics, Data Visualization",Startup
2636,Deep Learning Engineer,Germany,Senior,106691,"Python, PyTorch, Deep Learning",Startup
2637,NLP Engineer,India,Entry,12662,"Data Visualization, Deep Learning, Statistics",Mid-size
2638,Deep Learning Engineer,USA,Entry,28358,"MLOps, PyTorch, Python",Enterprise
2639,Data Scientist,UK,Senior,114003,"SQL, Data Visualization, NLP",Startup
2640,Data Analyst,India,Lead,62902,"NLP, Deep Learning, Computer Vision",Mid-size
2641,AI Engineer,India,Mid,27848,"Computer Vision, PyTorch, SQL",Enterprise
2642,Deep Learning Engineer,Germany,Mid,79309,"MLOps, Statistics, Computer Vision",Startup
2643,Data Analyst,Germany,Lead,140370,"PyTorch, Python, TensorFlow",Mid-size
2644,ML Engineer,Germany,Lead,166613,"PyTorch, NLP, Deep Learning",Enterprise
2645,Deep Learning Engineer,Germany,Senior,132320,"PyTorch, Deep Learning, Computer Vision",Enterprise
2646,Data Analyst,UK,Lead,181916,"Python, PyTorch, Deep Learning",Startup
2647,Computer Vision Engineer,USA,Mid,93870,"Statistics, SQL, PyTorch",Mid-size
2648,ML Engineer,Australia,Entry,29527,"PyTorch, NLP, SQL",Enterprise
2649,Deep Learning Engineer,UK,Entry,29719,"NLP, TensorFlow, PyTorch",Enterprise
2650,ML Engineer,UK,Mid,61864,"Computer Vision, TensorFlow, Statistics",Enterprise
2651,NLP Engineer,UK,Mid,56849,"Data Visualization, SQL, Computer Vision",Startup
2652,Computer Vision Engineer,Canada,Senior,153982,"Computer Vision, Python, Statistics",Mid-size
2653,Research Scientist,India,Entry,13153,"NLP, TensorFlow, MLOps",Mid-size
2654,Data Analyst,India,Senior,41571,"Statistics, Deep Learning, NLP",Enterprise
2655,Computer Vision Engineer,India,Entry,12462,"MLOps, SQL, PyTorch",Enterprise
2656,Research Scientist,Australia,Senior,142813,"SQL, Computer Vision, Data Visualization",Enterprise
2657,ML Engineer,Germany,Lead,165761,"Statistics, SQL, NLP",Mid-size
2658,ML Engineer,Canada,Senior,123554,"NLP, SQL, PyTorch",Mid-size
2659,Data Scientist,Australia,Mid,63769,"Python, Deep Learning, PyTorch",Enterprise
2660,Data Analyst,UK,Lead,161923,"Deep Learning, PyTorch, Computer Vision",Startup
2661,Deep Learning Engineer,Australia,Mid,65708,"Deep Learning, Computer Vision, Python",Enterprise
2662,Computer Vision Engineer,USA,Entry,33272,"SQL, Python, NLP",Mid-size
2663,Deep Learning Engineer,USA,Lead,174792,"NLP, Statistics, MLOps",Enterprise
2664,Computer Vision Engineer,UK,Lead,158385,"Data Visualization, PyTorch, SQL",Mid-size
2665,ML Engineer,UK,Lead,151139,"Data Visualization, MLOps, Statistics",Enterprise
2666,Computer Vision Engineer,USA,Entry,51258,"Data Visualization, Deep Learning, SQL",Enterprise
2667,Research Scientist,Canada,Lead,167636,"Computer Vision, TensorFlow, SQL",Mid-size
2668,Deep Learning Engineer,Australia,Lead,200473,"NLP, Deep Learning, SQL",Mid-size
2669,Research Scientist,Germany,Mid,60067,"SQL, NLP, Python",Mid-size
2670,Deep Learning Engineer,Canada,Mid,91637,"NLP, Data Visualization, Deep Learning",Startup
2671,Computer Vision Engineer,India,Entry,10246,"Computer Vision, Data Visualization, NLP",Mid-size
2672,Deep Learning Engineer,Canada,Lead,194139,"Computer Vision, PyTorch, SQL",Startup
2673,NLP Engineer,USA,Senior,159727,"Deep Learning, PyTorch, Python",Enterprise
2674,Data Scientist,Canada,Mid,94774,"MLOps, Data Visualization, PyTorch",Enterprise
2675,Deep Learning Engineer,Canada,Senior,115340,"Computer Vision, MLOps, Deep Learning",Startup
2676,Research Scientist,Australia,Lead,161538,"Data Visualization, Python, TensorFlow",Enterprise
2677,Data Scientist,India,Senior,43328,"MLOps, Data Visualization, SQL",Startup
2678,Research Scientist,Australia,Senior,107026,"Python, NLP, Data Visualization",Enterprise
2679,AI Engineer,USA,Mid,63843,"PyTorch, MLOps, Data Visualization",Startup
2680,Research Scientist,Australia,Lead,188082,"Statistics, Data Visualization, TensorFlow",Enterprise
2681,Research Scientist,India,Mid,22952,"Data Visualization, Statistics, Computer Vision",Mid-size
2682,AI Engineer,USA,Lead,211162,"NLP, MLOps, Deep Learning",Mid-size
2683,Research Scientist,USA,Senior,139371,"MLOps, PyTorch, NLP",Mid-size
2684,AI Engineer,Australia,Lead,164969,"Python, SQL, Computer Vision",Mid-size
2685,NLP Engineer,UK,Entry,20583,"Statistics, Python, Deep Learning",Mid-size
2686,Research Scientist,Canada,Lead,205044,"Data Visualization, PyTorch, Statistics",Startup
2687,Research Scientist,Canada,Entry,43525,"MLOps, Python, Data Visualization",Startup
2688,ML Engineer,UK,Senior,90788,"MLOps, Computer Vision, PyTorch",Mid-size
2689,Computer Vision Engineer,USA,Entry,43420,"MLOps, NLP, Data Visualization",Mid-size
2690,Data Analyst,Canada,Senior,120621,"Data Visualization, SQL, Deep Learning",Enterprise
2691,Data Scientist,Germany,Lead,163286,"Data Visualization, PyTorch, NLP",Mid-size
2692,ML Engineer,Australia,Lead,171825,"SQL, Statistics, Deep Learning",Startup
2693,NLP Engineer,Australia,Lead,182553,"SQL, TensorFlow, MLOps",Startup
2694,ML Engineer,Germany,Senior,133516,"Deep Learning, Python, TensorFlow",Startup
2695,Data Analyst,Germany,Senior,110431,"SQL, NLP, Computer Vision",Enterprise
2696,Deep Learning Engineer,UK,Senior,124502,"Statistics, TensorFlow, SQL",Startup
2697,Data Analyst,Canada,Mid,97544,"SQL, Statistics, Data Visualization",Startup
2698,AI Engineer,India,Mid,27381,"MLOps, NLP, Statistics",Enterprise
2699,Data Analyst,India,Entry,13206,"Computer Vision, SQL, NLP",Startup
2700,Deep Learning Engineer,Germany,Lead,198316,"TensorFlow, Deep Learning, MLOps",Enterprise
2701,NLP Engineer,UK,Senior,108847,"MLOps, TensorFlow, Data Visualization",Startup
2702,Computer Vision Engineer,USA,Lead,230802,"PyTorch, Python, MLOps",Startup
2703,Computer Vision Engineer,USA,Mid,76249,"SQL, Data Visualization, MLOps",Startup
2704,AI Engineer,Canada,Entry,38516,"Deep Learning, SQL, Python",Startup
2705,Data Scientist,India,Entry,18521,"Computer Vision, MLOps, SQL",Mid-size
2706,Computer Vision Engineer,USA,Senior,152694,"NLP, Statistics, Python",Enterprise
2707,Data Scientist,Canada,Entry,29794,"PyTorch, NLP, TensorFlow",Enterprise
2708,AI Engineer,Germany,Senior,92511,"Python, SQL, NLP",Enterprise
2709,NLP Engineer,Germany,Senior,104274,"SQL, TensorFlow, Data Visualization",Mid-size
2710,NLP Engineer,UK,Lead,156304,"TensorFlow, Data Visualization, Python",Mid-size
2711,ML Engineer,USA,Entry,42802,"NLP, PyTorch, Computer Vision",Enterprise
2712,NLP Engineer,UK,Senior,99425,"PyTorch, Statistics, SQL",Startup
2713,Data Analyst,India,Lead,62436,"Computer Vision, MLOps, NLP",Startup
2714,AI Engineer,Canada,Mid,55002,"Computer Vision, MLOps, PyTorch",Mid-size
2715,AI Engineer,UK,Lead,152786,"Data Visualization, SQL, Python",Enterprise
2716,Research Scientist,USA,Lead,215793,"Statistics, Deep Learning, Python",Mid-size
2717,Research Scientist,Germany,Entry,36331,"Data Visualization, Python, PyTorch",Mid-size
2718,Data Analyst,Germany,Mid,59268,"Statistics, TensorFlow, NLP",Enterprise
2719,NLP Engineer,Australia,Entry,32052,"MLOps, PyTorch, Deep Learning",Mid-size
2720,Data Scientist,UK,Entry,39115,"Deep Learning, Computer Vision, SQL",Enterprise
2721,Research Scientist,Australia,Senior,116839,"Computer Vision, Data Visualization, Deep Learning",Startup
2722,Data Scientist,USA,Senior,155302,"Data Visualization, PyTorch, Python",Startup
2723,Computer Vision Engineer,Germany,Mid,78876,"Deep Learning, Statistics, PyTorch",Startup
2724,Computer Vision Engineer,India,Lead,79263,"Data Visualization, Statistics, SQL",Enterprise
2725,Data Scientist,Germany,Lead,179462,"Statistics, Data Visualization, SQL",Mid-size
2726,Computer Vision Engineer,Canada,Senior,102680,"SQL, NLP, Statistics",Enterprise
2727,NLP Engineer,India,Senior,49204,"Python, NLP, Computer Vision",Enterprise
2728,ML Engineer,USA,Entry,28618,"PyTorch, NLP, Data Visualization",Mid-size
2729,NLP Engineer,Germany,Lead,175167,"NLP, Computer Vision, PyTorch",Enterprise
2730,Deep Learning Engineer,UK,Lead,196477,"Deep Learning, Statistics, TensorFlow",Startup
2731,Research Scientist,India,Senior,40478,"Python, NLP, TensorFlow",Enterprise
2732,ML Engineer,USA,Lead,219925,"Computer Vision, Data Visualization, Deep Learning",Enterprise
2733,Computer Vision Engineer,USA,Senior,119822,"Deep Learning, Computer Vision, Data Visualization",Startup
2734,NLP Engineer,India,Lead,71997,"Computer Vision, Statistics, Python",Mid-size
2735,Research Scientist,Germany,Entry,25108,"Data Visualization, Python, NLP",Mid-size
2736,Data Scientist,Australia,Mid,56443,"Statistics, PyTorch, Deep Learning",Enterprise
2737,NLP Engineer,India,Entry,16812,"SQL, Statistics, TensorFlow",Enterprise
2738,Research Scientist,Germany,Lead,167846,"Python, SQL, Data Visualization",Mid-size
2739,NLP Engineer,UK,Lead,148749,"Computer Vision, Statistics, Python",Mid-size
2740,Data Analyst,India,Mid,26930,"SQL, NLP, Computer Vision",Enterprise
2741,AI Engineer,UK,Lead,198328,"TensorFlow, SQL, Deep Learning",Enterprise
2742,Research Scientist,UK,Entry,46163,"TensorFlow, PyTorch, SQL",Startup
2743,Deep Learning Engineer,USA,Senior,157945,"Python, NLP, SQL",Mid-size
2744,Data Analyst,Australia,Lead,169848,"SQL, PyTorch, Computer Vision",Mid-size
2745,Research Scientist,USA,Senior,131412,"PyTorch, Python, SQL",Mid-size
2746,NLP Engineer,Germany,Mid,84311,"Deep Learning, Python, Data Visualization",Mid-size
2747,Data Analyst,Australia,Mid,71459,"PyTorch, TensorFlow, Computer Vision",Mid-size
2748,Data Scientist,Australia,Mid,76002,"Data Visualization, TensorFlow, PyTorch",Mid-size
2749,AI Engineer,Australia,Mid,62394,"TensorFlow, Python, NLP",Enterprise
2750,ML Engineer,India,Lead,62371,"Data Visualization, Deep Learning, MLOps",Startup
2751,Deep Learning Engineer,Australia,Mid,92857,"MLOps, SQL, TensorFlow",Startup
2752,Data Analyst,Canada,Mid,86951,"Deep Learning, NLP, Python",Startup
2753,ML Engineer,USA,Lead,191535,"SQL, NLP, Deep Learning",Mid-size
2754,Data Analyst,USA,Entry,38154,"Python, MLOps, TensorFlow",Mid-size
2755,Data Analyst,India,Senior,54498,"MLOps, Statistics, Python",Mid-size
2756,Data Analyst,UK,Senior,116902,"TensorFlow, MLOps, Data Visualization",Enterprise
2757,Research Scientist,Australia,Lead,154013,"MLOps, Statistics, NLP",Mid-size
2758,Computer Vision Engineer,Canada,Senior,123554,"NLP, PyTorch, Computer Vision",Startup
2759,Research Scientist,USA,Lead,231402,"Deep Learning, Data Visualization, SQL",Mid-size
2760,Data Scientist,Canada,Mid,67445,"Python, SQL, MLOps",Enterprise
2761,Research Scientist,Germany,Mid,86558,"MLOps, SQL, NLP",Enterprise
2762,AI Engineer,Australia,Entry,33478,"MLOps, Statistics, PyTorch",Startup
2763,Data Scientist,Australia,Lead,194712,"Statistics, Deep Learning, NLP",Startup
2764,AI Engineer,Canada,Senior,127560,"Python, PyTorch, TensorFlow",Startup
2765,Research Scientist,Australia,Mid,97216,"NLP, PyTorch, Python",Enterprise
2766,Data Scientist,UK,Mid,74843,"SQL, Computer Vision, Python",Mid-size
2767,Research Scientist,Germany,Mid,71823,"NLP, MLOps, Data Visualization",Mid-size
2768,Data Analyst,India,Entry,8690,"Python, Computer Vision, Deep Learning",Startup
2769,Computer Vision Engineer,Australia,Entry,51976,"Python, TensorFlow, Statistics",Enterprise
2770,Research Scientist,Canada,Entry,41377,"Data Visualization, MLOps, TensorFlow",Enterprise
2771,Data Scientist,India,Lead,58978,"Data Visualization, SQL, Deep Learning",Enterprise
2772,Deep Learning Engineer,Australia,Lead,206290,"Statistics, SQL, Deep Learning",Startup
2773,Deep Learning Engineer,USA,Entry,51205,"SQL, PyTorch, NLP",Mid-size
2774,NLP Engineer,USA,Lead,232926,"SQL, MLOps, Deep Learning",Mid-size
2775,AI Engineer,UK,Entry,22990,"PyTorch, SQL, MLOps",Enterprise
2776,Computer Vision Engineer,Germany,Entry,26766,"Data Visualization, Statistics, NLP",Startup
2777,Computer Vision Engineer,India,Mid,32864,"MLOps, Python, TensorFlow",Mid-size
2778,Research Scientist,USA,Mid,75930,"PyTorch, Deep Learning, SQL",Startup
2779,NLP Engineer,India,Senior,45048,"TensorFlow, Deep Learning, NLP",Mid-size
2780,Computer Vision Engineer,Australia,Lead,211129,"Data Visualization, SQL, MLOps",Mid-size
2781,Research Scientist,Germany,Lead,174675,"PyTorch, Python, Computer Vision",Startup
2782,AI Engineer,Germany,Lead,141403,"Deep Learning, Data Visualization, Statistics",Enterprise
2783,NLP Engineer,Germany,Mid,58855,"NLP, MLOps, SQL",Mid-size
2784,ML Engineer,USA,Senior,165394,"Data Visualization, Computer Vision, NLP",Enterprise
2785,Data Analyst,India,Mid,34308,"Deep Learning, NLP, TensorFlow",Enterprise
2786,Research Scientist,Germany,Lead,188356,"NLP, Computer Vision, MLOps",Enterprise
2787,AI Engineer,UK,Entry,21789,"SQL, TensorFlow, NLP",Enterprise
2788,NLP Engineer,Germany,Mid,88640,"Computer Vision, SQL, Deep Learning",Startup
2789,Research Scientist,Canada,Entry,50217,"Computer Vision, Statistics, SQL",Enterprise
2790,ML Engineer,Canada,Entry,51085,"SQL, TensorFlow, Deep Learning",Startup
2791,Deep Learning Engineer,USA,Senior,156241,"SQL, Python, Statistics",Mid-size
2792,ML Engineer,USA,Senior,132928,"Python, Deep Learning, PyTorch",Startup
2793,Research Scientist,Canada,Entry,41321,"TensorFlow, MLOps, PyTorch",Startup
2794,Data Scientist,Canada,Mid,59833,"TensorFlow, NLP, Statistics",Enterprise
2795,Deep Learning Engineer,UK,Senior,101319,"Computer Vision, Deep Learning, NLP",Mid-size
2796,Data Scientist,USA,Lead,203454,"NLP, Deep Learning, Data Visualization",Startup
2797,Deep Learning Engineer,Germany,Senior,123214,"NLP, SQL, Statistics",Enterprise
2798,ML Engineer,USA,Senior,154438,"Statistics, SQL, PyTorch",Startup
2799,NLP Engineer,Australia,Entry,37120,"MLOps, PyTorch, SQL",Startup
2800,Computer Vision Engineer,India,Entry,15641,"Statistics, MLOps, NLP",Enterprise
2801,Data Analyst,Canada,Lead,156764,"Python, PyTorch, Deep Learning",Enterprise
2802,Computer Vision Engineer,UK,Senior,122345,"MLOps, Python, Computer Vision",Startup
2803,NLP Engineer,UK,Entry,26981,"NLP, SQL, TensorFlow",Enterprise
2804,Computer Vision Engineer,Canada,Mid,71590,"Deep Learning, SQL, Statistics",Enterprise
2805,Data Scientist,Germany,Mid,64110,"MLOps, NLP, Python",Startup
2806,Computer Vision Engineer,Germany,Senior,116754,"Computer Vision, NLP, SQL",Startup
2807,Deep Learning Engineer,Germany,Mid,62638,"Deep Learning, Statistics, Data Visualization",Mid-size
2808,ML Engineer,Germany,Entry,40344,"MLOps, Data Visualization, Deep Learning",Mid-size
2809,Data Scientist,UK,Senior,138084,"Statistics, Python, Computer Vision",Mid-size
2810,Computer Vision Engineer,UK,Entry,43327,"Data Visualization, Deep Learning, Python",Enterprise
2811,ML Engineer,Germany,Lead,177055,"NLP, Deep Learning, TensorFlow",Mid-size
2812,ML Engineer,India,Mid,21790,"Statistics, Data Visualization, SQL",Startup
2813,Deep Learning Engineer,India,Mid,29358,"SQL, Computer Vision, NLP",Mid-size
2814,ML Engineer,USA,Entry,37407,"Statistics, Computer Vision, Python",Startup
2815,Computer Vision Engineer,USA,Mid,64821,"SQL, MLOps, Deep Learning",Mid-size
2816,Data Scientist,Australia,Entry,32835,"Python, SQL, Computer Vision",Startup
2817,Deep Learning Engineer,UK,Senior,135915,"MLOps, Python, Statistics",Enterprise
2818,Research Scientist,UK,Mid,88140,"MLOps, Python, Statistics",Startup
2819,ML Engineer,India,Entry,18260,"NLP, PyTorch, MLOps",Startup
2820,AI Engineer,Canada,Mid,63115,"Computer Vision, MLOps, PyTorch",Startup
2821,Data Scientist,UK,Entry,40140,"MLOps, SQL, PyTorch",Mid-size
2822,Computer Vision Engineer,India,Mid,23918,"Deep Learning, TensorFlow, MLOps",Mid-size
2823,Research Scientist,USA,Entry,29763,"PyTorch, SQL, Data Visualization",Startup
2824,Data Scientist,Canada,Lead,181815,"TensorFlow, Statistics, Computer Vision",Startup
2825,AI Engineer,Australia,Entry,24844,"PyTorch, MLOps, NLP",Startup
2826,NLP Engineer,Canada,Senior,107147,"SQL, NLP, Deep Learning",Startup
2827,Computer Vision Engineer,Canada,Lead,206558,"Computer Vision, Python, NLP",Enterprise
2828,Data Analyst,India,Entry,17748,"Data Visualization, Computer Vision, TensorFlow",Startup
2829,Deep Learning Engineer,UK,Mid,65321,"Computer Vision, NLP, Statistics",Enterprise
2830,Computer Vision Engineer,Germany,Senior,99476,"Statistics, Deep Learning, Data Visualization",Enterprise
2831,Data Scientist,UK,Entry,42238,"Computer Vision, MLOps, Python",Mid-size
2832,AI Engineer,Canada,Senior,132194,"TensorFlow, Data Visualization, Computer Vision",Mid-size
2833,Computer Vision Engineer,Canada,Entry,54689,"Statistics, PyTorch, TensorFlow",Startup
2834,AI Engineer,Canada,Mid,88619,"PyTorch, Data Visualization, MLOps",Startup
2835,AI Engineer,Australia,Mid,84553,"Python, NLP, TensorFlow",Mid-size
2836,AI Engineer,UK,Lead,184653,"TensorFlow, Python, Computer Vision",Enterprise
2837,Research Scientist,India,Mid,26916,"Computer Vision, Python, Deep Learning",Mid-size
2838,Computer Vision Engineer,Canada,Senior,143874,"NLP, Deep Learning, TensorFlow",Enterprise
2839,Research Scientist,Germany,Mid,66105,"TensorFlow, PyTorch, Computer Vision",Startup
2840,AI Engineer,UK,Mid,65863,"MLOps, Data Visualization, TensorFlow",Enterprise
2841,AI Engineer,Canada,Entry,37589,"TensorFlow, PyTorch, NLP",Enterprise
2842,Deep Learning Engineer,Australia,Senior,132399,"Python, TensorFlow, Computer Vision",Enterprise
2843,NLP Engineer,USA,Senior,166893,"NLP, TensorFlow, Deep Learning",Mid-size
2844,AI Engineer,Australia,Entry,49518,"Statistics, MLOps, Python",Startup
2845,AI Engineer,Germany,Lead,178598,"SQL, MLOps, Computer Vision",Mid-size
2846,Data Analyst,UK,Senior,105524,"MLOps, SQL, TensorFlow",Startup
2847,Deep Learning Engineer,Australia,Lead,158732,"Python, Computer Vision, Deep Learning",Enterprise
2848,Data Scientist,UK,Mid,72391,"Statistics, MLOps, NLP",Startup
2849,Research Scientist,India,Mid,25632,"Computer Vision, NLP, SQL",Startup
2850,AI Engineer,UK,Lead,148378,"SQL, PyTorch, Computer Vision",Startup
2851,Data Analyst,USA,Entry,25916,"Python, SQL, Deep Learning",Mid-size
2852,Research Scientist,USA,Lead,190756,"Computer Vision, Statistics, TensorFlow",Startup
2853,ML Engineer,USA,Lead,173670,"MLOps, Data Visualization, SQL",Startup
2854,NLP Engineer,India,Lead,79164,"Python, Data Visualization, SQL",Mid-size
2855,Deep Learning Engineer,Canada,Mid,69401,"PyTorch, Statistics, MLOps",Enterprise
2856,ML Engineer,India,Entry,18182,"Deep Learning, NLP, Python",Mid-size
2857,Research Scientist,USA,Mid,75134,"Python, MLOps, Statistics",Startup
2858,Data Analyst,Australia,Mid,95797,"Deep Learning, MLOps, Statistics",Enterprise
2859,Data Analyst,Canada,Senior,99784,"Data Visualization, MLOps, PyTorch",Startup
2860,Computer Vision Engineer,UK,Lead,195355,"PyTorch, Computer Vision, Python",Startup
2861,Research Scientist,UK,Senior,90037,"MLOps, Data Visualization, Deep Learning",Startup
2862,Data Scientist,Germany,Entry,32697,"Python, TensorFlow, Data Visualization",Startup
2863,Deep Learning Engineer,UK,Senior,95167,"Deep Learning, Computer Vision, SQL",Startup
2864,Research Scientist,India,Lead,76361,"Computer Vision, Statistics, TensorFlow",Startup
2865,NLP Engineer,Australia,Lead,190782,"Data Visualization, MLOps, Computer Vision",Enterprise
2866,Data Scientist,USA,Senior,161608,"Data Visualization, TensorFlow, SQL",Enterprise
2867,ML Engineer,Australia,Lead,195026,"Statistics, Deep Learning, PyTorch",Mid-size
2868,Computer Vision Engineer,UK,Lead,154267,"Deep Learning, Statistics, MLOps",Mid-size
2869,Computer Vision Engineer,Germany,Senior,112076,"TensorFlow, SQL, Deep Learning",Startup
2870,NLP Engineer,USA,Mid,86336,"TensorFlow, Python, MLOps",Mid-size
2871,NLP Engineer,Australia,Senior,141864,"Statistics, PyTorch, Python",Mid-size
2872,AI Engineer,Australia,Mid,74096,"Python, Data Visualization, SQL",Startup
2873,AI Engineer,Australia,Mid,59963,"Python, MLOps, Statistics",Enterprise
2874,ML Engineer,USA,Lead,172530,"Statistics, TensorFlow, Python",Enterprise
2875,Data Analyst,USA,Senior,119136,"Data Visualization, MLOps, NLP",Startup
2876,Deep Learning Engineer,Canada,Lead,187188,"Data Visualization, Computer Vision, Deep Learning",Mid-size
2877,ML Engineer,Australia,Senior,107550,"TensorFlow, Computer Vision, MLOps",Startup
2878,ML Engineer,Canada,Lead,156318,"Statistics, Deep Learning, TensorFlow",Mid-size
2879,AI Engineer,Germany,Senior,115818,"Statistics, SQL, PyTorch",Mid-size
2880,Data Scientist,Germany,Lead,194431,"MLOps, TensorFlow, Computer Vision",Startup
2881,ML Engineer,UK,Entry,49672,"Computer Vision, Deep Learning, PyTorch",Startup
2882,ML Engineer,UK,Entry,47181,"TensorFlow, SQL, PyTorch",Startup
2883,Data Scientist,USA,Lead,232464,"PyTorch, MLOps, Data Visualization",Startup
2884,ML Engineer,UK,Lead,141845,"Python, PyTorch, MLOps",Enterprise
2885,Research Scientist,Canada,Lead,168058,"Computer Vision, NLP, Deep Learning",Startup
2886,AI Engineer,Australia,Mid,56659,"PyTorch, Computer Vision, NLP",Enterprise
2887,AI Engineer,India,Entry,8631,"NLP, PyTorch, TensorFlow",Enterprise
2888,Deep Learning Engineer,Germany,Senior,91359,"PyTorch, Computer Vision, Statistics",Startup
2889,Data Analyst,Australia,Senior,103666,"SQL, Statistics, Computer Vision",Startup
2890,ML Engineer,India,Lead,76629,"NLP, Computer Vision, Statistics",Mid-size
2891,Research Scientist,India,Senior,54223,"SQL, Statistics, MLOps",Enterprise
2892,ML Engineer,Germany,Lead,184458,"NLP, Deep Learning, Python",Mid-size
2893,AI Engineer,Australia,Mid,63888,"PyTorch, Python, MLOps",Startup
2894,Deep Learning Engineer,Australia,Lead,215331,"MLOps, Statistics, TensorFlow",Enterprise
2895,AI Engineer,India,Entry,18013,"Python, SQL, Computer Vision",Mid-size
2896,Deep Learning Engineer,Australia,Mid,92172,"SQL, PyTorch, TensorFlow",Startup
2897,NLP Engineer,UK,Mid,59385,"PyTorch, NLP, SQL",Mid-size
2898,NLP Engineer,UK,Senior,110125,"MLOps, Python, PyTorch",Mid-size
2899,Research Scientist,Australia,Senior,118016,"Statistics, Deep Learning, SQL",Mid-size
2900,Research Scientist,Germany,Senior,114405,"Data Visualization, MLOps, Statistics",Mid-size
2901,Data Analyst,Germany,Lead,196497,"SQL, Deep Learning, Computer Vision",Mid-size
2902,Research Scientist,Germany,Mid,63854,"PyTorch, NLP, MLOps",Enterprise
2903,Data Analyst,Germany,Senior,90765,"Deep Learning, Python, Data Visualization",Mid-size
2904,Data Scientist,Canada,Senior,152818,"MLOps, Data Visualization, NLP",Startup
2905,ML Engineer,Germany,Senior,118141,"TensorFlow, NLP, Data Visualization",Startup
2906,Deep Learning Engineer,India,Lead,70173,"PyTorch, Statistics, Deep Learning",Enterprise
2907,ML Engineer,USA,Mid,99036,"Deep Learning, MLOps, NLP",Startup
2908,Data Scientist,Canada,Senior,139321,"SQL, Computer Vision, Python",Mid-size
2909,AI Engineer,Canada,Senior,110930,"Data Visualization, Python, MLOps",Startup
2910,Deep Learning Engineer,Germany,Entry,40502,"SQL, Computer Vision, MLOps",Mid-size
2911,NLP Engineer,Australia,Entry,33521,"Python, Computer Vision, NLP",Startup
2912,Computer Vision Engineer,UK,Lead,196888,"NLP, SQL, Statistics",Enterprise
2913,ML Engineer,UK,Mid,75689,"SQL, Statistics, Deep Learning",Startup
2914,Data Scientist,Canada,Lead,217027,"PyTorch, Computer Vision, TensorFlow",Startup
2915,Research Scientist,USA,Senior,131426,"Deep Learning, NLP, PyTorch",Startup
2916,Computer Vision Engineer,Australia,Senior,135899,"SQL, NLP, PyTorch",Mid-size
2917,Deep Learning Engineer,USA,Lead,185112,"SQL, MLOps, TensorFlow",Startup
2918,Research Scientist,Australia,Mid,65422,"PyTorch, Deep Learning, Statistics",Mid-size
2919,Deep Learning Engineer,Canada,Lead,189673,"NLP, Deep Learning, Data Visualization",Startup
2920,ML Engineer,UK,Mid,67430,"SQL, MLOps, TensorFlow",Mid-size
2921,ML Engineer,Germany,Senior,117115,"NLP, TensorFlow, Statistics",Mid-size
2922,AI Engineer,Australia,Senior,146621,"Statistics, Deep Learning, Data Visualization",Startup
2923,AI Engineer,USA,Senior,165591,"Statistics, Deep Learning, Data Visualization",Startup
2924,ML Engineer,India,Lead,71558,"NLP, PyTorch, Data Visualization",Startup
2925,Computer Vision Engineer,USA,Lead,198513,"TensorFlow, Computer Vision, MLOps",Mid-size
2926,Research Scientist,UK,Senior,133284,"MLOps, NLP, PyTorch",Enterprise
2927,Computer Vision Engineer,UK,Entry,27338,"Deep Learning, Computer Vision, TensorFlow",Mid-size
2928,Computer Vision Engineer,Germany,Lead,151530,"Deep Learning, Computer Vision, PyTorch",Mid-size
2929,Deep Learning Engineer,Australia,Mid,70749,"MLOps, NLP, Computer Vision",Enterprise
2930,Data Scientist,Australia,Lead,184963,"NLP, Deep Learning, Python",Startup
2931,Computer Vision Engineer,Canada,Lead,157120,"SQL, TensorFlow, NLP",Startup
2932,Deep Learning Engineer,UK,Entry,46957,"Statistics, Deep Learning, PyTorch",Mid-size
2933,Computer Vision Engineer,India,Senior,47867,"TensorFlow, Data Visualization, MLOps",Enterprise
2934,AI Engineer,Canada,Mid,59565,"Statistics, Deep Learning, Computer Vision",Mid-size
2935,ML Engineer,USA,Senior,121243,"Data Visualization, NLP, SQL",Mid-size
2936,Computer Vision Engineer,Canada,Entry,37423,"PyTorch, NLP, Computer Vision",Mid-size
2937,Deep Learning Engineer,Canada,Mid,80568,"TensorFlow, PyTorch, Computer Vision",Mid-size
2938,Computer Vision Engineer,Canada,Entry,28838,"SQL, Deep Learning, TensorFlow",Mid-size
2939,Research Scientist,India,Senior,53146,"SQL, Deep Learning, NLP",Startup
2940,Computer Vision Engineer,UK,Lead,170316,"Statistics, Data Visualization, Deep Learning",Mid-size
2941,Data Scientist,UK,Senior,133744,"MLOps, TensorFlow, Statistics",Startup
2942,Research Scientist,Australia,Entry,48998,"Computer Vision, Deep Learning, TensorFlow",Enterprise
2943,Data Scientist,UK,Senior,134358,"Statistics, Deep Learning, NLP",Startup
2944,Data Scientist,Germany,Entry,22750,"Python, Data Visualization, MLOps",Enterprise
2945,NLP Engineer,Germany,Senior,129220,"Statistics, Computer Vision, TensorFlow",Mid-size
2946,Deep Learning Engineer,Canada,Mid,85346,"Computer Vision, SQL, Deep Learning",Mid-size
2947,Data Scientist,UK,Mid,54019,"Statistics, SQL, PyTorch",Mid-size
2948,Data Analyst,USA,Mid,106838,"Data Visualization, MLOps, PyTorch",Mid-size
2949,Data Scientist,India,Mid,28445,"TensorFlow, Python, Statistics",Mid-size
2950,Data Scientist,UK,Mid,81285,"Computer Vision, Statistics, PyTorch",Enterprise
2951,NLP Engineer,UK,Lead,140916,"TensorFlow, Statistics, Data Visualization",Mid-size
2952,ML Engineer,UK,Mid,53574,"SQL, PyTorch, Deep Learning",Startup
2953,ML Engineer,Canada,Mid,60726,"Data Visualization, MLOps, Statistics",Startup
2954,Computer Vision Engineer,Australia,Lead,193221,"Computer Vision, MLOps, PyTorch",Enterprise
2955,Computer Vision Engineer,USA,Mid,104230,"Python, SQL, Deep Learning",Startup
2956,Computer Vision Engineer,USA,Mid,90123,"Data Visualization, Computer Vision, SQL",Mid-size
2957,ML Engineer,UK,Senior,100720,"Statistics, TensorFlow, MLOps",Startup
2958,Deep Learning Engineer,Germany,Entry,24503,"Python, SQL, Deep Learning",Enterprise
2959,Computer Vision Engineer,UK,Entry,37094,"SQL, TensorFlow, PyTorch",Enterprise
2960,Data Analyst,Australia,Senior,117478,"SQL, PyTorch, Computer Vision",Startup
2961,Data Analyst,UK,Entry,24180,"SQL, MLOps, Data Visualization",Enterprise
2962,AI Engineer,Canada,Senior,111359,"Statistics, NLP, TensorFlow",Startup
2963,Research Scientist,Australia,Lead,218487,"Deep Learning, NLP, Statistics",Mid-size
2964,ML Engineer,UK,Senior,109945,"Statistics, PyTorch, Data Visualization",Mid-size
2965,AI Engineer,India,Lead,57030,"Computer Vision, TensorFlow, Deep Learning",Startup
2966,Data Analyst,Germany,Lead,198051,"MLOps, NLP, Deep Learning",Enterprise
2967,Data Scientist,Germany,Lead,183314,"Deep Learning, NLP, Python",Enterprise
2968,Data Scientist,India,Entry,16941,"Statistics, Computer Vision, MLOps",Mid-size
2969,Data Scientist,India,Entry,17804,"PyTorch, MLOps, Data Visualization",Mid-size
2970,NLP Engineer,UK,Entry,34746,"Deep Learning, Statistics, Computer Vision",Mid-size
2971,Research Scientist,Germany,Entry,35321,"Data Visualization, TensorFlow, PyTorch",Startup
2972,ML Engineer,UK,Mid,79732,"Data Visualization, SQL, Deep Learning",Startup
2973,Data Analyst,USA,Entry,25264,"Python, NLP, TensorFlow",Startup
2974,Data Scientist,USA,Lead,207974,"Statistics, TensorFlow, Data Visualization",Mid-size
2975,Research Scientist,UK,Entry,47657,"PyTorch, Python, MLOps",Startup
2976,Research Scientist,Germany,Mid,85395,"SQL, MLOps, PyTorch",Startup
2977,ML Engineer,Canada,Senior,107816,"Computer Vision, Data Visualization, SQL",Enterprise
2978,NLP Engineer,Australia,Entry,52891,"Computer Vision, SQL, Python",Mid-size
2979,NLP Engineer,USA,Lead,234364,"Data Visualization, Deep Learning, NLP",Startup
2980,Data Analyst,Canada,Senior,139849,"Python, MLOps, SQL",Mid-size
2981,NLP Engineer,Germany,Lead,191089,"SQL, NLP, Python",Enterprise
2982,Research Scientist,India,Mid,25529,"Data Visualization, MLOps, Computer Vision",Startup
2983,Deep Learning Engineer,UK,Senior,97953,"MLOps, Statistics, PyTorch",Mid-size
2984,Data Scientist,India,Mid,25869,"TensorFlow, PyTorch, Computer Vision",Startup
2985,Research Scientist,UK,Mid,76617,"NLP, Python, Data Visualization",Enterprise
2986,Computer Vision Engineer,Australia,Lead,208825,"Statistics, Computer Vision, MLOps",Startup
2987,Data Scientist,USA,Entry,52094,"TensorFlow, Statistics, MLOps",Enterprise
2988,ML Engineer,USA,Mid,95346,"Python, Deep Learning, Data Visualization",Enterprise
2989,Deep Learning Engineer,India,Senior,47228,"MLOps, NLP, PyTorch",Startup
2990,Data Analyst,India,Lead,73759,"Statistics, PyTorch, MLOps",Enterprise
2991,Research Scientist,Canada,Mid,57856,"Statistics, NLP, PyTorch",Enterprise
2992,ML Engineer,Germany,Senior,133151,"MLOps, SQL, NLP",Mid-size
2993,Research Scientist,UK,Senior,117916,"Data Visualization, Computer Vision, TensorFlow",Startup
2994,Computer Vision Engineer,UK,Senior,129080,"Computer Vision, Deep Learning, NLP",Enterprise
2995,Data Analyst,UK,Mid,79048,"Statistics, MLOps, Data Visualization",Mid-size
2996,Data Scientist,Canada,Senior,122064,"Computer Vision, NLP, PyTorch",Mid-size
2997,ML Engineer,Germany,Mid,61292,"TensorFlow, Data Visualization, Python",Mid-size
2998,ML Engineer,Australia,Senior,119522,"NLP, Computer Vision, Statistics",Startup
2999,Computer Vision Engineer,UK,Entry,22114,"PyTorch, Computer Vision, Deep Learning",Enterprise
3000,Computer Vision Engineer,Canada,Senior,140602,"Deep Learning, Statistics, PyTorch",Startup
3001,AI Engineer,Germany,Mid,75737,"SQL, TensorFlow, PyTorch",Mid-size
3002,AI Engineer,Germany,Mid,50694,"Deep Learning, Statistics, MLOps",Startup
3003,ML Engineer,USA,Entry,43296,"Statistics, MLOps, Computer Vision",Enterprise
3004,Data Scientist,USA,Lead,232044,"TensorFlow, Data Visualization, PyTorch",Enterprise
3005,Deep Learning Engineer,Germany,Mid,77818,"Data Visualization, SQL, Statistics",Startup
3006,Deep Learning Engineer,Australia,Lead,167247,"Data Visualization, TensorFlow, Computer Vision",Startup
3007,AI Engineer,USA,Lead,179208,"Deep Learning, TensorFlow, SQL",Mid-size
3008,AI Engineer,USA,Entry,31420,"SQL, TensorFlow, PyTorch",Startup
3009,Data Scientist,Germany,Mid,69159,"PyTorch, Computer Vision, NLP",Mid-size
3010,Data Analyst,India,Mid,24610,"MLOps, PyTorch, Python",Startup
3011,Deep Learning Engineer,Australia,Senior,151816,"NLP, Statistics, Data Visualization",Startup
3012,ML Engineer,UK,Lead,141004,"MLOps, Data Visualization, Python",Enterprise
3013,Data Scientist,Canada,Senior,102598,"Statistics, NLP, PyTorch",Enterprise
3014,Deep Learning Engineer,Canada,Lead,208235,"SQL, MLOps, Computer Vision",Mid-size
3015,AI Engineer,Canada,Senior,147822,"MLOps, PyTorch, Python",Startup
3016,AI Engineer,Australia,Entry,25462,"NLP, MLOps, SQL",Mid-size
3017,AI Engineer,Germany,Senior,97399,"Statistics, Data Visualization, SQL",Enterprise
3018,NLP Engineer,Germany,Mid,75117,"Deep Learning, Data Visualization, Python",Mid-size
3019,ML Engineer,USA,Senior,162649,"TensorFlow, SQL, NLP",Mid-size
3020,ML Engineer,Canada,Entry,41641,"Statistics, TensorFlow, Python",Mid-size
3021,Data Scientist,USA,Entry,32438,"Statistics, Computer Vision, PyTorch",Enterprise
3022,AI Engineer,India,Mid,28248,"SQL, Deep Learning, MLOps",Mid-size
3023,AI Engineer,Australia,Lead,199846,"NLP, PyTorch, SQL",Mid-size
3024,Deep Learning Engineer,UK,Entry,23235,"Deep Learning, SQL, MLOps",Startup
3025,NLP Engineer,Australia,Senior,125569,"PyTorch, TensorFlow, MLOps",Startup
3026,Deep Learning Engineer,Australia,Entry,40881,"TensorFlow, PyTorch, SQL",Enterprise
3027,AI Engineer,India,Entry,18784,"Computer Vision, TensorFlow, Deep Learning",Enterprise
3028,Research Scientist,India,Entry,15785,"Deep Learning, SQL, NLP",Enterprise
3029,Deep Learning Engineer,Canada,Entry,44295,"MLOps, NLP, Python",Mid-size
3030,Data Scientist,Canada,Lead,186741,"MLOps, Deep Learning, Data Visualization",Mid-size
3031,Computer Vision Engineer,UK,Entry,43769,"Computer Vision, Python, Statistics",Mid-size
3032,ML Engineer,Australia,Lead,204969,"Data Visualization, Deep Learning, SQL",Enterprise
3033,AI Engineer,India,Mid,23238,"Deep Learning, Python, Computer Vision",Mid-size
3034,NLP Engineer,Australia,Entry,45614,"NLP, Deep Learning, Data Visualization",Mid-size
3035,Research Scientist,UK,Lead,186514,"Deep Learning, MLOps, Computer Vision",Enterprise
3036,Research Scientist,India,Entry,17053,"Deep Learning, SQL, TensorFlow",Startup
3037,Research Scientist,Canada,Lead,161745,"NLP, PyTorch, Statistics",Startup
3038,NLP Engineer,Canada,Lead,175916,"Python, NLP, TensorFlow",Mid-size
3039,Research Scientist,India,Lead,64407,"PyTorch, Statistics, SQL",Startup
3040,ML Engineer,India,Mid,35467,"NLP, Data Visualization, SQL",Enterprise
3041,Computer Vision Engineer,Canada,Entry,37535,"Python, Statistics, SQL",Mid-size
3042,ML Engineer,UK,Mid,82375,"Computer Vision, PyTorch, SQL",Startup
3043,Data Analyst,Australia,Lead,159476,"NLP, Deep Learning, SQL",Mid-size
3044,Research Scientist,USA,Lead,207824,"Deep Learning, Data Visualization, Python",Startup
3045,Data Analyst,Canada,Senior,133504,"Data Visualization, MLOps, NLP",Mid-size
3046,Data Scientist,India,Lead,62466,"NLP, PyTorch, Deep Learning",Enterprise
3047,NLP Engineer,USA,Entry,55219,"NLP, Data Visualization, MLOps",Startup
3048,ML Engineer,Canada,Lead,177730,"PyTorch, SQL, NLP",Startup
3049,Computer Vision Engineer,UK,Lead,147855,"SQL, NLP, Statistics",Startup
3050,ML Engineer,Germany,Lead,156571,"MLOps, SQL, Deep Learning",Startup
3051,Deep Learning Engineer,Australia,Mid,82614,"Data Visualization, Statistics, SQL",Mid-size
3052,Data Analyst,Australia,Entry,46663,"MLOps, SQL, Computer Vision",Mid-size
3053,Data Scientist,India,Lead,73419,"PyTorch, NLP, Python",Mid-size
3054,NLP Engineer,Germany,Entry,49717,"TensorFlow, PyTorch, SQL",Startup
3055,Data Scientist,UK,Mid,53574,"MLOps, PyTorch, Deep Learning",Startup
3056,Data Scientist,Germany,Entry,41604,"TensorFlow, Python, Deep Learning",Mid-size
3057,NLP Engineer,India,Senior,55891,"NLP, SQL, Python",Enterprise
3058,Data Analyst,India,Senior,52714,"Computer Vision, Statistics, Data Visualization",Mid-size
3059,AI Engineer,UK,Mid,82262,"PyTorch, MLOps, TensorFlow",Mid-size
3060,Deep Learning Engineer,USA,Entry,25480,"Computer Vision, NLP, Statistics",Startup
3061,Computer Vision Engineer,India,Entry,19681,"Computer Vision, SQL, Deep Learning",Enterprise
3062,NLP Engineer,Germany,Lead,190690,"Deep Learning, Python, Computer Vision",Mid-size
3063,AI Engineer,Germany,Mid,67715,"PyTorch, Statistics, Computer Vision",Startup
3064,Research Scientist,USA,Entry,50330,"Data Visualization, PyTorch, TensorFlow",Mid-size
3065,ML Engineer,Canada,Lead,206874,"NLP, Data Visualization, Python",Mid-size
3066,Deep Learning Engineer,Germany,Mid,85561,"TensorFlow, Deep Learning, Data Visualization",Mid-size
3067,Research Scientist,UK,Lead,174651,"MLOps, Computer Vision, Python",Mid-size
3068,Data Scientist,UK,Lead,181003,"Deep Learning, Python, Statistics",Enterprise
3069,ML Engineer,Australia,Mid,78480,"NLP, Data Visualization, PyTorch",Startup
3070,Data Analyst,USA,Entry,59296,"MLOps, Statistics, PyTorch",Startup
3071,ML Engineer,India,Entry,19555,"Deep Learning, TensorFlow, SQL",Startup
3072,Data Scientist,USA,Mid,64108,"PyTorch, Statistics, Data Visualization",Startup
3073,ML Engineer,Australia,Entry,54874,"MLOps, PyTorch, Computer Vision",Mid-size
3074,Computer Vision Engineer,USA,Lead,218199,"TensorFlow, Deep Learning, Data Visualization",Mid-size
3075,ML Engineer,UK,Senior,132845,"TensorFlow, Computer Vision, PyTorch",Startup
3076,Data Analyst,Canada,Entry,36117,"NLP, MLOps, TensorFlow",Startup
3077,Research Scientist,Germany,Entry,31384,"PyTorch, TensorFlow, Computer Vision",Startup
3078,ML Engineer,Australia,Senior,107692,"PyTorch, Data Visualization, Python",Startup
3079,AI Engineer,India,Lead,74791,"SQL, Data Visualization, Statistics",Startup
3080,Research Scientist,UK,Mid,60559,"Data Visualization, Deep Learning, Statistics",Mid-size
3081,ML Engineer,Germany,Lead,198241,"Data Visualization, PyTorch, TensorFlow",Startup
3082,Computer Vision Engineer,Germany,Lead,147423,"NLP, TensorFlow, Data Visualization",Enterprise
3083,Data Scientist,USA,Lead,236372,"NLP, Deep Learning, Data Visualization",Enterprise
3084,NLP Engineer,Australia,Entry,22429,"NLP, Statistics, Deep Learning",Startup
3085,Computer Vision Engineer,Australia,Entry,51152,"SQL, PyTorch, Computer Vision",Mid-size
3086,Research Scientist,UK,Entry,27634,"MLOps, Statistics, Computer Vision",Mid-size
3087,Data Scientist,UK,Mid,51391,"PyTorch, Deep Learning, NLP",Startup
3088,NLP Engineer,India,Lead,75042,"Deep Learning, MLOps, Statistics",Mid-size
3089,Research Scientist,Canada,Senior,145946,"Deep Learning, SQL, NLP",Startup
3090,Deep Learning Engineer,Australia,Entry,22804,"MLOps, SQL, Computer Vision",Enterprise
3091,Data Scientist,Canada,Mid,82952,"Deep Learning, NLP, SQL",Enterprise
3092,Data Scientist,Germany,Lead,195359,"TensorFlow, Data Visualization, Python",Mid-size
3093,Computer Vision Engineer,USA,Lead,183914,"Deep Learning, Statistics, MLOps",Mid-size
3094,Computer Vision Engineer,Australia,Senior,119678,"Data Visualization, Computer Vision, TensorFlow",Enterprise
3095,Deep Learning Engineer,India,Mid,30646,"Deep Learning, PyTorch, TensorFlow",Startup
3096,Research Scientist,India,Senior,54621,"TensorFlow, Python, SQL",Enterprise
3097,Data Analyst,India,Lead,57036,"TensorFlow, Python, Deep Learning",Startup
3098,Research Scientist,USA,Lead,220088,"PyTorch, Python, Computer Vision",Mid-size
3099,ML Engineer,Canada,Entry,32364,"Data Visualization, Deep Learning, Statistics",Mid-size
3100,Deep Learning Engineer,USA,Lead,197322,"Statistics, Computer Vision, Python",Mid-size
3101,Data Scientist,USA,Entry,50011,"Python, PyTorch, Statistics",Mid-size
3102,NLP Engineer,USA,Lead,211990,"Statistics, TensorFlow, PyTorch",Startup
3103,AI Engineer,USA,Entry,42626,"Python, MLOps, Data Visualization",Mid-size
3104,NLP Engineer,USA,Entry,26522,"SQL, Data Visualization, NLP",Startup
3105,Data Scientist,Australia,Entry,30917,"NLP, Deep Learning, TensorFlow",Enterprise
3106,Computer Vision Engineer,Germany,Senior,113131,"Statistics, Data Visualization, PyTorch",Mid-size
3107,Computer Vision Engineer,UK,Lead,175877,"NLP, TensorFlow, PyTorch",Startup
3108,Research Scientist,Canada,Mid,68730,"TensorFlow, PyTorch, Data Visualization",Mid-size
3109,Computer Vision Engineer,India,Mid,28416,"Statistics, SQL, TensorFlow",Enterprise
3110,Computer Vision Engineer,Canada,Senior,114582,"Data Visualization, MLOps, Computer Vision",Enterprise
3111,Data Scientist,Australia,Mid,84669,"TensorFlow, Data Visualization, Computer Vision",Startup
3112,Computer Vision Engineer,Australia,Mid,80215,"Python, TensorFlow, Statistics",Startup
3113,ML Engineer,UK,Senior,92083,"TensorFlow, SQL, MLOps",Startup
3114,Data Analyst,Canada,Mid,73854,"PyTorch, MLOps, NLP",Startup
3115,NLP Engineer,India,Mid,35211,"Python, NLP, TensorFlow",Startup
3116,Computer Vision Engineer,Germany,Senior,123440,"NLP, Computer Vision, Statistics",Mid-size
3117,Data Scientist,UK,Mid,83212,"Computer Vision, PyTorch, Statistics",Mid-size
3118,Computer Vision Engineer,India,Lead,73890,"Statistics, NLP, TensorFlow",Startup
3119,NLP Engineer,India,Senior,53785,"Data Visualization, MLOps, SQL",Enterprise
3120,Data Analyst,Canada,Mid,92654,"Data Visualization, NLP, Statistics",Enterprise
3121,Data Analyst,USA,Mid,80252,"Computer Vision, PyTorch, Deep Learning",Mid-size
3122,AI Engineer,Australia,Lead,159237,"NLP, SQL, PyTorch",Enterprise
3123,AI Engineer,USA,Mid,79650,"TensorFlow, Deep Learning, Computer Vision",Mid-size
3124,Computer Vision Engineer,Germany,Senior,117073,"Deep Learning, Statistics, Data Visualization",Enterprise
3125,Research Scientist,Germany,Entry,21883,"PyTorch, Deep Learning, TensorFlow",Enterprise
3126,NLP Engineer,Germany,Lead,170428,"Python, PyTorch, MLOps",Enterprise
3127,Computer Vision Engineer,Canada,Lead,200885,"Statistics, Data Visualization, Deep Learning",Enterprise
3128,Research Scientist,Canada,Lead,176587,"Data Visualization, Deep Learning, PyTorch",Enterprise
3129,NLP Engineer,Australia,Senior,140286,"TensorFlow, PyTorch, SQL",Mid-size
3130,Deep Learning Engineer,India,Senior,38852,"PyTorch, SQL, Python",Mid-size
3131,Data Scientist,UK,Senior,118930,"MLOps, NLP, PyTorch",Mid-size
3132,AI Engineer,UK,Mid,57942,"PyTorch, Data Visualization, Computer Vision",Mid-size
3133,Research Scientist,Canada,Senior,99325,"SQL, Statistics, PyTorch",Startup
3134,NLP Engineer,USA,Entry,56654,"Computer Vision, Data Visualization, SQL",Enterprise
3135,AI Engineer,India,Entry,8907,"Python, PyTorch, Deep Learning",Mid-size
3136,ML Engineer,India,Mid,31596,"TensorFlow, Computer Vision, Python",Mid-size
3137,Computer Vision Engineer,Australia,Senior,118438,"PyTorch, MLOps, Deep Learning",Startup
3138,Deep Learning Engineer,USA,Entry,54153,"Python, NLP, SQL",Startup
3139,ML Engineer,Canada,Senior,129977,"NLP, Data Visualization, SQL",Mid-size
3140,Deep Learning Engineer,USA,Mid,64764,"PyTorch, MLOps, Python",Startup
3141,AI Engineer,USA,Lead,185456,"SQL, PyTorch, Statistics",Enterprise
3142,Data Analyst,USA,Senior,144415,"TensorFlow, Python, SQL",Enterprise
3143,Computer Vision Engineer,Canada,Lead,212878,"MLOps, Statistics, Data Visualization",Enterprise
3144,AI Engineer,Germany,Mid,86787,"SQL, Python, Statistics",Enterprise
3145,Research Scientist,Germany,Mid,83690,"Data Visualization, Deep Learning, TensorFlow",Mid-size
3146,Data Analyst,USA,Senior,129177,"Computer Vision, MLOps, Deep Learning",Mid-size
3147,NLP Engineer,UK,Entry,30979,"Computer Vision, Data Visualization, MLOps",Mid-size
3148,ML Engineer,India,Entry,19519,"Deep Learning, SQL, Computer Vision",Startup
3149,Data Analyst,USA,Entry,51684,"Deep Learning, Python, SQL",Enterprise
3150,ML Engineer,Australia,Entry,52155,"Data Visualization, PyTorch, SQL",Enterprise
3151,Data Analyst,Australia,Entry,23522,"SQL, NLP, Deep Learning",Startup
3152,ML Engineer,UK,Senior,96026,"PyTorch, NLP, TensorFlow",Enterprise
3153,ML Engineer,Germany,Lead,188888,"Statistics, TensorFlow, SQL",Mid-size
3154,Deep Learning Engineer,Australia,Entry,39138,"Computer Vision, Statistics, SQL",Startup
3155,Computer Vision Engineer,India,Mid,35906,"Python, Data Visualization, Deep Learning",Enterprise
3156,Research Scientist,Germany,Entry,22970,"Python, TensorFlow, Data Visualization",Mid-size
3157,Deep Learning Engineer,Germany,Mid,67145,"SQL, MLOps, Statistics",Startup
3158,NLP Engineer,India,Mid,22265,"Statistics, NLP, Data Visualization",Mid-size
3159,Data Scientist,UK,Entry,32894,"Python, MLOps, NLP",Mid-size
3160,ML Engineer,USA,Entry,48051,"Data Visualization, NLP, Statistics",Startup
3161,ML Engineer,Canada,Lead,193436,"Python, Deep Learning, SQL",Mid-size
3162,Research Scientist,USA,Senior,158901,"SQL, Python, Statistics",Enterprise
3163,Computer Vision Engineer,India,Senior,55644,"Computer Vision, Data Visualization, SQL",Enterprise
3164,Research Scientist,Australia,Mid,94779,"SQL, Statistics, MLOps",Startup
3165,Computer Vision Engineer,Australia,Senior,120423,"Data Visualization, MLOps, Deep Learning",Mid-size
3166,Data Analyst,USA,Entry,50946,"Statistics, MLOps, Deep Learning",Startup
3167,NLP Engineer,Canada,Senior,104342,"NLP, MLOps, Computer Vision",Mid-size
3168,Data Scientist,Germany,Senior,116401,"TensorFlow, Python, Computer Vision",Mid-size
3169,Data Scientist,Australia,Lead,158855,"Deep Learning, Data Visualization, MLOps",Startup
3170,Data Scientist,India,Mid,28174,"Computer Vision, Data Visualization, NLP",Enterprise
3171,Data Analyst,Australia,Senior,108871,"Deep Learning, TensorFlow, Computer Vision",Enterprise
3172,Data Scientist,UK,Senior,94027,"Data Visualization, Computer Vision, MLOps",Enterprise
3173,Computer Vision Engineer,Germany,Entry,25745,"NLP, Computer Vision, TensorFlow",Startup
3174,NLP Engineer,Australia,Senior,112365,"PyTorch, Data Visualization, Deep Learning",Enterprise
3175,Data Scientist,UK,Entry,39781,"Statistics, SQL, Computer Vision",Enterprise
3176,Research Scientist,Germany,Lead,157669,"Deep Learning, TensorFlow, Statistics",Mid-size
3177,AI Engineer,India,Senior,54978,"Statistics, NLP, Python",Enterprise
3178,ML Engineer,Australia,Senior,99080,"Python, Data Visualization, PyTorch",Mid-size
3179,Deep Learning Engineer,Germany,Entry,36059,"SQL, Computer Vision, Data Visualization",Startup
3180,NLP Engineer,Canada,Mid,69600,"MLOps, SQL, PyTorch",Enterprise
3181,Deep Learning Engineer,Germany,Mid,57512,"MLOps, SQL, PyTorch",Mid-size
3182,Research Scientist,USA,Senior,163432,"SQL, TensorFlow, Computer Vision",Enterprise
3183,NLP Engineer,India,Entry,10045,"Python, PyTorch, Computer Vision",Mid-size
3184,Research Scientist,USA,Lead,214743,"Deep Learning, Python, NLP",Mid-size
3185,Deep Learning Engineer,India,Entry,11462,"Deep Learning, TensorFlow, Statistics",Startup
3186,Research Scientist,Germany,Mid,82833,"PyTorch, Data Visualization, Python",Startup
3187,ML Engineer,Canada,Lead,196925,"Python, TensorFlow, NLP",Startup
3188,Data Analyst,Canada,Senior,122183,"NLP, Python, Statistics",Enterprise
3189,NLP Engineer,UK,Mid,64440,"Deep Learning, MLOps, NLP",Startup
3190,ML Engineer,Australia,Senior,128983,"Statistics, NLP, Python",Mid-size
3191,NLP Engineer,USA,Senior,163719,"NLP, Data Visualization, Python",Mid-size
3192,Deep Learning Engineer,Australia,Entry,47004,"Statistics, Computer Vision, Deep Learning",Enterprise
3193,AI Engineer,India,Lead,61835,"MLOps, NLP, Computer Vision",Mid-size
3194,Research Scientist,USA,Entry,43977,"Data Visualization, Computer Vision, Statistics",Enterprise
3195,ML Engineer,Canada,Senior,130232,"Data Visualization, Python, SQL",Mid-size
3196,NLP Engineer,Germany,Lead,198480,"Python, MLOps, Computer Vision",Enterprise
3197,Data Scientist,Australia,Lead,186870,"Python, Deep Learning, NLP",Enterprise
3198,ML Engineer,India,Mid,28979,"Computer Vision, TensorFlow, Statistics",Mid-size
3199,Data Scientist,Canada,Entry,45486,"Data Visualization, MLOps, Statistics",Startup
3200,Research Scientist,Canada,Mid,85046,"SQL, Deep Learning, Python",Startup
3201,Computer Vision Engineer,India,Senior,49662,"Computer Vision, TensorFlow, Deep Learning",Mid-size
3202,Research Scientist,India,Entry,12528,"Deep Learning, Statistics, Python",Enterprise
3203,Data Scientist,Canada,Lead,214350,"PyTorch, SQL, Python",Startup
3204,Deep Learning Engineer,USA,Senior,145696,"Statistics, PyTorch, Computer Vision",Startup
3205,NLP Engineer,India,Lead,71897,"MLOps, SQL, NLP",Enterprise
3206,Data Scientist,UK,Mid,61803,"Deep Learning, Statistics, Python",Startup
3207,AI Engineer,USA,Mid,68469,"Statistics, PyTorch, Computer Vision",Mid-size
3208,ML Engineer,Canada,Entry,25232,"Data Visualization, PyTorch, SQL",Enterprise
3209,Deep Learning Engineer,UK,Mid,70951,"MLOps, Data Visualization, TensorFlow",Startup
3210,Computer Vision Engineer,India,Entry,17698,"NLP, Python, MLOps",Startup
3211,Data Scientist,Australia,Mid,65238,"Statistics, Deep Learning, Python",Mid-size
3212,Deep Learning Engineer,Australia,Entry,41442,"PyTorch, Python, NLP",Startup
3213,ML Engineer,UK,Senior,137113,"MLOps, TensorFlow, NLP",Enterprise
3214,Deep Learning Engineer,Germany,Mid,73365,"Python, Data Visualization, Computer Vision",Startup
3215,Data Scientist,UK,Entry,27972,"SQL, Computer Vision, TensorFlow",Mid-size
3216,NLP Engineer,Australia,Mid,71278,"TensorFlow, Data Visualization, Statistics",Enterprise
3217,Data Scientist,India,Senior,54873,"TensorFlow, Data Visualization, PyTorch",Enterprise
3218,Research Scientist,India,Mid,28552,"TensorFlow, Data Visualization, SQL",Startup
3219,Deep Learning Engineer,UK,Mid,67572,"Data Visualization, Deep Learning, Statistics",Mid-size
3220,Research Scientist,Germany,Entry,37753,"MLOps, TensorFlow, Data Visualization",Startup
3221,AI Engineer,UK,Lead,141894,"Deep Learning, MLOps, Data Visualization",Startup
3222,Deep Learning Engineer,UK,Senior,105439,"Data Visualization, Python, TensorFlow",Startup
3223,Computer Vision Engineer,Australia,Lead,196573,"Deep Learning, Python, SQL",Startup
3224,Data Scientist,UK,Lead,142770,"Python, Computer Vision, PyTorch",Startup
3225,ML Engineer,Canada,Senior,117316,"Statistics, Data Visualization, NLP",Enterprise
3226,AI Engineer,Canada,Mid,69990,"MLOps, Computer Vision, PyTorch",Startup
3227,Research Scientist,India,Senior,49215,"NLP, Data Visualization, PyTorch",Mid-size
3228,Data Scientist,Germany,Senior,96680,"NLP, SQL, Deep Learning",Startup
3229,NLP Engineer,USA,Lead,173829,"Deep Learning, Python, Data Visualization",Mid-size
3230,AI Engineer,Australia,Mid,69840,"Data Visualization, MLOps, SQL",Mid-size
3231,Data Analyst,USA,Lead,229746,"Statistics, Python, PyTorch",Enterprise
3232,Research Scientist,USA,Lead,181886,"MLOps, Statistics, Deep Learning",Enterprise
3233,Deep Learning Engineer,UK,Mid,79693,"SQL, Statistics, MLOps",Enterprise
3234,ML Engineer,India,Senior,51878,"MLOps, SQL, TensorFlow",Enterprise
3235,Data Analyst,India,Mid,29824,"TensorFlow, Python, SQL",Startup
3236,ML Engineer,Canada,Senior,120274,"PyTorch, Deep Learning, Data Visualization",Startup
3237,AI Engineer,UK,Entry,30638,"Data Visualization, Python, SQL",Mid-size
3238,Data Analyst,Germany,Senior,122642,"Statistics, NLP, MLOps",Startup
3239,Data Analyst,Australia,Entry,49915,"Computer Vision, Deep Learning, PyTorch",Enterprise
3240,Data Scientist,Canada,Entry,48464,"Deep Learning, Computer Vision, SQL",Startup
3241,Data Scientist,Australia,Entry,46675,"NLP, MLOps, TensorFlow",Mid-size
3242,ML Engineer,Australia,Lead,215449,"MLOps, Deep Learning, PyTorch",Startup
3243,Computer Vision Engineer,Germany,Entry,26302,"Computer Vision, MLOps, Python",Mid-size
3244,Research Scientist,UK,Lead,158891,"NLP, Computer Vision, Data Visualization",Startup
3245,Computer Vision Engineer,Canada,Mid,94815,"TensorFlow, Statistics, Python",Mid-size
3246,Data Analyst,Australia,Senior,129779,"Data Visualization, Python, MLOps",Enterprise
3247,Deep Learning Engineer,UK,Entry,40422,"Statistics, MLOps, Data Visualization",Startup
3248,Data Analyst,Australia,Mid,64373,"Deep Learning, Data Visualization, TensorFlow",Mid-size
3249,Data Analyst,Germany,Entry,46718,"Statistics, NLP, Data Visualization",Enterprise
3250,AI Engineer,UK,Lead,169960,"NLP, Python, Computer Vision",Mid-size
3251,ML Engineer,Australia,Lead,156962,"PyTorch, Deep Learning, Computer Vision",Enterprise
3252,NLP Engineer,Australia,Mid,72443,"Statistics, NLP, MLOps",Mid-size
3253,NLP Engineer,Australia,Mid,88555,"Deep Learning, SQL, Python",Startup
3254,ML Engineer,Germany,Mid,57252,"Statistics, Deep Learning, NLP",Startup
3255,Research Scientist,UK,Lead,164151,"Computer Vision, NLP, PyTorch",Mid-size
3256,ML Engineer,Germany,Lead,158171,"Data Visualization, MLOps, Deep Learning",Startup
3257,Research Scientist,Canada,Entry,28911,"TensorFlow, Data Visualization, NLP",Startup
3258,Computer Vision Engineer,UK,Senior,119873,"TensorFlow, Python, NLP",Mid-size
3259,AI Engineer,Germany,Lead,146333,"SQL, Data Visualization, NLP",Startup
3260,Data Scientist,Australia,Mid,67394,"NLP, SQL, Python",Mid-size
3261,Deep Learning Engineer,Germany,Lead,162770,"Statistics, Data Visualization, Computer Vision",Enterprise
3262,ML Engineer,USA,Lead,206844,"TensorFlow, SQL, Python",Startup
3263,Deep Learning Engineer,USA,Entry,32220,"TensorFlow, MLOps, Python",Mid-size
3264,AI Engineer,UK,Lead,176665,"Python, Data Visualization, PyTorch",Startup
3265,Data Analyst,UK,Lead,191030,"Data Visualization, TensorFlow, Computer Vision",Startup
3266,Data Analyst,Germany,Lead,199961,"PyTorch, Deep Learning, MLOps",Enterprise
3267,Data Scientist,USA,Lead,191101,"Computer Vision, Statistics, Python",Startup
3268,AI Engineer,UK,Senior,127245,"Deep Learning, Data Visualization, SQL",Startup
3269,ML Engineer,UK,Entry,47144,"Computer Vision, Data Visualization, Statistics",Enterprise
3270,Data Analyst,India,Lead,78894,"MLOps, NLP, PyTorch",Startup
3271,Computer Vision Engineer,USA,Mid,99368,"Computer Vision, Statistics, NLP",Enterprise
3272,AI Engineer,Canada,Senior,116727,"Statistics, PyTorch, SQL",Mid-size
3273,Research Scientist,Australia,Senior,140111,"SQL, Deep Learning, Statistics",Startup
3274,NLP Engineer,Canada,Mid,87620,"Statistics, NLP, Deep Learning",Enterprise
3275,Data Scientist,Canada,Mid,88853,"Statistics, SQL, Python",Startup
3276,ML Engineer,Canada,Entry,39648,"SQL, Deep Learning, MLOps",Startup
3277,NLP Engineer,India,Lead,74444,"TensorFlow, Computer Vision, Data Visualization",Mid-size
3278,ML Engineer,Australia,Lead,172140,"Deep Learning, Statistics, TensorFlow",Enterprise
3279,ML Engineer,Australia,Mid,77986,"Computer Vision, TensorFlow, PyTorch",Startup
3280,Data Scientist,Germany,Senior,118488,"Python, MLOps, PyTorch",Enterprise
3281,Computer Vision Engineer,Australia,Mid,67120,"Statistics, NLP, Data Visualization",Mid-size
3282,AI Engineer,UK,Entry,39346,"NLP, TensorFlow, Data Visualization",Startup
3283,NLP Engineer,UK,Entry,48828,"Deep Learning, Data Visualization, MLOps",Startup
3284,Deep Learning Engineer,Germany,Senior,90591,"Data Visualization, Statistics, TensorFlow",Mid-size
3285,Deep Learning Engineer,UK,Senior,133907,"NLP, TensorFlow, PyTorch",Startup
3286,Computer Vision Engineer,India,Senior,53542,"Python, MLOps, Computer Vision",Startup
3287,ML Engineer,UK,Senior,112080,"Python, MLOps, PyTorch",Mid-size
3288,ML Engineer,Australia,Senior,124292,"PyTorch, Statistics, Computer Vision",Enterprise
3289,Computer Vision Engineer,Germany,Lead,142274,"Computer Vision, Deep Learning, SQL",Startup
3290,Data Analyst,USA,Senior,120578,"SQL, Statistics, Data Visualization",Mid-size
3291,AI Engineer,Australia,Lead,170176,"TensorFlow, NLP, Data Visualization",Mid-size
3292,NLP Engineer,Germany,Senior,111213,"Python, MLOps, Computer Vision",Mid-size
3293,Deep Learning Engineer,Germany,Senior,100411,"SQL, Deep Learning, MLOps",Mid-size
3294,Research Scientist,India,Entry,13355,"TensorFlow, PyTorch, SQL",Enterprise
3295,Research Scientist,Australia,Senior,131685,"SQL, PyTorch, Computer Vision",Enterprise
3296,Data Analyst,India,Senior,47103,"SQL, Computer Vision, PyTorch",Startup
3297,NLP Engineer,USA,Lead,206085,"NLP, Computer Vision, MLOps",Enterprise
3298,Deep Learning Engineer,Australia,Lead,167162,"Python, Data Visualization, Deep Learning",Enterprise
3299,Research Scientist,Germany,Mid,55289,"Python, TensorFlow, MLOps",Enterprise
3300,Deep Learning Engineer,India,Lead,61717,"TensorFlow, Data Visualization, Statistics",Enterprise
3301,NLP Engineer,Germany,Mid,53621,"Python, PyTorch, SQL",Enterprise
3302,Deep Learning Engineer,Germany,Lead,187650,"NLP, PyTorch, Data Visualization",Enterprise
3303,Computer Vision Engineer,USA,Lead,225762,"MLOps, NLP, Deep Learning",Enterprise
3304,Data Scientist,India,Mid,23626,"TensorFlow, Statistics, PyTorch",Startup
3305,AI Engineer,USA,Senior,137112,"SQL, PyTorch, Deep Learning",Enterprise
3306,NLP Engineer,UK,Senior,112553,"Computer Vision, Data Visualization, TensorFlow",Startup
3307,Research Scientist,Canada,Entry,46152,"Deep Learning, PyTorch, Computer Vision",Startup
3308,Data Scientist,USA,Mid,81957,"Python, SQL, Statistics",Enterprise
3309,Research Scientist,USA,Mid,67621,"Python, MLOps, NLP",Startup
3310,Computer Vision Engineer,UK,Lead,184440,"Statistics, PyTorch, MLOps",Enterprise
3311,Computer Vision Engineer,USA,Senior,121492,"Computer Vision, TensorFlow, SQL",Enterprise
3312,Deep Learning Engineer,Australia,Senior,141198,"Python, Deep Learning, Data Visualization",Mid-size
3313,Deep Learning Engineer,Germany,Senior,126157,"Deep Learning, SQL, Python",Mid-size
3314,NLP Engineer,UK,Entry,38164,"Python, TensorFlow, Statistics",Enterprise
3315,Research Scientist,India,Senior,39966,"PyTorch, Computer Vision, SQL",Mid-size
3316,Computer Vision Engineer,USA,Senior,153366,"Python, Deep Learning, MLOps",Enterprise
3317,Data Analyst,Germany,Entry,48295,"TensorFlow, Deep Learning, Statistics",Enterprise
3318,NLP Engineer,Germany,Mid,89046,"SQL, Python, PyTorch",Enterprise
3319,Data Analyst,UK,Lead,188268,"Computer Vision, Data Visualization, TensorFlow",Enterprise
3320,Research Scientist,Australia,Mid,89274,"TensorFlow, Data Visualization, NLP",Startup
3321,Data Analyst,Australia,Mid,86999,"SQL, Deep Learning, Data Visualization",Mid-size
3322,Computer Vision Engineer,Germany,Entry,30895,"NLP, SQL, Python",Enterprise
3323,Research Scientist,Australia,Mid,93903,"Deep Learning, Data Visualization, Python",Startup
3324,AI Engineer,India,Lead,72127,"TensorFlow, Deep Learning, Data Visualization",Enterprise
3325,ML Engineer,Australia,Mid,98734,"Data Visualization, Python, Computer Vision",Mid-size
3326,ML Engineer,Germany,Senior,91041,"Computer Vision, Statistics, Python",Enterprise
3327,Research Scientist,Australia,Entry,40034,"MLOps, Statistics, Deep Learning",Mid-size
3328,AI Engineer,Germany,Mid,73482,"SQL, TensorFlow, PyTorch",Enterprise
3329,Data Scientist,USA,Entry,39620,"MLOps, PyTorch, Deep Learning",Startup
3330,NLP Engineer,Australia,Senior,117616,"MLOps, PyTorch, Data Visualization",Startup
3331,AI Engineer,Australia,Senior,122669,"SQL, Deep Learning, Python",Enterprise
3332,Data Analyst,UK,Entry,43052,"Deep Learning, Python, Computer Vision",Enterprise
3333,NLP Engineer,India,Senior,39472,"Computer Vision, Data Visualization, TensorFlow",Startup
3334,Research Scientist,Germany,Entry,34713,"Computer Vision, PyTorch, MLOps",Enterprise
3335,Data Analyst,India,Senior,42856,"Computer Vision, NLP, Deep Learning",Startup
3336,Deep Learning Engineer,USA,Lead,175784,"Python, Data Visualization, SQL",Startup
3337,AI Engineer,Canada,Mid,89221,"Statistics, MLOps, PyTorch",Startup
3338,ML Engineer,Germany,Lead,197166,"SQL, Data Visualization, NLP",Enterprise
3339,Research Scientist,USA,Senior,111620,"Data Visualization, SQL, Deep Learning",Enterprise
3340,Deep Learning Engineer,Germany,Entry,47356,"Python, Data Visualization, TensorFlow",Enterprise
3341,Data Scientist,India,Senior,48450,"NLP, Deep Learning, PyTorch",Mid-size
3342,Data Analyst,Canada,Entry,32507,"SQL, NLP, Deep Learning",Startup
3343,Deep Learning Engineer,USA,Senior,134475,"Deep Learning, Data Visualization, PyTorch",Enterprise
3344,Computer Vision Engineer,India,Mid,35265,"Statistics, Computer Vision, PyTorch",Enterprise
3345,Computer Vision Engineer,UK,Senior,100564,"PyTorch, NLP, SQL",Enterprise
3346,NLP Engineer,Germany,Senior,130404,"Deep Learning, Statistics, NLP",Enterprise
3347,NLP Engineer,India,Entry,19726,"MLOps, Python, PyTorch",Enterprise
3348,Research Scientist,UK,Lead,195828,"Statistics, NLP, TensorFlow",Enterprise
3349,Deep Learning Engineer,USA,Lead,193240,"Data Visualization, Statistics, Deep Learning",Startup
3350,Data Scientist,Australia,Mid,64332,"TensorFlow, Data Visualization, NLP",Mid-size
3351,Data Scientist,Germany,Mid,71827,"Computer Vision, MLOps, TensorFlow",Mid-size
3352,Deep Learning Engineer,Canada,Entry,38720,"MLOps, Statistics, PyTorch",Startup
3353,Research Scientist,USA,Lead,200844,"PyTorch, Deep Learning, Statistics",Mid-size
3354,Research Scientist,UK,Lead,198319,"Deep Learning, MLOps, PyTorch",Startup
3355,ML Engineer,USA,Senior,136135,"Computer Vision, Deep Learning, SQL",Enterprise
3356,NLP Engineer,USA,Lead,172718,"MLOps, Python, Statistics",Enterprise
3357,Data Analyst,Canada,Mid,64409,"Deep Learning, Statistics, PyTorch",Mid-size
3358,AI Engineer,UK,Entry,27444,"PyTorch, TensorFlow, Deep Learning",Mid-size
3359,ML Engineer,Germany,Entry,27147,"Data Visualization, MLOps, Python",Enterprise
3360,Computer Vision Engineer,Germany,Senior,139244,"Data Visualization, TensorFlow, PyTorch",Startup
3361,Computer Vision Engineer,Canada,Entry,22056,"Deep Learning, PyTorch, Python",Enterprise
3362,NLP Engineer,Canada,Mid,72026,"Statistics, TensorFlow, SQL",Enterprise
3363,Deep Learning Engineer,Australia,Lead,188007,"NLP, Data Visualization, Python",Mid-size
3364,Data Scientist,Canada,Mid,80584,"Python, Statistics, TensorFlow",Startup
3365,AI Engineer,Canada,Entry,36604,"SQL, NLP, Python",Enterprise
3366,Data Scientist,India,Lead,66523,"Computer Vision, Statistics, NLP",Enterprise
3367,ML Engineer,Australia,Entry,52740,"NLP, SQL, Data Visualization",Mid-size
3368,Computer Vision Engineer,Germany,Entry,23464,"TensorFlow, Statistics, MLOps",Mid-size
3369,Computer Vision Engineer,UK,Entry,43880,"Statistics, NLP, MLOps",Mid-size
3370,Data Analyst,Canada,Entry,27121,"PyTorch, Computer Vision, TensorFlow",Enterprise
3371,NLP Engineer,Germany,Senior,96158,"SQL, TensorFlow, PyTorch",Startup
3372,AI Engineer,India,Mid,26842,"Python, Computer Vision, MLOps",Mid-size
3373,Data Analyst,Germany,Senior,95790,"Data Visualization, PyTorch, NLP",Startup
3374,Computer Vision Engineer,UK,Mid,59004,"TensorFlow, PyTorch, MLOps",Startup
3375,Computer Vision Engineer,UK,Entry,38596,"NLP, SQL, MLOps",Mid-size
3376,AI Engineer,Canada,Entry,29955,"NLP, Statistics, Python",Startup
3377,Computer Vision Engineer,Germany,Entry,25913,"Python, PyTorch, Data Visualization",Enterprise
3378,NLP Engineer,Germany,Senior,114469,"MLOps, Computer Vision, PyTorch",Mid-size
3379,AI Engineer,Australia,Senior,104270,"NLP, PyTorch, Computer Vision",Startup
3380,Data Analyst,India,Lead,65250,"NLP, SQL, Data Visualization",Mid-size
3381,Data Scientist,India,Mid,24065,"SQL, MLOps, Statistics",Mid-size
3382,NLP Engineer,Germany,Senior,117676,"Computer Vision, Data Visualization, TensorFlow",Enterprise
3383,Deep Learning Engineer,USA,Lead,197754,"Data Visualization, Deep Learning, Computer Vision",Mid-size
3384,ML Engineer,Germany,Mid,52611,"TensorFlow, SQL, MLOps",Mid-size
3385,Computer Vision Engineer,India,Lead,78077,"MLOps, PyTorch, SQL",Enterprise
3386,ML Engineer,USA,Lead,219741,"MLOps, Data Visualization, Python",Startup
3387,Data Scientist,USA,Senior,155193,"Deep Learning, Computer Vision, MLOps",Startup
3388,ML Engineer,Canada,Mid,78914,"SQL, TensorFlow, Statistics",Enterprise
3389,Research Scientist,USA,Mid,78223,"Statistics, Deep Learning, MLOps",Enterprise
3390,Data Analyst,USA,Mid,92421,"Computer Vision, Deep Learning, NLP",Startup
3391,Deep Learning Engineer,Canada,Entry,31849,"Data Visualization, Python, Statistics",Enterprise
3392,Research Scientist,Australia,Senior,153388,"SQL, Deep Learning, PyTorch",Enterprise
3393,Data Scientist,Germany,Senior,117195,"PyTorch, Computer Vision, MLOps",Startup
3394,Research Scientist,Germany,Mid,84964,"NLP, TensorFlow, Statistics",Mid-size
3395,Data Scientist,Germany,Entry,21906,"MLOps, Deep Learning, SQL",Mid-size
3396,Research Scientist,India,Lead,56726,"TensorFlow, SQL, MLOps",Startup
3397,AI Engineer,India,Mid,30593,"Statistics, Data Visualization, TensorFlow",Startup
3398,Research Scientist,UK,Entry,23849,"PyTorch, Deep Learning, NLP",Mid-size
3399,Data Scientist,Canada,Senior,126019,"MLOps, Data Visualization, TensorFlow",Startup
3400,Deep Learning Engineer,UK,Senior,102809,"SQL, TensorFlow, NLP",Mid-size
3401,Research Scientist,Germany,Lead,164785,"TensorFlow, Python, Computer Vision",Startup
3402,AI Engineer,USA,Entry,26511,"MLOps, Data Visualization, NLP",Enterprise
3403,Data Analyst,USA,Senior,122810,"SQL, Deep Learning, Python",Enterprise
3404,NLP Engineer,UK,Mid,82274,"Statistics, MLOps, NLP",Mid-size
3405,Computer Vision Engineer,Canada,Entry,38503,"MLOps, PyTorch, NLP",Mid-size
3406,ML Engineer,India,Senior,38269,"TensorFlow, Computer Vision, Python",Mid-size
3407,Data Scientist,India,Entry,19026,"Statistics, PyTorch, NLP",Startup
3408,Deep Learning Engineer,Australia,Entry,45989,"Python, TensorFlow, MLOps",Startup
3409,ML Engineer,Germany,Lead,179713,"NLP, SQL, Python",Startup
3410,ML Engineer,India,Entry,8960,"PyTorch, NLP, Data Visualization",Startup
3411,NLP Engineer,USA,Mid,61221,"Statistics, PyTorch, SQL",Mid-size
3412,AI Engineer,Germany,Lead,184610,"PyTorch, Deep Learning, MLOps",Enterprise
3413,NLP Engineer,India,Mid,34634,"Deep Learning, TensorFlow, Python",Mid-size
3414,AI Engineer,Germany,Mid,88665,"Computer Vision, SQL, TensorFlow",Mid-size
3415,Research Scientist,India,Entry,13296,"MLOps, SQL, NLP",Enterprise
3416,NLP Engineer,USA,Senior,115474,"Statistics, Python, NLP",Mid-size
3417,Deep Learning Engineer,USA,Lead,172570,"Python, NLP, Computer Vision",Enterprise
3418,Research Scientist,USA,Entry,36723,"SQL, Data Visualization, Statistics",Startup
3419,AI Engineer,Germany,Lead,155250,"Data Visualization, PyTorch, Statistics",Startup
3420,Deep Learning Engineer,USA,Lead,187712,"MLOps, Python, Statistics",Startup
3421,Deep Learning Engineer,UK,Senior,103476,"Computer Vision, Deep Learning, MLOps",Enterprise
3422,Deep Learning Engineer,USA,Mid,86154,"Deep Learning, NLP, PyTorch",Mid-size
3423,Data Analyst,Australia,Mid,73900,"MLOps, Data Visualization, TensorFlow",Startup
3424,NLP Engineer,USA,Lead,226381,"Deep Learning, Computer Vision, MLOps",Mid-size
3425,Data Analyst,Germany,Senior,111424,"SQL, Deep Learning, Python",Startup
3426,Deep Learning Engineer,Germany,Mid,53065,"PyTorch, MLOps, SQL",Mid-size
3427,Deep Learning Engineer,UK,Mid,83370,"TensorFlow, PyTorch, Data Visualization",Startup
3428,NLP Engineer,India,Senior,44370,"MLOps, NLP, Python",Mid-size
3429,NLP Engineer,Germany,Senior,117718,"Computer Vision, Data Visualization, TensorFlow",Mid-size
3430,ML Engineer,USA,Lead,176119,"TensorFlow, SQL, Data Visualization",Startup
3431,AI Engineer,UK,Entry,45563,"Deep Learning, PyTorch, Python",Enterprise
3432,ML Engineer,UK,Lead,197803,"MLOps, Python, Statistics",Enterprise
3433,Data Scientist,USA,Lead,185128,"Statistics, PyTorch, SQL",Startup
3434,Data Analyst,India,Mid,31700,"Data Visualization, PyTorch, Statistics",Startup
3435,Data Scientist,Australia,Mid,71824,"PyTorch, Statistics, Python",Enterprise
3436,Data Analyst,Canada,Lead,169145,"Computer Vision, MLOps, Statistics",Mid-size
3437,ML Engineer,Australia,Lead,182112,"TensorFlow, Statistics, NLP",Mid-size
3438,AI Engineer,Australia,Mid,70670,"MLOps, Computer Vision, Data Visualization",Mid-size
3439,AI Engineer,Germany,Mid,63470,"TensorFlow, Statistics, Python",Startup
3440,ML Engineer,Australia,Lead,172466,"Python, MLOps, Data Visualization",Enterprise
3441,ML Engineer,Australia,Lead,193474,"MLOps, SQL, Data Visualization",Enterprise
3442,NLP Engineer,Australia,Mid,62293,"PyTorch, NLP, SQL",Startup
3443,Computer Vision Engineer,UK,Lead,171749,"PyTorch, Data Visualization, Python",Mid-size
3444,AI Engineer,Germany,Senior,132244,"PyTorch, SQL, NLP",Enterprise
3445,ML Engineer,Germany,Lead,147614,"Data Visualization, Deep Learning, MLOps",Mid-size
3446,Data Scientist,Germany,Lead,188692,"Computer Vision, Python, TensorFlow",Mid-size
3447,Computer Vision Engineer,Australia,Entry,39859,"MLOps, Computer Vision, Deep Learning",Mid-size
3448,Data Analyst,Canada,Lead,176490,"Statistics, SQL, NLP",Enterprise
3449,Computer Vision Engineer,UK,Lead,174319,"Computer Vision, SQL, Deep Learning",Mid-size
3450,Deep Learning Engineer,Canada,Senior,135881,"MLOps, TensorFlow, PyTorch",Enterprise
3451,Computer Vision Engineer,India,Mid,22465,"MLOps, SQL, Deep Learning",Mid-size
3452,ML Engineer,USA,Lead,230779,"Computer Vision, Data Visualization, TensorFlow",Mid-size
3453,Data Scientist,Australia,Lead,176251,"Deep Learning, Data Visualization, Computer Vision",Enterprise
3454,Research Scientist,UK,Entry,39819,"Computer Vision, Data Visualization, PyTorch",Mid-size
3455,Research Scientist,India,Lead,79762,"PyTorch, Deep Learning, TensorFlow",Mid-size
3456,Research Scientist,India,Entry,8872,"Deep Learning, PyTorch, NLP",Startup
3457,Data Scientist,Canada,Senior,122178,"NLP, Computer Vision, PyTorch",Enterprise
3458,NLP Engineer,Canada,Mid,83807,"NLP, Python, TensorFlow",Startup
3459,AI Engineer,Australia,Entry,46252,"MLOps, NLP, Python",Startup
3460,Research Scientist,Australia,Entry,35523,"Deep Learning, Python, PyTorch",Enterprise
3461,ML Engineer,Australia,Entry,39982,"SQL, Statistics, Data Visualization",Startup
3462,Deep Learning Engineer,UK,Senior,114278,"Deep Learning, NLP, Statistics",Mid-size
3463,Computer Vision Engineer,UK,Mid,52377,"Statistics, SQL, Computer Vision",Enterprise
3464,Data Scientist,Canada,Mid,85197,"NLP, Statistics, Deep Learning",Enterprise
3465,ML Engineer,USA,Entry,50380,"Statistics, Python, PyTorch",Enterprise
3466,NLP Engineer,Germany,Senior,102314,"Deep Learning, MLOps, Python",Enterprise
3467,AI Engineer,Australia,Mid,90218,"Statistics, MLOps, Deep Learning",Mid-size
3468,Computer Vision Engineer,Australia,Lead,187594,"MLOps, Deep Learning, PyTorch",Startup
3469,Computer Vision Engineer,UK,Senior,139396,"Deep Learning, Computer Vision, MLOps",Mid-size
3470,ML Engineer,Australia,Lead,172158,"Statistics, PyTorch, SQL",Mid-size
3471,Data Scientist,Canada,Lead,164578,"TensorFlow, PyTorch, NLP",Mid-size
3472,Research Scientist,UK,Lead,146929,"Data Visualization, Computer Vision, Statistics",Startup
3473,Data Scientist,UK,Lead,161140,"SQL, Data Visualization, Computer Vision",Enterprise
3474,NLP Engineer,UK,Entry,38185,"PyTorch, Data Visualization, MLOps",Enterprise
3475,Deep Learning Engineer,USA,Mid,86023,"SQL, PyTorch, Data Visualization",Enterprise
3476,Computer Vision Engineer,India,Senior,47215,"PyTorch, SQL, Data Visualization",Enterprise
3477,AI Engineer,Australia,Entry,47806,"Python, Computer Vision, PyTorch",Startup
3478,Data Scientist,Australia,Senior,118814,"SQL, Computer Vision, MLOps",Mid-size
3479,Data Scientist,India,Entry,14858,"TensorFlow, SQL, PyTorch",Mid-size
3480,Computer Vision Engineer,USA,Lead,168668,"MLOps, NLP, Data Visualization",Startup
3481,Data Analyst,Germany,Senior,114578,"NLP, Python, SQL",Enterprise
3482,Data Analyst,India,Entry,11838,"SQL, Python, MLOps",Enterprise
3483,ML Engineer,UK,Senior,91137,"SQL, MLOps, Data Visualization",Startup
3484,NLP Engineer,India,Mid,31158,"Computer Vision, SQL, NLP",Mid-size
3485,Deep Learning Engineer,Canada,Senior,136133,"TensorFlow, PyTorch, Data Visualization",Enterprise
3486,Computer Vision Engineer,Canada,Entry,53905,"Python, Statistics, MLOps",Startup
3487,Data Scientist,Canada,Entry,33369,"Computer Vision, SQL, MLOps",Enterprise
3488,Deep Learning Engineer,USA,Lead,186742,"NLP, SQL, Computer Vision",Startup
3489,Data Analyst,UK,Mid,76943,"PyTorch, TensorFlow, Computer Vision",Enterprise
3490,ML Engineer,India,Senior,46057,"Computer Vision, TensorFlow, Statistics",Enterprise
3491,AI Engineer,India,Mid,33460,"PyTorch, SQL, Deep Learning",Startup
3492,ML Engineer,India,Senior,42003,"MLOps, TensorFlow, SQL",Enterprise
3493,Research Scientist,UK,Senior,97820,"TensorFlow, Data Visualization, NLP",Mid-size
3494,Data Analyst,USA,Senior,134518,"NLP, Statistics, Data Visualization",Startup
3495,AI Engineer,Germany,Mid,61805,"Deep Learning, Statistics, NLP",Mid-size
3496,ML Engineer,Canada,Mid,90535,"TensorFlow, SQL, NLP",Startup
3497,AI Engineer,USA,Entry,36814,"Computer Vision, Statistics, Data Visualization",Mid-size
3498,Data Scientist,India,Senior,49745,"PyTorch, SQL, Computer Vision",Startup
3499,ML Engineer,Canada,Lead,162710,"Python, NLP, Computer Vision",Enterprise
3500,Data Scientist,Germany,Mid,70282,"Statistics, Python, Computer Vision",Enterprise
3501,Computer Vision Engineer,UK,Entry,29487,"Python, Statistics, NLP",Startup
3502,Computer Vision Engineer,Germany,Mid,62941,"SQL, Statistics, Computer Vision",Startup
3503,Data Scientist,India,Entry,16098,"NLP, Computer Vision, SQL",Mid-size
3504,Data Scientist,Australia,Senior,142787,"PyTorch, NLP, Deep Learning",Mid-size
3505,ML Engineer,Germany,Entry,37587,"Data Visualization, TensorFlow, Statistics",Enterprise
3506,Data Analyst,Australia,Mid,63694,"PyTorch, MLOps, NLP",Mid-size
3507,Data Analyst,India,Mid,29700,"Deep Learning, Python, Computer Vision",Startup
3508,Data Scientist,Australia,Lead,218686,"Python, Data Visualization, TensorFlow",Mid-size
3509,Data Scientist,UK,Entry,29394,"Data Visualization, Deep Learning, SQL",Mid-size
3510,Data Analyst,USA,Mid,106794,"Deep Learning, Computer Vision, MLOps",Mid-size
3511,ML Engineer,Canada,Entry,52198,"Python, SQL, Deep Learning",Mid-size
3512,Research Scientist,Canada,Mid,83796,"Deep Learning, Data Visualization, Statistics",Enterprise
3513,NLP Engineer,Canada,Mid,87030,"Data Visualization, TensorFlow, Deep Learning",Enterprise
3514,ML Engineer,Germany,Lead,163930,"Statistics, MLOps, TensorFlow",Mid-size
3515,Research Scientist,India,Mid,24195,"Statistics, PyTorch, Python",Enterprise
3516,ML Engineer,India,Mid,20864,"Statistics, Python, NLP",Mid-size
3517,Computer Vision Engineer,India,Mid,28053,"NLP, Python, Computer Vision",Startup
3518,Deep Learning Engineer,Canada,Lead,213433,"TensorFlow, PyTorch, Python",Enterprise
3519,Research Scientist,India,Senior,47681,"PyTorch, Python, Statistics",Mid-size
3520,Deep Learning Engineer,UK,Senior,132060,"Data Visualization, Python, NLP",Enterprise
3521,AI Engineer,India,Entry,10212,"SQL, TensorFlow, MLOps",Mid-size
3522,Research Scientist,Canada,Senior,130550,"MLOps, NLP, Python",Enterprise
3523,Deep Learning Engineer,Canada,Lead,215303,"Data Visualization, Python, PyTorch",Mid-size
3524,AI Engineer,USA,Mid,64414,"SQL, Deep Learning, PyTorch",Enterprise
3525,Data Analyst,India,Entry,11795,"Statistics, Computer Vision, SQL",Mid-size
3526,ML Engineer,Australia,Senior,124720,"Statistics, Deep Learning, PyTorch",Mid-size
3527,AI Engineer,India,Entry,19782,"PyTorch, MLOps, NLP",Mid-size
3528,AI Engineer,Canada,Entry,37580,"Python, Statistics, SQL",Mid-size
3529,Computer Vision Engineer,UK,Senior,120175,"SQL, Computer Vision, Deep Learning",Enterprise
3530,Research Scientist,UK,Mid,51614,"Computer Vision, NLP, Data Visualization",Enterprise
3531,Deep Learning Engineer,USA,Mid,87895,"NLP, SQL, Deep Learning",Startup
3532,ML Engineer,USA,Senior,141554,"NLP, Computer Vision, Data Visualization",Mid-size
3533,Data Analyst,India,Lead,64828,"PyTorch, NLP, Deep Learning",Startup
3534,Research Scientist,India,Senior,54014,"Python, PyTorch, Statistics",Enterprise
3535,Data Analyst,India,Mid,21984,"Python, Computer Vision, TensorFlow",Mid-size
3536,Deep Learning Engineer,UK,Lead,162578,"Data Visualization, TensorFlow, Statistics",Enterprise
3537,NLP Engineer,India,Entry,17581,"NLP, MLOps, Deep Learning",Mid-size
3538,NLP Engineer,Canada,Lead,154061,"Python, Statistics, PyTorch",Enterprise
3539,Deep Learning Engineer,USA,Lead,186120,"Deep Learning, PyTorch, SQL",Mid-size
3540,ML Engineer,Australia,Mid,56041,"PyTorch, NLP, SQL",Enterprise
3541,ML Engineer,UK,Senior,120472,"NLP, Computer Vision, Deep Learning",Startup
3542,Data Scientist,Australia,Lead,157888,"MLOps, Deep Learning, Data Visualization",Startup
3543,Data Scientist,Canada,Entry,42544,"TensorFlow, MLOps, Computer Vision",Startup
3544,Computer Vision Engineer,UK,Entry,42923,"Computer Vision, SQL, Python",Enterprise
3545,AI Engineer,Germany,Entry,43453,"Statistics, Deep Learning, PyTorch",Mid-size
3546,Research Scientist,India,Entry,13434,"Data Visualization, Computer Vision, Deep Learning",Enterprise
3547,NLP Engineer,Germany,Mid,51049,"PyTorch, Deep Learning, Python",Enterprise
3548,Data Scientist,Canada,Senior,129247,"Deep Learning, Statistics, Data Visualization",Mid-size
3549,NLP Engineer,UK,Entry,41045,"PyTorch, Computer Vision, Python",Enterprise
3550,ML Engineer,Germany,Lead,178294,"Deep Learning, MLOps, PyTorch",Mid-size
3551,AI Engineer,USA,Mid,65632,"Computer Vision, PyTorch, TensorFlow",Mid-size
3552,AI Engineer,Germany,Mid,71556,"TensorFlow, Deep Learning, PyTorch",Mid-size
3553,Computer Vision Engineer,India,Entry,15562,"NLP, Computer Vision, Python",Startup
3554,AI Engineer,UK,Entry,40293,"Python, PyTorch, Computer Vision",Mid-size
3555,Data Analyst,UK,Entry,23066,"SQL, Deep Learning, Computer Vision",Enterprise
3556,Research Scientist,Australia,Senior,101706,"Computer Vision, TensorFlow, Deep Learning",Enterprise
3557,Computer Vision Engineer,Canada,Lead,175004,"SQL, Deep Learning, TensorFlow",Startup
3558,Research Scientist,Canada,Mid,66581,"Statistics, SQL, Computer Vision",Startup
3559,Computer Vision Engineer,UK,Entry,30390,"TensorFlow, Statistics, MLOps",Enterprise
3560,Research Scientist,UK,Mid,62204,"Computer Vision, PyTorch, Data Visualization",Mid-size
3561,NLP Engineer,Canada,Senior,153480,"Python, Statistics, NLP",Startup
3562,Deep Learning Engineer,Australia,Lead,190874,"TensorFlow, Data Visualization, PyTorch",Mid-size
3563,Computer Vision Engineer,USA,Senior,120435,"TensorFlow, Deep Learning, SQL",Startup
3564,Computer Vision Engineer,UK,Entry,25396,"Python, Computer Vision, Statistics",Startup
3565,ML Engineer,Germany,Lead,178515,"MLOps, NLP, Computer Vision",Startup
3566,NLP Engineer,Canada,Senior,129687,"Data Visualization, Computer Vision, Statistics",Enterprise
3567,Data Scientist,USA,Entry,44762,"SQL, Deep Learning, Data Visualization",Mid-size
3568,Deep Learning Engineer,USA,Mid,77320,"NLP, MLOps, SQL",Startup
3569,Data Scientist,USA,Lead,181083,"Deep Learning, Computer Vision, TensorFlow",Mid-size
3570,Data Scientist,India,Entry,14713,"Statistics, Data Visualization, Python",Mid-size
3571,NLP Engineer,Australia,Entry,40704,"PyTorch, Python, Deep Learning",Enterprise
3572,Computer Vision Engineer,Canada,Senior,120333,"TensorFlow, SQL, MLOps",Mid-size
3573,NLP Engineer,USA,Entry,26841,"Data Visualization, Deep Learning, Statistics",Mid-size
3574,NLP Engineer,Australia,Entry,28825,"SQL, Data Visualization, NLP",Startup
3575,ML Engineer,USA,Entry,28429,"Computer Vision, Python, NLP",Enterprise
3576,AI Engineer,India,Mid,27110,"PyTorch, Statistics, Data Visualization",Enterprise
3577,Research Scientist,Canada,Entry,52342,"Deep Learning, Statistics, Computer Vision",Startup
3578,Deep Learning Engineer,UK,Senior,139911,"Statistics, NLP, PyTorch",Mid-size
3579,Deep Learning Engineer,USA,Entry,56812,"Deep Learning, Python, TensorFlow",Mid-size
3580,Research Scientist,Australia,Lead,165601,"Python, PyTorch, SQL",Mid-size
3581,Data Scientist,USA,Senior,142521,"Statistics, TensorFlow, Python",Startup
3582,Data Analyst,Canada,Mid,97010,"Computer Vision, NLP, MLOps",Startup
3583,Data Analyst,Australia,Entry,38960,"PyTorch, TensorFlow, Data Visualization",Enterprise
3584,Computer Vision Engineer,India,Senior,50074,"PyTorch, Data Visualization, Statistics",Enterprise
3585,Deep Learning Engineer,UK,Senior,130935,"Computer Vision, Deep Learning, NLP",Startup
3586,Deep Learning Engineer,Australia,Lead,179878,"NLP, SQL, Computer Vision",Mid-size
3587,Research Scientist,India,Senior,48382,"PyTorch, TensorFlow, Computer Vision",Mid-size
3588,Research Scientist,UK,Entry,41033,"TensorFlow, PyTorch, MLOps",Startup
3589,Data Analyst,India,Lead,60182,"MLOps, Statistics, TensorFlow",Enterprise
3590,Deep Learning Engineer,UK,Senior,132145,"NLP, Statistics, SQL",Mid-size
3591,Data Scientist,Germany,Lead,144301,"Data Visualization, PyTorch, Computer Vision",Mid-size
3592,Research Scientist,India,Lead,79284,"Computer Vision, Deep Learning, SQL",Mid-size
3593,Data Scientist,USA,Mid,85854,"Computer Vision, MLOps, SQL",Enterprise
3594,Data Scientist,Germany,Senior,136563,"Computer Vision, Data Visualization, Python",Startup
3595,NLP Engineer,USA,Mid,62308,"SQL, MLOps, Data Visualization",Mid-size
3596,Computer Vision Engineer,Germany,Entry,41565,"Python, MLOps, Data Visualization",Startup
3597,Research Scientist,UK,Mid,59945,"Statistics, MLOps, Computer Vision",Enterprise
3598,Deep Learning Engineer,Australia,Mid,97675,"TensorFlow, Python, Deep Learning",Mid-size
3599,Data Analyst,UK,Senior,107256,"TensorFlow, Data Visualization, Computer Vision",Mid-size
3600,AI Engineer,Germany,Lead,185704,"Data Visualization, NLP, PyTorch",Startup
3601,NLP Engineer,Australia,Entry,37900,"NLP, SQL, Python",Mid-size
3602,Data Scientist,Australia,Entry,26408,"TensorFlow, Deep Learning, Computer Vision",Enterprise
3603,Data Analyst,Germany,Senior,94030,"Deep Learning, SQL, Data Visualization",Enterprise
3604,Research Scientist,USA,Mid,83686,"Statistics, PyTorch, MLOps",Mid-size
3605,NLP Engineer,India,Senior,48005,"SQL, Computer Vision, PyTorch",Startup
3606,Data Scientist,Canada,Senior,104259,"PyTorch, Deep Learning, SQL",Enterprise
3607,NLP Engineer,Australia,Senior,111147,"TensorFlow, Data Visualization, Statistics",Startup
3608,AI Engineer,USA,Senior,128521,"NLP, Computer Vision, MLOps",Enterprise
3609,Data Analyst,Australia,Senior,148118,"Python, Statistics, Computer Vision",Enterprise
3610,AI Engineer,USA,Mid,69058,"SQL, Python, Data Visualization",Mid-size
3611,NLP Engineer,Germany,Lead,163016,"Statistics, Deep Learning, Data Visualization",Startup
3612,Deep Learning Engineer,India,Senior,55802,"PyTorch, TensorFlow, SQL",Mid-size
3613,Data Analyst,UK,Entry,37866,"TensorFlow, NLP, SQL",Startup
3614,Data Analyst,Australia,Mid,71159,"Computer Vision, Statistics, Deep Learning",Enterprise
3615,Research Scientist,Australia,Lead,186641,"Computer Vision, SQL, Statistics",Startup
3616,AI Engineer,USA,Mid,102714,"MLOps, Statistics, PyTorch",Startup
3617,Data Scientist,USA,Mid,97338,"Python, MLOps, Statistics",Startup
3618,Data Scientist,USA,Lead,215925,"TensorFlow, Computer Vision, NLP",Enterprise
3619,Data Scientist,UK,Lead,184207,"TensorFlow, SQL, Computer Vision",Enterprise
3620,ML Engineer,Canada,Mid,79685,"NLP, TensorFlow, Data Visualization",Enterprise
3621,Computer Vision Engineer,UK,Lead,163434,"Data Visualization, NLP, Python",Mid-size
3622,AI Engineer,India,Entry,16537,"Data Visualization, Python, PyTorch",Enterprise
3623,ML Engineer,Canada,Senior,136013,"Statistics, Computer Vision, SQL",Mid-size
3624,Computer Vision Engineer,Germany,Mid,89470,"SQL, TensorFlow, Statistics",Startup
3625,Deep Learning Engineer,India,Mid,33170,"NLP, TensorFlow, Computer Vision",Startup
3626,Computer Vision Engineer,Germany,Entry,47172,"Python, PyTorch, SQL",Startup
3627,Data Scientist,Germany,Mid,74187,"PyTorch, NLP, Statistics",Enterprise
3628,AI Engineer,Australia,Lead,161231,"Data Visualization, Computer Vision, PyTorch",Mid-size
3629,ML Engineer,USA,Mid,68708,"Statistics, Deep Learning, MLOps",Mid-size
3630,Data Scientist,Australia,Lead,184946,"Python, NLP, Computer Vision",Mid-size
3631,Research Scientist,USA,Mid,76231,"PyTorch, Python, Computer Vision",Mid-size
3632,Deep Learning Engineer,Germany,Mid,75551,"TensorFlow, Deep Learning, MLOps",Mid-size
3633,AI Engineer,USA,Mid,99710,"SQL, Computer Vision, Python",Startup
3634,Computer Vision Engineer,UK,Entry,25645,"Computer Vision, TensorFlow, Data Visualization",Enterprise
3635,ML Engineer,USA,Entry,26916,"Data Visualization, Computer Vision, Python",Enterprise
3636,Deep Learning Engineer,UK,Mid,52179,"NLP, Deep Learning, PyTorch",Mid-size
3637,Research Scientist,Canada,Mid,75574,"TensorFlow, Computer Vision, PyTorch",Enterprise
3638,NLP Engineer,UK,Senior,137653,"Python, MLOps, Computer Vision",Enterprise
3639,Data Analyst,Germany,Lead,191432,"Python, Deep Learning, NLP",Startup
3640,Computer Vision Engineer,Canada,Senior,122657,"Statistics, PyTorch, Deep Learning",Startup
3641,Data Analyst,UK,Entry,34903,"PyTorch, Statistics, TensorFlow",Mid-size
3642,Computer Vision Engineer,Canada,Mid,65417,"SQL, PyTorch, TensorFlow",Enterprise
3643,Computer Vision Engineer,UK,Entry,37871,"TensorFlow, SQL, Data Visualization",Mid-size
3644,Data Analyst,India,Entry,14683,"Python, TensorFlow, SQL",Startup
3645,Research Scientist,UK,Lead,198784,"Statistics, PyTorch, NLP",Enterprise
3646,Research Scientist,India,Entry,17889,"MLOps, NLP, Statistics",Mid-size
3647,Deep Learning Engineer,Germany,Senior,137805,"NLP, PyTorch, Deep Learning",Startup
3648,Data Analyst,UK,Senior,92369,"SQL, PyTorch, MLOps",Startup
3649,ML Engineer,USA,Entry,24633,"Deep Learning, MLOps, Python",Startup
3650,AI Engineer,UK,Entry,39748,"MLOps, Computer Vision, Data Visualization",Enterprise
3651,AI Engineer,UK,Mid,65256,"Statistics, PyTorch, NLP",Enterprise
3652,Computer Vision Engineer,Canada,Senior,130796,"MLOps, Python, Deep Learning",Enterprise
3653,NLP Engineer,India,Mid,20544,"PyTorch, Data Visualization, Statistics",Enterprise
3654,Data Scientist,India,Entry,13700,"Data Visualization, Deep Learning, NLP",Enterprise
3655,Data Analyst,India,Senior,42964,"Data Visualization, MLOps, TensorFlow",Enterprise
3656,Computer Vision Engineer,USA,Mid,90860,"TensorFlow, Statistics, Deep Learning",Mid-size
3657,Research Scientist,Germany,Senior,96406,"Deep Learning, NLP, SQL",Enterprise
3658,NLP Engineer,Australia,Senior,128618,"Computer Vision, Python, Statistics",Startup
3659,Data Scientist,Germany,Mid,86394,"SQL, Statistics, NLP",Enterprise
3660,Deep Learning Engineer,USA,Senior,133656,"Python, Statistics, SQL",Enterprise
3661,Computer Vision Engineer,UK,Lead,165669,"Deep Learning, Python, Computer Vision",Startup
3662,AI Engineer,UK,Mid,81813,"TensorFlow, Deep Learning, PyTorch",Enterprise
3663,NLP Engineer,Canada,Lead,183772,"Deep Learning, NLP, PyTorch",Enterprise
3664,ML Engineer,Germany,Entry,45176,"PyTorch, Python, NLP",Mid-size
3665,Deep Learning Engineer,Australia,Mid,93484,"TensorFlow, Python, Computer Vision",Mid-size
3666,Computer Vision Engineer,USA,Entry,45043,"Python, Data Visualization, MLOps",Startup
3667,Data Scientist,Canada,Mid,64414,"Computer Vision, Data Visualization, NLP",Startup
3668,AI Engineer,Germany,Entry,20615,"Deep Learning, Data Visualization, Statistics",Startup
3669,Research Scientist,USA,Lead,201094,"Deep Learning, PyTorch, SQL",Mid-size
3670,NLP Engineer,UK,Entry,45274,"Python, Statistics, MLOps",Mid-size
3671,ML Engineer,India,Mid,31382,"SQL, TensorFlow, Deep Learning",Startup
3672,Computer Vision Engineer,USA,Lead,214261,"Computer Vision, NLP, Python",Startup
3673,Deep Learning Engineer,Canada,Entry,32726,"Data Visualization, MLOps, Python",Startup
3674,NLP Engineer,Australia,Senior,119895,"Deep Learning, TensorFlow, MLOps",Startup
3675,Data Analyst,UK,Mid,78767,"Computer Vision, Deep Learning, Data Visualization",Enterprise
3676,Computer Vision Engineer,India,Lead,56760,"Data Visualization, Statistics, PyTorch",Enterprise
3677,Deep Learning Engineer,India,Mid,24076,"SQL, Python, Statistics",Startup
3678,Data Analyst,Germany,Senior,92010,"Data Visualization, Deep Learning, TensorFlow",Mid-size
3679,AI Engineer,Canada,Entry,36339,"PyTorch, NLP, SQL",Enterprise
3680,Data Scientist,Canada,Mid,72641,"Deep Learning, Statistics, Python",Enterprise
3681,Data Scientist,Germany,Entry,47609,"PyTorch, NLP, Computer Vision",Mid-size
3682,Data Analyst,Australia,Senior,118977,"TensorFlow, NLP, Deep Learning",Mid-size
3683,ML Engineer,Canada,Senior,128001,"Python, SQL, PyTorch",Enterprise
3684,Data Scientist,Canada,Senior,124443,"SQL, Computer Vision, MLOps",Startup
3685,Data Scientist,Germany,Mid,68790,"TensorFlow, Python, NLP",Mid-size
3686,ML Engineer,UK,Senior,132864,"Deep Learning, SQL, TensorFlow",Enterprise
3687,Computer Vision Engineer,India,Senior,36288,"NLP, TensorFlow, PyTorch",Enterprise
3688,ML Engineer,Canada,Mid,96397,"Computer Vision, Deep Learning, Statistics",Enterprise
3689,NLP Engineer,USA,Lead,210342,"SQL, MLOps, PyTorch",Mid-size
3690,Data Analyst,India,Senior,49049,"Python, Data Visualization, Deep Learning",Startup
3691,AI Engineer,India,Senior,52977,"Python, MLOps, PyTorch",Enterprise
3692,Computer Vision Engineer,India,Entry,19886,"SQL, NLP, Deep Learning",Enterprise
3693,Computer Vision Engineer,Canada,Lead,154016,"TensorFlow, Python, PyTorch",Startup
3694,AI Engineer,Australia,Senior,116605,"NLP, SQL, Statistics",Mid-size
3695,Research Scientist,Australia,Senior,150750,"Python, SQL, PyTorch",Enterprise
3696,Deep Learning Engineer,Australia,Mid,65734,"NLP, Computer Vision, Deep Learning",Mid-size
3697,Computer Vision Engineer,India,Senior,53185,"Data Visualization, MLOps, Deep Learning",Mid-size
3698,Data Scientist,Germany,Lead,167631,"Statistics, Deep Learning, Computer Vision",Mid-size
3699,Deep Learning Engineer,Australia,Lead,217505,"PyTorch, Computer Vision, NLP",Enterprise
3700,Research Scientist,UK,Lead,171440,"MLOps, Data Visualization, PyTorch",Mid-size
3701,Computer Vision Engineer,UK,Lead,195076,"Deep Learning, PyTorch, MLOps",Startup
3702,Deep Learning Engineer,UK,Mid,50763,"NLP, Statistics, TensorFlow",Mid-size
3703,AI Engineer,USA,Entry,44638,"Computer Vision, PyTorch, Deep Learning",Enterprise
3704,NLP Engineer,Australia,Lead,219750,"Statistics, Data Visualization, NLP",Mid-size
3705,NLP Engineer,Australia,Lead,219499,"Deep Learning, TensorFlow, Computer Vision",Startup
3706,Data Analyst,Canada,Senior,109334,"Data Visualization, Statistics, MLOps",Enterprise
3707,Data Analyst,Germany,Lead,192437,"Deep Learning, TensorFlow, Statistics",Enterprise
3708,Data Scientist,USA,Entry,40153,"TensorFlow, Statistics, SQL",Mid-size
3709,NLP Engineer,Canada,Entry,53816,"Statistics, Python, Data Visualization",Enterprise
3710,Data Analyst,India,Lead,60211,"Statistics, Computer Vision, PyTorch",Enterprise
3711,AI Engineer,Germany,Mid,50497,"Computer Vision, MLOps, Deep Learning",Mid-size
3712,AI Engineer,Australia,Lead,172965,"PyTorch, Deep Learning, Statistics",Mid-size
3713,Computer Vision Engineer,Australia,Mid,64583,"Computer Vision, PyTorch, Statistics",Mid-size
3714,Research Scientist,UK,Lead,177372,"Python, Computer Vision, SQL",Startup
3715,Data Analyst,USA,Mid,81530,"Deep Learning, Statistics, TensorFlow",Enterprise
3716,AI Engineer,India,Mid,20642,"TensorFlow, Statistics, Data Visualization",Mid-size
3717,Computer Vision Engineer,India,Entry,9429,"Python, SQL, PyTorch",Mid-size
3718,Data Scientist,India,Mid,35669,"Deep Learning, Data Visualization, MLOps",Mid-size
3719,AI Engineer,Germany,Mid,54473,"TensorFlow, SQL, Deep Learning",Mid-size
3720,Computer Vision Engineer,USA,Lead,199698,"Deep Learning, TensorFlow, MLOps",Enterprise
3721,Data Analyst,Canada,Mid,76777,"Computer Vision, TensorFlow, Statistics",Mid-size
3722,Deep Learning Engineer,UK,Mid,85326,"Python, Computer Vision, Deep Learning",Startup
3723,AI Engineer,Germany,Mid,71804,"Python, PyTorch, Data Visualization",Mid-size
3724,AI Engineer,Australia,Senior,108897,"NLP, MLOps, Python",Mid-size
3725,Research Scientist,Germany,Entry,33697,"Data Visualization, Statistics, Python",Startup
3726,Deep Learning Engineer,UK,Senior,113279,"Data Visualization, MLOps, PyTorch",Mid-size
3727,NLP Engineer,India,Senior,49992,"MLOps, Statistics, Deep Learning",Mid-size
3728,Data Analyst,Australia,Lead,180383,"NLP, MLOps, SQL",Mid-size
3729,Computer Vision Engineer,Germany,Mid,66997,"MLOps, NLP, Statistics",Startup
3730,NLP Engineer,Canada,Mid,84037,"Deep Learning, NLP, Data Visualization",Mid-size
3731,NLP Engineer,India,Mid,28498,"Computer Vision, MLOps, SQL",Enterprise
3732,Data Scientist,USA,Mid,102028,"SQL, MLOps, Statistics",Mid-size
3733,NLP Engineer,USA,Senior,114507,"Python, Computer Vision, SQL",Enterprise
3734,Data Scientist,USA,Lead,201607,"NLP, Python, Deep Learning",Enterprise
3735,Research Scientist,USA,Senior,125190,"Statistics, NLP, Computer Vision",Startup
3736,Data Analyst,India,Entry,8701,"Data Visualization, SQL, MLOps",Enterprise
3737,Research Scientist,USA,Mid,60988,"Python, Statistics, Computer Vision",Enterprise
3738,ML Engineer,Germany,Senior,101517,"Deep Learning, PyTorch, TensorFlow",Enterprise
3739,Data Analyst,Germany,Senior,98266,"Statistics, Deep Learning, TensorFlow",Startup
3740,Data Scientist,Australia,Entry,43718,"MLOps, Computer Vision, PyTorch",Startup
3741,Computer Vision Engineer,Australia,Senior,128257,"PyTorch, Computer Vision, Deep Learning",Enterprise
3742,AI Engineer,Australia,Mid,59747,"TensorFlow, Python, Computer Vision",Mid-size
3743,Research Scientist,Canada,Senior,123405,"MLOps, PyTorch, Computer Vision",Startup
3744,Research Scientist,India,Senior,45576,"PyTorch, Statistics, SQL",Startup
3745,Data Analyst,UK,Entry,45685,"NLP, SQL, Data Visualization",Enterprise
3746,Computer Vision Engineer,India,Entry,18258,"Computer Vision, Python, SQL",Startup
3747,Data Scientist,Australia,Senior,109556,"TensorFlow, Python, Data Visualization",Mid-size
3748,Deep Learning Engineer,USA,Mid,67882,"Computer Vision, TensorFlow, Python",Enterprise
3749,Deep Learning Engineer,India,Entry,9691,"Python, NLP, Data Visualization",Startup
3750,Computer Vision Engineer,India,Entry,17505,"MLOps, Computer Vision, SQL",Mid-size
3751,ML Engineer,USA,Mid,86527,"Computer Vision, SQL, Deep Learning",Enterprise
3752,Research Scientist,UK,Senior,107881,"NLP, MLOps, Python",Startup
3753,Computer Vision Engineer,Canada,Mid,59147,"PyTorch, SQL, Data Visualization",Enterprise
3754,Deep Learning Engineer,USA,Senior,154771,"PyTorch, Python, SQL",Enterprise
3755,ML Engineer,Canada,Lead,169370,"PyTorch, Deep Learning, Python",Startup
3756,AI Engineer,UK,Senior,126048,"NLP, Deep Learning, PyTorch",Mid-size
3757,Data Scientist,Canada,Lead,155782,"Python, Deep Learning, PyTorch",Enterprise
3758,NLP Engineer,USA,Mid,83506,"Data Visualization, MLOps, Computer Vision",Enterprise
3759,Computer Vision Engineer,UK,Mid,59745,"TensorFlow, Deep Learning, MLOps",Mid-size
3760,NLP Engineer,Germany,Entry,46171,"Deep Learning, Computer Vision, PyTorch",Startup
3761,Computer Vision Engineer,India,Lead,75932,"Deep Learning, TensorFlow, PyTorch",Mid-size
3762,Computer Vision Engineer,USA,Mid,105906,"PyTorch, Computer Vision, Python",Startup
3763,ML Engineer,India,Entry,19816,"MLOps, Computer Vision, SQL",Startup
3764,Research Scientist,Germany,Senior,125191,"Deep Learning, Computer Vision, SQL",Startup
3765,NLP Engineer,Canada,Mid,85495,"NLP, Data Visualization, MLOps",Mid-size
3766,Data Scientist,USA,Senior,111528,"Data Visualization, Python, NLP",Startup
3767,Deep Learning Engineer,Australia,Senior,106657,"MLOps, SQL, NLP",Enterprise
3768,Data Analyst,India,Lead,58728,"Computer Vision, NLP, Statistics",Startup
3769,Research Scientist,UK,Lead,187899,"PyTorch, Computer Vision, MLOps",Enterprise
3770,AI Engineer,Australia,Lead,186876,"Deep Learning, Statistics, Python",Enterprise
3771,Deep Learning Engineer,India,Senior,51297,"NLP, Statistics, Computer Vision",Enterprise
3772,Research Scientist,USA,Mid,90249,"Statistics, TensorFlow, PyTorch",Mid-size
3773,ML Engineer,Australia,Entry,34807,"NLP, MLOps, PyTorch",Startup
3774,Research Scientist,Canada,Senior,102511,"PyTorch, NLP, TensorFlow",Startup
3775,Deep Learning Engineer,Canada,Mid,72352,"TensorFlow, Data Visualization, Python",Startup
3776,AI Engineer,India,Lead,66800,"SQL, TensorFlow, Computer Vision",Enterprise
3777,Computer Vision Engineer,India,Senior,48192,"Computer Vision, PyTorch, MLOps",Enterprise
3778,Research Scientist,India,Lead,78045,"Python, Statistics, TensorFlow",Mid-size
3779,Data Analyst,UK,Entry,48204,"Python, PyTorch, NLP",Mid-size
3780,Deep Learning Engineer,USA,Lead,181461,"Deep Learning, PyTorch, Data Visualization",Mid-size
3781,Deep Learning Engineer,India,Lead,75772,"Computer Vision, SQL, Python",Startup
3782,AI Engineer,India,Senior,48368,"Python, TensorFlow, Computer Vision",Startup
3783,Deep Learning Engineer,India,Entry,17284,"Statistics, Computer Vision, Python",Mid-size
3784,Data Analyst,Germany,Entry,44950,"Statistics, Python, NLP",Startup
3785,Computer Vision Engineer,USA,Lead,187550,"Computer Vision, NLP, SQL",Enterprise
3786,Data Analyst,UK,Senior,101785,"Python, Computer Vision, SQL",Enterprise
3787,Research Scientist,USA,Entry,31512,"Python, Statistics, MLOps",Startup
3788,ML Engineer,UK,Entry,24841,"PyTorch, Deep Learning, MLOps",Enterprise
3789,Computer Vision Engineer,Canada,Entry,50655,"TensorFlow, Data Visualization, SQL",Enterprise
3790,AI Engineer,USA,Senior,135279,"NLP, SQL, TensorFlow",Mid-size
3791,AI Engineer,UK,Lead,197248,"Statistics, Deep Learning, NLP",Enterprise
3792,NLP Engineer,Canada,Mid,90431,"Deep Learning, SQL, MLOps",Enterprise
3793,Data Scientist,Germany,Entry,20594,"TensorFlow, MLOps, Data Visualization",Enterprise
3794,AI Engineer,India,Mid,21280,"Computer Vision, TensorFlow, PyTorch",Mid-size
3795,Deep Learning Engineer,Canada,Mid,81780,"Python, MLOps, Data Visualization",Mid-size
3796,AI Engineer,USA,Lead,188064,"NLP, Python, TensorFlow",Mid-size
3797,Computer Vision Engineer,Australia,Mid,85967,"Statistics, MLOps, Computer Vision",Enterprise
3798,Deep Learning Engineer,Canada,Lead,191115,"Computer Vision, Python, Data Visualization",Enterprise
3799,Research Scientist,Canada,Entry,44719,"Computer Vision, MLOps, Data Visualization",Enterprise
3800,NLP Engineer,USA,Lead,235983,"SQL, Deep Learning, MLOps",Enterprise
3801,Research Scientist,Canada,Mid,88115,"PyTorch, Computer Vision, Statistics",Mid-size
3802,NLP Engineer,USA,Lead,198386,"Computer Vision, NLP, Data Visualization",Enterprise
3803,ML Engineer,USA,Lead,213933,"Deep Learning, PyTorch, Python",Enterprise
3804,Computer Vision Engineer,India,Entry,9377,"Python, PyTorch, Computer Vision",Startup
3805,Data Analyst,UK,Senior,135197,"SQL, Statistics, NLP",Mid-size
3806,Data Scientist,USA,Senior,141158,"Statistics, Python, SQL",Startup
3807,Data Scientist,UK,Senior,127436,"Data Visualization, Computer Vision, SQL",Mid-size
3808,Computer Vision Engineer,Australia,Lead,171711,"NLP, PyTorch, Statistics",Mid-size
3809,Deep Learning Engineer,Australia,Entry,31714,"Statistics, Computer Vision, Data Visualization",Enterprise
3810,NLP Engineer,Australia,Lead,201910,"SQL, Computer Vision, Deep Learning",Mid-size
3811,ML Engineer,Germany,Senior,90394,"Python, Computer Vision, Statistics",Enterprise
3812,Computer Vision Engineer,USA,Entry,28316,"Python, Computer Vision, PyTorch",Mid-size
3813,Deep Learning Engineer,USA,Mid,61974,"Data Visualization, Python, Statistics",Mid-size
3814,Deep Learning Engineer,India,Lead,69416,"Data Visualization, MLOps, Statistics",Enterprise
3815,Deep Learning Engineer,Germany,Mid,71563,"PyTorch, Data Visualization, Deep Learning",Startup
3816,Computer Vision Engineer,Germany,Lead,170143,"Data Visualization, TensorFlow, PyTorch",Enterprise
3817,NLP Engineer,India,Entry,17803,"Computer Vision, PyTorch, Python",Enterprise
3818,ML Engineer,USA,Lead,192165,"Data Visualization, Deep Learning, PyTorch",Enterprise
3819,NLP Engineer,India,Entry,19600,"Data Visualization, TensorFlow, NLP",Startup
3820,ML Engineer,USA,Lead,184218,"Data Visualization, Statistics, MLOps",Enterprise
3821,AI Engineer,Canada,Mid,97484,"TensorFlow, Python, Computer Vision",Enterprise
3822,Data Analyst,India,Entry,15097,"TensorFlow, SQL, Data Visualization",Enterprise
3823,Data Analyst,Australia,Senior,104066,"Data Visualization, Python, PyTorch",Startup
3824,NLP Engineer,UK,Entry,36076,"PyTorch, SQL, Data Visualization",Enterprise
3825,Deep Learning Engineer,USA,Entry,40171,"Python, MLOps, TensorFlow",Enterprise
3826,AI Engineer,Australia,Senior,121012,"Data Visualization, NLP, Computer Vision",Enterprise
3827,ML Engineer,Canada,Entry,49248,"Data Visualization, PyTorch, Computer Vision",Mid-size
3828,Data Analyst,Germany,Senior,118176,"Computer Vision, Python, MLOps",Enterprise
3829,Deep Learning Engineer,UK,Entry,22056,"TensorFlow, Deep Learning, Python",Enterprise
3830,Data Analyst,Australia,Entry,29948,"SQL, Deep Learning, TensorFlow",Mid-size
3831,NLP Engineer,USA,Senior,132346,"NLP, PyTorch, Deep Learning",Mid-size
3832,Deep Learning Engineer,Germany,Entry,31530,"Computer Vision, NLP, SQL",Startup
3833,Data Scientist,Germany,Lead,142631,"SQL, MLOps, Python",Startup
3834,ML Engineer,USA,Lead,229786,"MLOps, TensorFlow, Deep Learning",Enterprise
3835,Deep Learning Engineer,India,Senior,50178,"Python, Deep Learning, TensorFlow",Startup
3836,Deep Learning Engineer,Germany,Lead,182381,"Computer Vision, SQL, Deep Learning",Startup
3837,Computer Vision Engineer,USA,Lead,239109,"MLOps, PyTorch, Deep Learning",Enterprise
3838,Deep Learning Engineer,India,Senior,45987,"TensorFlow, NLP, MLOps",Startup
3839,Data Scientist,UK,Senior,92395,"Data Visualization, SQL, TensorFlow",Mid-size
3840,Computer Vision Engineer,Canada,Senior,116356,"Deep Learning, MLOps, Python",Startup
3841,NLP Engineer,Germany,Lead,149984,"TensorFlow, Computer Vision, MLOps",Startup
3842,ML Engineer,Australia,Senior,128616,"Deep Learning, Statistics, MLOps",Mid-size
3843,AI Engineer,USA,Lead,211722,"TensorFlow, Computer Vision, PyTorch",Enterprise
3844,ML Engineer,Germany,Mid,89227,"PyTorch, NLP, TensorFlow",Enterprise
3845,Deep Learning Engineer,India,Mid,23790,"MLOps, TensorFlow, SQL",Mid-size
3846,Deep Learning Engineer,UK,Mid,55965,"Data Visualization, NLP, Python",Mid-size
3847,AI Engineer,Australia,Senior,144293,"Python, Computer Vision, Deep Learning",Enterprise
3848,NLP Engineer,Germany,Mid,53273,"Statistics, Python, PyTorch",Mid-size
3849,Data Analyst,USA,Entry,37063,"Statistics, Python, PyTorch",Enterprise
3850,Data Scientist,Australia,Mid,56188,"Data Visualization, Python, Statistics",Enterprise
3851,Data Analyst,Canada,Senior,132306,"Python, Deep Learning, TensorFlow",Startup
3852,ML Engineer,USA,Lead,213549,"Deep Learning, Statistics, TensorFlow",Mid-size
3853,Research Scientist,USA,Lead,208822,"Computer Vision, NLP, MLOps",Mid-size
3854,Data Scientist,USA,Senior,167400,"SQL, Python, Statistics",Mid-size
3855,Data Analyst,Canada,Lead,174255,"Data Visualization, NLP, Computer Vision",Enterprise
3856,NLP Engineer,India,Mid,29688,"Data Visualization, TensorFlow, SQL",Enterprise
3857,ML Engineer,Canada,Entry,32622,"MLOps, Computer Vision, NLP",Enterprise
3858,Deep Learning Engineer,Germany,Entry,47584,"TensorFlow, Computer Vision, NLP",Mid-size
3859,Data Analyst,UK,Mid,58052,"Computer Vision, TensorFlow, PyTorch",Mid-size
3860,Data Analyst,UK,Lead,150216,"SQL, MLOps, Computer Vision",Mid-size
3861,Computer Vision Engineer,Germany,Mid,74911,"PyTorch, Computer Vision, NLP",Enterprise
3862,NLP Engineer,USA,Senior,122653,"Deep Learning, Statistics, PyTorch",Startup
3863,Data Analyst,Australia,Mid,59010,"MLOps, Computer Vision, Data Visualization",Enterprise
3864,Deep Learning Engineer,India,Lead,74300,"MLOps, Data Visualization, TensorFlow",Mid-size
3865,AI Engineer,UK,Mid,55190,"Python, NLP, Statistics",Startup
3866,Computer Vision Engineer,Canada,Senior,109214,"Statistics, Deep Learning, PyTorch",Startup
3867,ML Engineer,Germany,Mid,57758,"MLOps, Data Visualization, NLP",Mid-size
3868,Computer Vision Engineer,UK,Mid,59854,"TensorFlow, Deep Learning, PyTorch",Startup
3869,Computer Vision Engineer,India,Lead,63782,"Computer Vision, PyTorch, Python",Startup
3870,Computer Vision Engineer,UK,Senior,125289,"NLP, Computer Vision, Data Visualization",Enterprise
3871,Deep Learning Engineer,UK,Mid,73016,"Statistics, MLOps, Computer Vision",Startup
3872,NLP Engineer,Germany,Lead,143404,"NLP, Deep Learning, PyTorch",Enterprise
3873,NLP Engineer,Australia,Lead,170714,"SQL, TensorFlow, PyTorch",Mid-size
3874,Data Scientist,Australia,Lead,203877,"Computer Vision, MLOps, SQL",Enterprise
3875,ML Engineer,Australia,Senior,105138,"MLOps, Statistics, TensorFlow",Enterprise
3876,NLP Engineer,UK,Lead,170496,"Python, Computer Vision, Data Visualization",Startup
3877,AI Engineer,UK,Senior,131424,"SQL, NLP, MLOps",Mid-size
3878,Research Scientist,Australia,Senior,115471,"SQL, Statistics, Computer Vision",Mid-size
3879,Data Scientist,Germany,Senior,113218,"Data Visualization, Statistics, MLOps",Enterprise
3880,Computer Vision Engineer,India,Lead,66183,"Python, PyTorch, SQL",Enterprise
3881,ML Engineer,USA,Entry,53383,"SQL, Statistics, MLOps",Mid-size
3882,ML Engineer,Australia,Mid,90964,"NLP, Computer Vision, TensorFlow",Startup
3883,Research Scientist,UK,Senior,122847,"Python, MLOps, Statistics",Mid-size
3884,Data Scientist,USA,Senior,120202,"Deep Learning, TensorFlow, MLOps",Enterprise
3885,AI Engineer,USA,Mid,86451,"TensorFlow, Computer Vision, MLOps",Startup
3886,Computer Vision Engineer,Germany,Senior,115774,"PyTorch, Data Visualization, Computer Vision",Startup
3887,Computer Vision Engineer,India,Entry,16836,"Data Visualization, NLP, SQL",Enterprise
3888,Research Scientist,Canada,Mid,56096,"Statistics, Python, Computer Vision",Startup
3889,Data Analyst,Canada,Senior,111354,"Data Visualization, Statistics, Deep Learning",Startup
3890,NLP Engineer,Germany,Entry,41270,"Statistics, Computer Vision, SQL",Startup
3891,Data Analyst,UK,Senior,119665,"MLOps, Statistics, Python",Startup
3892,NLP Engineer,Canada,Lead,158499,"Python, Deep Learning, Statistics",Mid-size
3893,AI Engineer,India,Senior,52095,"Statistics, SQL, Computer Vision",Mid-size
3894,Data Analyst,Australia,Entry,33215,"Computer Vision, MLOps, TensorFlow",Enterprise
3895,Computer Vision Engineer,Canada,Mid,76605,"PyTorch, SQL, Python",Startup
3896,Computer Vision Engineer,Germany,Lead,164111,"PyTorch, Statistics, Deep Learning",Enterprise
3897,Data Scientist,UK,Senior,128038,"Statistics, Deep Learning, Data Visualization",Mid-size
3898,Data Scientist,UK,Entry,42270,"MLOps, TensorFlow, Data Visualization",Enterprise
3899,Research Scientist,Germany,Senior,114815,"Computer Vision, Statistics, SQL",Startup
3900,Deep Learning Engineer,Canada,Mid,65507,"SQL, MLOps, Python",Startup
3901,Data Analyst,India,Entry,14463,"TensorFlow, PyTorch, SQL",Startup
3902,Computer Vision Engineer,USA,Senior,157525,"TensorFlow, Python, Computer Vision",Enterprise
3903,Data Scientist,UK,Mid,73221,"SQL, PyTorch, Computer Vision",Mid-size
3904,Data Scientist,USA,Mid,104698,"Data Visualization, TensorFlow, Computer Vision",Mid-size
3905,ML Engineer,India,Mid,29360,"NLP, Deep Learning, SQL",Startup
3906,Data Scientist,Australia,Entry,31806,"PyTorch, NLP, Data Visualization",Enterprise
3907,Computer Vision Engineer,India,Lead,79875,"Statistics, MLOps, Python",Mid-size
3908,Research Scientist,Germany,Senior,137024,"Data Visualization, PyTorch, Deep Learning",Startup
3909,NLP Engineer,UK,Entry,44197,"Data Visualization, SQL, Python",Mid-size
3910,Deep Learning Engineer,India,Senior,46436,"Data Visualization, MLOps, Python",Startup
3911,Deep Learning Engineer,Canada,Lead,186574,"TensorFlow, Python, SQL",Enterprise
3912,Data Analyst,Canada,Lead,167174,"NLP, Deep Learning, PyTorch",Mid-size
3913,Data Analyst,Australia,Senior,103056,"Computer Vision, Statistics, SQL",Mid-size
3914,Deep Learning Engineer,India,Lead,64256,"SQL, Python, Statistics",Mid-size
3915,Computer Vision Engineer,Germany,Lead,165046,"Computer Vision, PyTorch, SQL",Mid-size
3916,Data Analyst,Canada,Senior,109601,"SQL, Deep Learning, Data Visualization",Startup
3917,Data Analyst,India,Mid,25288,"Python, Deep Learning, SQL",Enterprise
3918,Deep Learning Engineer,Canada,Entry,41904,"Statistics, Python, Data Visualization",Enterprise
3919,NLP Engineer,Germany,Mid,73487,"Deep Learning, MLOps, SQL",Enterprise
3920,ML Engineer,Germany,Lead,185097,"Deep Learning, Computer Vision, Python",Enterprise
3921,ML Engineer,Canada,Senior,123728,"Data Visualization, MLOps, Python",Enterprise
3922,Computer Vision Engineer,UK,Mid,79489,"SQL, Data Visualization, Computer Vision",Enterprise
3923,Research Scientist,Germany,Senior,102582,"Data Visualization, MLOps, Computer Vision",Startup
3924,ML Engineer,India,Lead,77714,"Statistics, TensorFlow, MLOps",Startup
3925,ML Engineer,USA,Lead,213655,"Statistics, TensorFlow, PyTorch",Enterprise
3926,Computer Vision Engineer,USA,Mid,86198,"TensorFlow, Data Visualization, Deep Learning",Enterprise
3927,ML Engineer,UK,Mid,57189,"Data Visualization, Computer Vision, MLOps",Enterprise
3928,Deep Learning Engineer,Canada,Entry,45947,"SQL, Computer Vision, TensorFlow",Enterprise
3929,AI Engineer,USA,Mid,60292,"MLOps, PyTorch, Python",Enterprise
3930,ML Engineer,Germany,Senior,118390,"TensorFlow, Computer Vision, PyTorch",Mid-size
3931,AI Engineer,UK,Lead,150750,"Data Visualization, SQL, PyTorch",Enterprise
3932,Computer Vision Engineer,India,Mid,23230,"SQL, Data Visualization, PyTorch",Enterprise
3933,Deep Learning Engineer,Australia,Senior,137743,"Deep Learning, Computer Vision, NLP",Startup
3934,Research Scientist,India,Mid,24094,"Statistics, PyTorch, Computer Vision",Mid-size
3935,AI Engineer,Australia,Senior,116987,"PyTorch, Data Visualization, Statistics",Enterprise
3936,Data Scientist,Australia,Mid,82671,"Data Visualization, MLOps, Statistics",Mid-size
3937,Computer Vision Engineer,Australia,Lead,158593,"MLOps, Deep Learning, Python",Enterprise
3938,Computer Vision Engineer,Canada,Lead,217457,"TensorFlow, Deep Learning, PyTorch",Mid-size
3939,Data Analyst,UK,Senior,115130,"PyTorch, Data Visualization, Deep Learning",Enterprise
3940,Research Scientist,USA,Lead,231170,"Statistics, SQL, TensorFlow",Mid-size
3941,ML Engineer,Canada,Senior,138427,"Deep Learning, NLP, Statistics",Mid-size
3942,Data Scientist,UK,Mid,56611,"Deep Learning, TensorFlow, MLOps",Startup
3943,Data Scientist,Canada,Lead,162064,"Statistics, PyTorch, Data Visualization",Startup
3944,ML Engineer,Germany,Lead,161409,"NLP, Statistics, Deep Learning",Mid-size
3945,Deep Learning Engineer,Australia,Mid,81910,"PyTorch, NLP, Statistics",Mid-size
3946,AI Engineer,Australia,Senior,119050,"Python, PyTorch, Deep Learning",Startup
3947,NLP Engineer,Australia,Lead,182877,"SQL, Statistics, Data Visualization",Mid-size
3948,Research Scientist,Germany,Lead,167201,"TensorFlow, MLOps, Data Visualization",Mid-size
3949,Deep Learning Engineer,Germany,Mid,60386,"MLOps, Python, Computer Vision",Enterprise
3950,AI Engineer,Australia,Lead,201323,"Python, Deep Learning, Statistics",Enterprise
3951,ML Engineer,India,Senior,46951,"Deep Learning, MLOps, Statistics",Enterprise
3952,Research Scientist,USA,Mid,85462,"Statistics, SQL, Computer Vision",Startup
3953,Research Scientist,UK,Entry,34598,"NLP, MLOps, Computer Vision",Startup
3954,Data Scientist,Australia,Senior,138792,"Computer Vision, Deep Learning, MLOps",Mid-size
3955,AI Engineer,UK,Lead,160621,"TensorFlow, Data Visualization, SQL",Mid-size
3956,Deep Learning Engineer,UK,Lead,151213,"Data Visualization, MLOps, PyTorch",Mid-size
3957,AI Engineer,Germany,Lead,168605,"SQL, MLOps, Deep Learning",Enterprise
3958,Research Scientist,USA,Entry,44217,"NLP, MLOps, Deep Learning",Startup
3959,Data Analyst,USA,Lead,229372,"Data Visualization, PyTorch, Deep Learning",Startup
3960,ML Engineer,Canada,Entry,30195,"Statistics, NLP, Deep Learning",Enterprise
3961,Research Scientist,Australia,Lead,184148,"TensorFlow, Computer Vision, PyTorch",Mid-size
3962,Research Scientist,UK,Senior,107105,"NLP, MLOps, Data Visualization",Startup
3963,NLP Engineer,Germany,Lead,143980,"Data Visualization, Deep Learning, PyTorch",Startup
3964,Data Analyst,India,Senior,48756,"MLOps, Deep Learning, Data Visualization",Startup
3965,ML Engineer,Australia,Lead,155240,"TensorFlow, Data Visualization, Statistics",Startup
3966,Research Scientist,Australia,Entry,37384,"SQL, MLOps, Deep Learning",Enterprise
3967,NLP Engineer,USA,Lead,231458,"SQL, PyTorch, Data Visualization",Mid-size
3968,Data Analyst,Germany,Mid,56998,"Deep Learning, SQL, NLP",Startup
3969,Deep Learning Engineer,India,Senior,44730,"Statistics, TensorFlow, Deep Learning",Mid-size
3970,AI Engineer,UK,Mid,65802,"Computer Vision, Deep Learning, Data Visualization",Startup
3971,AI Engineer,Germany,Entry,29639,"Python, SQL, MLOps",Enterprise
3972,Data Analyst,Canada,Entry,42784,"Computer Vision, Python, NLP",Enterprise
3973,Computer Vision Engineer,Canada,Entry,45104,"SQL, Statistics, Deep Learning",Enterprise
3974,Computer Vision Engineer,Canada,Lead,165051,"NLP, TensorFlow, SQL",Enterprise
3975,Computer Vision Engineer,India,Lead,59759,"Deep Learning, Data Visualization, MLOps",Mid-size
3976,NLP Engineer,UK,Lead,174275,"Python, SQL, Data Visualization",Mid-size
3977,Deep Learning Engineer,Canada,Senior,115253,"Statistics, Python, MLOps",Enterprise
3978,ML Engineer,UK,Entry,49527,"TensorFlow, Python, Statistics",Mid-size
3979,Research Scientist,Canada,Lead,159832,"PyTorch, MLOps, Statistics",Enterprise
3980,NLP Engineer,Canada,Mid,55998,"PyTorch, Computer Vision, SQL",Mid-size
3981,Data Analyst,UK,Entry,34239,"Data Visualization, Deep Learning, TensorFlow",Startup
3982,Deep Learning Engineer,Germany,Senior,113235,"SQL, Data Visualization, TensorFlow",Startup
3983,Deep Learning Engineer,Canada,Mid,93031,"Data Visualization, Computer Vision, MLOps",Startup
3984,Data Scientist,USA,Mid,73160,"TensorFlow, SQL, Data Visualization",Enterprise
3985,NLP Engineer,UK,Senior,129823,"Python, Deep Learning, TensorFlow",Mid-size
3986,ML Engineer,UK,Lead,188738,"Python, Data Visualization, MLOps",Startup
3987,Data Scientist,Canada,Mid,86510,"TensorFlow, Data Visualization, Deep Learning",Startup
3988,ML Engineer,India,Lead,74173,"MLOps, PyTorch, TensorFlow",Mid-size
3989,Research Scientist,Canada,Entry,44236,"MLOps, Deep Learning, Python",Mid-size
3990,Data Scientist,India,Mid,25478,"Data Visualization, Python, PyTorch",Enterprise
3991,Data Scientist,UK,Entry,38456,"Computer Vision, MLOps, NLP",Mid-size
3992,ML Engineer,Canada,Mid,79444,"MLOps, Data Visualization, PyTorch",Startup
3993,Computer Vision Engineer,India,Senior,54882,"TensorFlow, Python, Data Visualization",Enterprise
3994,Data Scientist,UK,Mid,60223,"Python, TensorFlow, Deep Learning",Enterprise
3995,Research Scientist,Canada,Senior,112927,"MLOps, PyTorch, NLP",Startup
3996,ML Engineer,Australia,Mid,63767,"NLP, Deep Learning, SQL",Enterprise
3997,Deep Learning Engineer,UK,Senior,103672,"SQL, Data Visualization, TensorFlow",Enterprise
3998,Data Scientist,India,Lead,57319,"Deep Learning, PyTorch, Python",Mid-size
3999,Data Scientist,Canada,Mid,61202,"Data Visualization, MLOps, PyTorch",Mid-size
4000,ML Engineer,Australia,Senior,117678,"NLP, Computer Vision, SQL",Mid-size
4001,Computer Vision Engineer,UK,Lead,171335,"Computer Vision, TensorFlow, Python",Mid-size
4002,Data Analyst,Canada,Entry,41556,"NLP, Data Visualization, Computer Vision",Startup
4003,Data Scientist,USA,Lead,209944,"SQL, MLOps, TensorFlow",Enterprise
4004,Data Scientist,India,Senior,44696,"NLP, TensorFlow, Data Visualization",Mid-size
4005,Computer Vision Engineer,Canada,Senior,101136,"TensorFlow, Data Visualization, Statistics",Startup
4006,Research Scientist,India,Lead,75356,"NLP, Data Visualization, Computer Vision",Startup
4007,Computer Vision Engineer,Australia,Lead,173665,"TensorFlow, NLP, PyTorch",Enterprise
4008,Data Scientist,USA,Senior,150667,"Statistics, Python, SQL",Startup
4009,Deep Learning Engineer,Germany,Mid,74086,"Data Visualization, TensorFlow, PyTorch",Startup
4010,Research Scientist,Canada,Senior,127912,"NLP, Statistics, TensorFlow",Enterprise
4011,Data Analyst,India,Mid,27373,"Deep Learning, SQL, MLOps",Enterprise
4012,NLP Engineer,Germany,Lead,155467,"NLP, Python, TensorFlow",Startup
4013,Data Scientist,Canada,Mid,73343,"NLP, Computer Vision, Statistics",Enterprise
4014,Research Scientist,Canada,Senior,124029,"Computer Vision, TensorFlow, Deep Learning",Enterprise
4015,Data Scientist,UK,Mid,82556,"NLP, Computer Vision, SQL",Enterprise
4016,Data Analyst,USA,Entry,28474,"PyTorch, SQL, Computer Vision",Mid-size
4017,ML Engineer,USA,Mid,70342,"Python, TensorFlow, MLOps",Startup
4018,Computer Vision Engineer,Australia,Mid,55116,"Python, TensorFlow, Deep Learning",Startup
4019,ML Engineer,India,Entry,19427,"PyTorch, NLP, Statistics",Enterprise
4020,ML Engineer,Germany,Lead,155372,"SQL, Data Visualization, Deep Learning",Mid-size
4021,ML Engineer,Australia,Lead,187212,"MLOps, Python, Deep Learning",Startup
4022,NLP Engineer,Canada,Mid,84554,"SQL, Computer Vision, PyTorch",Startup
4023,Data Analyst,UK,Mid,78475,"Data Visualization, Computer Vision, Statistics",Startup
4024,Research Scientist,Canada,Lead,161543,"NLP, PyTorch, TensorFlow",Startup
4025,NLP Engineer,Germany,Entry,28950,"SQL, Computer Vision, Python",Startup
4026,Research Scientist,USA,Senior,164949,"Computer Vision, PyTorch, Python",Startup
4027,Deep Learning Engineer,UK,Mid,66488,"Python, Statistics, Deep Learning",Mid-size
4028,Deep Learning Engineer,Germany,Mid,86059,"NLP, MLOps, TensorFlow",Mid-size
4029,AI Engineer,Canada,Mid,96035,"Deep Learning, Statistics, NLP",Mid-size
4030,ML Engineer,Germany,Lead,177491,"NLP, Computer Vision, Deep Learning",Enterprise
4031,Data Scientist,UK,Senior,137605,"Python, PyTorch, NLP",Startup
4032,Deep Learning Engineer,Canada,Entry,23389,"Deep Learning, PyTorch, SQL",Startup
4033,Research Scientist,Canada,Entry,33291,"SQL, TensorFlow, NLP",Mid-size
4034,Deep Learning Engineer,India,Senior,47755,"MLOps, TensorFlow, PyTorch",Mid-size
4035,ML Engineer,UK,Mid,76014,"SQL, Statistics, PyTorch",Startup
4036,Data Scientist,Germany,Mid,74331,"TensorFlow, SQL, Python",Enterprise
4037,AI Engineer,India,Lead,57649,"Data Visualization, TensorFlow, Deep Learning",Startup
4038,ML Engineer,Australia,Mid,55445,"Computer Vision, MLOps, Statistics",Mid-size
4039,Computer Vision Engineer,India,Mid,30500,"NLP, SQL, TensorFlow",Startup
4040,Data Scientist,Australia,Mid,81405,"Deep Learning, Python, SQL",Startup
4041,Computer Vision Engineer,Canada,Mid,90566,"Statistics, Deep Learning, NLP",Enterprise
4042,Data Analyst,Germany,Mid,62121,"SQL, Statistics, TensorFlow",Mid-size
4043,ML Engineer,India,Mid,29710,"TensorFlow, Deep Learning, SQL",Mid-size
4044,ML Engineer,Germany,Lead,196087,"Data Visualization, Python, Computer Vision",Mid-size
4045,AI Engineer,Canada,Senior,123816,"SQL, MLOps, Deep Learning",Mid-size
4046,Research Scientist,Canada,Entry,52214,"NLP, Python, Deep Learning",Enterprise
4047,Data Scientist,UK,Entry,45037,"TensorFlow, NLP, Computer Vision",Enterprise
4048,AI Engineer,Germany,Lead,144454,"PyTorch, MLOps, Computer Vision",Mid-size
4049,NLP Engineer,USA,Lead,184472,"NLP, Python, Deep Learning",Startup
4050,Deep Learning Engineer,India,Mid,33409,"Computer Vision, MLOps, TensorFlow",Startup
4051,Data Scientist,Australia,Senior,132652,"TensorFlow, MLOps, Deep Learning",Startup
4052,Deep Learning Engineer,Australia,Lead,199927,"SQL, Python, Statistics",Startup
4053,Deep Learning Engineer,USA,Senior,163455,"MLOps, SQL, TensorFlow",Mid-size
4054,NLP Engineer,Australia,Lead,200495,"Statistics, MLOps, SQL",Mid-size
4055,Research Scientist,UK,Entry,34245,"MLOps, PyTorch, NLP",Mid-size
4056,ML Engineer,USA,Lead,183742,"NLP, SQL, Deep Learning",Enterprise
4057,Computer Vision Engineer,UK,Senior,130279,"Data Visualization, Deep Learning, NLP",Enterprise
4058,NLP Engineer,Germany,Mid,74647,"Data Visualization, PyTorch, Computer Vision",Startup
4059,AI Engineer,Australia,Mid,73989,"Data Visualization, MLOps, Computer Vision",Startup
4060,Research Scientist,Germany,Senior,136458,"Python, Deep Learning, PyTorch",Mid-size
4061,Data Scientist,Germany,Lead,168290,"Data Visualization, NLP, Statistics",Mid-size
4062,ML Engineer,Canada,Senior,117995,"NLP, Data Visualization, Computer Vision",Enterprise
4063,NLP Engineer,Germany,Entry,27975,"Python, SQL, Deep Learning",Enterprise
4064,Computer Vision Engineer,India,Mid,23646,"PyTorch, Statistics, SQL",Enterprise
4065,Computer Vision Engineer,Canada,Senior,121140,"Deep Learning, Computer Vision, NLP",Mid-size
4066,Deep Learning Engineer,Canada,Senior,153574,"Statistics, Deep Learning, MLOps",Mid-size
4067,AI Engineer,UK,Lead,177780,"TensorFlow, Deep Learning, NLP",Enterprise
4068,Deep Learning Engineer,USA,Lead,168006,"PyTorch, MLOps, NLP",Mid-size
4069,Data Analyst,UK,Senior,96414,"MLOps, Data Visualization, PyTorch",Mid-size
4070,Data Scientist,Germany,Mid,61050,"Statistics, Python, NLP",Mid-size
4071,NLP Engineer,Germany,Lead,164451,"PyTorch, SQL, TensorFlow",Enterprise
4072,Research Scientist,India,Senior,44350,"SQL, TensorFlow, Python",Enterprise
4073,Deep Learning Engineer,USA,Entry,31106,"Statistics, Computer Vision, PyTorch",Startup
4074,Research Scientist,Australia,Lead,190060,"TensorFlow, NLP, SQL",Mid-size
4075,Data Scientist,Australia,Lead,171833,"PyTorch, MLOps, Data Visualization",Enterprise
4076,NLP Engineer,UK,Entry,29428,"TensorFlow, Computer Vision, PyTorch",Enterprise
4077,Computer Vision Engineer,India,Lead,71315,"Computer Vision, PyTorch, SQL",Mid-size
4078,Research Scientist,India,Senior,43606,"Data Visualization, NLP, Python",Startup
4079,AI Engineer,Germany,Mid,67175,"NLP, TensorFlow, SQL",Enterprise
4080,Deep Learning Engineer,India,Senior,47670,"Data Visualization, NLP, Python",Mid-size
4081,ML Engineer,UK,Mid,87367,"MLOps, NLP, PyTorch",Enterprise
4082,ML Engineer,UK,Entry,43792,"MLOps, TensorFlow, SQL",Enterprise
4083,AI Engineer,Canada,Mid,56824,"Deep Learning, TensorFlow, Statistics",Startup
4084,Data Scientist,USA,Mid,79248,"MLOps, Python, Computer Vision",Mid-size
4085,Data Analyst,USA,Entry,28323,"NLP, Computer Vision, TensorFlow",Enterprise
4086,Deep Learning Engineer,India,Mid,25338,"Deep Learning, Computer Vision, PyTorch",Startup
4087,AI Engineer,India,Senior,38056,"TensorFlow, SQL, PyTorch",Enterprise
4088,Data Analyst,India,Lead,59010,"Python, MLOps, Data Visualization",Enterprise
4089,NLP Engineer,UK,Entry,39362,"Computer Vision, PyTorch, SQL",Mid-size
4090,AI Engineer,India,Lead,73089,"PyTorch, Deep Learning, Python",Startup
4091,Deep Learning Engineer,India,Entry,15421,"SQL, PyTorch, Data Visualization",Mid-size
4092,Computer Vision Engineer,Canada,Senior,136348,"SQL, TensorFlow, Deep Learning",Mid-size
4093,Research Scientist,UK,Senior,94899,"SQL, Statistics, Deep Learning",Enterprise
4094,Deep Learning Engineer,Canada,Lead,200246,"MLOps, SQL, TensorFlow",Enterprise
4095,Computer Vision Engineer,USA,Lead,216296,"NLP, MLOps, TensorFlow",Mid-size
4096,ML Engineer,Canada,Senior,140613,"PyTorch, Data Visualization, Computer Vision",Mid-size
4097,Deep Learning Engineer,Australia,Mid,72590,"TensorFlow, Python, Statistics",Startup
4098,Data Scientist,Canada,Entry,45813,"Computer Vision, PyTorch, Deep Learning",Mid-size
4099,Computer Vision Engineer,UK,Mid,84136,"Deep Learning, PyTorch, TensorFlow",Enterprise
4100,NLP Engineer,USA,Senior,158972,"MLOps, Statistics, PyTorch",Startup
4101,Data Analyst,Germany,Entry,24917,"Data Visualization, MLOps, TensorFlow",Mid-size
4102,Deep Learning Engineer,Australia,Lead,187734,"MLOps, Python, TensorFlow",Startup
4103,Data Analyst,Canada,Entry,41047,"TensorFlow, PyTorch, Statistics",Enterprise
4104,ML Engineer,Australia,Lead,160113,"NLP, Statistics, Computer Vision",Enterprise
4105,Deep Learning Engineer,UK,Mid,75710,"TensorFlow, Computer Vision, SQL",Enterprise
4106,Research Scientist,Germany,Lead,161793,"MLOps, Python, SQL",Startup
4107,Deep Learning Engineer,UK,Senior,128397,"Deep Learning, Data Visualization, TensorFlow",Mid-size
4108,Research Scientist,USA,Senior,156328,"Data Visualization, TensorFlow, PyTorch",Startup
4109,NLP Engineer,India,Mid,35278,"SQL, MLOps, Statistics",Mid-size
4110,Data Scientist,USA,Entry,32697,"NLP, Data Visualization, Statistics",Startup
4111,NLP Engineer,Australia,Mid,93771,"TensorFlow, Python, NLP",Startup
4112,ML Engineer,USA,Senior,137572,"Python, Deep Learning, SQL",Startup
4113,Deep Learning Engineer,Australia,Lead,166257,"MLOps, Statistics, Python",Startup
4114,Computer Vision Engineer,USA,Mid,106938,"Python, MLOps, Statistics",Startup
4115,Computer Vision Engineer,India,Senior,40624,"MLOps, TensorFlow, NLP",Mid-size
4116,Research Scientist,Germany,Mid,56512,"SQL, Statistics, PyTorch",Enterprise
4117,AI Engineer,India,Entry,19160,"Deep Learning, Statistics, PyTorch",Enterprise
4118,Deep Learning Engineer,Germany,Mid,85989,"SQL, Data Visualization, TensorFlow",Enterprise
4119,Computer Vision Engineer,Australia,Entry,23190,"MLOps, SQL, PyTorch",Enterprise
4120,Computer Vision Engineer,Canada,Lead,160078,"Statistics, SQL, Python",Enterprise
4121,Data Scientist,USA,Lead,186993,"Python, Deep Learning, NLP",Enterprise
4122,Research Scientist,Germany,Lead,155055,"MLOps, Computer Vision, PyTorch",Mid-size
4123,Deep Learning Engineer,Canada,Lead,179121,"PyTorch, MLOps, SQL",Enterprise
4124,Deep Learning Engineer,USA,Senior,156436,"Python, SQL, Statistics",Startup
4125,Data Analyst,Canada,Senior,113889,"Deep Learning, SQL, NLP",Mid-size
4126,Research Scientist,UK,Mid,88839,"PyTorch, MLOps, Deep Learning",Mid-size
4127,Research Scientist,Canada,Mid,76290,"TensorFlow, Deep Learning, MLOps",Startup
4128,Research Scientist,India,Mid,35413,"Python, SQL, Data Visualization",Enterprise
4129,NLP Engineer,USA,Mid,86047,"TensorFlow, MLOps, PyTorch",Startup
4130,Data Scientist,India,Senior,52832,"SQL, NLP, Python",Startup
4131,Data Analyst,UK,Senior,114154,"SQL, Data Visualization, TensorFlow",Mid-size
4132,AI Engineer,USA,Mid,91588,"Statistics, MLOps, Computer Vision",Enterprise
4133,ML Engineer,UK,Entry,47195,"SQL, MLOps, Statistics",Enterprise
4134,NLP Engineer,India,Entry,14625,"TensorFlow, PyTorch, Statistics",Enterprise
4135,Computer Vision Engineer,UK,Senior,92024,"Computer Vision, Deep Learning, SQL",Enterprise
4136,ML Engineer,Germany,Senior,115462,"Python, NLP, SQL",Enterprise
4137,Research Scientist,Canada,Mid,60813,"Statistics, Deep Learning, NLP",Enterprise
4138,Research Scientist,Canada,Entry,47294,"Python, TensorFlow, Deep Learning",Enterprise
4139,Computer Vision Engineer,USA,Mid,76279,"MLOps, Python, Statistics",Mid-size
4140,Deep Learning Engineer,Germany,Mid,78552,"MLOps, SQL, NLP",Enterprise
4141,Computer Vision Engineer,USA,Lead,230930,"PyTorch, Deep Learning, SQL",Enterprise
4142,Computer Vision Engineer,Germany,Senior,124147,"SQL, Deep Learning, Statistics",Startup
4143,Research Scientist,UK,Lead,187963,"Statistics, Python, SQL",Enterprise
4144,Computer Vision Engineer,USA,Entry,54986,"PyTorch, SQL, Statistics",Startup
4145,NLP Engineer,Germany,Mid,86025,"Python, Computer Vision, MLOps",Enterprise
4146,Data Analyst,Canada,Senior,120269,"MLOps, Deep Learning, Data Visualization",Startup
4147,ML Engineer,Australia,Mid,85058,"MLOps, PyTorch, TensorFlow",Mid-size
4148,Data Scientist,Australia,Senior,109631,"MLOps, Statistics, Python",Enterprise
4149,Research Scientist,Canada,Mid,62080,"NLP, Deep Learning, Python",Startup
4150,ML Engineer,India,Senior,50251,"Data Visualization, PyTorch, TensorFlow",Enterprise
4151,Research Scientist,Australia,Entry,41842,"Data Visualization, TensorFlow, MLOps",Enterprise
4152,Data Analyst,Germany,Lead,150310,"Data Visualization, Computer Vision, Python",Mid-size
4153,Deep Learning Engineer,UK,Entry,38951,"TensorFlow, SQL, PyTorch",Mid-size
4154,Data Scientist,Canada,Senior,110585,"Computer Vision, Statistics, PyTorch",Enterprise
4155,Research Scientist,Germany,Mid,80580,"SQL, Deep Learning, TensorFlow",Mid-size
4156,Computer Vision Engineer,USA,Entry,36742,"PyTorch, Statistics, NLP",Mid-size
4157,Data Scientist,UK,Mid,81922,"Statistics, Computer Vision, PyTorch",Enterprise
4158,Research Scientist,Canada,Senior,124920,"NLP, Computer Vision, Statistics",Enterprise
4159,ML Engineer,Canada,Senior,148265,"Python, Computer Vision, TensorFlow",Enterprise
4160,Data Analyst,USA,Mid,75428,"Python, NLP, Computer Vision",Mid-size
4161,Data Scientist,UK,Mid,86744,"Python, SQL, Data Visualization",Startup
4162,Data Scientist,USA,Lead,192626,"SQL, TensorFlow, MLOps",Startup
4163,Deep Learning Engineer,Canada,Mid,65522,"PyTorch, Computer Vision, SQL",Enterprise
4164,NLP Engineer,Canada,Senior,143833,"Statistics, Python, PyTorch",Mid-size
4165,NLP Engineer,UK,Senior,124404,"Statistics, Data Visualization, MLOps",Mid-size
4166,NLP Engineer,Canada,Lead,186695,"Deep Learning, Computer Vision, Data Visualization",Mid-size
4167,Data Analyst,USA,Mid,80658,"PyTorch, Data Visualization, SQL",Enterprise
4168,Computer Vision Engineer,Germany,Lead,181223,"SQL, Deep Learning, MLOps",Enterprise
4169,ML Engineer,Germany,Lead,141286,"MLOps, Data Visualization, Statistics",Enterprise
4170,Data Scientist,UK,Senior,124645,"NLP, Data Visualization, PyTorch",Mid-size
4171,Data Analyst,India,Entry,18594,"MLOps, Statistics, Data Visualization",Enterprise
4172,AI Engineer,Australia,Mid,58395,"TensorFlow, MLOps, PyTorch",Enterprise
4173,ML Engineer,USA,Entry,55794,"Data Visualization, Statistics, SQL",Startup
4174,Computer Vision Engineer,India,Mid,35269,"Deep Learning, Computer Vision, PyTorch",Startup
4175,Data Analyst,UK,Mid,53392,"NLP, Python, Data Visualization",Enterprise
4176,Deep Learning Engineer,UK,Senior,104479,"Computer Vision, Deep Learning, NLP",Startup
4177,Deep Learning Engineer,USA,Lead,178777,"Statistics, PyTorch, SQL",Startup
4178,AI Engineer,USA,Senior,137089,"NLP, Deep Learning, TensorFlow",Startup
4179,ML Engineer,UK,Lead,161230,"TensorFlow, Statistics, Computer Vision",Enterprise
4180,AI Engineer,India,Mid,26863,"SQL, Statistics, Python",Mid-size
4181,AI Engineer,UK,Lead,155155,"Python, Computer Vision, PyTorch",Startup
4182,ML Engineer,Germany,Lead,175865,"MLOps, Python, Data Visualization",Startup
4183,Data Scientist,UK,Entry,21404,"Python, NLP, Statistics",Startup
4184,AI Engineer,India,Mid,27379,"Computer Vision, Data Visualization, SQL",Mid-size
4185,ML Engineer,Germany,Senior,103850,"MLOps, NLP, PyTorch",Mid-size
4186,AI Engineer,USA,Senior,134101,"Computer Vision, Data Visualization, TensorFlow",Enterprise
4187,Research Scientist,UK,Entry,36392,"TensorFlow, Deep Learning, PyTorch",Enterprise
4188,NLP Engineer,Germany,Lead,153392,"MLOps, Deep Learning, Computer Vision",Enterprise
4189,Research Scientist,Canada,Senior,121011,"Python, Statistics, SQL",Mid-size
4190,ML Engineer,Australia,Lead,209284,"Data Visualization, Statistics, NLP",Startup
4191,Computer Vision Engineer,Germany,Mid,59669,"Statistics, Python, Data Visualization",Enterprise
4192,NLP Engineer,India,Lead,72374,"Python, PyTorch, Deep Learning",Mid-size
4193,Data Analyst,Australia,Mid,95390,"NLP, Python, Computer Vision",Enterprise
4194,Computer Vision Engineer,UK,Lead,142303,"SQL, Python, TensorFlow",Startup
4195,Computer Vision Engineer,Germany,Lead,188897,"SQL, TensorFlow, PyTorch",Startup
4196,Computer Vision Engineer,Canada,Mid,85990,"Statistics, MLOps, SQL",Startup
4197,NLP Engineer,USA,Entry,24292,"Statistics, Deep Learning, SQL",Enterprise
4198,Deep Learning Engineer,Canada,Entry,37095,"Statistics, TensorFlow, MLOps",Enterprise
4199,ML Engineer,Australia,Entry,44566,"Data Visualization, SQL, Statistics",Startup
4200,Data Scientist,USA,Mid,81741,"Statistics, Data Visualization, MLOps",Enterprise
4201,Deep Learning Engineer,USA,Lead,224962,"Computer Vision, TensorFlow, Deep Learning",Enterprise
4202,Computer Vision Engineer,USA,Mid,86690,"TensorFlow, SQL, PyTorch",Mid-size
4203,Computer Vision Engineer,USA,Entry,25813,"Computer Vision, NLP, SQL",Mid-size
4204,ML Engineer,India,Lead,62251,"TensorFlow, Statistics, Data Visualization",Startup
4205,Data Scientist,Canada,Entry,25124,"Deep Learning, PyTorch, Statistics",Enterprise
4206,AI Engineer,Australia,Lead,172951,"Data Visualization, MLOps, Python",Mid-size
4207,NLP Engineer,USA,Lead,206422,"TensorFlow, Computer Vision, Deep Learning",Mid-size
4208,NLP Engineer,Australia,Entry,25459,"SQL, Python, Statistics",Startup
4209,Computer Vision Engineer,India,Lead,58678,"Data Visualization, Python, SQL",Startup
4210,Data Analyst,UK,Mid,88526,"SQL, Computer Vision, NLP",Startup
4211,Research Scientist,Germany,Mid,57816,"Data Visualization, NLP, Computer Vision",Enterprise
4212,AI Engineer,Canada,Entry,39847,"Computer Vision, MLOps, NLP",Mid-size
4213,AI Engineer,Australia,Entry,34796,"NLP, TensorFlow, Statistics",Enterprise
4214,AI Engineer,India,Lead,61728,"Deep Learning, NLP, PyTorch",Mid-size
4215,Data Analyst,India,Lead,63767,"MLOps, Python, Deep Learning",Mid-size
4216,ML Engineer,Canada,Mid,63834,"MLOps, TensorFlow, Python",Enterprise
4217,Data Scientist,UK,Mid,83895,"Python, NLP, TensorFlow",Startup
4218,Data Scientist,USA,Lead,218558,"Data Visualization, Computer Vision, MLOps",Enterprise
4219,Data Scientist,Germany,Senior,117605,"TensorFlow, Deep Learning, Python",Startup
4220,Computer Vision Engineer,Germany,Entry,24297,"NLP, Data Visualization, PyTorch",Startup
4221,Computer Vision Engineer,Canada,Senior,105613,"Data Visualization, Deep Learning, Python",Startup
4222,Data Scientist,Canada,Lead,204987,"Statistics, SQL, Python",Enterprise
4223,Data Scientist,Australia,Entry,52884,"SQL, Python, PyTorch",Startup
4224,Research Scientist,UK,Mid,61952,"PyTorch, Python, MLOps",Enterprise
4225,NLP Engineer,India,Entry,8441,"TensorFlow, MLOps, Deep Learning",Startup
4226,Research Scientist,USA,Lead,189801,"SQL, MLOps, Data Visualization",Enterprise
4227,NLP Engineer,Australia,Senior,153951,"Deep Learning, Statistics, MLOps",Enterprise
4228,Data Analyst,Australia,Entry,34613,"Deep Learning, PyTorch, TensorFlow",Startup
4229,ML Engineer,India,Lead,71367,"PyTorch, TensorFlow, Computer Vision",Startup
4230,Data Analyst,USA,Entry,43444,"PyTorch, Data Visualization, Computer Vision",Enterprise
4231,Research Scientist,India,Mid,32313,"Python, MLOps, Computer Vision",Mid-size
4232,Data Analyst,Germany,Lead,158901,"MLOps, Data Visualization, Deep Learning",Startup
4233,Data Scientist,UK,Senior,135139,"Computer Vision, Deep Learning, PyTorch",Startup
4234,Deep Learning Engineer,Germany,Senior,108588,"PyTorch, Python, Deep Learning",Startup
4235,AI Engineer,India,Entry,8540,"Deep Learning, Computer Vision, Data Visualization",Enterprise
4236,AI Engineer,UK,Senior,110096,"Deep Learning, Computer Vision, Statistics",Enterprise
4237,ML Engineer,Australia,Mid,78853,"Statistics, Python, TensorFlow",Startup
4238,ML Engineer,Germany,Entry,44365,"Data Visualization, Python, PyTorch",Mid-size
4239,Data Scientist,India,Lead,72070,"PyTorch, TensorFlow, Python",Startup
4240,NLP Engineer,USA,Entry,38143,"MLOps, SQL, Computer Vision",Mid-size
4241,NLP Engineer,Germany,Mid,76465,"Computer Vision, NLP, SQL",Mid-size
4242,ML Engineer,India,Entry,10964,"Python, Data Visualization, Deep Learning",Enterprise
4243,Data Analyst,India,Senior,40298,"SQL, Python, Computer Vision",Enterprise
4244,ML Engineer,Canada,Lead,159530,"TensorFlow, SQL, Deep Learning",Mid-size
4245,Deep Learning Engineer,Australia,Senior,149091,"Deep Learning, MLOps, Python",Mid-size
4246,AI Engineer,Germany,Entry,38156,"Computer Vision, SQL, Statistics",Mid-size
4247,Deep Learning Engineer,India,Lead,75462,"SQL, MLOps, Python",Enterprise
4248,Data Analyst,Germany,Lead,168793,"SQL, NLP, Statistics",Enterprise
4249,ML Engineer,USA,Senior,136076,"Deep Learning, Statistics, MLOps",Mid-size
4250,ML Engineer,Germany,Entry,41955,"MLOps, PyTorch, Deep Learning",Startup
4251,NLP Engineer,USA,Mid,73668,"Deep Learning, MLOps, SQL",Enterprise
4252,NLP Engineer,USA,Mid,67969,"Statistics, PyTorch, Computer Vision",Enterprise
4253,NLP Engineer,Germany,Mid,65624,"TensorFlow, PyTorch, SQL",Enterprise
4254,Computer Vision Engineer,UK,Senior,120222,"Python, NLP, Computer Vision",Enterprise
4255,AI Engineer,Germany,Mid,86769,"Deep Learning, TensorFlow, SQL",Mid-size
4256,Computer Vision Engineer,Germany,Lead,190802,"Statistics, Deep Learning, NLP",Startup
4257,Computer Vision Engineer,Australia,Lead,215653,"Computer Vision, PyTorch, NLP",Enterprise
4258,Data Scientist,Germany,Mid,84094,"Statistics, Computer Vision, Python",Startup
4259,Data Analyst,Canada,Senior,147760,"SQL, Computer Vision, Deep Learning",Enterprise
4260,ML Engineer,USA,Mid,63998,"Deep Learning, Data Visualization, MLOps",Startup
4261,Deep Learning Engineer,Canada,Entry,25102,"Computer Vision, SQL, TensorFlow",Startup
4262,Research Scientist,India,Lead,79206,"NLP, Data Visualization, SQL",Mid-size
4263,AI Engineer,UK,Lead,169656,"Python, Data Visualization, TensorFlow",Mid-size
4264,Deep Learning Engineer,USA,Lead,221450,"Deep Learning, SQL, Statistics",Enterprise
4265,ML Engineer,USA,Senior,146574,"Deep Learning, Computer Vision, Python",Mid-size
4266,ML Engineer,Canada,Senior,145764,"Computer Vision, Python, NLP",Enterprise
4267,Computer Vision Engineer,UK,Senior,108953,"Data Visualization, Python, Computer Vision",Mid-size
4268,NLP Engineer,India,Lead,76263,"Statistics, NLP, PyTorch",Enterprise
4269,Research Scientist,India,Entry,15758,"MLOps, TensorFlow, Deep Learning",Startup
4270,ML Engineer,USA,Mid,78452,"SQL, Data Visualization, PyTorch",Mid-size
4271,Deep Learning Engineer,UK,Lead,146114,"PyTorch, Data Visualization, Computer Vision",Enterprise
4272,NLP Engineer,USA,Entry,24205,"Computer Vision, TensorFlow, PyTorch",Startup
4273,Deep Learning Engineer,Germany,Lead,199837,"SQL, Statistics, MLOps",Mid-size
4274,Deep Learning Engineer,Germany,Mid,58380,"MLOps, Python, Computer Vision",Enterprise
4275,Data Scientist,USA,Lead,191014,"Data Visualization, Deep Learning, PyTorch",Enterprise
4276,Research Scientist,India,Entry,10880,"NLP, Data Visualization, MLOps",Mid-size
4277,Computer Vision Engineer,Australia,Entry,31945,"Deep Learning, Python, Data Visualization",Startup
4278,Computer Vision Engineer,UK,Senior,96953,"Deep Learning, TensorFlow, NLP",Mid-size
4279,Data Scientist,UK,Entry,26323,"Python, Deep Learning, Computer Vision",Enterprise
4280,AI Engineer,Australia,Entry,28480,"Deep Learning, NLP, Python",Mid-size
4281,Data Scientist,USA,Senior,123172,"SQL, PyTorch, Computer Vision",Startup
4282,Data Scientist,Australia,Entry,44327,"Statistics, Deep Learning, PyTorch",Startup
4283,Research Scientist,India,Entry,19467,"TensorFlow, Deep Learning, NLP",Enterprise
4284,NLP Engineer,USA,Lead,212474,"TensorFlow, PyTorch, Statistics",Startup
4285,Computer Vision Engineer,USA,Senior,147219,"PyTorch, TensorFlow, SQL",Mid-size
4286,ML Engineer,Canada,Entry,46514,"SQL, Data Visualization, MLOps",Startup
4287,NLP Engineer,USA,Senior,166650,"NLP, Computer Vision, Deep Learning",Startup
4288,Data Analyst,UK,Mid,67043,"Statistics, PyTorch, Python",Enterprise
4289,Computer Vision Engineer,USA,Lead,185318,"Data Visualization, SQL, PyTorch",Enterprise
4290,NLP Engineer,Australia,Senior,127648,"SQL, Python, PyTorch",Enterprise
4291,Research Scientist,Canada,Senior,123814,"Statistics, Data Visualization, PyTorch",Mid-size
4292,Data Analyst,UK,Mid,67665,"NLP, Data Visualization, PyTorch",Enterprise
4293,Data Analyst,India,Senior,40318,"NLP, Data Visualization, SQL",Enterprise
4294,Data Scientist,Germany,Senior,124312,"NLP, MLOps, Computer Vision",Enterprise
4295,Computer Vision Engineer,UK,Senior,94784,"PyTorch, SQL, Deep Learning",Startup
4296,Data Scientist,UK,Mid,88394,"SQL, PyTorch, Python",Mid-size
4297,Deep Learning Engineer,Canada,Lead,219712,"Computer Vision, Python, Statistics",Enterprise
4298,Research Scientist,Canada,Entry,43327,"Python, SQL, NLP",Startup
4299,Deep Learning Engineer,UK,Senior,93992,"NLP, Computer Vision, SQL",Mid-size
4300,Deep Learning Engineer,USA,Senior,138636,"Statistics, MLOps, Data Visualization",Startup
4301,Data Analyst,UK,Senior,110673,"Computer Vision, TensorFlow, MLOps",Startup
4302,NLP Engineer,India,Entry,15710,"SQL, Computer Vision, NLP",Startup
4303,Data Analyst,Germany,Senior,108909,"TensorFlow, Python, SQL",Mid-size
4304,Deep Learning Engineer,Australia,Lead,193061,"TensorFlow, NLP, Python",Mid-size
4305,Deep Learning Engineer,India,Senior,52571,"TensorFlow, MLOps, PyTorch",Startup
4306,Computer Vision Engineer,India,Mid,20213,"Deep Learning, TensorFlow, Python",Mid-size
4307,Data Analyst,UK,Lead,181721,"Computer Vision, PyTorch, Python",Startup
4308,Deep Learning Engineer,India,Entry,13317,"NLP, SQL, Data Visualization",Mid-size
4309,Computer Vision Engineer,Canada,Entry,54587,"NLP, SQL, Data Visualization",Startup
4310,ML Engineer,Canada,Entry,25119,"Statistics, MLOps, PyTorch",Enterprise
4311,ML Engineer,Canada,Entry,42549,"NLP, TensorFlow, MLOps",Enterprise
4312,NLP Engineer,Canada,Mid,65422,"TensorFlow, Data Visualization, PyTorch",Enterprise
4313,Research Scientist,UK,Lead,187941,"PyTorch, SQL, Computer Vision",Enterprise
4314,Data Scientist,India,Senior,42077,"Statistics, MLOps, Computer Vision",Enterprise
4315,Data Analyst,UK,Entry,47912,"Computer Vision, Data Visualization, Deep Learning",Mid-size
4316,Deep Learning Engineer,Germany,Mid,88623,"Python, PyTorch, Statistics",Startup
4317,Deep Learning Engineer,Germany,Entry,32046,"SQL, Statistics, Python",Mid-size
4318,Data Scientist,India,Mid,21636,"MLOps, Python, Deep Learning",Startup
4319,AI Engineer,Canada,Senior,151551,"NLP, SQL, Statistics",Enterprise
4320,Research Scientist,USA,Senior,164037,"PyTorch, SQL, NLP",Mid-size
4321,Deep Learning Engineer,Australia,Lead,218364,"Data Visualization, NLP, MLOps",Enterprise
4322,ML Engineer,Germany,Senior,137801,"Data Visualization, Statistics, Python",Mid-size
4323,Data Scientist,USA,Entry,31585,"PyTorch, Data Visualization, Python",Mid-size
4324,Data Scientist,Germany,Senior,103565,"Computer Vision, TensorFlow, Python",Mid-size
4325,Data Scientist,Australia,Senior,105194,"TensorFlow, Data Visualization, PyTorch",Mid-size
4326,Research Scientist,UK,Mid,87937,"TensorFlow, Data Visualization, Python",Mid-size
4327,Computer Vision Engineer,Canada,Entry,27755,"Deep Learning, SQL, NLP",Enterprise
4328,Data Scientist,Canada,Mid,77320,"Statistics, Deep Learning, Python",Enterprise
4329,AI Engineer,Germany,Entry,37464,"TensorFlow, Python, Computer Vision",Startup
4330,Data Analyst,UK,Mid,57851,"MLOps, NLP, PyTorch",Startup
4331,AI Engineer,UK,Mid,53692,"Statistics, MLOps, Python",Startup
4332,NLP Engineer,UK,Mid,64847,"NLP, Python, Deep Learning",Enterprise
4333,Research Scientist,Germany,Lead,171913,"PyTorch, Data Visualization, SQL",Startup
4334,Data Analyst,Canada,Lead,176642,"Deep Learning, MLOps, Python",Mid-size
4335,Data Analyst,India,Mid,30152,"Deep Learning, TensorFlow, Python",Startup
4336,Data Analyst,Germany,Lead,176725,"SQL, PyTorch, Computer Vision",Startup
4337,Research Scientist,Germany,Lead,188812,"PyTorch, SQL, Statistics",Mid-size
4338,ML Engineer,Germany,Senior,99711,"Data Visualization, MLOps, NLP",Enterprise
4339,Computer Vision Engineer,USA,Entry,48567,"MLOps, Computer Vision, NLP",Startup
4340,Data Scientist,UK,Mid,66388,"PyTorch, MLOps, Computer Vision",Startup
4341,AI Engineer,Canada,Lead,190426,"TensorFlow, Computer Vision, PyTorch",Startup
4342,Deep Learning Engineer,UK,Lead,160209,"PyTorch, NLP, Deep Learning",Enterprise
4343,Data Scientist,UK,Senior,139300,"NLP, SQL, Computer Vision",Enterprise
4344,Data Scientist,Germany,Senior,91300,"Statistics, SQL, Computer Vision",Enterprise
4345,AI Engineer,USA,Mid,96962,"Python, MLOps, NLP",Startup
4346,Computer Vision Engineer,India,Mid,34861,"PyTorch, Deep Learning, Data Visualization",Mid-size
4347,Computer Vision Engineer,UK,Mid,76269,"Statistics, Computer Vision, Python",Mid-size
4348,Computer Vision Engineer,Germany,Lead,197228,"SQL, MLOps, Deep Learning",Startup
4349,Deep Learning Engineer,Canada,Lead,203539,"SQL, Python, MLOps",Mid-size
4350,Research Scientist,Australia,Mid,63717,"Statistics, Data Visualization, Deep Learning",Enterprise
4351,ML Engineer,Germany,Mid,77617,"MLOps, Python, Statistics",Enterprise
4352,Deep Learning Engineer,Australia,Senior,133784,"SQL, TensorFlow, Computer Vision",Startup
4353,Data Scientist,Australia,Senior,149843,"SQL, Deep Learning, NLP",Enterprise
4354,AI Engineer,UK,Lead,160439,"PyTorch, Data Visualization, MLOps",Startup
4355,Data Analyst,Canada,Lead,169402,"PyTorch, Data Visualization, NLP",Mid-size
4356,ML Engineer,USA,Mid,83427,"PyTorch, Computer Vision, Statistics",Enterprise
4357,AI Engineer,USA,Entry,48522,"MLOps, SQL, Data Visualization",Enterprise
4358,Computer Vision Engineer,Canada,Lead,217019,"PyTorch, SQL, Python",Mid-size
4359,NLP Engineer,India,Mid,25079,"MLOps, Python, PyTorch",Enterprise
4360,Computer Vision Engineer,Canada,Senior,114011,"SQL, Computer Vision, Deep Learning",Startup
4361,Deep Learning Engineer,Australia,Lead,192218,"SQL, Python, NLP",Enterprise
4362,AI Engineer,UK,Senior,111143,"MLOps, Python, NLP",Startup
4363,Computer Vision Engineer,Germany,Lead,151748,"MLOps, Computer Vision, Data Visualization",Mid-size
4364,Deep Learning Engineer,Australia,Mid,72286,"MLOps, Deep Learning, Computer Vision",Startup
4365,Computer Vision Engineer,UK,Entry,26450,"Deep Learning, PyTorch, NLP",Mid-size
4366,NLP Engineer,Australia,Senior,100208,"SQL, PyTorch, Deep Learning",Startup
4367,AI Engineer,UK,Entry,22637,"Python, SQL, Statistics",Startup
4368,Data Analyst,Germany,Entry,37738,"Data Visualization, Python, SQL",Startup
4369,ML Engineer,USA,Senior,162552,"Deep Learning, Data Visualization, Computer Vision",Enterprise
4370,ML Engineer,USA,Senior,125310,"NLP, SQL, Data Visualization",Startup
4371,Computer Vision Engineer,Canada,Senior,140636,"Data Visualization, NLP, MLOps",Enterprise
4372,Deep Learning Engineer,Germany,Mid,52175,"Statistics, TensorFlow, Computer Vision",Mid-size
4373,Deep Learning Engineer,Germany,Senior,107579,"PyTorch, Computer Vision, Python",Mid-size
4374,ML Engineer,Australia,Lead,199733,"MLOps, Data Visualization, Python",Startup
4375,Data Analyst,USA,Mid,83672,"MLOps, Deep Learning, Statistics",Mid-size
4376,Data Analyst,UK,Entry,36555,"Deep Learning, PyTorch, Statistics",Mid-size
4377,Computer Vision Engineer,Canada,Senior,145615,"Data Visualization, Computer Vision, MLOps",Startup
4378,Data Analyst,UK,Entry,20753,"TensorFlow, Data Visualization, PyTorch",Enterprise
4379,NLP Engineer,Australia,Mid,69763,"TensorFlow, NLP, Deep Learning",Startup
4380,Data Analyst,Germany,Mid,53685,"Python, Deep Learning, MLOps",Enterprise
4381,AI Engineer,Germany,Lead,155410,"SQL, TensorFlow, Python",Mid-size
4382,Data Analyst,Australia,Entry,39018,"Data Visualization, NLP, Statistics",Enterprise
4383,ML Engineer,USA,Lead,238260,"Statistics, Data Visualization, NLP",Startup
4384,ML Engineer,Germany,Entry,36203,"Deep Learning, Data Visualization, Computer Vision",Startup
4385,Deep Learning Engineer,Australia,Lead,194843,"Data Visualization, NLP, Computer Vision",Mid-size
4386,Deep Learning Engineer,Australia,Entry,41840,"NLP, Computer Vision, Deep Learning",Mid-size
4387,AI Engineer,USA,Lead,230601,"Python, Computer Vision, MLOps",Enterprise
4388,Data Scientist,Canada,Lead,161027,"Deep Learning, Statistics, TensorFlow",Enterprise
4389,Data Analyst,India,Lead,61481,"Data Visualization, Python, PyTorch",Startup
4390,Data Scientist,Canada,Senior,114269,"NLP, PyTorch, TensorFlow",Mid-size
4391,Data Analyst,USA,Mid,77194,"SQL, MLOps, TensorFlow",Mid-size
4392,Data Scientist,Australia,Entry,31155,"TensorFlow, SQL, MLOps",Startup
4393,Data Scientist,India,Lead,69620,"SQL, Computer Vision, Deep Learning",Enterprise
4394,Research Scientist,Germany,Senior,127550,"NLP, MLOps, Computer Vision",Mid-size
4395,Research Scientist,Canada,Senior,137240,"Deep Learning, NLP, Computer Vision",Startup
4396,Data Analyst,Canada,Lead,214337,"Deep Learning, MLOps, Data Visualization",Enterprise
4397,Deep Learning Engineer,USA,Senior,118357,"Computer Vision, NLP, Data Visualization",Mid-size
4398,Research Scientist,UK,Entry,41852,"Computer Vision, NLP, PyTorch",Mid-size
4399,Data Scientist,Australia,Lead,190818,"TensorFlow, Deep Learning, MLOps",Enterprise
4400,Deep Learning Engineer,Canada,Mid,82434,"Deep Learning, MLOps, SQL",Enterprise
4401,Data Scientist,India,Mid,23346,"SQL, Computer Vision, PyTorch",Startup
4402,Deep Learning Engineer,India,Lead,58151,"TensorFlow, MLOps, Statistics",Enterprise
4403,NLP Engineer,Australia,Mid,55335,"NLP, TensorFlow, PyTorch",Startup
4404,Data Analyst,Australia,Mid,62944,"SQL, MLOps, Python",Startup
4405,AI Engineer,USA,Senior,123481,"PyTorch, MLOps, NLP",Enterprise
4406,AI Engineer,Australia,Senior,143949,"Deep Learning, Python, TensorFlow",Mid-size
4407,AI Engineer,Germany,Entry,30842,"NLP, PyTorch, Data Visualization",Mid-size
4408,Data Scientist,UK,Mid,89618,"Data Visualization, SQL, Deep Learning",Mid-size
4409,Research Scientist,UK,Senior,114789,"PyTorch, NLP, TensorFlow",Mid-size
4410,Research Scientist,Australia,Entry,24783,"PyTorch, Statistics, TensorFlow",Startup
4411,AI Engineer,USA,Senior,108613,"Data Visualization, Statistics, MLOps",Mid-size
4412,Research Scientist,Germany,Mid,66636,"NLP, TensorFlow, Data Visualization",Enterprise
4413,Deep Learning Engineer,Canada,Mid,94868,"Python, Deep Learning, SQL",Enterprise
4414,Data Analyst,Canada,Senior,108345,"Python, Deep Learning, MLOps",Mid-size
4415,Research Scientist,Canada,Lead,187457,"TensorFlow, Statistics, Data Visualization",Mid-size
4416,Computer Vision Engineer,Australia,Lead,184833,"MLOps, SQL, NLP",Mid-size
4417,Computer Vision Engineer,Canada,Entry,46953,"Python, MLOps, SQL",Startup
4418,NLP Engineer,India,Senior,47010,"Deep Learning, PyTorch, MLOps",Mid-size
4419,Research Scientist,Germany,Entry,29245,"Computer Vision, Statistics, Deep Learning",Mid-size
4420,Research Scientist,Australia,Entry,27550,"Deep Learning, Computer Vision, NLP",Enterprise
4421,ML Engineer,UK,Mid,71658,"NLP, Statistics, PyTorch",Mid-size
4422,Deep Learning Engineer,Germany,Senior,120958,"Statistics, Python, NLP",Startup
4423,Deep Learning Engineer,Germany,Mid,56598,"MLOps, Data Visualization, Deep Learning",Mid-size
4424,Data Analyst,UK,Senior,115890,"Data Visualization, MLOps, Python",Enterprise
4425,ML Engineer,USA,Mid,77167,"Statistics, TensorFlow, NLP",Startup
4426,Deep Learning Engineer,India,Mid,22977,"TensorFlow, Statistics, NLP",Mid-size
4427,ML Engineer,UK,Mid,73911,"Computer Vision, Python, PyTorch",Enterprise
4428,Research Scientist,USA,Entry,25911,"NLP, MLOps, SQL",Enterprise
4429,AI Engineer,Germany,Entry,45806,"Python, Computer Vision, SQL",Enterprise
4430,ML Engineer,Australia,Senior,147506,"Statistics, Deep Learning, Computer Vision",Mid-size
4431,Research Scientist,India,Entry,8763,"SQL, Statistics, Deep Learning",Mid-size
4432,Research Scientist,Australia,Mid,72045,"PyTorch, Python, Statistics",Startup
4433,AI Engineer,Canada,Entry,32208,"Data Visualization, Deep Learning, NLP",Enterprise
4434,Computer Vision Engineer,Australia,Lead,202981,"MLOps, SQL, Statistics",Enterprise
4435,NLP Engineer,USA,Senior,119228,"Statistics, Python, TensorFlow",Mid-size
4436,ML Engineer,UK,Senior,91965,"NLP, Computer Vision, Python",Mid-size
4437,Data Scientist,UK,Entry,46015,"Computer Vision, SQL, Deep Learning",Startup
4438,Data Analyst,UK,Senior,138231,"TensorFlow, Python, Computer Vision",Startup
4439,Deep Learning Engineer,Australia,Mid,79904,"Statistics, SQL, TensorFlow",Mid-size
4440,AI Engineer,Australia,Senior,122742,"PyTorch, TensorFlow, NLP",Mid-size
4441,ML Engineer,Australia,Entry,38685,"TensorFlow, Python, Deep Learning",Enterprise
4442,Data Analyst,Germany,Mid,75444,"PyTorch, TensorFlow, SQL",Mid-size
4443,Deep Learning Engineer,Australia,Senior,136089,"MLOps, Statistics, Deep Learning",Startup
4444,ML Engineer,Canada,Senior,147519,"TensorFlow, PyTorch, SQL",Startup
4445,AI Engineer,Canada,Entry,49364,"Deep Learning, NLP, PyTorch",Mid-size
4446,Data Analyst,UK,Entry,43964,"PyTorch, Data Visualization, SQL",Startup
4447,AI Engineer,UK,Entry,46457,"PyTorch, Deep Learning, TensorFlow",Mid-size
4448,NLP Engineer,India,Mid,29560,"Statistics, SQL, Python",Mid-size
4449,Data Analyst,Germany,Entry,40239,"Data Visualization, SQL, Computer Vision",Startup
4450,Data Scientist,UK,Mid,83295,"Computer Vision, MLOps, SQL",Enterprise
4451,Computer Vision Engineer,Australia,Lead,201619,"SQL, TensorFlow, Statistics",Startup
4452,NLP Engineer,Australia,Lead,200191,"Deep Learning, Computer Vision, TensorFlow",Mid-size
4453,Data Analyst,UK,Mid,82188,"Computer Vision, Data Visualization, Statistics",Mid-size
4454,Data Scientist,Germany,Entry,34761,"Deep Learning, MLOps, PyTorch",Mid-size
4455,Research Scientist,Germany,Mid,78750,"SQL, PyTorch, Python",Startup
4456,Deep Learning Engineer,Germany,Lead,192189,"Python, SQL, PyTorch",Enterprise
4457,AI Engineer,Canada,Mid,85683,"SQL, PyTorch, NLP",Mid-size
4458,Computer Vision Engineer,UK,Mid,60222,"PyTorch, Computer Vision, Data Visualization",Startup
4459,Deep Learning Engineer,UK,Senior,130878,"NLP, PyTorch, Computer Vision",Mid-size
4460,Data Analyst,Canada,Lead,178147,"PyTorch, Python, Computer Vision",Enterprise
4461,ML Engineer,UK,Lead,145767,"Deep Learning, MLOps, Computer Vision",Enterprise
4462,Data Analyst,USA,Entry,34503,"Statistics, TensorFlow, NLP",Mid-size
4463,Data Scientist,Canada,Senior,110777,"PyTorch, SQL, Statistics",Startup
4464,ML Engineer,Australia,Lead,164827,"MLOps, TensorFlow, Python",Enterprise
4465,Deep Learning Engineer,USA,Lead,172609,"Computer Vision, MLOps, Data Visualization",Startup
4466,AI Engineer,Australia,Mid,62057,"SQL, Deep Learning, Python",Mid-size
4467,Deep Learning Engineer,India,Lead,74022,"SQL, Statistics, Deep Learning",Enterprise
4468,NLP Engineer,USA,Senior,113833,"Computer Vision, SQL, Statistics",Enterprise
4469,Computer Vision Engineer,Germany,Lead,173682,"Python, TensorFlow, PyTorch",Startup
4470,Data Scientist,Australia,Lead,154103,"TensorFlow, Statistics, SQL",Mid-size
4471,Computer Vision Engineer,USA,Lead,188916,"Data Visualization, TensorFlow, Python",Startup
4472,Computer Vision Engineer,UK,Lead,187234,"Statistics, Deep Learning, Python",Startup
4473,Deep Learning Engineer,Canada,Mid,77946,"TensorFlow, PyTorch, Statistics",Mid-size
4474,Computer Vision Engineer,Canada,Senior,118279,"MLOps, PyTorch, Deep Learning",Mid-size
4475,Data Analyst,Germany,Entry,29745,"Deep Learning, SQL, Data Visualization",Enterprise
4476,Data Scientist,UK,Senior,114829,"PyTorch, Data Visualization, TensorFlow",Startup
4477,ML Engineer,USA,Senior,136208,"Deep Learning, NLP, Data Visualization",Mid-size
4478,Data Scientist,USA,Senior,126706,"MLOps, Computer Vision, Python",Startup
4479,AI Engineer,India,Entry,12126,"Python, Data Visualization, TensorFlow",Enterprise
4480,Deep Learning Engineer,Canada,Entry,46668,"SQL, Computer Vision, TensorFlow",Mid-size
4481,Data Analyst,UK,Mid,69796,"SQL, PyTorch, Statistics",Mid-size
4482,Deep Learning Engineer,Australia,Entry,24006,"MLOps, Data Visualization, PyTorch",Mid-size
4483,Data Scientist,Canada,Mid,78274,"Statistics, TensorFlow, Deep Learning",Startup
4484,ML Engineer,UK,Mid,85139,"MLOps, Data Visualization, Deep Learning",Startup
4485,Data Scientist,UK,Entry,42205,"Data Visualization, Python, TensorFlow",Mid-size
4486,Data Analyst,UK,Senior,99840,"Computer Vision, Data Visualization, SQL",Startup
4487,NLP Engineer,Australia,Mid,65407,"MLOps, NLP, Data Visualization",Mid-size
4488,Data Scientist,India,Entry,8127,"Statistics, PyTorch, MLOps",Enterprise
4489,Computer Vision Engineer,Australia,Entry,37809,"Python, SQL, NLP",Mid-size
4490,Data Scientist,UK,Lead,181815,"Computer Vision, SQL, TensorFlow",Enterprise
4491,NLP Engineer,Canada,Mid,71757,"Statistics, SQL, Python",Enterprise
4492,Computer Vision Engineer,Germany,Entry,22648,"MLOps, Data Visualization, SQL",Mid-size
4493,NLP Engineer,Canada,Senior,137046,"Computer Vision, MLOps, Python",Startup
4494,NLP Engineer,Canada,Lead,219762,"Statistics, NLP, TensorFlow",Mid-size
4495,Deep Learning Engineer,Australia,Entry,26052,"Deep Learning, Data Visualization, TensorFlow",Startup
4496,Deep Learning Engineer,UK,Mid,74091,"Data Visualization, NLP, Statistics",Enterprise
4497,Data Analyst,India,Senior,47456,"NLP, Deep Learning, PyTorch",Mid-size
4498,AI Engineer,India,Senior,55058,"MLOps, Deep Learning, Data Visualization",Startup
4499,ML Engineer,India,Mid,20006,"SQL, Computer Vision, NLP",Startup
4500,Computer Vision Engineer,UK,Entry,26476,"MLOps, Python, TensorFlow",Enterprise
4501,ML Engineer,Germany,Lead,182236,"MLOps, Computer Vision, SQL",Startup
4502,NLP Engineer,Germany,Senior,137419,"TensorFlow, Deep Learning, Statistics",Enterprise
4503,AI Engineer,USA,Mid,60445,"Deep Learning, NLP, MLOps",Enterprise
4504,Research Scientist,Canada,Senior,108181,"MLOps, Deep Learning, Statistics",Startup
4505,AI Engineer,India,Lead,71058,"TensorFlow, Data Visualization, Statistics",Enterprise
4506,Computer Vision Engineer,Australia,Senior,123796,"NLP, Python, Computer Vision",Startup
4507,AI Engineer,Germany,Senior,124142,"TensorFlow, Computer Vision, Data Visualization",Startup
4508,Data Analyst,Australia,Mid,59843,"Python, Computer Vision, Deep Learning",Enterprise
4509,AI Engineer,Germany,Senior,131756,"Data Visualization, NLP, SQL",Startup
4510,Research Scientist,India,Lead,70406,"Computer Vision, TensorFlow, Deep Learning",Mid-size
4511,AI Engineer,Germany,Mid,67545,"Statistics, SQL, Python",Mid-size
4512,Research Scientist,Australia,Lead,173589,"Deep Learning, PyTorch, Statistics",Startup
4513,Research Scientist,India,Mid,23387,"Data Visualization, NLP, SQL",Enterprise
4514,Computer Vision Engineer,Australia,Senior,125305,"Statistics, TensorFlow, Python",Mid-size
4515,Research Scientist,Germany,Lead,189454,"Deep Learning, PyTorch, SQL",Enterprise
4516,AI Engineer,Canada,Senior,139753,"SQL, Statistics, Data Visualization",Startup
4517,Data Analyst,Germany,Mid,79945,"MLOps, PyTorch, Data Visualization",Mid-size
4518,ML Engineer,India,Senior,38867,"TensorFlow, Data Visualization, PyTorch",Mid-size
4519,NLP Engineer,India,Lead,70260,"TensorFlow, NLP, Computer Vision",Startup
4520,Research Scientist,USA,Lead,188001,"Deep Learning, Python, Statistics",Enterprise
4521,Research Scientist,Australia,Entry,39870,"SQL, TensorFlow, NLP",Startup
4522,Computer Vision Engineer,Germany,Lead,168702,"Deep Learning, SQL, PyTorch",Startup
4523,Deep Learning Engineer,India,Lead,62731,"MLOps, Python, Computer Vision",Enterprise
4524,Data Scientist,India,Senior,44060,"Deep Learning, TensorFlow, Computer Vision",Enterprise
4525,Data Scientist,USA,Entry,50436,"Computer Vision, Statistics, TensorFlow",Startup
4526,AI Engineer,Germany,Senior,130455,"Deep Learning, PyTorch, TensorFlow",Startup
4527,AI Engineer,Canada,Lead,217911,"Statistics, Computer Vision, NLP",Mid-size
4528,ML Engineer,UK,Mid,76219,"TensorFlow, Data Visualization, PyTorch",Startup
4529,Data Analyst,Germany,Mid,59431,"NLP, Deep Learning, Statistics",Mid-size
4530,Computer Vision Engineer,Germany,Senior,129238,"PyTorch, Computer Vision, Deep Learning",Enterprise
4531,ML Engineer,Canada,Senior,103083,"Deep Learning, NLP, Python",Mid-size
4532,Data Analyst,Germany,Lead,152420,"NLP, Python, PyTorch",Startup
4533,Deep Learning Engineer,India,Senior,38152,"Deep Learning, Statistics, PyTorch",Enterprise
4534,NLP Engineer,USA,Lead,206102,"Computer Vision, Data Visualization, Python",Enterprise
4535,Data Analyst,Canada,Senior,117645,"TensorFlow, NLP, SQL",Mid-size
4536,ML Engineer,USA,Entry,29546,"Deep Learning, Statistics, TensorFlow",Startup
4537,Data Analyst,India,Senior,46790,"Computer Vision, NLP, Statistics",Startup
4538,Computer Vision Engineer,India,Lead,63226,"PyTorch, Deep Learning, SQL",Enterprise
4539,Data Scientist,Australia,Entry,53781,"SQL, TensorFlow, Data Visualization",Enterprise
4540,AI Engineer,Germany,Senior,102329,"PyTorch, Data Visualization, MLOps",Mid-size
4541,Data Scientist,Australia,Senior,139284,"Computer Vision, TensorFlow, NLP",Enterprise
4542,Research Scientist,Australia,Lead,208848,"PyTorch, Statistics, Computer Vision",Mid-size
4543,Deep Learning Engineer,USA,Mid,99367,"Python, NLP, Deep Learning",Enterprise
4544,AI Engineer,UK,Entry,43453,"MLOps, NLP, Python",Startup
4545,Data Analyst,India,Senior,45979,"MLOps, Statistics, Python",Enterprise
4546,Deep Learning Engineer,Germany,Senior,99305,"PyTorch, Statistics, TensorFlow",Enterprise
4547,NLP Engineer,India,Entry,18920,"PyTorch, MLOps, TensorFlow",Startup
4548,Data Scientist,UK,Entry,23123,"SQL, TensorFlow, Statistics",Startup
4549,Computer Vision Engineer,Canada,Senior,105097,"SQL, PyTorch, Data Visualization",Startup
4550,AI Engineer,Canada,Entry,38671,"NLP, Data Visualization, MLOps",Mid-size
4551,NLP Engineer,UK,Entry,31120,"Data Visualization, Computer Vision, MLOps",Enterprise
4552,Data Scientist,Germany,Lead,199177,"PyTorch, Data Visualization, NLP",Startup
4553,Computer Vision Engineer,India,Mid,29842,"TensorFlow, MLOps, Python",Mid-size
4554,ML Engineer,Australia,Lead,161541,"TensorFlow, NLP, Python",Enterprise
4555,Data Analyst,USA,Entry,43788,"NLP, TensorFlow, Statistics",Startup
4556,ML Engineer,UK,Lead,145316,"Python, Deep Learning, SQL",Startup
4557,AI Engineer,UK,Lead,169954,"SQL, Python, Computer Vision",Mid-size
4558,Computer Vision Engineer,Germany,Mid,71652,"Python, NLP, TensorFlow",Mid-size
4559,NLP Engineer,Australia,Senior,99467,"Deep Learning, SQL, TensorFlow",Mid-size
4560,AI Engineer,UK,Senior,91239,"Deep Learning, PyTorch, Computer Vision",Startup
4561,Research Scientist,India,Senior,37202,"Statistics, Python, Computer Vision",Startup
4562,Data Scientist,Australia,Lead,183329,"MLOps, Deep Learning, Python",Startup
4563,Data Analyst,Australia,Mid,85058,"PyTorch, MLOps, Computer Vision",Mid-size
4564,Computer Vision Engineer,USA,Lead,176539,"Data Visualization, MLOps, NLP",Startup
4565,AI Engineer,India,Senior,37753,"TensorFlow, Computer Vision, Python",Startup
4566,ML Engineer,UK,Entry,38083,"Python, Computer Vision, Deep Learning",Startup
4567,ML Engineer,Australia,Lead,175910,"SQL, Python, PyTorch",Mid-size
4568,Computer Vision Engineer,India,Senior,50263,"NLP, Deep Learning, Statistics",Startup
4569,ML Engineer,USA,Lead,234964,"MLOps, Computer Vision, NLP",Startup
4570,AI Engineer,UK,Entry,35819,"Python, TensorFlow, SQL",Startup
4571,Deep Learning Engineer,USA,Entry,30058,"NLP, Python, TensorFlow",Startup
4572,Research Scientist,Germany,Mid,66167,"Computer Vision, Python, TensorFlow",Mid-size
4573,Data Scientist,USA,Senior,162813,"Python, SQL, Data Visualization",Startup
4574,Computer Vision Engineer,India,Lead,56188,"Computer Vision, MLOps, TensorFlow",Startup
4575,Data Analyst,Germany,Senior,103690,"MLOps, PyTorch, Computer Vision",Startup
4576,Data Scientist,India,Mid,27467,"Statistics, TensorFlow, MLOps",Enterprise
4577,Data Analyst,Canada,Mid,97663,"Deep Learning, Statistics, Data Visualization",Mid-size
4578,AI Engineer,Australia,Entry,33915,"TensorFlow, PyTorch, Python",Enterprise
4579,Data Analyst,Germany,Lead,154571,"SQL, Python, Computer Vision",Enterprise
4580,NLP Engineer,USA,Lead,211383,"NLP, PyTorch, Python",Startup
4581,NLP Engineer,India,Mid,20786,"SQL, Deep Learning, Statistics",Mid-size
4582,Data Analyst,USA,Senior,138165,"TensorFlow, MLOps, Computer Vision",Startup
4583,ML Engineer,Germany,Senior,105154,"Data Visualization, TensorFlow, PyTorch",Mid-size
4584,Computer Vision Engineer,Australia,Mid,79692,"TensorFlow, Data Visualization, SQL",Startup
4585,Data Analyst,Canada,Lead,165422,"Deep Learning, Data Visualization, PyTorch",Mid-size
4586,Deep Learning Engineer,Canada,Senior,144325,"TensorFlow, SQL, NLP",Startup
4587,Computer Vision Engineer,UK,Senior,130572,"NLP, Python, Computer Vision",Mid-size
4588,Computer Vision Engineer,India,Entry,10214,"SQL, Python, Data Visualization",Enterprise
4589,Research Scientist,USA,Mid,66100,"PyTorch, SQL, Deep Learning",Enterprise
4590,NLP Engineer,India,Entry,14696,"Computer Vision, TensorFlow, SQL",Startup
4591,Data Scientist,India,Mid,21918,"MLOps, Data Visualization, SQL",Enterprise
4592,ML Engineer,USA,Lead,229837,"Python, Deep Learning, NLP",Mid-size
4593,Research Scientist,USA,Senior,125980,"SQL, Deep Learning, Statistics",Mid-size
4594,Computer Vision Engineer,USA,Mid,72938,"Deep Learning, Python, PyTorch",Startup
4595,NLP Engineer,Germany,Lead,157245,"Statistics, TensorFlow, PyTorch",Startup
4596,ML Engineer,Germany,Senior,103986,"Python, Computer Vision, MLOps",Enterprise
4597,NLP Engineer,Germany,Entry,23526,"SQL, PyTorch, Statistics",Enterprise
4598,ML Engineer,India,Entry,10207,"SQL, Data Visualization, PyTorch",Mid-size
4599,Computer Vision Engineer,India,Lead,77052,"Python, Data Visualization, Computer Vision",Startup
4600,AI Engineer,UK,Mid,66673,"Statistics, MLOps, Python",Startup
4601,AI Engineer,UK,Lead,195114,"MLOps, SQL, Statistics",Enterprise
4602,ML Engineer,UK,Mid,75976,"MLOps, PyTorch, Deep Learning",Enterprise
4603,Computer Vision Engineer,Australia,Lead,185199,"Computer Vision, Data Visualization, TensorFlow",Enterprise
4604,AI Engineer,Germany,Mid,69644,"TensorFlow, MLOps, SQL",Enterprise
4605,ML Engineer,UK,Mid,64281,"SQL, Python, TensorFlow",Startup
4606,Research Scientist,Germany,Mid,55054,"SQL, NLP, Python",Enterprise
4607,Data Scientist,Canada,Entry,37516,"Python, MLOps, Deep Learning",Startup
4608,Data Scientist,Australia,Lead,158682,"Computer Vision, PyTorch, Statistics",Startup
4609,Research Scientist,Australia,Lead,201506,"SQL, Computer Vision, Data Visualization",Enterprise
4610,Computer Vision Engineer,Germany,Senior,128673,"Computer Vision, Deep Learning, TensorFlow",Startup
4611,Data Analyst,Australia,Lead,170281,"Computer Vision, TensorFlow, Deep Learning",Enterprise
4612,Research Scientist,Germany,Entry,37523,"SQL, Computer Vision, PyTorch",Enterprise
4613,Data Analyst,Canada,Mid,86427,"PyTorch, Statistics, Data Visualization",Startup
4614,ML Engineer,Germany,Entry,46416,"PyTorch, Python, MLOps",Mid-size
4615,Data Scientist,Canada,Entry,23310,"NLP, MLOps, Deep Learning",Enterprise
4616,Research Scientist,Canada,Senior,140443,"Python, Statistics, Data Visualization",Startup
4617,Data Scientist,Germany,Entry,22804,"Data Visualization, Statistics, Deep Learning",Startup
4618,Research Scientist,India,Entry,14838,"PyTorch, Computer Vision, Data Visualization",Mid-size
4619,Data Analyst,USA,Lead,233204,"TensorFlow, Data Visualization, Deep Learning",Startup
4620,AI Engineer,Canada,Entry,50591,"Statistics, SQL, MLOps",Startup
4621,NLP Engineer,Canada,Entry,46014,"MLOps, TensorFlow, Data Visualization",Mid-size
4622,Research Scientist,Australia,Entry,38069,"Deep Learning, Python, Data Visualization",Mid-size
4623,Data Analyst,Canada,Lead,161085,"TensorFlow, SQL, PyTorch",Mid-size
4624,ML Engineer,Germany,Senior,135959,"Deep Learning, NLP, Computer Vision",Mid-size
4625,Research Scientist,Australia,Entry,52000,"Python, Data Visualization, MLOps",Mid-size
4626,Deep Learning Engineer,Australia,Entry,26351,"MLOps, SQL, Statistics",Mid-size
4627,Research Scientist,UK,Mid,52365,"Python, Computer Vision, Deep Learning",Enterprise
4628,NLP Engineer,Australia,Lead,173069,"NLP, TensorFlow, MLOps",Startup
4629,Data Scientist,UK,Entry,39684,"MLOps, SQL, NLP",Startup
4630,Deep Learning Engineer,India,Senior,37766,"Data Visualization, PyTorch, Computer Vision",Startup
4631,NLP Engineer,India,Senior,44952,"Data Visualization, MLOps, Python",Enterprise
4632,Computer Vision Engineer,Australia,Mid,79044,"TensorFlow, PyTorch, Data Visualization",Startup
4633,AI Engineer,USA,Mid,73279,"MLOps, Statistics, PyTorch",Startup
4634,Deep Learning Engineer,India,Mid,26105,"NLP, MLOps, TensorFlow",Enterprise
4635,Data Analyst,India,Mid,26861,"NLP, MLOps, Computer Vision",Mid-size
4636,Data Scientist,Canada,Mid,81711,"PyTorch, Computer Vision, Data Visualization",Startup
4637,Data Scientist,Canada,Senior,149789,"MLOps, Data Visualization, PyTorch",Startup
4638,Research Scientist,Australia,Lead,167506,"Deep Learning, SQL, Computer Vision",Enterprise
4639,Data Scientist,India,Senior,39304,"Computer Vision, SQL, PyTorch",Startup
4640,Research Scientist,USA,Senior,140310,"PyTorch, Computer Vision, SQL",Mid-size
4641,Computer Vision Engineer,Germany,Senior,94787,"NLP, Statistics, PyTorch",Startup
4642,Research Scientist,Germany,Lead,162740,"Data Visualization, PyTorch, Python",Startup
4643,Data Analyst,Australia,Lead,217187,"NLP, Python, Computer Vision",Mid-size
4644,Data Analyst,India,Entry,8740,"Statistics, SQL, NLP",Enterprise
4645,Research Scientist,UK,Senior,129726,"Statistics, Data Visualization, PyTorch",Startup
4646,Computer Vision Engineer,Canada,Lead,180653,"Deep Learning, PyTorch, MLOps",Mid-size
4647,Research Scientist,UK,Entry,41206,"Deep Learning, TensorFlow, Data Visualization",Startup
4648,Data Analyst,USA,Entry,56430,"Deep Learning, Data Visualization, PyTorch",Mid-size
4649,ML Engineer,USA,Entry,38550,"Computer Vision, SQL, NLP",Enterprise
4650,NLP Engineer,India,Lead,68598,"MLOps, PyTorch, TensorFlow",Startup
4651,AI Engineer,Germany,Lead,178734,"Statistics, Deep Learning, PyTorch",Enterprise
4652,NLP Engineer,Australia,Mid,96181,"NLP, SQL, PyTorch",Mid-size
4653,Data Scientist,USA,Mid,70402,"MLOps, Computer Vision, TensorFlow",Mid-size
4654,ML Engineer,UK,Senior,121087,"Python, MLOps, Deep Learning",Mid-size
4655,Research Scientist,Germany,Senior,129374,"Python, Statistics, NLP",Enterprise
4656,Deep Learning Engineer,Germany,Senior,125085,"Deep Learning, PyTorch, MLOps",Enterprise
4657,Computer Vision Engineer,USA,Senior,167432,"NLP, Data Visualization, Computer Vision",Mid-size
4658,Research Scientist,Australia,Entry,22281,"Statistics, TensorFlow, SQL",Startup
4659,Deep Learning Engineer,USA,Senior,141358,"MLOps, PyTorch, NLP",Enterprise
4660,Data Analyst,Australia,Senior,107190,"NLP, Data Visualization, SQL",Enterprise
4661,ML Engineer,Canada,Lead,168237,"PyTorch, Computer Vision, Data Visualization",Enterprise
4662,Computer Vision Engineer,Australia,Entry,33336,"TensorFlow, Data Visualization, Statistics",Startup
4663,AI Engineer,Germany,Entry,25912,"Statistics, MLOps, SQL",Mid-size
4664,Computer Vision Engineer,Canada,Senior,135482,"PyTorch, Data Visualization, NLP",Enterprise
4665,AI Engineer,India,Mid,31347,"Deep Learning, Statistics, PyTorch",Mid-size
4666,Data Scientist,Germany,Senior,112150,"Deep Learning, Python, MLOps",Enterprise
4667,Data Scientist,India,Lead,62259,"SQL, Data Visualization, TensorFlow",Enterprise
4668,Data Analyst,UK,Lead,174593,"Computer Vision, Deep Learning, SQL",Startup
4669,Data Scientist,Germany,Entry,33786,"Deep Learning, Statistics, Data Visualization",Startup
4670,Deep Learning Engineer,India,Senior,49577,"NLP, MLOps, PyTorch",Startup
4671,Research Scientist,Canada,Mid,78390,"MLOps, TensorFlow, PyTorch",Startup
4672,Data Analyst,UK,Lead,164089,"PyTorch, Deep Learning, SQL",Startup
4673,Research Scientist,India,Mid,33098,"TensorFlow, MLOps, PyTorch",Enterprise
4674,Deep Learning Engineer,Australia,Senior,127911,"Statistics, SQL, Deep Learning",Mid-size
4675,Deep Learning Engineer,USA,Mid,78760,"Statistics, NLP, Computer Vision",Mid-size
4676,Deep Learning Engineer,Australia,Lead,215048,"TensorFlow, Python, Statistics",Startup
4677,Computer Vision Engineer,Germany,Lead,198747,"Statistics, NLP, TensorFlow",Mid-size
4678,Deep Learning Engineer,India,Entry,14849,"SQL, NLP, Deep Learning",Enterprise
4679,ML Engineer,Germany,Mid,67594,"NLP, Deep Learning, SQL",Mid-size
4680,Data Scientist,Canada,Entry,43453,"Python, NLP, Data Visualization",Mid-size
4681,NLP Engineer,Germany,Lead,199478,"NLP, MLOps, Data Visualization",Startup
4682,Data Scientist,Canada,Mid,69669,"SQL, MLOps, Computer Vision",Enterprise
4683,NLP Engineer,UK,Mid,56654,"Data Visualization, TensorFlow, Computer Vision",Startup
4684,Research Scientist,India,Senior,36943,"Python, SQL, Deep Learning",Startup
4685,ML Engineer,USA,Mid,94447,"NLP, Statistics, MLOps",Startup
4686,NLP Engineer,USA,Entry,28491,"NLP, TensorFlow, Data Visualization",Mid-size
4687,Research Scientist,UK,Senior,137578,"Data Visualization, Statistics, Computer Vision",Startup
4688,NLP Engineer,Australia,Senior,139648,"MLOps, Deep Learning, Statistics",Enterprise
4689,ML Engineer,Australia,Lead,218606,"PyTorch, Python, Deep Learning",Mid-size
4690,Research Scientist,Canada,Entry,44273,"Computer Vision, TensorFlow, Python",Startup
4691,ML Engineer,Germany,Lead,140500,"Data Visualization, PyTorch, SQL",Mid-size
4692,Computer Vision Engineer,Germany,Mid,76675,"MLOps, TensorFlow, Statistics",Startup
4693,Data Analyst,India,Senior,37310,"Deep Learning, Python, MLOps",Mid-size
4694,ML Engineer,Australia,Entry,46330,"Data Visualization, PyTorch, Deep Learning",Enterprise
4695,AI Engineer,Germany,Mid,60666,"Data Visualization, TensorFlow, Deep Learning",Startup
4696,Data Scientist,India,Senior,44218,"Statistics, Data Visualization, SQL",Startup
4697,NLP Engineer,India,Mid,22307,"SQL, NLP, Deep Learning",Enterprise
4698,Data Analyst,Germany,Lead,162852,"Python, Data Visualization, Computer Vision",Mid-size
4699,Computer Vision Engineer,USA,Lead,193843,"MLOps, Data Visualization, TensorFlow",Mid-size
4700,Research Scientist,India,Mid,20893,"SQL, Computer Vision, MLOps",Startup
4701,Research Scientist,UK,Mid,81147,"Data Visualization, Python, Statistics",Enterprise
4702,ML Engineer,UK,Entry,26359,"SQL, Computer Vision, TensorFlow",Mid-size
4703,AI Engineer,India,Mid,21171,"MLOps, Computer Vision, PyTorch",Mid-size
4704,Data Scientist,Germany,Entry,27614,"MLOps, NLP, SQL",Startup
4705,AI Engineer,UK,Senior,127739,"Deep Learning, PyTorch, Python",Mid-size
4706,NLP Engineer,UK,Senior,121828,"TensorFlow, PyTorch, Statistics",Startup
4707,NLP Engineer,USA,Lead,202672,"PyTorch, Statistics, NLP",Mid-size
4708,Data Analyst,Germany,Entry,44346,"Deep Learning, NLP, Python",Enterprise
4709,NLP Engineer,Germany,Entry,36854,"NLP, PyTorch, Deep Learning",Mid-size
4710,NLP Engineer,USA,Mid,98983,"PyTorch, Statistics, TensorFlow",Startup
4711,Data Scientist,Australia,Mid,58394,"Data Visualization, TensorFlow, Deep Learning",Mid-size
4712,AI Engineer,Canada,Mid,63147,"Python, Statistics, TensorFlow",Startup
4713,Research Scientist,India,Mid,33644,"MLOps, PyTorch, Statistics",Startup
4714,AI Engineer,Canada,Lead,175211,"Python, Computer Vision, NLP",Enterprise
4715,Research Scientist,USA,Mid,101704,"NLP, MLOps, Python",Mid-size
4716,Computer Vision Engineer,India,Mid,35293,"MLOps, NLP, Deep Learning",Startup
4717,Research Scientist,UK,Lead,145363,"NLP, Computer Vision, Statistics",Enterprise
4718,Computer Vision Engineer,UK,Mid,51010,"Computer Vision, MLOps, SQL",Startup
4719,ML Engineer,Australia,Entry,43847,"PyTorch, Statistics, NLP",Enterprise
4720,Computer Vision Engineer,USA,Entry,56005,"MLOps, Deep Learning, Computer Vision",Mid-size
4721,AI Engineer,Canada,Lead,212762,"NLP, Statistics, SQL",Enterprise
4722,Research Scientist,India,Mid,26195,"TensorFlow, PyTorch, NLP",Enterprise
4723,Data Scientist,Germany,Mid,61089,"MLOps, Statistics, Data Visualization",Mid-size
4724,AI Engineer,USA,Senior,153708,"Statistics, Deep Learning, Python",Enterprise
4725,NLP Engineer,Australia,Lead,154503,"PyTorch, NLP, Python",Startup
4726,Computer Vision Engineer,USA,Entry,42841,"Statistics, SQL, Python",Startup
4727,NLP Engineer,Germany,Lead,180462,"Deep Learning, MLOps, TensorFlow",Enterprise
4728,NLP Engineer,Canada,Senior,142336,"TensorFlow, MLOps, SQL",Enterprise
4729,Deep Learning Engineer,Australia,Entry,27660,"SQL, Computer Vision, TensorFlow",Mid-size
4730,NLP Engineer,Germany,Lead,147711,"Data Visualization, MLOps, TensorFlow",Enterprise
4731,NLP Engineer,India,Mid,33482,"Data Visualization, NLP, Deep Learning",Enterprise
4732,ML Engineer,Australia,Entry,26367,"Data Visualization, Deep Learning, MLOps",Enterprise
4733,NLP Engineer,USA,Lead,237259,"MLOps, SQL, Statistics",Mid-size
4734,Data Analyst,Canada,Mid,94263,"Data Visualization, SQL, TensorFlow",Mid-size
4735,Data Analyst,UK,Senior,115277,"PyTorch, NLP, MLOps",Mid-size
4736,NLP Engineer,Australia,Senior,124168,"NLP, Computer Vision, Python",Mid-size
4737,NLP Engineer,Germany,Lead,162293,"Statistics, MLOps, NLP",Enterprise
4738,Data Scientist,UK,Senior,111618,"Deep Learning, MLOps, TensorFlow",Mid-size
4739,NLP Engineer,USA,Lead,207572,"PyTorch, MLOps, TensorFlow",Startup
4740,Research Scientist,Germany,Lead,189029,"Statistics, Python, TensorFlow",Mid-size
4741,Deep Learning Engineer,Canada,Mid,95407,"MLOps, NLP, SQL",Enterprise
4742,Data Scientist,UK,Mid,51250,"Data Visualization, NLP, Python",Mid-size
4743,Data Analyst,Germany,Entry,22163,"Statistics, Deep Learning, Python",Startup
4744,Research Scientist,UK,Mid,51868,"Deep Learning, Computer Vision, Data Visualization",Enterprise
4745,Computer Vision Engineer,Australia,Mid,76700,"Statistics, Deep Learning, Computer Vision",Mid-size
4746,Research Scientist,UK,Lead,158940,"Computer Vision, NLP, Data Visualization",Enterprise
4747,AI Engineer,Germany,Lead,142164,"Python, TensorFlow, Data Visualization",Enterprise
4748,Data Scientist,Australia,Senior,151708,"Statistics, SQL, MLOps",Enterprise
4749,ML Engineer,Germany,Senior,112516,"Computer Vision, Python, MLOps",Enterprise
4750,Computer Vision Engineer,Germany,Entry,33686,"SQL, TensorFlow, Data Visualization",Startup
4751,ML Engineer,UK,Entry,26168,"Data Visualization, TensorFlow, Python",Startup
4752,ML Engineer,USA,Lead,169035,"Deep Learning, Data Visualization, NLP",Mid-size
4753,ML Engineer,Australia,Mid,78109,"Statistics, MLOps, Python",Enterprise
4754,Research Scientist,Australia,Entry,22718,"MLOps, Statistics, PyTorch",Enterprise
4755,NLP Engineer,Canada,Mid,84745,"Python, SQL, TensorFlow",Startup
4756,Computer Vision Engineer,USA,Mid,104644,"SQL, Computer Vision, Deep Learning",Mid-size
4757,ML Engineer,Germany,Lead,183046,"MLOps, Data Visualization, SQL",Mid-size
4758,AI Engineer,USA,Lead,210606,"Statistics, Data Visualization, SQL",Mid-size
4759,Data Analyst,Germany,Mid,80025,"Deep Learning, SQL, Data Visualization",Startup
4760,Computer Vision Engineer,Australia,Lead,206787,"MLOps, TensorFlow, Data Visualization",Enterprise
4761,Deep Learning Engineer,Canada,Lead,179292,"PyTorch, SQL, NLP",Startup
4762,NLP Engineer,USA,Lead,238476,"Computer Vision, Data Visualization, NLP",Enterprise
4763,Research Scientist,USA,Entry,52360,"MLOps, Deep Learning, PyTorch",Enterprise
4764,Computer Vision Engineer,India,Senior,47886,"MLOps, SQL, Deep Learning",Startup
4765,ML Engineer,UK,Mid,66905,"NLP, Data Visualization, Statistics",Startup
4766,AI Engineer,India,Senior,41339,"Statistics, MLOps, NLP",Mid-size
4767,Deep Learning Engineer,UK,Entry,26266,"Data Visualization, TensorFlow, Computer Vision",Startup
4768,Data Scientist,Germany,Lead,147017,"Data Visualization, SQL, Computer Vision",Startup
4769,NLP Engineer,Germany,Senior,108001,"Statistics, Computer Vision, PyTorch",Enterprise
4770,Data Scientist,USA,Mid,66300,"Statistics, PyTorch, MLOps",Startup
4771,Computer Vision Engineer,USA,Entry,24382,"Deep Learning, MLOps, Computer Vision",Startup
4772,Research Scientist,USA,Lead,229102,"MLOps, Computer Vision, PyTorch",Enterprise
4773,Data Analyst,Canada,Mid,72043,"Statistics, TensorFlow, NLP",Mid-size
4774,Research Scientist,UK,Mid,83050,"MLOps, SQL, Python",Startup
4775,AI Engineer,USA,Mid,87265,"Deep Learning, Python, SQL",Mid-size
4776,Data Scientist,India,Mid,25870,"Deep Learning, TensorFlow, Data Visualization",Enterprise
4777,Research Scientist,Germany,Senior,139282,"Data Visualization, Statistics, TensorFlow",Enterprise
4778,ML Engineer,UK,Entry,42443,"MLOps, Computer Vision, Data Visualization",Startup
4779,Deep Learning Engineer,UK,Entry,29740,"Python, MLOps, Deep Learning",Mid-size
4780,Computer Vision Engineer,Australia,Entry,45921,"PyTorch, Python, Data Visualization",Mid-size
4781,ML Engineer,Germany,Entry,20037,"Python, Computer Vision, Statistics",Enterprise
4782,AI Engineer,India,Lead,69296,"SQL, Data Visualization, PyTorch",Startup
4783,AI Engineer,India,Entry,8023,"NLP, Data Visualization, TensorFlow",Enterprise
4784,Data Scientist,USA,Senior,116755,"TensorFlow, SQL, Computer Vision",Mid-size
4785,Data Scientist,Canada,Mid,82126,"Statistics, Data Visualization, MLOps",Enterprise
4786,Research Scientist,UK,Lead,165666,"Data Visualization, MLOps, PyTorch",Startup
4787,ML Engineer,Australia,Senior,140310,"NLP, PyTorch, Python",Mid-size
4788,Research Scientist,Canada,Lead,179537,"Statistics, Computer Vision, Python",Startup
4789,Research Scientist,USA,Lead,192205,"Computer Vision, SQL, Statistics",Mid-size
4790,Deep Learning Engineer,India,Mid,25733,"Computer Vision, MLOps, PyTorch",Enterprise
4791,AI Engineer,USA,Senior,129656,"Deep Learning, Computer Vision, PyTorch",Enterprise
4792,Deep Learning Engineer,India,Entry,14230,"Statistics, Python, Data Visualization",Mid-size
4793,Deep Learning Engineer,UK,Entry,36108,"Statistics, PyTorch, Deep Learning",Mid-size
4794,AI Engineer,Germany,Lead,157654,"Python, TensorFlow, Computer Vision",Mid-size
4795,Research Scientist,India,Senior,44588,"Computer Vision, Data Visualization, PyTorch",Startup
4796,Data Analyst,Canada,Entry,45217,"NLP, PyTorch, Python",Startup
4797,Computer Vision Engineer,Canada,Senior,125530,"PyTorch, Deep Learning, NLP",Mid-size
4798,Data Scientist,USA,Lead,230054,"SQL, Data Visualization, Deep Learning",Startup
4799,Computer Vision Engineer,UK,Mid,52749,"Statistics, Python, TensorFlow",Enterprise
4800,Deep Learning Engineer,Canada,Lead,194195,"Computer Vision, TensorFlow, MLOps",Enterprise
4801,AI Engineer,Germany,Entry,33495,"Data Visualization, NLP, MLOps",Mid-size
4802,Data Scientist,Germany,Entry,39335,"PyTorch, SQL, TensorFlow",Enterprise
4803,Data Analyst,Germany,Lead,155324,"MLOps, NLP, Statistics",Enterprise
4804,Deep Learning Engineer,Canada,Senior,134890,"NLP, TensorFlow, Statistics",Enterprise
4805,ML Engineer,Australia,Senior,142158,"Data Visualization, NLP, Deep Learning",Enterprise
4806,Deep Learning Engineer,Canada,Mid,80103,"MLOps, Data Visualization, TensorFlow",Enterprise
4807,ML Engineer,India,Senior,42582,"MLOps, PyTorch, Statistics",Enterprise
4808,Computer Vision Engineer,India,Senior,43312,"TensorFlow, Deep Learning, MLOps",Enterprise
4809,Research Scientist,USA,Mid,68360,"Computer Vision, SQL, NLP",Enterprise
4810,AI Engineer,USA,Entry,24612,"MLOps, NLP, Data Visualization",Enterprise
4811,Data Analyst,India,Entry,18160,"Data Visualization, Python, Statistics",Mid-size
4812,ML Engineer,Australia,Senior,143665,"Python, TensorFlow, Deep Learning",Startup
4813,Deep Learning Engineer,Canada,Lead,200944,"PyTorch, Deep Learning, MLOps",Startup
4814,Computer Vision Engineer,Canada,Senior,100361,"Statistics, PyTorch, Deep Learning",Startup
4815,Deep Learning Engineer,India,Mid,26025,"MLOps, Python, Data Visualization",Mid-size
4816,AI Engineer,Australia,Senior,140193,"NLP, MLOps, SQL",Enterprise
4817,NLP Engineer,Canada,Lead,181134,"NLP, TensorFlow, Data Visualization",Mid-size
4818,NLP Engineer,UK,Senior,129945,"TensorFlow, MLOps, Deep Learning",Startup
4819,Data Analyst,India,Lead,69755,"Computer Vision, Deep Learning, TensorFlow",Enterprise
4820,Data Scientist,UK,Senior,107800,"Statistics, NLP, TensorFlow",Mid-size
4821,Data Scientist,Canada,Senior,114478,"Statistics, NLP, MLOps",Mid-size
4822,ML Engineer,UK,Senior,90663,"Deep Learning, TensorFlow, SQL",Enterprise
4823,Research Scientist,Canada,Entry,39308,"Deep Learning, MLOps, NLP",Mid-size
4824,NLP Engineer,USA,Mid,83848,"Python, Deep Learning, NLP",Mid-size
4825,Deep Learning Engineer,Australia,Senior,122875,"NLP, Statistics, Deep Learning",Startup
4826,Data Analyst,UK,Lead,156482,"Computer Vision, Python, Deep Learning",Enterprise
4827,ML Engineer,Germany,Entry,22288,"PyTorch, Deep Learning, TensorFlow",Enterprise
4828,NLP Engineer,India,Entry,11118,"NLP, TensorFlow, Computer Vision",Mid-size
4829,Data Scientist,India,Entry,16137,"SQL, PyTorch, Computer Vision",Enterprise
4830,Deep Learning Engineer,India,Mid,26276,"NLP, SQL, Python",Enterprise
4831,AI Engineer,Australia,Senior,118727,"NLP, Data Visualization, SQL",Startup
4832,Data Scientist,USA,Lead,234867,"TensorFlow, Deep Learning, NLP",Mid-size
4833,Research Scientist,UK,Mid,84714,"Deep Learning, NLP, PyTorch",Startup
4834,NLP Engineer,Canada,Entry,40066,"SQL, MLOps, Data Visualization",Mid-size
4835,NLP Engineer,Australia,Senior,144204,"Data Visualization, Computer Vision, PyTorch",Startup
4836,Deep Learning Engineer,UK,Mid,79190,"Computer Vision, Data Visualization, SQL",Mid-size
4837,Research Scientist,Germany,Entry,46141,"Data Visualization, PyTorch, Deep Learning",Enterprise
4838,ML Engineer,Canada,Lead,192377,"Data Visualization, SQL, TensorFlow",Startup
4839,Research Scientist,Germany,Lead,164657,"Computer Vision, NLP, MLOps",Startup
4840,Data Analyst,India,Lead,62305,"Data Visualization, SQL, Python",Mid-size
4841,Data Scientist,Canada,Lead,210133,"PyTorch, Python, MLOps",Mid-size
4842,AI Engineer,USA,Mid,61928,"Data Visualization, Computer Vision, MLOps",Startup
4843,Deep Learning Engineer,India,Mid,31196,"NLP, TensorFlow, PyTorch",Mid-size
4844,NLP Engineer,USA,Senior,146154,"Python, TensorFlow, SQL",Enterprise
4845,Computer Vision Engineer,USA,Senior,151476,"Deep Learning, MLOps, Python",Enterprise
4846,ML Engineer,Germany,Lead,168390,"SQL, TensorFlow, Python",Startup
4847,Deep Learning Engineer,Germany,Entry,28417,"NLP, Statistics, Deep Learning",Mid-size
4848,Research Scientist,UK,Lead,188086,"NLP, Python, SQL",Mid-size
4849,Data Scientist,USA,Senior,142598,"Data Visualization, Statistics, NLP",Enterprise
4850,Research Scientist,Australia,Lead,192192,"Statistics, Deep Learning, SQL",Mid-size
4851,ML Engineer,Canada,Mid,74071,"Data Visualization, SQL, MLOps",Startup
4852,Research Scientist,USA,Entry,41404,"Data Visualization, PyTorch, NLP",Enterprise
4853,Computer Vision Engineer,Canada,Senior,144216,"SQL, Deep Learning, Statistics",Mid-size
4854,ML Engineer,Germany,Senior,131651,"PyTorch, Statistics, TensorFlow",Startup
4855,Data Analyst,UK,Senior,93359,"TensorFlow, Computer Vision, NLP",Mid-size
4856,Data Scientist,UK,Mid,85719,"PyTorch, Computer Vision, SQL",Enterprise
4857,NLP Engineer,UK,Mid,79075,"TensorFlow, Python, MLOps",Mid-size
4858,Research Scientist,India,Lead,65726,"NLP, SQL, TensorFlow",Mid-size
4859,Deep Learning Engineer,Australia,Senior,106839,"Computer Vision, SQL, Deep Learning",Startup
4860,NLP Engineer,USA,Mid,75127,"Statistics, MLOps, NLP",Enterprise
4861,Computer Vision Engineer,USA,Lead,177717,"Deep Learning, PyTorch, NLP",Startup
4862,NLP Engineer,USA,Lead,223198,"Python, Statistics, Data Visualization",Mid-size
4863,Data Scientist,USA,Senior,131914,"Statistics, Computer Vision, MLOps",Mid-size
4864,AI Engineer,Germany,Lead,173556,"Data Visualization, MLOps, Computer Vision",Mid-size
4865,Data Analyst,Germany,Senior,120881,"Statistics, Deep Learning, Python",Enterprise
4866,ML Engineer,Germany,Lead,196581,"NLP, Statistics, MLOps",Mid-size
4867,Research Scientist,USA,Entry,49448,"NLP, PyTorch, Data Visualization",Enterprise
4868,Deep Learning Engineer,Canada,Mid,62148,"TensorFlow, Data Visualization, Computer Vision",Startup
4869,NLP Engineer,Canada,Lead,219949,"PyTorch, MLOps, SQL",Enterprise
4870,Research Scientist,USA,Entry,50316,"PyTorch, Computer Vision, Deep Learning",Startup
4871,ML Engineer,Canada,Lead,202642,"Statistics, Python, MLOps",Mid-size
4872,Data Analyst,Germany,Lead,175597,"Python, Computer Vision, Statistics",Startup
4873,Deep Learning Engineer,USA,Mid,99378,"SQL, MLOps, Computer Vision",Enterprise
4874,Data Scientist,India,Senior,41145,"Computer Vision, Data Visualization, Statistics",Mid-size
4875,ML Engineer,Australia,Mid,63994,"Data Visualization, Computer Vision, SQL",Startup
4876,ML Engineer,Canada,Senior,108453,"Python, Statistics, SQL",Enterprise
4877,AI Engineer,India,Senior,40167,"Statistics, Python, Computer Vision",Mid-size
4878,AI Engineer,USA,Entry,37922,"TensorFlow, Computer Vision, NLP",Enterprise
4879,Research Scientist,India,Lead,64928,"Deep Learning, NLP, Statistics",Startup
4880,Data Analyst,India,Mid,24109,"Python, PyTorch, SQL",Mid-size
4881,NLP Engineer,India,Entry,19488,"SQL, Statistics, TensorFlow",Enterprise
4882,Data Analyst,USA,Mid,72417,"SQL, MLOps, NLP",Mid-size
4883,Research Scientist,Australia,Lead,181379,"Data Visualization, Deep Learning, NLP",Enterprise
4884,NLP Engineer,Germany,Senior,121739,"TensorFlow, SQL, Data Visualization",Startup
4885,Computer Vision Engineer,Canada,Entry,30683,"Deep Learning, Computer Vision, MLOps",Startup
4886,NLP Engineer,Canada,Mid,62590,"PyTorch, Deep Learning, TensorFlow",Enterprise
4887,Data Analyst,UK,Lead,182727,"Computer Vision, TensorFlow, Python",Enterprise
4888,Data Scientist,Canada,Senior,129277,"TensorFlow, Statistics, SQL",Startup
4889,Data Analyst,Canada,Senior,132534,"Computer Vision, SQL, PyTorch",Enterprise
4890,Data Scientist,UK,Lead,196539,"NLP, PyTorch, Deep Learning",Startup
4891,Data Analyst,UK,Lead,198596,"Deep Learning, Data Visualization, Statistics",Startup
4892,Research Scientist,Australia,Entry,39589,"Computer Vision, SQL, Statistics",Startup
4893,Deep Learning Engineer,Canada,Mid,77991,"Data Visualization, PyTorch, NLP",Mid-size
4894,ML Engineer,Canada,Lead,177999,"Data Visualization, SQL, Deep Learning",Mid-size
4895,Data Analyst,Canada,Senior,153736,"MLOps, PyTorch, Data Visualization",Enterprise
4896,Data Scientist,UK,Lead,149820,"Computer Vision, TensorFlow, Data Visualization",Startup
4897,Deep Learning Engineer,USA,Mid,103780,"TensorFlow, Statistics, SQL",Startup
4898,AI Engineer,Germany,Mid,72869,"Python, PyTorch, Computer Vision",Mid-size
4899,Deep Learning Engineer,USA,Entry,47583,"Statistics, Python, Data Visualization",Enterprise
4900,Research Scientist,India,Senior,49601,"Data Visualization, PyTorch, Statistics",Mid-size
4901,Data Analyst,Germany,Entry,33149,"NLP, Statistics, PyTorch",Enterprise
4902,Deep Learning Engineer,USA,Mid,80602,"MLOps, SQL, PyTorch",Enterprise
4903,Data Scientist,Canada,Entry,34659,"PyTorch, Python, Computer Vision",Startup
4904,Deep Learning Engineer,USA,Lead,174420,"Data Visualization, Deep Learning, MLOps",Enterprise
4905,ML Engineer,USA,Entry,24639,"Data Visualization, Statistics, Computer Vision",Enterprise
4906,Deep Learning Engineer,USA,Entry,56298,"TensorFlow, NLP, Data Visualization",Startup
4907,Data Analyst,Australia,Entry,35576,"MLOps, TensorFlow, Deep Learning",Mid-size
4908,AI Engineer,UK,Mid,87628,"SQL, Deep Learning, Computer Vision",Enterprise
4909,Deep Learning Engineer,Canada,Lead,154810,"Computer Vision, NLP, Python",Mid-size
4910,NLP Engineer,Germany,Mid,51299,"Computer Vision, TensorFlow, Data Visualization",Enterprise
4911,NLP Engineer,USA,Senior,147832,"Statistics, Computer Vision, Python",Mid-size
4912,NLP Engineer,USA,Mid,61647,"Statistics, Deep Learning, TensorFlow",Enterprise
4913,Data Scientist,India,Entry,11957,"NLP, SQL, Python",Enterprise
4914,Research Scientist,India,Mid,23134,"NLP, Data Visualization, Statistics",Mid-size
4915,Research Scientist,Germany,Senior,133085,"Deep Learning, NLP, MLOps",Mid-size
4916,Deep Learning Engineer,UK,Entry,42863,"Computer Vision, NLP, SQL",Mid-size
4917,Deep Learning Engineer,Germany,Senior,108748,"SQL, Deep Learning, PyTorch",Mid-size
4918,Deep Learning Engineer,USA,Mid,86824,"MLOps, Python, Deep Learning",Enterprise
4919,ML Engineer,India,Mid,26955,"Statistics, Python, Computer Vision",Enterprise
4920,Research Scientist,Germany,Mid,85732,"Deep Learning, MLOps, Statistics",Mid-size
4921,Research Scientist,Germany,Senior,109116,"MLOps, Deep Learning, Data Visualization",Mid-size
4922,NLP Engineer,Canada,Senior,136907,"TensorFlow, NLP, PyTorch",Startup
4923,NLP Engineer,Canada,Mid,86631,"PyTorch, SQL, MLOps",Mid-size
4924,Data Scientist,UK,Lead,194606,"Computer Vision, Data Visualization, Deep Learning",Enterprise
4925,NLP Engineer,UK,Mid,54691,"Deep Learning, Computer Vision, MLOps",Mid-size
4926,ML Engineer,Germany,Entry,48602,"NLP, MLOps, SQL",Mid-size
4927,Data Analyst,Australia,Entry,28510,"TensorFlow, NLP, SQL",Startup
4928,Data Scientist,Germany,Lead,180670,"TensorFlow, Statistics, Deep Learning",Enterprise
4929,ML Engineer,Canada,Entry,24273,"Python, Deep Learning, NLP",Startup
4930,Deep Learning Engineer,Australia,Senior,119132,"NLP, TensorFlow, Statistics",Mid-size
4931,ML Engineer,India,Lead,75818,"PyTorch, NLP, Python",Startup
4932,Deep Learning Engineer,Germany,Lead,198906,"PyTorch, Deep Learning, SQL",Mid-size
4933,ML Engineer,Germany,Senior,117425,"PyTorch, Data Visualization, SQL",Startup
4934,NLP Engineer,India,Mid,29800,"Statistics, NLP, TensorFlow",Enterprise
4935,Deep Learning Engineer,Canada,Mid,81808,"Computer Vision, SQL, TensorFlow",Mid-size
4936,Data Analyst,Canada,Entry,35152,"Computer Vision, Deep Learning, SQL",Startup
4937,Data Scientist,Germany,Entry,25837,"Deep Learning, SQL, Data Visualization",Mid-size
4938,AI Engineer,India,Senior,52498,"Python, Computer Vision, MLOps",Mid-size
4939,Data Analyst,Germany,Lead,141178,"MLOps, Python, NLP",Enterprise
4940,NLP Engineer,USA,Entry,27061,"PyTorch, Data Visualization, MLOps",Mid-size
4941,Deep Learning Engineer,India,Mid,23986,"PyTorch, Deep Learning, Statistics",Startup
4942,ML Engineer,Australia,Mid,97485,"MLOps, Computer Vision, Data Visualization",Mid-size
4943,Data Analyst,USA,Lead,237048,"MLOps, SQL, Python",Mid-size
4944,Research Scientist,India,Senior,39840,"Deep Learning, NLP, MLOps",Startup
4945,Computer Vision Engineer,Canada,Lead,210505,"Statistics, NLP, SQL",Startup
4946,Data Analyst,Germany,Lead,170609,"MLOps, Computer Vision, NLP",Enterprise
4947,Data Analyst,Australia,Mid,85501,"MLOps, Statistics, Data Visualization",Startup
4948,Computer Vision Engineer,Canada,Senior,130951,"Computer Vision, MLOps, Data Visualization",Enterprise
4949,Computer Vision Engineer,USA,Senior,133327,"Statistics, NLP, SQL",Startup
4950,Data Scientist,USA,Mid,88880,"Data Visualization, Python, NLP",Startup
4951,Deep Learning Engineer,USA,Mid,95193,"Deep Learning, Computer Vision, PyTorch",Enterprise
4952,Computer Vision Engineer,Canada,Senior,122395,"MLOps, Deep Learning, PyTorch",Enterprise
4953,AI Engineer,Australia,Entry,25425,"TensorFlow, Statistics, SQL",Enterprise
4954,Data Scientist,UK,Mid,81317,"SQL, MLOps, TensorFlow",Startup
4955,AI Engineer,Germany,Lead,176085,"MLOps, Computer Vision, Statistics",Enterprise
4956,Research Scientist,Australia,Mid,67376,"TensorFlow, PyTorch, Data Visualization",Mid-size
4957,ML Engineer,Australia,Lead,157367,"MLOps, NLP, SQL",Startup
4958,Data Scientist,UK,Senior,129095,"Deep Learning, Data Visualization, SQL",Mid-size
4959,Data Scientist,Canada,Senior,116497,"TensorFlow, Computer Vision, PyTorch",Startup
4960,Research Scientist,Canada,Lead,166465,"TensorFlow, SQL, MLOps",Enterprise
4961,AI Engineer,UK,Entry,25064,"NLP, Computer Vision, TensorFlow",Startup
4962,Research Scientist,USA,Entry,59720,"Computer Vision, Statistics, MLOps",Startup
4963,Deep Learning Engineer,Germany,Mid,71219,"MLOps, Statistics, Data Visualization",Mid-size
4964,Deep Learning Engineer,UK,Senior,101479,"SQL, Python, Data Visualization",Startup
4965,Data Scientist,Canada,Lead,169251,"MLOps, Deep Learning, PyTorch",Enterprise
4966,Computer Vision Engineer,India,Lead,79678,"SQL, Python, PyTorch",Startup
4967,Data Scientist,USA,Entry,51663,"NLP, Python, Deep Learning",Enterprise
4968,Computer Vision Engineer,Canada,Entry,31522,"SQL, Data Visualization, PyTorch",Enterprise
4969,Deep Learning Engineer,Germany,Entry,46521,"Deep Learning, Python, SQL",Enterprise
4970,ML Engineer,Canada,Lead,158327,"Computer Vision, PyTorch, Python",Startup
4971,NLP Engineer,USA,Senior,144969,"TensorFlow, Python, SQL",Enterprise
4972,Data Analyst,Germany,Lead,188673,"PyTorch, Python, Data Visualization",Mid-size
4973,Computer Vision Engineer,Canada,Lead,203744,"MLOps, Statistics, Deep Learning",Startup
4974,Computer Vision Engineer,India,Lead,75037,"Python, Statistics, Data Visualization",Mid-size
4975,AI Engineer,Canada,Mid,78818,"SQL, Data Visualization, TensorFlow",Enterprise
4976,Data Scientist,Australia,Senior,126064,"Deep Learning, Python, TensorFlow",Mid-size
4977,Computer Vision Engineer,Canada,Mid,88598,"Data Visualization, Deep Learning, Computer Vision",Startup
4978,AI Engineer,UK,Senior,137972,"MLOps, PyTorch, Computer Vision",Mid-size
4979,AI Engineer,Germany,Entry,42269,"NLP, SQL, TensorFlow",Mid-size
4980,NLP Engineer,USA,Senior,119451,"MLOps, SQL, Deep Learning",Mid-size
4981,Data Analyst,India,Senior,38379,"Computer Vision, MLOps, NLP",Enterprise
4982,ML Engineer,Australia,Lead,219769,"Computer Vision, Python, Deep Learning",Startup
4983,Research Scientist,India,Senior,36095,"MLOps, TensorFlow, Python",Mid-size
4984,Data Analyst,Canada,Mid,65271,"TensorFlow, Deep Learning, Statistics",Enterprise
4985,Data Analyst,UK,Entry,33582,"SQL, Deep Learning, PyTorch",Mid-size
4986,Data Scientist,Australia,Mid,98904,"SQL, Statistics, MLOps",Startup
4987,AI Engineer,UK,Entry,36632,"PyTorch, NLP, Computer Vision",Mid-size
4988,AI Engineer,Germany,Mid,73485,"MLOps, Statistics, TensorFlow",Startup
4989,ML Engineer,Canada,Mid,91670,"Statistics, Data Visualization, Python",Enterprise
4990,AI Engineer,USA,Senior,135666,"TensorFlow, MLOps, Deep Learning",Mid-size
4991,ML Engineer,Australia,Lead,185817,"Statistics, Computer Vision, NLP",Mid-size
4992,NLP Engineer,USA,Lead,187719,"Statistics, SQL, Python",Enterprise
4993,Computer Vision Engineer,USA,Lead,220293,"SQL, TensorFlow, PyTorch",Startup
4994,Data Analyst,Germany,Mid,54671,"Computer Vision, Data Visualization, SQL",Enterprise
4995,Computer Vision Engineer,Germany,Mid,50414,"Python, Statistics, PyTorch",Startup
4996,NLP Engineer,India,Entry,16496,"SQL, NLP, TensorFlow",Enterprise
4997,NLP Engineer,USA,Senior,157395,"Statistics, NLP, MLOps",Mid-size
4998,Deep Learning Engineer,Canada,Mid,76941,"PyTorch, SQL, Computer Vision",Startup
4999,AI Engineer,Germany,Lead,146833,"MLOps, SQL, Data Visualization",Enterprise
5000,Data Analyst,Canada,Senior,121185,"Python, PyTorch, NLP",Enterprise
5001,Data Analyst,UK,Lead,140982,"MLOps, SQL, Statistics",Startup
5002,AI Engineer,India,Entry,13722,"PyTorch, TensorFlow, Data Visualization",Mid-size
5003,Research Scientist,UK,Mid,73636,"MLOps, NLP, Data Visualization",Enterprise
5004,Research Scientist,Australia,Entry,42532,"Statistics, Computer Vision, PyTorch",Enterprise
5005,ML Engineer,USA,Senior,159063,"Statistics, Deep Learning, Computer Vision",Enterprise
5006,Computer Vision Engineer,Germany,Senior,128237,"PyTorch, Statistics, MLOps",Startup
5007,ML Engineer,Germany,Entry,46535,"MLOps, TensorFlow, NLP",Enterprise
5008,Research Scientist,USA,Senior,161565,"PyTorch, NLP, Deep Learning",Startup
5009,ML Engineer,Germany,Entry,49024,"Data Visualization, NLP, MLOps",Enterprise
5010,Computer Vision Engineer,Germany,Mid,86067,"SQL, NLP, Data Visualization",Mid-size
5011,Data Scientist,UK,Mid,62941,"Deep Learning, SQL, Computer Vision",Startup
5012,AI Engineer,UK,Senior,111248,"SQL, PyTorch, Deep Learning",Mid-size
5013,Deep Learning Engineer,Australia,Senior,140355,"Deep Learning, Data Visualization, PyTorch",Enterprise
5014,ML Engineer,Australia,Mid,83405,"NLP, Computer Vision, Statistics",Startup
5015,NLP Engineer,India,Mid,27303,"Statistics, MLOps, NLP",Startup
5016,Data Scientist,UK,Senior,100977,"NLP, Data Visualization, Deep Learning",Enterprise
5017,Data Analyst,Australia,Entry,51363,"PyTorch, Data Visualization, Computer Vision",Mid-size
5018,Data Scientist,Canada,Entry,44551,"Python, SQL, Deep Learning",Mid-size
5019,ML Engineer,Australia,Entry,31557,"Deep Learning, TensorFlow, MLOps",Mid-size
5020,Data Analyst,UK,Mid,58916,"TensorFlow, Statistics, Data Visualization",Enterprise
5021,ML Engineer,Australia,Lead,176267,"Computer Vision, SQL, Statistics",Mid-size
5022,Data Analyst,Germany,Entry,38070,"PyTorch, MLOps, Data Visualization",Startup
5023,Deep Learning Engineer,Australia,Senior,99055,"MLOps, TensorFlow, Statistics",Mid-size
5024,AI Engineer,Canada,Mid,71678,"Statistics, SQL, PyTorch",Enterprise
5025,Data Scientist,USA,Mid,103969,"MLOps, Computer Vision, Python",Mid-size
5026,NLP Engineer,UK,Mid,71621,"SQL, Statistics, MLOps",Startup
5027,Computer Vision Engineer,USA,Senior,137324,"Data Visualization, PyTorch, Computer Vision",Startup
5028,ML Engineer,UK,Entry,32684,"TensorFlow, PyTorch, Statistics",Mid-size
5029,NLP Engineer,UK,Mid,62089,"TensorFlow, Data Visualization, Python",Mid-size
5030,AI Engineer,USA,Senior,133396,"Computer Vision, Data Visualization, Python",Enterprise
5031,Computer Vision Engineer,Canada,Mid,93501,"TensorFlow, MLOps, SQL",Startup
5032,NLP Engineer,India,Senior,41745,"MLOps, Computer Vision, Data Visualization",Startup
5033,ML Engineer,Canada,Lead,154676,"Data Visualization, PyTorch, NLP",Mid-size
5034,Research Scientist,UK,Entry,32844,"Python, SQL, TensorFlow",Mid-size
5035,Deep Learning Engineer,Canada,Entry,32458,"SQL, Computer Vision, TensorFlow",Startup
5036,Deep Learning Engineer,Germany,Mid,73091,"SQL, Data Visualization, NLP",Startup
5037,AI Engineer,India,Senior,46248,"MLOps, Python, Data Visualization",Startup
5038,Deep Learning Engineer,India,Entry,10720,"Python, Deep Learning, Data Visualization",Mid-size
5039,AI Engineer,Australia,Mid,76589,"Deep Learning, NLP, PyTorch",Enterprise
5040,ML Engineer,Australia,Senior,141315,"SQL, TensorFlow, Data Visualization",Startup
5041,Data Analyst,India,Mid,21415,"Computer Vision, PyTorch, SQL",Startup
5042,Research Scientist,UK,Mid,85371,"Data Visualization, MLOps, Python",Enterprise
5043,Data Scientist,India,Lead,60976,"Data Visualization, Deep Learning, MLOps",Startup
5044,ML Engineer,Canada,Mid,83718,"Python, Deep Learning, NLP",Enterprise
5045,ML Engineer,Australia,Senior,132178,"NLP, MLOps, Statistics",Mid-size
5046,AI Engineer,Australia,Mid,97677,"Statistics, Computer Vision, PyTorch",Startup
5047,Deep Learning Engineer,Australia,Senior,144887,"PyTorch, TensorFlow, Python",Startup
5048,Research Scientist,UK,Mid,77444,"PyTorch, MLOps, Data Visualization",Enterprise
5049,Data Scientist,India,Entry,8721,"Deep Learning, SQL, MLOps",Enterprise
5050,Deep Learning Engineer,Canada,Entry,42550,"Python, TensorFlow, MLOps",Startup
5051,AI Engineer,UK,Mid,52154,"MLOps, Deep Learning, PyTorch",Enterprise
5052,ML Engineer,Germany,Mid,67765,"PyTorch, Computer Vision, Deep Learning",Enterprise
5053,Data Scientist,India,Senior,39620,"SQL, Python, PyTorch",Mid-size
5054,NLP Engineer,Australia,Lead,216581,"Deep Learning, Statistics, Data Visualization",Mid-size
5055,NLP Engineer,USA,Senior,125954,"Statistics, MLOps, PyTorch",Startup
5056,ML Engineer,Germany,Senior,114852,"MLOps, Statistics, SQL",Startup
5057,Research Scientist,Germany,Mid,61796,"Deep Learning, Data Visualization, PyTorch",Mid-size
5058,Computer Vision Engineer,UK,Mid,67504,"TensorFlow, Computer Vision, Statistics",Mid-size
5059,Deep Learning Engineer,Canada,Senior,102707,"MLOps, Data Visualization, TensorFlow",Mid-size
5060,Data Scientist,Australia,Entry,43894,"Data Visualization, TensorFlow, Computer Vision",Startup
5061,NLP Engineer,Australia,Senior,132025,"Deep Learning, Python, PyTorch",Enterprise
5062,Data Scientist,Canada,Mid,82541,"Python, NLP, TensorFlow",Mid-size
5063,Research Scientist,Canada,Entry,25802,"Computer Vision, TensorFlow, SQL",Startup
5064,NLP Engineer,UK,Senior,99808,"SQL, PyTorch, NLP",Mid-size
5065,Deep Learning Engineer,Canada,Lead,197144,"Statistics, SQL, PyTorch",Mid-size
5066,Data Analyst,India,Entry,17994,"MLOps, SQL, Python",Enterprise
5067,Deep Learning Engineer,USA,Lead,215521,"MLOps, NLP, Python",Enterprise
5068,Research Scientist,Australia,Mid,79071,"Deep Learning, Python, Data Visualization",Mid-size
5069,Research Scientist,UK,Senior,108212,"Computer Vision, Deep Learning, Python",Enterprise
5070,Research Scientist,India,Entry,10744,"Statistics, NLP, Data Visualization",Mid-size
5071,ML Engineer,Germany,Senior,112310,"Statistics, PyTorch, Python",Startup
5072,NLP Engineer,USA,Entry,50448,"MLOps, Python, TensorFlow",Enterprise
5073,Data Analyst,India,Entry,11517,"Python, Data Visualization, TensorFlow",Mid-size
5074,AI Engineer,India,Lead,78736,"TensorFlow, Computer Vision, Statistics",Startup
5075,AI Engineer,India,Mid,29558,"NLP, TensorFlow, Data Visualization",Enterprise
5076,ML Engineer,India,Senior,43620,"Python, TensorFlow, SQL",Mid-size
5077,Research Scientist,UK,Entry,41125,"SQL, Statistics, Python",Mid-size
5078,Research Scientist,UK,Lead,163574,"Computer Vision, MLOps, NLP",Mid-size
5079,Computer Vision Engineer,Australia,Senior,99723,"Statistics, MLOps, TensorFlow",Enterprise
5080,NLP Engineer,USA,Mid,74546,"Data Visualization, MLOps, SQL",Startup
5081,NLP Engineer,USA,Senior,141867,"TensorFlow, MLOps, Data Visualization",Startup
5082,Research Scientist,USA,Lead,181509,"NLP, Computer Vision, Data Visualization",Mid-size
5083,AI Engineer,USA,Lead,233638,"TensorFlow, Computer Vision, NLP",Mid-size
5084,AI Engineer,Canada,Mid,74566,"SQL, Data Visualization, Statistics",Enterprise
5085,AI Engineer,Australia,Senior,115274,"Deep Learning, SQL, Python",Enterprise
5086,Research Scientist,India,Senior,36631,"Computer Vision, Statistics, NLP",Mid-size
5087,Data Scientist,Australia,Senior,135099,"NLP, SQL, Statistics",Mid-size
5088,Research Scientist,India,Senior,54667,"PyTorch, MLOps, TensorFlow",Startup
5089,Computer Vision Engineer,India,Lead,75342,"TensorFlow, PyTorch, Computer Vision",Enterprise
5090,Data Analyst,Australia,Entry,39422,"Python, NLP, Deep Learning",Enterprise
5091,AI Engineer,Australia,Entry,53814,"NLP, TensorFlow, Deep Learning",Mid-size
5092,ML Engineer,India,Mid,23439,"TensorFlow, SQL, MLOps",Mid-size
5093,Data Analyst,Australia,Entry,50556,"PyTorch, Deep Learning, NLP",Mid-size
5094,Data Analyst,Germany,Entry,24909,"NLP, MLOps, TensorFlow",Enterprise
5095,Computer Vision Engineer,Canada,Mid,78936,"PyTorch, Deep Learning, MLOps",Enterprise
5096,AI Engineer,Canada,Mid,61176,"PyTorch, SQL, Data Visualization",Mid-size
5097,Data Scientist,Canada,Entry,35706,"Statistics, Computer Vision, TensorFlow",Startup
5098,Deep Learning Engineer,Germany,Entry,31840,"Statistics, NLP, MLOps",Startup
5099,AI Engineer,Germany,Lead,177586,"NLP, Python, Computer Vision",Mid-size
5100,Data Analyst,India,Lead,59019,"Statistics, TensorFlow, SQL",Mid-size
5101,Data Scientist,India,Mid,28974,"SQL, MLOps, Python",Startup
5102,ML Engineer,Canada,Entry,32349,"Python, TensorFlow, Computer Vision",Mid-size
5103,Deep Learning Engineer,UK,Entry,24770,"PyTorch, Deep Learning, NLP",Startup
5104,Data Scientist,Germany,Entry,22045,"Python, NLP, Statistics",Startup
5105,Data Analyst,Australia,Lead,196823,"Data Visualization, Deep Learning, Computer Vision",Startup
5106,Deep Learning Engineer,India,Mid,27066,"PyTorch, Deep Learning, Python",Startup
5107,Data Scientist,USA,Lead,237242,"Deep Learning, Statistics, SQL",Mid-size
5108,Research Scientist,UK,Lead,159571,"Computer Vision, Data Visualization, TensorFlow",Startup
5109,ML Engineer,Germany,Entry,49075,"Python, Statistics, NLP",Mid-size
5110,Deep Learning Engineer,India,Lead,79732,"TensorFlow, Computer Vision, PyTorch",Startup
5111,NLP Engineer,Germany,Senior,100985,"Computer Vision, SQL, PyTorch",Mid-size
5112,NLP Engineer,Germany,Senior,100382,"TensorFlow, NLP, Python",Startup
5113,AI Engineer,UK,Mid,82259,"Computer Vision, Data Visualization, Statistics",Mid-size
5114,NLP Engineer,Germany,Entry,30792,"Computer Vision, Data Visualization, Python",Mid-size
5115,Research Scientist,USA,Senior,162550,"Computer Vision, Data Visualization, Python",Mid-size
5116,Research Scientist,Germany,Senior,117977,"NLP, SQL, TensorFlow",Enterprise
5117,Research Scientist,Australia,Lead,160288,"Statistics, TensorFlow, MLOps",Mid-size
5118,AI Engineer,USA,Lead,197287,"TensorFlow, Python, Computer Vision",Mid-size
5119,Research Scientist,USA,Mid,97543,"Data Visualization, Deep Learning, PyTorch",Enterprise
5120,NLP Engineer,UK,Entry,48927,"MLOps, NLP, Statistics",Mid-size
5121,Research Scientist,India,Entry,13379,"Statistics, SQL, Python",Mid-size
5122,Computer Vision Engineer,UK,Senior,118467,"SQL, NLP, Python",Enterprise
5123,Research Scientist,USA,Senior,130221,"SQL, Data Visualization, MLOps",Mid-size
5124,Research Scientist,USA,Entry,55856,"Statistics, MLOps, TensorFlow",Mid-size
5125,NLP Engineer,Canada,Senior,113162,"Statistics, TensorFlow, Data Visualization",Mid-size
5126,AI Engineer,Canada,Lead,181545,"PyTorch, SQL, TensorFlow",Mid-size
5127,Computer Vision Engineer,USA,Senior,131554,"PyTorch, TensorFlow, Deep Learning",Mid-size
5128,ML Engineer,Germany,Senior,96654,"Data Visualization, MLOps, Python",Startup
5129,NLP Engineer,Australia,Mid,75911,"Python, NLP, Computer Vision",Mid-size
5130,Deep Learning Engineer,Canada,Entry,54755,"TensorFlow, Statistics, NLP",Startup
5131,ML Engineer,India,Lead,58772,"NLP, Computer Vision, Deep Learning",Mid-size
5132,NLP Engineer,Germany,Mid,74437,"Computer Vision, Deep Learning, Python",Mid-size
5133,Deep Learning Engineer,Australia,Entry,31220,"Deep Learning, TensorFlow, Python",Mid-size
5134,Data Analyst,USA,Mid,64171,"Computer Vision, Statistics, Python",Enterprise
5135,Research Scientist,Australia,Entry,50306,"Statistics, PyTorch, TensorFlow",Mid-size
5136,NLP Engineer,USA,Entry,37396,"NLP, Python, Deep Learning",Enterprise
5137,AI Engineer,Australia,Senior,148483,"TensorFlow, Statistics, NLP",Enterprise
5138,Data Analyst,Germany,Mid,67635,"PyTorch, Computer Vision, MLOps",Startup
5139,Research Scientist,Canada,Senior,153464,"TensorFlow, Computer Vision, PyTorch",Enterprise
5140,AI Engineer,Germany,Entry,20605,"PyTorch, Computer Vision, MLOps",Startup
5141,Computer Vision Engineer,Canada,Mid,90297,"Statistics, SQL, MLOps",Startup
5142,Computer Vision Engineer,USA,Mid,106850,"Data Visualization, SQL, Computer Vision",Enterprise
5143,Data Analyst,UK,Senior,135957,"Statistics, Deep Learning, Python",Startup
5144,ML Engineer,Canada,Mid,97606,"Python, TensorFlow, PyTorch",Enterprise
5145,Deep Learning Engineer,Germany,Mid,67580,"Data Visualization, TensorFlow, SQL",Mid-size
5146,Data Analyst,Australia,Mid,68700,"Data Visualization, Python, Computer Vision",Mid-size
5147,Data Analyst,UK,Senior,139004,"PyTorch, Python, Computer Vision",Enterprise
5148,Data Analyst,Germany,Mid,61969,"Python, Computer Vision, TensorFlow",Mid-size
5149,Computer Vision Engineer,Australia,Senior,135642,"PyTorch, Python, MLOps",Startup
5150,Research Scientist,USA,Lead,225260,"SQL, Computer Vision, Deep Learning",Enterprise
5151,Computer Vision Engineer,Australia,Lead,210086,"Computer Vision, SQL, TensorFlow",Enterprise
5152,NLP Engineer,USA,Mid,89932,"NLP, TensorFlow, Python",Enterprise
5153,Research Scientist,USA,Mid,65521,"SQL, MLOps, Deep Learning",Mid-size
5154,Deep Learning Engineer,USA,Senior,156244,"NLP, Statistics, SQL",Startup
5155,ML Engineer,UK,Entry,47848,"Statistics, MLOps, Data Visualization",Enterprise
5156,Computer Vision Engineer,Canada,Lead,188713,"SQL, NLP, TensorFlow",Startup
5157,Data Scientist,USA,Lead,207991,"Python, Statistics, TensorFlow",Mid-size
5158,ML Engineer,Germany,Mid,84022,"TensorFlow, NLP, Data Visualization",Startup
5159,AI Engineer,Canada,Senior,110006,"TensorFlow, Statistics, PyTorch",Enterprise
5160,NLP Engineer,Germany,Lead,190393,"MLOps, NLP, Computer Vision",Startup
5161,Research Scientist,Germany,Senior,102417,"Statistics, Data Visualization, Deep Learning",Mid-size
5162,NLP Engineer,Australia,Lead,209691,"Statistics, SQL, PyTorch",Enterprise
5163,Research Scientist,UK,Entry,47606,"SQL, MLOps, Data Visualization",Enterprise
5164,AI Engineer,USA,Lead,237612,"Python, NLP, MLOps",Mid-size
5165,AI Engineer,Germany,Entry,46702,"Data Visualization, PyTorch, Deep Learning",Mid-size
5166,Computer Vision Engineer,Australia,Senior,144714,"Deep Learning, Python, NLP",Mid-size
5167,Data Analyst,Canada,Mid,67182,"Data Visualization, TensorFlow, Computer Vision",Startup
5168,Data Scientist,India,Entry,15379,"TensorFlow, Data Visualization, Statistics",Startup
5169,Research Scientist,Germany,Senior,127097,"Deep Learning, Python, SQL",Mid-size
5170,Deep Learning Engineer,India,Lead,66655,"NLP, MLOps, Deep Learning",Mid-size
5171,ML Engineer,Australia,Entry,25734,"Deep Learning, Data Visualization, SQL",Mid-size
5172,Data Scientist,USA,Lead,172123,"SQL, TensorFlow, NLP",Mid-size
5173,Data Scientist,Australia,Senior,100441,"Computer Vision, Python, PyTorch",Enterprise
5174,ML Engineer,Canada,Entry,39011,"Computer Vision, TensorFlow, Statistics",Enterprise
5175,Research Scientist,Canada,Senior,135603,"Statistics, Python, NLP",Enterprise
5176,NLP Engineer,India,Entry,8152,"Statistics, PyTorch, MLOps",Startup
5177,Data Scientist,India,Senior,46117,"SQL, Deep Learning, NLP",Mid-size
5178,Data Analyst,UK,Lead,141776,"Deep Learning, Statistics, PyTorch",Mid-size
5179,Data Analyst,UK,Lead,141333,"Statistics, Data Visualization, SQL",Startup
5180,AI Engineer,Canada,Entry,26035,"TensorFlow, NLP, PyTorch",Mid-size
5181,ML Engineer,USA,Entry,56732,"NLP, SQL, PyTorch",Mid-size
5182,Research Scientist,Australia,Senior,128778,"MLOps, Statistics, NLP",Enterprise
5183,Deep Learning Engineer,Germany,Entry,36197,"NLP, SQL, PyTorch",Mid-size
5184,NLP Engineer,USA,Lead,190888,"Data Visualization, MLOps, PyTorch",Mid-size
5185,Research Scientist,India,Entry,11149,"PyTorch, Statistics, TensorFlow",Mid-size
5186,Computer Vision Engineer,Australia,Mid,74835,"TensorFlow, Deep Learning, Python",Startup
5187,AI Engineer,Australia,Senior,109547,"Data Visualization, Statistics, NLP",Enterprise
5188,AI Engineer,UK,Entry,26710,"Data Visualization, Statistics, TensorFlow",Startup
5189,Computer Vision Engineer,Australia,Entry,32729,"NLP, Statistics, Deep Learning",Startup
5190,Data Analyst,India,Lead,67565,"TensorFlow, SQL, Python",Startup
5191,Deep Learning Engineer,USA,Senior,118450,"NLP, PyTorch, MLOps",Enterprise
5192,ML Engineer,Germany,Entry,35760,"MLOps, PyTorch, Deep Learning",Startup
5193,Deep Learning Engineer,Germany,Senior,111192,"Computer Vision, Python, SQL",Mid-size
5194,AI Engineer,Canada,Senior,143176,"Data Visualization, Deep Learning, TensorFlow",Mid-size
5195,Research Scientist,Germany,Entry,31447,"Python, PyTorch, TensorFlow",Mid-size
5196,Computer Vision Engineer,UK,Entry,33907,"Python, Computer Vision, PyTorch",Mid-size
5197,NLP Engineer,Canada,Mid,89849,"PyTorch, Computer Vision, Data Visualization",Mid-size
5198,ML Engineer,USA,Senior,140295,"Data Visualization, SQL, MLOps",Enterprise
5199,Computer Vision Engineer,India,Entry,9366,"Python, SQL, MLOps",Startup
5200,Research Scientist,Germany,Entry,41219,"MLOps, TensorFlow, Deep Learning",Startup
5201,Deep Learning Engineer,Germany,Entry,48336,"Deep Learning, Python, SQL",Enterprise
5202,Data Analyst,Canada,Senior,142947,"MLOps, SQL, TensorFlow",Mid-size
5203,NLP Engineer,Germany,Entry,41863,"PyTorch, Computer Vision, NLP",Enterprise
5204,Data Analyst,Australia,Entry,51986,"PyTorch, Python, Statistics",Startup
5205,Deep Learning Engineer,Canada,Senior,115198,"PyTorch, Python, NLP",Startup
5206,Deep Learning Engineer,UK,Lead,166990,"Computer Vision, TensorFlow, MLOps",Enterprise
5207,Data Scientist,India,Entry,12128,"SQL, Python, Data Visualization",Enterprise
5208,ML Engineer,UK,Senior,134296,"MLOps, Deep Learning, SQL",Startup
5209,Data Analyst,Australia,Mid,93634,"Statistics, Python, TensorFlow",Startup
5210,Data Analyst,UK,Lead,173381,"Computer Vision, Data Visualization, Deep Learning",Enterprise
5211,ML Engineer,India,Senior,52708,"Python, Statistics, NLP",Startup
5212,Data Analyst,USA,Mid,63238,"Deep Learning, Statistics, Python",Mid-size
5213,Data Scientist,UK,Mid,51019,"Statistics, SQL, Computer Vision",Mid-size
5214,ML Engineer,UK,Mid,70270,"Statistics, MLOps, Data Visualization",Mid-size
5215,ML Engineer,UK,Senior,138918,"Statistics, Computer Vision, TensorFlow",Enterprise
5216,AI Engineer,USA,Senior,121405,"Computer Vision, Deep Learning, SQL",Enterprise
5217,ML Engineer,USA,Lead,183960,"Python, NLP, MLOps",Mid-size
5218,Computer Vision Engineer,Canada,Entry,52355,"Data Visualization, Python, NLP",Startup
5219,Data Analyst,Australia,Mid,77126,"MLOps, TensorFlow, Data Visualization",Startup
5220,Data Scientist,UK,Senior,103615,"MLOps, PyTorch, SQL",Startup
5221,AI Engineer,Canada,Senior,122709,"PyTorch, Python, TensorFlow",Mid-size
5222,AI Engineer,Germany,Mid,68815,"Statistics, TensorFlow, NLP",Mid-size
5223,Computer Vision Engineer,Germany,Lead,158375,"NLP, Deep Learning, PyTorch",Startup
5224,Deep Learning Engineer,USA,Lead,235112,"SQL, Python, NLP",Startup
5225,Deep Learning Engineer,Australia,Senior,149146,"PyTorch, SQL, Python",Startup
5226,NLP Engineer,Germany,Mid,59368,"Deep Learning, PyTorch, Statistics",Mid-size
5227,ML Engineer,Australia,Mid,77171,"Python, SQL, Computer Vision",Enterprise
5228,Computer Vision Engineer,India,Mid,20794,"Computer Vision, Python, NLP",Mid-size
5229,NLP Engineer,Germany,Senior,104548,"MLOps, Deep Learning, Data Visualization",Mid-size
5230,Deep Learning Engineer,Australia,Entry,49168,"Data Visualization, Computer Vision, PyTorch",Startup
5231,Research Scientist,Australia,Mid,88232,"NLP, Python, Deep Learning",Mid-size
5232,Data Scientist,India,Lead,59740,"MLOps, SQL, TensorFlow",Startup
5233,Computer Vision Engineer,India,Entry,12194,"TensorFlow, Python, Deep Learning",Mid-size
5234,Data Scientist,India,Lead,56444,"MLOps, Statistics, Python",Mid-size
5235,Deep Learning Engineer,Canada,Entry,25054,"MLOps, TensorFlow, Statistics",Mid-size
5236,ML Engineer,Australia,Lead,166434,"Deep Learning, Computer Vision, TensorFlow",Mid-size
5237,Research Scientist,UK,Lead,198823,"TensorFlow, Computer Vision, Python",Startup
5238,AI Engineer,Australia,Entry,28281,"MLOps, Computer Vision, Deep Learning",Enterprise
5239,AI Engineer,India,Entry,17702,"Deep Learning, Python, Computer Vision",Startup
5240,Data Scientist,Canada,Lead,208635,"MLOps, PyTorch, SQL",Mid-size
5241,NLP Engineer,USA,Mid,63007,"Deep Learning, Python, Statistics",Enterprise
5242,NLP Engineer,Canada,Entry,50343,"Data Visualization, Computer Vision, Statistics",Enterprise
5243,Deep Learning Engineer,Australia,Entry,25399,"Data Visualization, Computer Vision, TensorFlow",Startup
5244,Computer Vision Engineer,Australia,Lead,177827,"NLP, Deep Learning, Python",Startup
5245,Data Scientist,Canada,Mid,61701,"Computer Vision, NLP, Python",Startup
5246,Research Scientist,Germany,Lead,181742,"SQL, Data Visualization, NLP",Startup
5247,ML Engineer,India,Mid,20306,"Statistics, Python, NLP",Mid-size
5248,Data Analyst,Australia,Senior,116822,"Computer Vision, NLP, TensorFlow",Enterprise
5249,Research Scientist,India,Senior,39214,"SQL, MLOps, TensorFlow",Enterprise
5250,Deep Learning Engineer,UK,Lead,192435,"MLOps, Data Visualization, Python",Startup
5251,NLP Engineer,Australia,Entry,27142,"Data Visualization, Python, TensorFlow",Mid-size
5252,AI Engineer,Australia,Mid,76805,"Deep Learning, MLOps, SQL",Mid-size
5253,ML Engineer,Germany,Lead,173500,"Data Visualization, Deep Learning, Python",Enterprise
5254,Research Scientist,UK,Mid,87377,"Computer Vision, Deep Learning, SQL",Startup
5255,Research Scientist,Australia,Senior,152144,"Deep Learning, TensorFlow, SQL",Startup
5256,AI Engineer,Australia,Senior,130845,"Deep Learning, Data Visualization, NLP",Enterprise
5257,Deep Learning Engineer,Germany,Lead,143376,"NLP, Computer Vision, Python",Enterprise
5258,NLP Engineer,Australia,Entry,31329,"PyTorch, Statistics, Computer Vision",Mid-size
5259,Data Scientist,USA,Mid,83366,"MLOps, Python, Deep Learning",Startup
5260,Data Scientist,USA,Entry,29446,"Python, SQL, MLOps",Mid-size
5261,Computer Vision Engineer,Australia,Senior,121913,"PyTorch, Data Visualization, SQL",Enterprise
5262,AI Engineer,India,Entry,9922,"Python, Data Visualization, SQL",Enterprise
5263,Deep Learning Engineer,Germany,Mid,53659,"TensorFlow, Deep Learning, MLOps",Startup
5264,Research Scientist,Germany,Lead,196744,"MLOps, SQL, Python",Startup
5265,Data Scientist,Australia,Mid,60644,"Data Visualization, TensorFlow, Statistics",Enterprise
5266,Computer Vision Engineer,Canada,Entry,50175,"SQL, Computer Vision, Deep Learning",Enterprise
5267,ML Engineer,Australia,Lead,166431,"Data Visualization, Computer Vision, MLOps",Mid-size
5268,Data Analyst,UK,Entry,29515,"SQL, Python, Data Visualization",Mid-size
5269,Deep Learning Engineer,Germany,Lead,156128,"Computer Vision, NLP, PyTorch",Mid-size
5270,Data Scientist,Canada,Senior,124055,"TensorFlow, Deep Learning, NLP",Enterprise
5271,ML Engineer,UK,Entry,36708,"MLOps, Computer Vision, Deep Learning",Enterprise
5272,Deep Learning Engineer,Germany,Senior,100052,"MLOps, Statistics, TensorFlow",Enterprise
5273,Computer Vision Engineer,Australia,Lead,193100,"SQL, TensorFlow, NLP",Mid-size
5274,Deep Learning Engineer,UK,Entry,33809,"NLP, Computer Vision, Deep Learning",Startup
5275,Data Scientist,USA,Entry,39027,"MLOps, Deep Learning, Computer Vision",Enterprise
5276,Data Analyst,Canada,Lead,180724,"Statistics, Deep Learning, NLP",Enterprise
5277,AI Engineer,India,Mid,25150,"TensorFlow, MLOps, Data Visualization",Startup
5278,Research Scientist,Canada,Lead,215212,"Computer Vision, Statistics, Deep Learning",Startup
5279,Computer Vision Engineer,India,Mid,34710,"Computer Vision, PyTorch, MLOps",Enterprise
5280,Computer Vision Engineer,India,Entry,16472,"Computer Vision, Python, NLP",Mid-size
5281,Computer Vision Engineer,USA,Mid,91324,"SQL, Statistics, NLP",Enterprise
5282,AI Engineer,Australia,Mid,60217,"NLP, Computer Vision, TensorFlow",Enterprise
5283,Data Analyst,UK,Entry,23412,"PyTorch, Statistics, MLOps",Mid-size
5284,Data Analyst,Germany,Entry,30730,"TensorFlow, Computer Vision, Statistics",Enterprise
5285,Research Scientist,UK,Entry,24113,"Python, PyTorch, TensorFlow",Startup
5286,AI Engineer,India,Mid,26002,"NLP, TensorFlow, SQL",Startup
5287,AI Engineer,UK,Senior,103042,"Python, PyTorch, SQL",Mid-size
5288,Data Scientist,Canada,Lead,219593,"PyTorch, Python, Deep Learning",Mid-size
5289,Data Scientist,India,Entry,9362,"Deep Learning, Python, MLOps",Enterprise
5290,NLP Engineer,USA,Senior,123526,"MLOps, PyTorch, TensorFlow",Startup
5291,Computer Vision Engineer,UK,Senior,129585,"Python, MLOps, Data Visualization",Enterprise
5292,ML Engineer,India,Lead,58108,"TensorFlow, Data Visualization, Python",Enterprise
5293,Research Scientist,India,Entry,12546,"TensorFlow, Data Visualization, Computer Vision",Mid-size
5294,NLP Engineer,USA,Entry,40113,"Deep Learning, Computer Vision, Statistics",Mid-size
5295,Computer Vision Engineer,USA,Mid,61928,"Statistics, Data Visualization, Python",Startup
5296,Data Scientist,Germany,Lead,155535,"Statistics, PyTorch, NLP",Startup
5297,Data Analyst,Canada,Mid,87290,"SQL, Python, NLP",Mid-size
5298,Data Analyst,USA,Lead,205093,"Deep Learning, TensorFlow, NLP",Startup
5299,Data Scientist,Australia,Mid,59582,"NLP, Deep Learning, SQL",Startup
5300,AI Engineer,Canada,Mid,65205,"PyTorch, Computer Vision, TensorFlow",Enterprise
5301,AI Engineer,Germany,Entry,43755,"PyTorch, Data Visualization, SQL",Enterprise
5302,NLP Engineer,UK,Senior,111698,"SQL, Computer Vision, MLOps",Enterprise
5303,Data Analyst,USA,Senior,117646,"Deep Learning, Computer Vision, Statistics",Enterprise
5304,AI Engineer,UK,Lead,171644,"TensorFlow, Python, Data Visualization",Enterprise
5305,Data Scientist,USA,Mid,102894,"Statistics, MLOps, NLP",Enterprise
5306,Deep Learning Engineer,India,Mid,20168,"Computer Vision, SQL, PyTorch",Startup
5307,Data Analyst,USA,Entry,38382,"Statistics, Computer Vision, NLP",Startup
5308,AI Engineer,Canada,Entry,39691,"Deep Learning, PyTorch, NLP",Mid-size
5309,AI Engineer,UK,Entry,36282,"Data Visualization, TensorFlow, Computer Vision",Enterprise
5310,Computer Vision Engineer,USA,Senior,114531,"NLP, PyTorch, Statistics",Mid-size
5311,Research Scientist,Canada,Lead,192870,"Computer Vision, TensorFlow, MLOps",Mid-size
5312,NLP Engineer,UK,Entry,29964,"Deep Learning, SQL, MLOps",Startup
5313,Data Scientist,Australia,Lead,210903,"SQL, Deep Learning, Statistics",Mid-size
5314,Research Scientist,India,Lead,75956,"Deep Learning, Data Visualization, Python",Startup
5315,Data Scientist,Canada,Senior,140522,"Data Visualization, Computer Vision, MLOps",Mid-size
5316,Research Scientist,Canada,Senior,121969,"Statistics, Python, NLP",Enterprise
5317,Data Scientist,UK,Senior,99958,"Statistics, MLOps, Deep Learning",Mid-size
5318,Data Analyst,India,Mid,28649,"Statistics, PyTorch, TensorFlow",Mid-size
5319,Deep Learning Engineer,Germany,Entry,41199,"TensorFlow, Computer Vision, SQL",Mid-size
5320,ML Engineer,India,Lead,56428,"Data Visualization, NLP, Computer Vision",Enterprise
5321,AI Engineer,India,Entry,8648,"PyTorch, SQL, Computer Vision",Mid-size
5322,Computer Vision Engineer,USA,Senior,146202,"SQL, Computer Vision, Statistics",Enterprise
5323,Research Scientist,Canada,Mid,97403,"NLP, Data Visualization, Statistics",Startup
5324,Computer Vision Engineer,Canada,Entry,33438,"Python, SQL, Computer Vision",Mid-size
5325,Data Scientist,India,Mid,28886,"Deep Learning, TensorFlow, Statistics",Mid-size
5326,NLP Engineer,Germany,Entry,33140,"SQL, TensorFlow, Deep Learning",Mid-size
5327,NLP Engineer,UK,Entry,26507,"Statistics, PyTorch, TensorFlow",Enterprise
5328,Computer Vision Engineer,India,Lead,63402,"Python, PyTorch, Data Visualization",Enterprise
5329,Deep Learning Engineer,USA,Senior,143359,"Statistics, Python, PyTorch",Enterprise
5330,ML Engineer,India,Mid,24375,"Computer Vision, NLP, Data Visualization",Enterprise
5331,Data Scientist,USA,Mid,89230,"Statistics, PyTorch, TensorFlow",Startup
5332,Computer Vision Engineer,India,Mid,30926,"Python, Computer Vision, Deep Learning",Mid-size
5333,AI Engineer,Australia,Senior,134003,"MLOps, TensorFlow, Deep Learning",Mid-size
5334,Data Scientist,USA,Mid,92295,"SQL, TensorFlow, Data Visualization",Enterprise
5335,AI Engineer,Australia,Entry,51227,"SQL, Deep Learning, MLOps",Enterprise
5336,Research Scientist,UK,Senior,105552,"Data Visualization, NLP, Statistics",Startup
5337,NLP Engineer,Australia,Lead,188322,"MLOps, Computer Vision, NLP",Mid-size
5338,Deep Learning Engineer,UK,Lead,198204,"MLOps, Data Visualization, PyTorch",Startup
5339,Deep Learning Engineer,Australia,Lead,170199,"TensorFlow, Computer Vision, NLP",Enterprise
5340,Data Scientist,USA,Senior,137280,"PyTorch, SQL, Computer Vision",Mid-size
5341,Computer Vision Engineer,Germany,Mid,73694,"Statistics, NLP, TensorFlow",Mid-size
5342,AI Engineer,Germany,Entry,28641,"Statistics, PyTorch, Data Visualization",Startup
5343,Computer Vision Engineer,Germany,Lead,170641,"Deep Learning, MLOps, Computer Vision",Mid-size
5344,Data Scientist,UK,Senior,99611,"MLOps, Computer Vision, Statistics",Startup
5345,ML Engineer,Australia,Senior,103136,"TensorFlow, Computer Vision, PyTorch",Mid-size
5346,Deep Learning Engineer,Canada,Lead,213954,"TensorFlow, Python, Data Visualization",Mid-size
5347,Deep Learning Engineer,India,Mid,34580,"Data Visualization, PyTorch, Statistics",Enterprise
5348,AI Engineer,Germany,Mid,84621,"Deep Learning, PyTorch, MLOps",Enterprise
5349,Computer Vision Engineer,Germany,Lead,192142,"MLOps, TensorFlow, NLP",Startup
5350,AI Engineer,Australia,Entry,36228,"PyTorch, Python, Deep Learning",Enterprise
5351,Research Scientist,UK,Lead,157603,"SQL, Data Visualization, TensorFlow",Mid-size
5352,Data Analyst,USA,Senior,111506,"NLP, PyTorch, Data Visualization",Startup
5353,NLP Engineer,UK,Entry,47780,"SQL, PyTorch, Deep Learning",Mid-size
5354,Computer Vision Engineer,Germany,Lead,159667,"TensorFlow, PyTorch, Computer Vision",Mid-size
5355,AI Engineer,Germany,Mid,53323,"MLOps, Computer Vision, SQL",Mid-size
5356,Research Scientist,Canada,Entry,32959,"Deep Learning, TensorFlow, Python",Startup
5357,AI Engineer,India,Mid,24338,"Computer Vision, Python, MLOps",Enterprise
5358,Data Scientist,USA,Entry,48398,"TensorFlow, MLOps, Data Visualization",Mid-size
5359,AI Engineer,USA,Senior,133566,"Python, MLOps, PyTorch",Enterprise
5360,NLP Engineer,UK,Mid,85098,"Deep Learning, NLP, MLOps",Startup
5361,Computer Vision Engineer,Canada,Entry,32707,"Data Visualization, SQL, MLOps",Startup
5362,ML Engineer,Germany,Senior,121177,"MLOps, Statistics, NLP",Enterprise
5363,Data Analyst,USA,Mid,102356,"MLOps, PyTorch, Statistics",Enterprise
5364,NLP Engineer,Canada,Lead,202492,"TensorFlow, Statistics, MLOps",Mid-size
5365,NLP Engineer,Canada,Mid,69861,"Data Visualization, Python, SQL",Enterprise
5366,ML Engineer,UK,Senior,101152,"Python, MLOps, Computer Vision",Mid-size
5367,Data Scientist,Canada,Entry,23314,"Data Visualization, SQL, NLP",Mid-size
5368,NLP Engineer,UK,Lead,171385,"TensorFlow, Deep Learning, MLOps",Mid-size
5369,Computer Vision Engineer,Australia,Entry,32279,"MLOps, Data Visualization, SQL",Enterprise
5370,Deep Learning Engineer,Australia,Entry,28706,"NLP, Statistics, MLOps",Startup
5371,Computer Vision Engineer,Canada,Senior,152353,"Python, SQL, NLP",Enterprise
5372,Research Scientist,UK,Entry,41404,"Data Visualization, Python, TensorFlow",Mid-size
5373,Data Scientist,UK,Lead,186235,"TensorFlow, Statistics, Python",Enterprise
5374,Research Scientist,Germany,Entry,21648,"Python, SQL, TensorFlow",Mid-size
5375,Computer Vision Engineer,Germany,Lead,145818,"NLP, Data Visualization, Computer Vision",Mid-size
5376,AI Engineer,UK,Entry,29886,"Deep Learning, NLP, Computer Vision",Mid-size
5377,Research Scientist,India,Lead,61242,"MLOps, TensorFlow, Deep Learning",Startup
5378,Data Scientist,USA,Senior,165094,"Python, NLP, MLOps",Mid-size
5379,Data Scientist,Australia,Mid,80412,"Deep Learning, MLOps, Computer Vision",Startup
5380,Research Scientist,Canada,Mid,90152,"TensorFlow, SQL, Statistics",Mid-size
5381,Data Analyst,Canada,Lead,209525,"MLOps, NLP, Statistics",Enterprise
5382,Data Analyst,USA,Entry,37090,"TensorFlow, Statistics, SQL",Startup
5383,Research Scientist,Germany,Senior,125706,"SQL, PyTorch, Deep Learning",Enterprise
5384,Computer Vision Engineer,Germany,Senior,124143,"PyTorch, MLOps, NLP",Enterprise
5385,Data Analyst,India,Entry,12006,"NLP, Statistics, Computer Vision",Enterprise
5386,ML Engineer,UK,Mid,77437,"Statistics, Data Visualization, TensorFlow",Mid-size
5387,AI Engineer,Australia,Senior,111721,"SQL, Python, TensorFlow",Startup
5388,Data Scientist,Canada,Lead,163640,"TensorFlow, Python, Deep Learning",Enterprise
5389,Research Scientist,Germany,Senior,116301,"PyTorch, Computer Vision, Data Visualization",Enterprise
5390,NLP Engineer,Australia,Entry,24904,"PyTorch, Statistics, Python",Enterprise
5391,AI Engineer,USA,Mid,84631,"Statistics, Computer Vision, PyTorch",Startup
5392,ML Engineer,Canada,Lead,198798,"PyTorch, Computer Vision, MLOps",Startup
5393,Computer Vision Engineer,India,Senior,49275,"Statistics, TensorFlow, Python",Enterprise
5394,Deep Learning Engineer,Canada,Entry,39424,"PyTorch, TensorFlow, Computer Vision",Startup
5395,Data Scientist,UK,Senior,95811,"TensorFlow, Python, Computer Vision",Enterprise
5396,Deep Learning Engineer,Australia,Entry,48680,"Data Visualization, NLP, Deep Learning",Startup
5397,AI Engineer,UK,Entry,36223,"TensorFlow, Deep Learning, Computer Vision",Mid-size
5398,Data Scientist,Australia,Entry,24093,"MLOps, Data Visualization, TensorFlow",Mid-size
5399,NLP Engineer,UK,Entry,21577,"MLOps, Computer Vision, PyTorch",Startup
5400,Deep Learning Engineer,UK,Entry,48859,"Data Visualization, SQL, PyTorch",Startup
5401,Computer Vision Engineer,Australia,Entry,25934,"TensorFlow, PyTorch, Data Visualization",Mid-size
5402,ML Engineer,USA,Senior,114931,"Computer Vision, Deep Learning, SQL",Enterprise
5403,Deep Learning Engineer,UK,Senior,128596,"Data Visualization, SQL, MLOps",Startup
5404,NLP Engineer,Canada,Senior,123574,"Deep Learning, MLOps, Data Visualization",Startup
5405,NLP Engineer,Australia,Lead,163014,"SQL, NLP, Python",Enterprise
5406,Data Analyst,UK,Entry,36561,"Data Visualization, PyTorch, Python",Enterprise
5407,Data Analyst,Canada,Senior,115913,"Data Visualization, Python, MLOps",Mid-size
5408,Computer Vision Engineer,UK,Senior,139441,"Data Visualization, PyTorch, SQL",Enterprise
5409,NLP Engineer,USA,Entry,56527,"SQL, Data Visualization, PyTorch",Startup
5410,Computer Vision Engineer,India,Lead,79928,"Statistics, Data Visualization, SQL",Startup
5411,AI Engineer,India,Lead,76878,"Python, PyTorch, TensorFlow",Enterprise
5412,AI Engineer,Canada,Mid,60491,"NLP, PyTorch, MLOps",Enterprise
5413,Computer Vision Engineer,USA,Entry,39678,"Deep Learning, Computer Vision, MLOps",Mid-size
5414,Data Analyst,Germany,Lead,175190,"Deep Learning, Data Visualization, NLP",Enterprise
5415,Computer Vision Engineer,USA,Entry,52395,"Deep Learning, TensorFlow, Computer Vision",Mid-size
5416,Data Analyst,USA,Lead,203367,"Statistics, NLP, Python",Startup
5417,AI Engineer,Australia,Mid,70046,"Deep Learning, NLP, Computer Vision",Startup
5418,Data Scientist,India,Entry,15148,"Python, Computer Vision, MLOps",Startup
5419,AI Engineer,India,Mid,31694,"Python, Statistics, Data Visualization",Enterprise
5420,ML Engineer,Canada,Mid,93798,"MLOps, Statistics, Data Visualization",Startup
5421,Research Scientist,Canada,Senior,132319,"NLP, Python, Statistics",Mid-size
5422,Data Scientist,Canada,Lead,183489,"Computer Vision, Statistics, PyTorch",Mid-size
5423,Research Scientist,Australia,Mid,74715,"SQL, Deep Learning, Computer Vision",Mid-size
5424,ML Engineer,Germany,Senior,131887,"Deep Learning, MLOps, PyTorch",Startup
5425,Data Scientist,USA,Senior,146878,"SQL, Python, NLP",Enterprise
5426,Data Analyst,Germany,Entry,45236,"SQL, Deep Learning, Computer Vision",Enterprise
5427,Deep Learning Engineer,India,Senior,48434,"NLP, Python, Deep Learning",Enterprise
5428,Data Scientist,UK,Mid,62643,"PyTorch, NLP, TensorFlow",Enterprise
5429,Deep Learning Engineer,UK,Senior,101712,"Computer Vision, TensorFlow, PyTorch",Startup
5430,NLP Engineer,UK,Lead,171192,"MLOps, Data Visualization, Deep Learning",Enterprise
5431,Computer Vision Engineer,Canada,Mid,80856,"PyTorch, TensorFlow, Computer Vision",Enterprise
5432,Computer Vision Engineer,USA,Mid,96013,"MLOps, TensorFlow, Deep Learning",Startup
5433,Data Scientist,Germany,Entry,44305,"Data Visualization, MLOps, TensorFlow",Enterprise
5434,AI Engineer,UK,Mid,61135,"MLOps, Deep Learning, PyTorch",Startup
5435,AI Engineer,Germany,Entry,46023,"Data Visualization, Computer Vision, NLP",Startup
5436,Data Scientist,India,Mid,23218,"Computer Vision, TensorFlow, Statistics",Startup
5437,ML Engineer,Canada,Mid,56489,"PyTorch, Computer Vision, Deep Learning",Enterprise
5438,Computer Vision Engineer,India,Lead,61801,"NLP, MLOps, PyTorch",Enterprise
5439,Data Analyst,UK,Senior,129741,"SQL, Python, PyTorch",Enterprise
5440,Data Scientist,UK,Senior,104762,"TensorFlow, Deep Learning, SQL",Startup
5441,Data Scientist,UK,Lead,143081,"Computer Vision, NLP, Statistics",Enterprise
5442,Research Scientist,Germany,Lead,196679,"TensorFlow, Deep Learning, SQL",Mid-size
5443,Data Scientist,Canada,Senior,118211,"Computer Vision, SQL, MLOps",Startup
5444,AI Engineer,Germany,Senior,123484,"Python, Computer Vision, PyTorch",Mid-size
5445,Data Scientist,Australia,Lead,179484,"Computer Vision, TensorFlow, Deep Learning",Startup
5446,Deep Learning Engineer,USA,Mid,104234,"PyTorch, Deep Learning, TensorFlow",Enterprise
5447,Computer Vision Engineer,USA,Mid,87045,"NLP, Computer Vision, Statistics",Mid-size
5448,Data Analyst,Canada,Entry,30913,"NLP, Computer Vision, PyTorch",Mid-size
5449,Data Analyst,USA,Entry,34450,"Python, NLP, Computer Vision",Mid-size
5450,Deep Learning Engineer,India,Entry,17565,"PyTorch, Computer Vision, Python",Startup
5451,ML Engineer,UK,Mid,54517,"NLP, Deep Learning, Python",Startup
5452,Data Scientist,UK,Mid,75357,"TensorFlow, Python, NLP",Startup
5453,Computer Vision Engineer,Germany,Senior,101683,"Deep Learning, TensorFlow, Computer Vision",Startup
5454,AI Engineer,Germany,Lead,148924,"MLOps, NLP, Statistics",Startup
5455,Computer Vision Engineer,UK,Lead,199607,"Python, SQL, Deep Learning",Enterprise
5456,Data Scientist,USA,Mid,94056,"MLOps, TensorFlow, Deep Learning",Mid-size
5457,AI Engineer,Canada,Entry,31265,"Computer Vision, MLOps, Data Visualization",Startup
5458,ML Engineer,USA,Senior,167059,"Deep Learning, Computer Vision, Statistics",Enterprise
5459,Data Analyst,USA,Lead,186112,"SQL, TensorFlow, NLP",Startup
5460,Computer Vision Engineer,Germany,Entry,27935,"Statistics, TensorFlow, MLOps",Mid-size
5461,Data Analyst,Germany,Entry,31240,"PyTorch, Python, Computer Vision",Enterprise
5462,ML Engineer,Germany,Lead,187727,"PyTorch, MLOps, Python",Startup
5463,Research Scientist,India,Lead,75008,"Deep Learning, Python, Computer Vision",Enterprise
5464,Computer Vision Engineer,Canada,Lead,206528,"NLP, PyTorch, SQL",Startup
5465,Research Scientist,Germany,Entry,24581,"SQL, Deep Learning, PyTorch",Startup
5466,NLP Engineer,Germany,Senior,138411,"TensorFlow, Statistics, MLOps",Mid-size
5467,Data Scientist,India,Mid,30245,"Computer Vision, Deep Learning, SQL",Enterprise
5468,NLP Engineer,Germany,Senior,116534,"Statistics, SQL, MLOps",Mid-size
5469,Research Scientist,Germany,Lead,173650,"NLP, SQL, Data Visualization",Enterprise
5470,Data Scientist,Canada,Lead,156244,"Deep Learning, Python, SQL",Mid-size
5471,AI Engineer,Germany,Senior,116170,"NLP, Statistics, Python",Mid-size
5472,AI Engineer,Germany,Mid,72369,"PyTorch, Statistics, Python",Enterprise
5473,AI Engineer,USA,Mid,86040,"SQL, Data Visualization, Computer Vision",Startup
5474,AI Engineer,Canada,Mid,60569,"Statistics, NLP, PyTorch",Enterprise
5475,Computer Vision Engineer,Germany,Senior,103598,"Python, Data Visualization, TensorFlow",Enterprise
5476,NLP Engineer,UK,Lead,185472,"MLOps, Python, Statistics",Startup
5477,Research Scientist,Canada,Entry,22700,"Computer Vision, SQL, PyTorch",Enterprise
5478,Data Scientist,UK,Mid,76196,"SQL, NLP, Computer Vision",Enterprise
5479,NLP Engineer,UK,Lead,168704,"NLP, Data Visualization, MLOps",Startup
5480,AI Engineer,USA,Senior,152974,"TensorFlow, Data Visualization, PyTorch",Mid-size
5481,Data Scientist,USA,Lead,225073,"SQL, Deep Learning, MLOps",Mid-size
5482,Computer Vision Engineer,Canada,Senior,105531,"MLOps, Data Visualization, Statistics",Enterprise
5483,NLP Engineer,Australia,Mid,91682,"PyTorch, Data Visualization, Statistics",Mid-size
5484,Computer Vision Engineer,Canada,Entry,48367,"Computer Vision, NLP, MLOps",Enterprise
5485,Research Scientist,Germany,Entry,29662,"Deep Learning, Computer Vision, PyTorch",Mid-size
5486,Computer Vision Engineer,India,Entry,15111,"Data Visualization, TensorFlow, Computer Vision",Enterprise
5487,Computer Vision Engineer,Australia,Senior,120799,"MLOps, PyTorch, NLP",Enterprise
5488,Data Analyst,UK,Senior,120706,"PyTorch, TensorFlow, SQL",Mid-size
5489,AI Engineer,USA,Senior,148174,"Deep Learning, PyTorch, Computer Vision",Mid-size
5490,Data Scientist,UK,Lead,153394,"Data Visualization, Computer Vision, PyTorch",Mid-size
5491,ML Engineer,Germany,Mid,59262,"Deep Learning, PyTorch, Statistics",Startup
5492,Research Scientist,Canada,Entry,53961,"TensorFlow, MLOps, NLP",Startup
5493,NLP Engineer,Australia,Entry,26943,"Deep Learning, PyTorch, Python",Startup
5494,Data Scientist,India,Senior,55482,"Computer Vision, Statistics, PyTorch",Startup
5495,Deep Learning Engineer,Canada,Lead,189212,"Computer Vision, SQL, NLP",Startup
5496,Research Scientist,India,Senior,51869,"Deep Learning, Python, Statistics",Startup
5497,Computer Vision Engineer,Germany,Senior,138423,"Data Visualization, MLOps, PyTorch",Enterprise
5498,Research Scientist,Australia,Lead,183381,"Deep Learning, Computer Vision, Data Visualization",Enterprise
5499,Deep Learning Engineer,Germany,Lead,166315,"Computer Vision, Python, MLOps",Enterprise
5500,Research Scientist,USA,Mid,93351,"Data Visualization, NLP, SQL",Mid-size
5501,Computer Vision Engineer,Germany,Lead,159109,"PyTorch, NLP, Deep Learning",Enterprise
5502,Data Scientist,Canada,Senior,109850,"MLOps, SQL, TensorFlow",Mid-size
5503,AI Engineer,USA,Lead,232701,"MLOps, Python, Computer Vision",Enterprise
5504,Data Analyst,Germany,Senior,91821,"Python, TensorFlow, Deep Learning",Mid-size
5505,NLP Engineer,India,Entry,13086,"Deep Learning, NLP, PyTorch",Mid-size
5506,AI Engineer,UK,Mid,78402,"Deep Learning, TensorFlow, MLOps",Startup
5507,NLP Engineer,India,Senior,48128,"Deep Learning, Computer Vision, SQL",Mid-size
5508,Research Scientist,India,Lead,70224,"NLP, SQL, Python",Mid-size
5509,Deep Learning Engineer,Germany,Entry,31138,"SQL, Python, Deep Learning",Startup
5510,AI Engineer,USA,Lead,238328,"SQL, Python, Statistics",Enterprise
5511,ML Engineer,Canada,Mid,95943,"Data Visualization, TensorFlow, Deep Learning",Mid-size
5512,Research Scientist,Germany,Senior,101369,"Statistics, TensorFlow, Python",Startup
5513,ML Engineer,India,Mid,25363,"NLP, Python, Computer Vision",Enterprise
5514,Data Scientist,Australia,Lead,200598,"NLP, SQL, Statistics",Startup
5515,Research Scientist,Australia,Entry,22079,"Python, Computer Vision, NLP",Enterprise
5516,AI Engineer,USA,Mid,69260,"Python, MLOps, Statistics",Mid-size
5517,AI Engineer,UK,Lead,143576,"Python, Statistics, Data Visualization",Enterprise
5518,Deep Learning Engineer,Canada,Entry,30910,"NLP, PyTorch, Data Visualization",Mid-size
5519,Data Analyst,USA,Entry,24038,"Deep Learning, SQL, Computer Vision",Startup
5520,AI Engineer,India,Entry,13787,"PyTorch, Computer Vision, SQL",Startup
5521,ML Engineer,Canada,Lead,215536,"Statistics, SQL, Data Visualization",Mid-size
5522,Data Analyst,Germany,Mid,83585,"SQL, Statistics, Data Visualization",Startup
5523,Computer Vision Engineer,UK,Mid,52438,"Deep Learning, PyTorch, Data Visualization",Enterprise
5524,Data Scientist,Germany,Senior,106983,"TensorFlow, PyTorch, SQL",Startup
5525,Deep Learning Engineer,Australia,Senior,137063,"Python, MLOps, Data Visualization",Enterprise
5526,NLP Engineer,USA,Entry,26612,"NLP, TensorFlow, Data Visualization",Startup
5527,NLP Engineer,Canada,Mid,65850,"Data Visualization, Statistics, NLP",Enterprise
5528,Research Scientist,UK,Mid,86435,"NLP, Computer Vision, PyTorch",Startup
5529,Computer Vision Engineer,India,Entry,19042,"NLP, Computer Vision, Statistics",Startup
5530,Deep Learning Engineer,Australia,Senior,138314,"MLOps, Data Visualization, Computer Vision",Enterprise
5531,AI Engineer,USA,Mid,82114,"Python, Data Visualization, Deep Learning",Startup
5532,Data Scientist,Canada,Senior,150910,"Python, SQL, NLP",Enterprise
5533,ML Engineer,Canada,Senior,109039,"Deep Learning, TensorFlow, Data Visualization",Enterprise
5534,Data Scientist,Germany,Entry,48205,"SQL, TensorFlow, Computer Vision",Mid-size
5535,NLP Engineer,UK,Mid,86288,"Deep Learning, MLOps, SQL",Enterprise
5536,Deep Learning Engineer,USA,Mid,98799,"Deep Learning, SQL, NLP",Startup
5537,Data Analyst,Canada,Lead,210230,"MLOps, Computer Vision, Deep Learning",Enterprise
5538,Computer Vision Engineer,USA,Entry,33610,"TensorFlow, MLOps, Statistics",Enterprise
5539,Data Analyst,UK,Senior,118820,"Statistics, NLP, SQL",Enterprise
5540,Research Scientist,UK,Senior,138276,"Python, TensorFlow, Deep Learning",Startup
5541,AI Engineer,Australia,Entry,29065,"SQL, Data Visualization, TensorFlow",Enterprise
5542,ML Engineer,USA,Entry,43033,"PyTorch, Python, Statistics",Enterprise
5543,Data Scientist,India,Entry,19068,"Statistics, MLOps, Python",Startup
5544,Data Scientist,USA,Lead,224193,"TensorFlow, MLOps, Python",Mid-size
5545,Research Scientist,India,Senior,49804,"Computer Vision, Deep Learning, SQL",Mid-size
5546,ML Engineer,Canada,Lead,215789,"SQL, Computer Vision, TensorFlow",Startup
5547,AI Engineer,Australia,Senior,115138,"MLOps, Python, SQL",Mid-size
5548,Computer Vision Engineer,UK,Mid,83781,"PyTorch, Statistics, MLOps",Startup
5549,AI Engineer,UK,Mid,54803,"Statistics, TensorFlow, NLP",Startup
5550,Data Scientist,Australia,Senior,115236,"Python, Computer Vision, SQL",Startup
5551,ML Engineer,Australia,Lead,208587,"Computer Vision, TensorFlow, Statistics",Mid-size
5552,Computer Vision Engineer,UK,Entry,20567,"Python, TensorFlow, MLOps",Mid-size
5553,Data Analyst,India,Senior,53641,"MLOps, Python, TensorFlow",Enterprise
5554,ML Engineer,Germany,Entry,33187,"Python, PyTorch, Data Visualization",Enterprise
5555,ML Engineer,Germany,Mid,69954,"Data Visualization, SQL, Computer Vision",Enterprise
5556,Data Scientist,India,Entry,12632,"Computer Vision, SQL, Data Visualization",Startup
5557,ML Engineer,USA,Senior,141508,"PyTorch, Deep Learning, SQL",Enterprise
5558,Research Scientist,Germany,Senior,120353,"Computer Vision, Python, SQL",Enterprise
5559,AI Engineer,Canada,Mid,78005,"PyTorch, SQL, Computer Vision",Startup
5560,Data Scientist,USA,Lead,183810,"Data Visualization, Deep Learning, Computer Vision",Enterprise
5561,AI Engineer,USA,Mid,72354,"SQL, TensorFlow, MLOps",Startup
5562,Deep Learning Engineer,UK,Senior,100789,"Data Visualization, SQL, PyTorch",Mid-size
5563,Data Analyst,USA,Senior,144421,"SQL, MLOps, NLP",Mid-size
5564,Research Scientist,UK,Lead,191715,"Deep Learning, TensorFlow, NLP",Startup
5565,NLP Engineer,Australia,Mid,74400,"NLP, Deep Learning, MLOps",Mid-size
5566,Data Analyst,India,Lead,70503,"TensorFlow, NLP, SQL",Startup
5567,ML Engineer,Germany,Senior,118947,"TensorFlow, MLOps, Data Visualization",Enterprise
5568,Computer Vision Engineer,India,Entry,10700,"NLP, TensorFlow, Deep Learning",Startup
5569,Data Scientist,India,Senior,43031,"Python, NLP, MLOps",Mid-size
5570,NLP Engineer,Australia,Mid,78419,"SQL, MLOps, Deep Learning",Enterprise
5571,Data Analyst,Australia,Entry,52240,"Deep Learning, Python, NLP",Enterprise
5572,Research Scientist,USA,Lead,226788,"Deep Learning, PyTorch, Python",Startup
5573,Deep Learning Engineer,Germany,Senior,139429,"NLP, Python, TensorFlow",Mid-size
5574,ML Engineer,USA,Senior,116768,"PyTorch, Python, MLOps",Startup
5575,NLP Engineer,India,Entry,19700,"Python, PyTorch, SQL",Enterprise
5576,NLP Engineer,Canada,Lead,204465,"Computer Vision, Deep Learning, Python",Startup
5577,Data Analyst,USA,Entry,31162,"Deep Learning, Computer Vision, TensorFlow",Enterprise
5578,Computer Vision Engineer,Germany,Senior,104693,"Statistics, MLOps, SQL",Mid-size
5579,Deep Learning Engineer,USA,Senior,108028,"MLOps, SQL, TensorFlow",Mid-size
5580,AI Engineer,Canada,Lead,172088,"Python, Computer Vision, Deep Learning",Enterprise
5581,ML Engineer,USA,Senior,154060,"PyTorch, NLP, Statistics",Enterprise
5582,NLP Engineer,India,Entry,15028,"NLP, MLOps, PyTorch",Mid-size
5583,Data Analyst,Australia,Lead,156719,"TensorFlow, SQL, Deep Learning",Mid-size
5584,NLP Engineer,USA,Mid,102878,"Computer Vision, Python, PyTorch",Mid-size
5585,Data Analyst,UK,Mid,84980,"Computer Vision, Data Visualization, PyTorch",Mid-size
5586,ML Engineer,Germany,Mid,75513,"MLOps, Deep Learning, PyTorch",Enterprise
5587,AI Engineer,India,Senior,55816,"SQL, Python, Deep Learning",Enterprise
5588,ML Engineer,Australia,Senior,129136,"SQL, Deep Learning, Data Visualization",Mid-size
5589,Research Scientist,Australia,Senior,147649,"Deep Learning, PyTorch, SQL",Startup
5590,Data Scientist,UK,Lead,145446,"Python, Statistics, Deep Learning",Enterprise
5591,Deep Learning Engineer,USA,Senior,110355,"Computer Vision, TensorFlow, MLOps",Startup
5592,ML Engineer,India,Senior,38070,"MLOps, Python, SQL",Mid-size
5593,Data Analyst,Australia,Mid,63297,"Statistics, PyTorch, Python",Mid-size
5594,Data Analyst,Canada,Senior,121328,"Computer Vision, SQL, Statistics",Enterprise
5595,Computer Vision Engineer,Canada,Mid,58655,"MLOps, SQL, Deep Learning",Mid-size
5596,Deep Learning Engineer,Canada,Mid,56575,"Statistics, PyTorch, NLP",Startup
5597,ML Engineer,Germany,Mid,58330,"Computer Vision, NLP, MLOps",Mid-size
5598,Deep Learning Engineer,USA,Entry,40646,"MLOps, Statistics, Python",Enterprise
5599,NLP Engineer,India,Mid,29303,"Computer Vision, NLP, Data Visualization",Mid-size
5600,Research Scientist,Canada,Lead,204820,"SQL, MLOps, Data Visualization",Startup
5601,ML Engineer,Canada,Lead,179198,"Python, Computer Vision, Statistics",Enterprise
5602,Deep Learning Engineer,Canada,Lead,164876,"SQL, Computer Vision, NLP",Enterprise
5603,Computer Vision Engineer,UK,Senior,97466,"NLP, PyTorch, Computer Vision",Enterprise
5604,Data Analyst,Germany,Entry,31193,"NLP, Deep Learning, MLOps",Startup
5605,NLP Engineer,Canada,Lead,196803,"NLP, Deep Learning, Statistics",Mid-size
5606,NLP Engineer,Canada,Mid,77154,"TensorFlow, NLP, MLOps",Startup
5607,Computer Vision Engineer,UK,Entry,35969,"Computer Vision, NLP, Python",Startup
5608,NLP Engineer,UK,Lead,190786,"SQL, MLOps, Python",Startup
5609,Deep Learning Engineer,USA,Senior,128484,"Data Visualization, Computer Vision, SQL",Enterprise
5610,Deep Learning Engineer,USA,Senior,155749,"Statistics, SQL, NLP",Enterprise
5611,Computer Vision Engineer,Canada,Mid,80979,"Python, Statistics, Computer Vision",Mid-size
5612,Research Scientist,India,Lead,73966,"Data Visualization, Statistics, Deep Learning",Startup
5613,ML Engineer,Australia,Lead,180768,"NLP, Deep Learning, PyTorch",Enterprise
5614,ML Engineer,USA,Senior,151102,"NLP, PyTorch, MLOps",Enterprise
5615,ML Engineer,Canada,Lead,157931,"Deep Learning, PyTorch, MLOps",Enterprise
5616,ML Engineer,Germany,Mid,78363,"PyTorch, Data Visualization, Statistics",Mid-size
5617,Computer Vision Engineer,Canada,Lead,179861,"Data Visualization, Deep Learning, Python",Mid-size
5618,Deep Learning Engineer,India,Senior,51367,"NLP, Statistics, Data Visualization",Startup
5619,Research Scientist,Australia,Entry,51412,"Python, TensorFlow, Deep Learning",Enterprise
5620,AI Engineer,Germany,Mid,84477,"MLOps, PyTorch, Statistics",Startup
5621,Research Scientist,Canada,Entry,23861,"SQL, TensorFlow, Statistics",Startup
5622,AI Engineer,Australia,Senior,149283,"NLP, Computer Vision, Deep Learning",Mid-size
5623,AI Engineer,India,Lead,68974,"PyTorch, NLP, Computer Vision",Enterprise
5624,Data Analyst,Germany,Senior,117641,"MLOps, TensorFlow, Computer Vision",Startup
5625,Data Analyst,Canada,Mid,79873,"Computer Vision, NLP, Data Visualization",Mid-size
5626,Data Analyst,UK,Lead,194734,"TensorFlow, PyTorch, Computer Vision",Startup
5627,Data Scientist,USA,Lead,232730,"TensorFlow, Deep Learning, NLP",Startup
5628,ML Engineer,UK,Entry,30789,"Computer Vision, Python, Statistics",Enterprise
5629,Research Scientist,Germany,Senior,128477,"Deep Learning, MLOps, Statistics",Enterprise
5630,Data Analyst,USA,Mid,74196,"Python, Computer Vision, Statistics",Enterprise
5631,AI Engineer,India,Senior,52371,"Deep Learning, Computer Vision, Data Visualization",Startup
5632,Research Scientist,UK,Senior,94403,"TensorFlow, Deep Learning, PyTorch",Startup
5633,NLP Engineer,UK,Mid,50163,"PyTorch, TensorFlow, Deep Learning",Enterprise
5634,NLP Engineer,Australia,Mid,88033,"SQL, Computer Vision, Python",Mid-size
5635,AI Engineer,UK,Lead,197255,"PyTorch, Data Visualization, NLP",Enterprise
5636,ML Engineer,Germany,Lead,183860,"Computer Vision, Data Visualization, NLP",Startup
5637,ML Engineer,Germany,Mid,56590,"SQL, Deep Learning, NLP",Startup
5638,Research Scientist,Canada,Mid,79339,"Computer Vision, MLOps, Python",Mid-size
5639,Data Analyst,India,Mid,31797,"MLOps, TensorFlow, SQL",Mid-size
5640,ML Engineer,UK,Senior,127499,"TensorFlow, Statistics, Computer Vision",Enterprise
5641,AI Engineer,UK,Mid,71151,"TensorFlow, MLOps, Python",Startup
5642,Computer Vision Engineer,USA,Lead,221572,"Data Visualization, TensorFlow, Deep Learning",Enterprise
5643,Computer Vision Engineer,Australia,Senior,149883,"SQL, Deep Learning, NLP",Enterprise
5644,Data Scientist,UK,Entry,25562,"NLP, SQL, Computer Vision",Startup
5645,AI Engineer,Australia,Senior,136316,"Statistics, Python, MLOps",Enterprise
5646,AI Engineer,Canada,Senior,112490,"Statistics, Python, PyTorch",Enterprise
5647,Computer Vision Engineer,India,Mid,23654,"MLOps, Statistics, Python",Mid-size
5648,Research Scientist,Australia,Lead,200519,"NLP, SQL, MLOps",Enterprise
5649,Deep Learning Engineer,Canada,Senior,133406,"NLP, Statistics, Computer Vision",Mid-size
5650,Data Scientist,Australia,Entry,33481,"PyTorch, Deep Learning, Statistics",Startup
5651,Data Scientist,Canada,Mid,58826,"PyTorch, Statistics, Data Visualization",Enterprise
5652,AI Engineer,Canada,Mid,59829,"SQL, Computer Vision, Statistics",Enterprise
5653,Data Scientist,Germany,Entry,48491,"MLOps, Python, TensorFlow",Mid-size
5654,ML Engineer,Canada,Senior,115872,"Deep Learning, Python, Statistics",Startup
5655,Deep Learning Engineer,India,Entry,8541,"MLOps, Computer Vision, Data Visualization",Enterprise
5656,Research Scientist,Canada,Entry,39783,"Deep Learning, Computer Vision, PyTorch",Mid-size
5657,ML Engineer,UK,Mid,58691,"Computer Vision, Deep Learning, MLOps",Startup
5658,Computer Vision Engineer,Canada,Entry,25894,"PyTorch, Deep Learning, MLOps",Enterprise
5659,Deep Learning Engineer,Germany,Entry,27257,"Deep Learning, SQL, Statistics",Enterprise
5660,Data Scientist,India,Entry,19112,"Computer Vision, TensorFlow, MLOps",Enterprise
5661,Data Analyst,India,Lead,78768,"Deep Learning, SQL, MLOps",Startup
5662,ML Engineer,UK,Entry,47860,"Python, Statistics, SQL",Startup
5663,ML Engineer,Canada,Entry,30688,"Computer Vision, Python, Statistics",Enterprise
5664,Data Analyst,UK,Lead,176583,"Computer Vision, Deep Learning, NLP",Mid-size
5665,Data Scientist,Germany,Entry,49295,"SQL, Deep Learning, Statistics",Startup
5666,AI Engineer,UK,Entry,22763,"Data Visualization, MLOps, Python",Enterprise
5667,ML Engineer,UK,Senior,119418,"MLOps, SQL, Python",Mid-size
5668,AI Engineer,India,Mid,26852,"Statistics, TensorFlow, Data Visualization",Startup
5669,ML Engineer,Germany,Mid,65857,"NLP, MLOps, SQL",Startup
5670,AI Engineer,Germany,Senior,106553,"Computer Vision, SQL, Statistics",Enterprise
5671,Deep Learning Engineer,Germany,Mid,63156,"Statistics, Deep Learning, TensorFlow",Enterprise
5672,Computer Vision Engineer,Australia,Mid,82798,"Statistics, Deep Learning, TensorFlow",Startup
5673,AI Engineer,Germany,Lead,151156,"Python, Statistics, Deep Learning",Mid-size
5674,ML Engineer,India,Entry,12121,"SQL, NLP, MLOps",Startup
5675,ML Engineer,Canada,Senior,133904,"Computer Vision, Data Visualization, MLOps",Mid-size
5676,Research Scientist,Germany,Mid,68312,"Deep Learning, Data Visualization, MLOps",Enterprise
5677,Data Analyst,USA,Senior,165870,"TensorFlow, Data Visualization, MLOps",Startup
5678,Deep Learning Engineer,USA,Entry,51424,"Python, Deep Learning, Data Visualization",Enterprise
5679,Data Scientist,Australia,Entry,48768,"TensorFlow, SQL, NLP",Mid-size
5680,Deep Learning Engineer,USA,Entry,26270,"SQL, Python, MLOps",Mid-size
5681,Data Scientist,Australia,Mid,98321,"Python, SQL, NLP",Mid-size
5682,Research Scientist,Australia,Entry,23624,"Data Visualization, PyTorch, MLOps",Startup
5683,Research Scientist,Germany,Senior,101406,"TensorFlow, MLOps, Data Visualization",Mid-size
5684,Research Scientist,Australia,Mid,61569,"SQL, Python, Deep Learning",Startup
5685,Computer Vision Engineer,Germany,Lead,159298,"PyTorch, SQL, Statistics",Enterprise
5686,Research Scientist,Germany,Mid,82040,"Statistics, PyTorch, Computer Vision",Startup
5687,AI Engineer,USA,Senior,134520,"NLP, Data Visualization, TensorFlow",Enterprise
5688,AI Engineer,Canada,Mid,76101,"PyTorch, Data Visualization, Deep Learning",Startup
5689,NLP Engineer,Australia,Senior,134838,"PyTorch, Data Visualization, Deep Learning",Startup
5690,AI Engineer,UK,Senior,130239,"Statistics, SQL, TensorFlow",Mid-size
5691,Deep Learning Engineer,USA,Entry,39531,"Data Visualization, Computer Vision, NLP",Startup
5692,Data Scientist,Canada,Lead,166533,"TensorFlow, Computer Vision, Python",Enterprise
5693,Data Analyst,Australia,Lead,155274,"TensorFlow, PyTorch, Data Visualization",Startup
5694,ML Engineer,Australia,Senior,139139,"NLP, Computer Vision, SQL",Startup
5695,Deep Learning Engineer,Australia,Entry,43938,"Python, PyTorch, MLOps",Enterprise
5696,Data Analyst,USA,Mid,102013,"SQL, Computer Vision, Data Visualization",Startup
5697,Computer Vision Engineer,Canada,Entry,39822,"Data Visualization, Deep Learning, Computer Vision",Startup
5698,AI Engineer,Germany,Entry,39059,"Data Visualization, Deep Learning, Statistics",Mid-size
5699,Data Scientist,Germany,Mid,72282,"SQL, NLP, MLOps",Enterprise
5700,NLP Engineer,UK,Entry,28680,"SQL, TensorFlow, Python",Mid-size
5701,Deep Learning Engineer,India,Senior,43266,"SQL, Data Visualization, Deep Learning",Enterprise
5702,Deep Learning Engineer,Australia,Lead,202301,"NLP, TensorFlow, Data Visualization",Mid-size
5703,AI Engineer,USA,Mid,98629,"Statistics, Data Visualization, PyTorch",Enterprise
5704,Deep Learning Engineer,Australia,Senior,152653,"TensorFlow, Python, NLP",Mid-size
5705,Deep Learning Engineer,USA,Mid,75403,"NLP, Python, SQL",Startup
5706,Data Scientist,Australia,Lead,170892,"Python, SQL, Deep Learning",Startup
5707,Research Scientist,USA,Entry,46279,"MLOps, TensorFlow, Computer Vision",Startup
5708,Data Analyst,Canada,Entry,22790,"Deep Learning, NLP, PyTorch",Mid-size
5709,AI Engineer,Canada,Lead,195420,"MLOps, Data Visualization, Python",Mid-size
5710,Computer Vision Engineer,Canada,Entry,45163,"NLP, MLOps, Python",Startup
5711,ML Engineer,USA,Lead,223460,"Statistics, Data Visualization, NLP",Mid-size
5712,Data Analyst,Canada,Lead,214259,"Python, Computer Vision, MLOps",Mid-size
5713,Research Scientist,Australia,Lead,215625,"TensorFlow, Statistics, Data Visualization",Mid-size
5714,Research Scientist,Germany,Mid,52199,"Deep Learning, Python, Data Visualization",Startup
5715,NLP Engineer,Germany,Senior,106744,"NLP, TensorFlow, Deep Learning",Startup
5716,AI Engineer,Canada,Entry,47023,"PyTorch, Computer Vision, Deep Learning",Startup
5717,Research Scientist,USA,Senior,142992,"TensorFlow, Data Visualization, MLOps",Startup
5718,AI Engineer,Canada,Entry,54199,"TensorFlow, Computer Vision, NLP",Enterprise
5719,Data Analyst,USA,Senior,127332,"PyTorch, Python, NLP",Startup
5720,AI Engineer,India,Entry,13017,"Computer Vision, NLP, PyTorch",Startup
5721,NLP Engineer,India,Lead,58826,"Deep Learning, Python, MLOps",Enterprise
5722,Data Analyst,UK,Senior,135900,"Computer Vision, MLOps, NLP",Enterprise
5723,Data Analyst,Australia,Senior,149953,"MLOps, SQL, TensorFlow",Mid-size
5724,Data Analyst,Canada,Senior,143688,"Python, MLOps, PyTorch",Mid-size
5725,Research Scientist,USA,Entry,30466,"TensorFlow, PyTorch, Statistics",Enterprise
5726,ML Engineer,USA,Senior,121953,"Computer Vision, MLOps, PyTorch",Enterprise
5727,AI Engineer,India,Senior,51396,"Computer Vision, SQL, Data Visualization",Startup
5728,Deep Learning Engineer,Australia,Lead,191657,"PyTorch, SQL, MLOps",Enterprise
5729,Data Scientist,Germany,Senior,129004,"NLP, TensorFlow, PyTorch",Mid-size
5730,ML Engineer,UK,Lead,144536,"PyTorch, Data Visualization, Computer Vision",Mid-size
5731,Computer Vision Engineer,Germany,Mid,69856,"Statistics, MLOps, TensorFlow",Mid-size
5732,ML Engineer,USA,Mid,99992,"Statistics, TensorFlow, Deep Learning",Enterprise
5733,Data Scientist,Australia,Mid,56696,"Python, Statistics, PyTorch",Mid-size
5734,NLP Engineer,India,Senior,44640,"Deep Learning, Python, TensorFlow",Enterprise
5735,Computer Vision Engineer,Germany,Mid,56643,"Statistics, SQL, Python",Mid-size
5736,NLP Engineer,UK,Mid,52458,"Deep Learning, Data Visualization, PyTorch",Startup
5737,Computer Vision Engineer,UK,Senior,96306,"NLP, MLOps, Computer Vision",Mid-size
5738,NLP Engineer,USA,Mid,93213,"Data Visualization, Python, TensorFlow",Enterprise
5739,Computer Vision Engineer,Germany,Lead,151752,"NLP, TensorFlow, MLOps",Startup
5740,Computer Vision Engineer,Germany,Mid,57482,"Deep Learning, NLP, PyTorch",Mid-size
5741,Deep Learning Engineer,India,Lead,66152,"Data Visualization, MLOps, SQL",Enterprise
5742,Data Scientist,Germany,Senior,109084,"Deep Learning, MLOps, NLP",Startup
5743,NLP Engineer,Germany,Entry,29909,"Deep Learning, Data Visualization, Statistics",Startup
5744,Deep Learning Engineer,Canada,Lead,184814,"Python, SQL, NLP",Startup
5745,Computer Vision Engineer,India,Senior,45886,"Data Visualization, SQL, Statistics",Startup
5746,Data Analyst,India,Lead,61440,"Data Visualization, PyTorch, Computer Vision",Startup
5747,Data Scientist,USA,Senior,135289,"PyTorch, TensorFlow, Computer Vision",Mid-size
5748,Data Analyst,India,Senior,38619,"TensorFlow, Data Visualization, Computer Vision",Startup
5749,Data Scientist,Australia,Senior,140006,"PyTorch, NLP, Computer Vision",Mid-size
5750,Computer Vision Engineer,USA,Senior,121695,"PyTorch, Data Visualization, SQL",Startup
5751,Research Scientist,Canada,Mid,90239,"SQL, NLP, Deep Learning",Startup
5752,Data Scientist,UK,Senior,100558,"Deep Learning, SQL, Python",Enterprise
5753,Computer Vision Engineer,Australia,Lead,170121,"PyTorch, NLP, Computer Vision",Mid-size
5754,Computer Vision Engineer,Germany,Lead,152741,"Data Visualization, Deep Learning, Python",Mid-size
5755,Computer Vision Engineer,Germany,Mid,86809,"PyTorch, TensorFlow, NLP",Mid-size
5756,Computer Vision Engineer,India,Mid,25767,"Python, MLOps, SQL",Mid-size
5757,Computer Vision Engineer,Canada,Mid,71045,"TensorFlow, MLOps, Computer Vision",Mid-size
5758,AI Engineer,Canada,Senior,149070,"MLOps, PyTorch, Deep Learning",Mid-size
5759,NLP Engineer,India,Lead,79091,"Python, Computer Vision, Data Visualization",Mid-size
5760,AI Engineer,UK,Lead,156074,"Data Visualization, Deep Learning, MLOps",Startup
5761,Data Scientist,USA,Lead,185614,"NLP, Python, Statistics",Startup
5762,Data Scientist,UK,Entry,21737,"SQL, PyTorch, NLP",Enterprise
5763,Computer Vision Engineer,USA,Entry,51519,"Deep Learning, NLP, TensorFlow",Mid-size
5764,NLP Engineer,Australia,Lead,208931,"PyTorch, MLOps, Computer Vision",Mid-size
5765,NLP Engineer,India,Lead,69901,"Data Visualization, Computer Vision, SQL",Enterprise
5766,NLP Engineer,UK,Entry,28126,"NLP, Deep Learning, Data Visualization",Startup
5767,ML Engineer,USA,Senior,155362,"Data Visualization, Python, Deep Learning",Enterprise
5768,Research Scientist,Canada,Senior,102940,"SQL, MLOps, Computer Vision",Enterprise
5769,Research Scientist,Australia,Senior,143000,"Data Visualization, Computer Vision, Statistics",Mid-size
5770,NLP Engineer,Australia,Senior,116160,"Deep Learning, Statistics, Computer Vision",Enterprise
5771,Deep Learning Engineer,Canada,Lead,199755,"TensorFlow, Statistics, Data Visualization",Startup
5772,Computer Vision Engineer,Germany,Lead,192188,"Deep Learning, PyTorch, Data Visualization",Startup
5773,Data Scientist,Australia,Entry,51507,"SQL, TensorFlow, PyTorch",Enterprise
5774,NLP Engineer,Australia,Mid,59875,"Deep Learning, Python, Data Visualization",Enterprise
5775,NLP Engineer,USA,Lead,235812,"Python, Deep Learning, Data Visualization",Startup
5776,Deep Learning Engineer,UK,Lead,198639,"PyTorch, Computer Vision, TensorFlow",Mid-size
5777,Data Analyst,Canada,Mid,76934,"SQL, MLOps, PyTorch",Mid-size
5778,Research Scientist,India,Senior,46947,"Statistics, TensorFlow, NLP",Startup
5779,NLP Engineer,Germany,Senior,91268,"Data Visualization, Deep Learning, Python",Mid-size
5780,ML Engineer,UK,Senior,110764,"TensorFlow, SQL, Statistics",Startup
5781,Data Scientist,India,Mid,26012,"PyTorch, SQL, TensorFlow",Mid-size
5782,Data Scientist,Canada,Entry,35073,"TensorFlow, Computer Vision, NLP",Startup
5783,AI Engineer,Germany,Lead,160325,"NLP, PyTorch, Computer Vision",Startup
5784,Deep Learning Engineer,Australia,Lead,168378,"Computer Vision, Deep Learning, NLP",Mid-size
5785,Computer Vision Engineer,Australia,Entry,45958,"TensorFlow, Computer Vision, Statistics",Enterprise
5786,AI Engineer,Australia,Senior,142212,"Python, NLP, Data Visualization",Mid-size
5787,NLP Engineer,USA,Mid,86748,"Computer Vision, TensorFlow, PyTorch",Startup
5788,NLP Engineer,Germany,Senior,106439,"SQL, Statistics, Computer Vision",Enterprise
5789,ML Engineer,Australia,Senior,131025,"Data Visualization, MLOps, NLP",Mid-size
5790,Computer Vision Engineer,Germany,Lead,187577,"Data Visualization, PyTorch, Statistics",Mid-size
5791,ML Engineer,Germany,Mid,52966,"Statistics, PyTorch, NLP",Mid-size
5792,ML Engineer,Australia,Senior,126273,"Python, Deep Learning, MLOps",Mid-size
5793,NLP Engineer,Australia,Lead,177555,"Computer Vision, NLP, PyTorch",Mid-size
5794,AI Engineer,Canada,Mid,85215,"Deep Learning, SQL, Computer Vision",Enterprise
5795,Deep Learning Engineer,Australia,Senior,122710,"TensorFlow, Statistics, SQL",Mid-size
5796,Research Scientist,USA,Lead,174381,"Statistics, Data Visualization, Deep Learning",Startup
5797,Data Analyst,Germany,Mid,76605,"PyTorch, SQL, Deep Learning",Startup
5798,Deep Learning Engineer,UK,Lead,157424,"Data Visualization, Statistics, Deep Learning",Mid-size
5799,ML Engineer,Germany,Mid,73987,"Computer Vision, Statistics, SQL",Mid-size
5800,AI Engineer,USA,Entry,57121,"SQL, Data Visualization, Python",Mid-size
5801,ML Engineer,Australia,Senior,151966,"Computer Vision, Deep Learning, TensorFlow",Mid-size
5802,Computer Vision Engineer,Germany,Lead,174635,"Python, TensorFlow, NLP",Enterprise
5803,Data Analyst,Canada,Entry,54477,"Data Visualization, TensorFlow, NLP",Enterprise
5804,ML Engineer,UK,Lead,181224,"MLOps, Data Visualization, Computer Vision",Mid-size
5805,Data Analyst,Canada,Mid,61964,"SQL, MLOps, Python",Enterprise
5806,Data Scientist,Australia,Mid,77855,"NLP, Deep Learning, SQL",Enterprise
5807,Research Scientist,Australia,Entry,45115,"Statistics, Python, PyTorch",Mid-size
5808,Computer Vision Engineer,India,Mid,30160,"Statistics, Deep Learning, Computer Vision",Enterprise
5809,Data Scientist,Canada,Entry,32297,"TensorFlow, Computer Vision, SQL",Mid-size
5810,Deep Learning Engineer,Australia,Mid,83630,"Deep Learning, Computer Vision, Data Visualization",Enterprise
5811,Research Scientist,UK,Entry,35063,"PyTorch, Data Visualization, Statistics",Mid-size
5812,Data Scientist,India,Lead,74086,"TensorFlow, PyTorch, Data Visualization",Enterprise
5813,Deep Learning Engineer,India,Entry,9098,"Statistics, Data Visualization, TensorFlow",Startup
5814,ML Engineer,UK,Senior,118071,"Computer Vision, TensorFlow, PyTorch",Startup
5815,Deep Learning Engineer,Germany,Entry,45137,"Statistics, MLOps, Data Visualization",Enterprise
5816,Deep Learning Engineer,Canada,Senior,134968,"Python, MLOps, TensorFlow",Mid-size
5817,NLP Engineer,India,Senior,42777,"TensorFlow, Deep Learning, SQL",Enterprise
5818,Deep Learning Engineer,Germany,Lead,177175,"PyTorch, Computer Vision, TensorFlow",Startup
5819,Data Analyst,Australia,Mid,62400,"Python, MLOps, Computer Vision",Enterprise
5820,Deep Learning Engineer,Australia,Lead,190174,"SQL, Deep Learning, Python",Startup
5821,Computer Vision Engineer,UK,Senior,90972,"Computer Vision, SQL, NLP",Mid-size
5822,Data Scientist,USA,Mid,91215,"TensorFlow, NLP, Statistics",Enterprise
5823,Computer Vision Engineer,USA,Entry,50410,"Computer Vision, SQL, Deep Learning",Startup
5824,Data Scientist,Canada,Entry,27050,"NLP, Python, TensorFlow",Enterprise
5825,Deep Learning Engineer,Canada,Senior,123926,"Python, Computer Vision, MLOps",Startup
5826,Data Scientist,Australia,Entry,53376,"Python, PyTorch, TensorFlow",Startup
5827,ML Engineer,UK,Senior,91522,"MLOps, NLP, Statistics",Startup
5828,Computer Vision Engineer,Germany,Senior,102328,"MLOps, Deep Learning, Statistics",Startup
5829,Deep Learning Engineer,India,Entry,10670,"Python, Computer Vision, Deep Learning",Startup
5830,Computer Vision Engineer,UK,Mid,72805,"Deep Learning, PyTorch, Statistics",Mid-size
5831,Research Scientist,USA,Entry,36350,"MLOps, Statistics, NLP",Enterprise
5832,NLP Engineer,India,Lead,56882,"Deep Learning, Computer Vision, Data Visualization",Mid-size
5833,ML Engineer,USA,Lead,187592,"Deep Learning, Data Visualization, TensorFlow",Startup
5834,Computer Vision Engineer,Australia,Lead,169236,"MLOps, Computer Vision, SQL",Mid-size
5835,Deep Learning Engineer,India,Mid,26023,"Deep Learning, Python, MLOps",Mid-size
5836,AI Engineer,Germany,Mid,67803,"TensorFlow, Python, Deep Learning",Mid-size
5837,AI Engineer,USA,Entry,26600,"MLOps, Statistics, SQL",Enterprise
5838,Research Scientist,UK,Senior,108254,"SQL, Statistics, Computer Vision",Startup
5839,Data Analyst,Australia,Mid,77161,"Statistics, TensorFlow, PyTorch",Enterprise
5840,AI Engineer,India,Entry,14686,"MLOps, Data Visualization, NLP",Enterprise
5841,NLP Engineer,Germany,Lead,194671,"PyTorch, Deep Learning, Computer Vision",Enterprise
5842,Research Scientist,India,Entry,15530,"TensorFlow, Statistics, SQL",Mid-size
5843,Deep Learning Engineer,UK,Entry,27260,"MLOps, Data Visualization, NLP",Mid-size
5844,Deep Learning Engineer,India,Senior,50116,"MLOps, PyTorch, SQL",Startup
5845,Computer Vision Engineer,India,Senior,36631,"Deep Learning, SQL, TensorFlow",Startup
5846,Deep Learning Engineer,Germany,Entry,34527,"Computer Vision, TensorFlow, SQL",Mid-size
5847,Computer Vision Engineer,Canada,Mid,60804,"TensorFlow, PyTorch, NLP",Startup
5848,Data Scientist,India,Senior,48606,"NLP, Python, TensorFlow",Enterprise
5849,Computer Vision Engineer,Canada,Mid,90074,"PyTorch, Statistics, Computer Vision",Enterprise
5850,Research Scientist,Germany,Senior,92364,"TensorFlow, Computer Vision, PyTorch",Startup
5851,AI Engineer,UK,Mid,55483,"Data Visualization, MLOps, SQL",Enterprise
5852,Computer Vision Engineer,UK,Lead,189671,"SQL, Computer Vision, NLP",Enterprise
5853,ML Engineer,Germany,Entry,33901,"Statistics, Python, MLOps",Mid-size
5854,Data Scientist,Germany,Senior,102501,"Data Visualization, Statistics, SQL",Startup
5855,ML Engineer,Canada,Entry,45052,"PyTorch, MLOps, NLP",Startup
5856,Research Scientist,Germany,Lead,189293,"Data Visualization, Computer Vision, PyTorch",Enterprise
5857,Data Analyst,Germany,Senior,108101,"SQL, Data Visualization, TensorFlow",Startup
5858,Computer Vision Engineer,USA,Lead,201603,"SQL, TensorFlow, Python",Mid-size
5859,Data Scientist,India,Entry,18760,"PyTorch, TensorFlow, Statistics",Mid-size
5860,Deep Learning Engineer,UK,Lead,182294,"Python, Deep Learning, PyTorch",Startup
5861,Computer Vision Engineer,Canada,Mid,70136,"Python, Deep Learning, PyTorch",Mid-size
5862,Data Scientist,Canada,Mid,87686,"Statistics, Computer Vision, TensorFlow",Enterprise
5863,Data Scientist,India,Lead,66518,"TensorFlow, Python, MLOps",Enterprise
5864,Research Scientist,USA,Entry,40833,"PyTorch, Computer Vision, Python",Enterprise
5865,ML Engineer,Germany,Mid,81574,"Deep Learning, Python, NLP",Mid-size
5866,NLP Engineer,Canada,Lead,214946,"TensorFlow, Data Visualization, PyTorch",Enterprise
5867,AI Engineer,Australia,Entry,41065,"Statistics, Computer Vision, MLOps",Enterprise
5868,ML Engineer,Canada,Lead,186624,"Deep Learning, PyTorch, MLOps",Startup
5869,AI Engineer,Germany,Lead,192485,"MLOps, Python, Computer Vision",Enterprise
5870,Deep Learning Engineer,India,Mid,33748,"Data Visualization, NLP, Statistics",Enterprise
5871,Data Scientist,India,Lead,62016,"MLOps, Deep Learning, NLP",Enterprise
5872,Data Scientist,Canada,Senior,121597,"PyTorch, TensorFlow, Computer Vision",Enterprise
5873,ML Engineer,UK,Mid,55004,"Deep Learning, NLP, Computer Vision",Enterprise
5874,ML Engineer,USA,Lead,183031,"Deep Learning, Data Visualization, MLOps",Enterprise
5875,Computer Vision Engineer,USA,Lead,198322,"Statistics, SQL, Deep Learning",Enterprise
5876,ML Engineer,India,Entry,9356,"NLP, SQL, Deep Learning",Mid-size
5877,Data Analyst,Australia,Lead,208313,"Deep Learning, Statistics, NLP",Mid-size
5878,Research Scientist,Canada,Mid,77107,"Deep Learning, SQL, Computer Vision",Startup
5879,ML Engineer,Australia,Senior,132792,"Deep Learning, Python, MLOps",Enterprise
5880,Data Scientist,India,Senior,48942,"TensorFlow, SQL, MLOps",Mid-size
5881,ML Engineer,Canada,Senior,140171,"Python, Statistics, MLOps",Enterprise
5882,Computer Vision Engineer,USA,Mid,85188,"TensorFlow, NLP, Deep Learning",Mid-size
5883,AI Engineer,USA,Entry,47323,"Statistics, Python, NLP",Startup
5884,Data Scientist,Germany,Lead,198445,"Computer Vision, SQL, MLOps",Enterprise
5885,ML Engineer,Australia,Senior,120219,"Statistics, Deep Learning, NLP",Mid-size
5886,ML Engineer,USA,Mid,83275,"PyTorch, Statistics, SQL",Mid-size
5887,Computer Vision Engineer,Germany,Entry,47122,"NLP, Deep Learning, Statistics",Enterprise
5888,Computer Vision Engineer,Australia,Senior,133999,"PyTorch, Data Visualization, Python",Enterprise
5889,Computer Vision Engineer,Germany,Lead,185665,"Statistics, SQL, Data Visualization",Enterprise
5890,AI Engineer,UK,Entry,47281,"Deep Learning, Computer Vision, TensorFlow",Mid-size
5891,Computer Vision Engineer,Australia,Mid,80042,"PyTorch, Deep Learning, TensorFlow",Enterprise
5892,Data Analyst,UK,Entry,48355,"Deep Learning, PyTorch, MLOps",Startup
5893,Data Analyst,India,Lead,73140,"SQL, Computer Vision, Data Visualization",Mid-size
5894,Deep Learning Engineer,Australia,Mid,74229,"Computer Vision, TensorFlow, Statistics",Mid-size
5895,AI Engineer,Canada,Mid,55176,"Python, Computer Vision, Deep Learning",Enterprise
5896,Deep Learning Engineer,Germany,Lead,172394,"Deep Learning, PyTorch, Python",Enterprise
5897,Data Analyst,UK,Entry,28418,"PyTorch, Python, MLOps",Enterprise
5898,AI Engineer,UK,Senior,111972,"TensorFlow, Statistics, Computer Vision",Startup
5899,Data Scientist,Australia,Senior,134361,"Data Visualization, Python, SQL",Mid-size
5900,Research Scientist,UK,Entry,30614,"NLP, Deep Learning, Statistics",Enterprise
5901,Data Analyst,Canada,Mid,79239,"Statistics, PyTorch, TensorFlow",Mid-size
5902,ML Engineer,India,Senior,52016,"MLOps, NLP, TensorFlow",Enterprise
5903,Deep Learning Engineer,Germany,Senior,139665,"Data Visualization, Deep Learning, TensorFlow",Mid-size
5904,Research Scientist,Germany,Mid,58192,"Python, MLOps, Statistics",Mid-size
5905,Research Scientist,Australia,Entry,28290,"SQL, NLP, Deep Learning",Enterprise
5906,AI Engineer,UK,Lead,150412,"Statistics, Deep Learning, NLP",Enterprise
5907,Deep Learning Engineer,UK,Mid,65817,"MLOps, PyTorch, Deep Learning",Mid-size
5908,Deep Learning Engineer,Germany,Entry,26624,"SQL, NLP, Python",Mid-size
5909,Data Scientist,Australia,Mid,96160,"Computer Vision, TensorFlow, Statistics",Enterprise
5910,AI Engineer,USA,Senior,142836,"NLP, MLOps, SQL",Mid-size
5911,AI Engineer,Canada,Lead,183302,"NLP, SQL, Computer Vision",Startup
5912,Research Scientist,Canada,Mid,55462,"Computer Vision, PyTorch, Statistics",Enterprise
5913,AI Engineer,Australia,Entry,25124,"Computer Vision, Python, Data Visualization",Startup
5914,Data Analyst,Canada,Mid,84107,"Python, PyTorch, Data Visualization",Startup
5915,NLP Engineer,Germany,Lead,141858,"MLOps, SQL, Data Visualization",Mid-size
5916,Research Scientist,Germany,Senior,124833,"TensorFlow, PyTorch, Deep Learning",Enterprise
5917,Deep Learning Engineer,UK,Senior,138005,"SQL, TensorFlow, Statistics",Enterprise
5918,NLP Engineer,Australia,Entry,54411,"PyTorch, Deep Learning, SQL",Mid-size
5919,Data Analyst,Canada,Mid,65171,"Deep Learning, Statistics, Data Visualization",Enterprise
5920,AI Engineer,India,Mid,26783,"Python, TensorFlow, Deep Learning",Enterprise
5921,Data Scientist,Australia,Lead,179110,"Deep Learning, Python, TensorFlow",Enterprise
5922,ML Engineer,Canada,Entry,41140,"Statistics, Python, PyTorch",Startup
5923,Deep Learning Engineer,Canada,Lead,184725,"TensorFlow, SQL, NLP",Enterprise
5924,NLP Engineer,Australia,Lead,219792,"TensorFlow, MLOps, Computer Vision",Enterprise
5925,ML Engineer,India,Lead,65589,"Python, MLOps, PyTorch",Mid-size
5926,Deep Learning Engineer,India,Senior,45344,"Computer Vision, MLOps, NLP",Startup
5927,Deep Learning Engineer,USA,Entry,34959,"PyTorch, NLP, MLOps",Mid-size
5928,ML Engineer,Canada,Entry,22628,"TensorFlow, Statistics, Deep Learning",Enterprise
5929,Data Analyst,Canada,Lead,155359,"Deep Learning, Statistics, MLOps",Startup
5930,Research Scientist,UK,Lead,151971,"Data Visualization, Python, SQL",Enterprise
5931,Research Scientist,India,Mid,33714,"SQL, PyTorch, TensorFlow",Enterprise
5932,Deep Learning Engineer,Germany,Mid,87410,"Data Visualization, Computer Vision, SQL",Startup
5933,Data Analyst,UK,Mid,71703,"MLOps, NLP, Deep Learning",Enterprise
5934,NLP Engineer,Australia,Mid,67538,"Deep Learning, SQL, Computer Vision",Enterprise
5935,Computer Vision Engineer,USA,Entry,50689,"Python, SQL, Deep Learning",Enterprise
5936,Deep Learning Engineer,USA,Entry,33300,"TensorFlow, SQL, NLP",Enterprise
5937,Data Scientist,Germany,Entry,34410,"Computer Vision, Deep Learning, MLOps",Startup
5938,Computer Vision Engineer,UK,Entry,36747,"SQL, MLOps, Statistics",Startup
5939,Computer Vision Engineer,UK,Mid,86005,"Statistics, Python, Data Visualization",Enterprise
5940,Computer Vision Engineer,India,Senior,55483,"NLP, Deep Learning, SQL",Startup
5941,NLP Engineer,USA,Entry,56964,"NLP, Python, Deep Learning",Startup
5942,Data Analyst,USA,Lead,201532,"NLP, Statistics, Computer Vision",Enterprise
5943,ML Engineer,Germany,Senior,92944,"Data Visualization, SQL, Python",Mid-size
5944,AI Engineer,Canada,Entry,28441,"Python, PyTorch, Computer Vision",Enterprise
5945,AI Engineer,Canada,Entry,48644,"NLP, SQL, Deep Learning",Mid-size
5946,Data Analyst,Canada,Mid,84091,"Deep Learning, TensorFlow, PyTorch",Mid-size
5947,Deep Learning Engineer,Germany,Lead,148396,"Statistics, PyTorch, Data Visualization",Startup
5948,AI Engineer,Germany,Senior,106945,"PyTorch, Computer Vision, Deep Learning",Startup
5949,Data Analyst,UK,Mid,53314,"Deep Learning, PyTorch, Data Visualization",Mid-size
5950,Data Analyst,Germany,Lead,175574,"Computer Vision, Python, SQL",Enterprise
5951,Data Scientist,India,Mid,27455,"PyTorch, Deep Learning, MLOps",Mid-size
5952,Computer Vision Engineer,Australia,Entry,32001,"Statistics, NLP, Computer Vision",Enterprise
5953,ML Engineer,USA,Lead,169742,"Data Visualization, SQL, MLOps",Mid-size
5954,AI Engineer,India,Lead,60087,"Statistics, Deep Learning, MLOps",Startup
5955,Computer Vision Engineer,Germany,Senior,96096,"Python, Statistics, PyTorch",Enterprise
5956,Data Scientist,Germany,Lead,161094,"Computer Vision, Python, PyTorch",Startup
5957,Computer Vision Engineer,Canada,Mid,98293,"Data Visualization, PyTorch, Python",Mid-size
5958,Research Scientist,India,Senior,36049,"Computer Vision, Statistics, PyTorch",Startup
5959,Research Scientist,India,Mid,22363,"Data Visualization, MLOps, Python",Mid-size
5960,Research Scientist,Australia,Mid,73822,"MLOps, TensorFlow, Python",Mid-size
5961,ML Engineer,Australia,Lead,212501,"Python, PyTorch, NLP",Startup
5962,NLP Engineer,UK,Senior,105793,"Statistics, Data Visualization, TensorFlow",Startup
5963,Research Scientist,India,Mid,28050,"Data Visualization, Statistics, TensorFlow",Startup
5964,NLP Engineer,USA,Mid,60432,"TensorFlow, Deep Learning, Computer Vision",Enterprise
5965,Data Analyst,Canada,Entry,27442,"MLOps, SQL, Statistics",Startup
5966,Data Analyst,India,Entry,12848,"Python, PyTorch, Statistics",Startup
5967,Computer Vision Engineer,Australia,Lead,171891,"MLOps, PyTorch, Statistics",Enterprise
5968,Data Analyst,USA,Lead,229896,"MLOps, Statistics, Computer Vision",Startup
5969,NLP Engineer,Australia,Mid,69447,"SQL, TensorFlow, Python",Startup
5970,Data Scientist,India,Mid,30454,"Python, NLP, Data Visualization",Enterprise
5971,AI Engineer,Canada,Senior,126681,"Statistics, NLP, Deep Learning",Mid-size
5972,NLP Engineer,USA,Mid,99969,"Computer Vision, Python, MLOps",Mid-size
5973,ML Engineer,Canada,Lead,194398,"SQL, Deep Learning, Computer Vision",Enterprise
5974,Data Analyst,Canada,Lead,218458,"PyTorch, TensorFlow, Python",Mid-size
5975,AI Engineer,USA,Senior,129649,"TensorFlow, PyTorch, NLP",Startup
5976,Research Scientist,UK,Mid,75832,"NLP, PyTorch, Deep Learning",Mid-size
5977,Data Scientist,UK,Lead,149989,"Computer Vision, SQL, Python",Startup
5978,Computer Vision Engineer,UK,Entry,43930,"Python, Data Visualization, Deep Learning",Mid-size
5979,NLP Engineer,Germany,Entry,44638,"PyTorch, Statistics, Computer Vision",Mid-size
5980,ML Engineer,Germany,Senior,115706,"Python, PyTorch, MLOps",Startup
5981,ML Engineer,USA,Mid,66034,"PyTorch, Statistics, MLOps",Mid-size
5982,Data Scientist,Australia,Lead,201506,"Statistics, NLP, MLOps",Enterprise
5983,Data Scientist,Canada,Mid,71157,"PyTorch, Data Visualization, TensorFlow",Startup
5984,NLP Engineer,UK,Senior,101144,"MLOps, Computer Vision, Statistics",Enterprise
5985,ML Engineer,Germany,Entry,44834,"PyTorch, NLP, Deep Learning",Mid-size
5986,NLP Engineer,Canada,Entry,35020,"TensorFlow, SQL, Computer Vision",Mid-size
5987,Computer Vision Engineer,India,Mid,31371,"NLP, PyTorch, Deep Learning",Enterprise
5988,AI Engineer,Germany,Entry,40754,"TensorFlow, Statistics, Deep Learning",Enterprise
5989,NLP Engineer,India,Senior,44230,"Statistics, Python, PyTorch",Mid-size
5990,Research Scientist,Canada,Entry,22729,"Computer Vision, SQL, Deep Learning",Startup
5991,AI Engineer,Australia,Lead,178943,"NLP, Deep Learning, Data Visualization",Mid-size
5992,Computer Vision Engineer,UK,Senior,113390,"SQL, NLP, Computer Vision",Startup
5993,NLP Engineer,Canada,Senior,122408,"PyTorch, SQL, TensorFlow",Startup
5994,NLP Engineer,UK,Entry,41037,"Deep Learning, Statistics, PyTorch",Enterprise
5995,Data Analyst,USA,Senior,141704,"TensorFlow, Computer Vision, Statistics",Mid-size
5996,AI Engineer,Canada,Senior,110744,"Python, Statistics, NLP",Startup
5997,NLP Engineer,Germany,Senior,95774,"Data Visualization, Python, MLOps",Mid-size
5998,NLP Engineer,UK,Senior,97347,"Statistics, PyTorch, SQL",Mid-size
5999,Data Analyst,Australia,Lead,200703,"Deep Learning, Computer Vision, MLOps",Mid-size
6000,AI Engineer,Germany,Entry,21688,"PyTorch, Data Visualization, SQL",Enterprise
6001,Computer Vision Engineer,Canada,Mid,97737,"PyTorch, Python, Computer Vision",Startup
6002,Data Analyst,India,Entry,17926,"Statistics, Computer Vision, Data Visualization",Enterprise
6003,AI Engineer,UK,Senior,105470,"Computer Vision, PyTorch, Python",Enterprise
6004,NLP Engineer,Canada,Mid,75109,"Statistics, Data Visualization, Computer Vision",Mid-size
6005,Computer Vision Engineer,Australia,Senior,110178,"TensorFlow, Computer Vision, Data Visualization",Startup
6006,Research Scientist,UK,Mid,61338,"SQL, Deep Learning, NLP",Mid-size
6007,Deep Learning Engineer,Australia,Senior,150852,"Python, Data Visualization, PyTorch",Mid-size
6008,Deep Learning Engineer,UK,Senior,131182,"MLOps, Computer Vision, Python",Enterprise
6009,AI Engineer,UK,Senior,98325,"Statistics, Python, Computer Vision",Mid-size
6010,Data Analyst,Germany,Mid,66485,"Statistics, PyTorch, Computer Vision",Enterprise
6011,AI Engineer,Germany,Entry,39112,"PyTorch, Python, Data Visualization",Startup
6012,Computer Vision Engineer,UK,Mid,65702,"Deep Learning, Data Visualization, Statistics",Startup
6013,Deep Learning Engineer,India,Lead,78582,"Statistics, Python, SQL",Enterprise
6014,AI Engineer,Germany,Mid,69343,"Deep Learning, SQL, Data Visualization",Startup
6015,Deep Learning Engineer,Germany,Mid,61612,"Deep Learning, Python, TensorFlow",Enterprise
6016,Data Scientist,India,Lead,70933,"Python, MLOps, Computer Vision",Mid-size
6017,Data Scientist,UK,Lead,192365,"Computer Vision, Data Visualization, SQL",Enterprise
6018,Data Scientist,USA,Senior,159511,"TensorFlow, SQL, Data Visualization",Startup
6019,Computer Vision Engineer,Canada,Senior,135089,"Data Visualization, Computer Vision, TensorFlow",Mid-size
6020,NLP Engineer,Australia,Mid,79852,"PyTorch, Statistics, SQL",Enterprise
6021,Research Scientist,India,Mid,21475,"Python, PyTorch, TensorFlow",Startup
6022,Research Scientist,Australia,Entry,38155,"PyTorch, Computer Vision, NLP",Enterprise
6023,Data Scientist,USA,Lead,214874,"Data Visualization, PyTorch, NLP",Startup
6024,Deep Learning Engineer,UK,Lead,197678,"TensorFlow, Computer Vision, PyTorch",Enterprise
6025,Data Analyst,Germany,Lead,157187,"Data Visualization, Deep Learning, PyTorch",Enterprise
6026,Data Scientist,Canada,Mid,55842,"NLP, Data Visualization, SQL",Startup
6027,AI Engineer,Germany,Entry,23527,"NLP, PyTorch, MLOps",Startup
6028,Deep Learning Engineer,USA,Lead,230953,"Python, TensorFlow, Statistics",Enterprise
6029,Data Analyst,Canada,Lead,166984,"MLOps, PyTorch, Python",Enterprise
6030,Research Scientist,USA,Lead,204668,"Data Visualization, Deep Learning, TensorFlow",Startup
6031,Data Scientist,Australia,Mid,86666,"MLOps, Python, Data Visualization",Startup
6032,NLP Engineer,UK,Senior,92450,"NLP, MLOps, Statistics",Enterprise
6033,Deep Learning Engineer,UK,Entry,38417,"Python, SQL, NLP",Enterprise
6034,Research Scientist,USA,Mid,72566,"Computer Vision, Python, Data Visualization",Startup
6035,ML Engineer,Australia,Entry,33790,"TensorFlow, Python, Deep Learning",Startup
6036,Computer Vision Engineer,Australia,Senior,146726,"Computer Vision, NLP, Statistics",Startup
6037,Computer Vision Engineer,Australia,Lead,191615,"Statistics, Deep Learning, MLOps",Enterprise
6038,Research Scientist,USA,Entry,26496,"Computer Vision, Data Visualization, Deep Learning",Mid-size
6039,Data Analyst,Australia,Mid,91265,"TensorFlow, NLP, MLOps",Startup
6040,AI Engineer,Australia,Senior,108091,"PyTorch, Python, SQL",Startup
6041,Research Scientist,Australia,Entry,35706,"MLOps, TensorFlow, SQL",Mid-size
6042,Computer Vision Engineer,India,Lead,64323,"Statistics, NLP, TensorFlow",Mid-size
6043,Research Scientist,UK,Entry,25350,"TensorFlow, Statistics, Python",Enterprise
6044,ML Engineer,USA,Mid,89661,"TensorFlow, MLOps, Python",Enterprise
6045,Research Scientist,UK,Lead,196806,"NLP, Computer Vision, TensorFlow",Enterprise
6046,Data Analyst,India,Lead,60513,"SQL, Deep Learning, TensorFlow",Startup
6047,NLP Engineer,USA,Lead,186837,"Statistics, PyTorch, NLP",Mid-size
6048,Data Analyst,Germany,Lead,177893,"PyTorch, Computer Vision, NLP",Startup
6049,Research Scientist,Australia,Lead,174397,"MLOps, Statistics, Deep Learning",Enterprise
6050,Computer Vision Engineer,Canada,Lead,155461,"Deep Learning, PyTorch, Computer Vision",Startup
6051,AI Engineer,UK,Senior,93699,"SQL, Computer Vision, PyTorch",Startup
6052,Data Scientist,India,Entry,15462,"Python, PyTorch, SQL",Enterprise
6053,Data Scientist,USA,Senior,143497,"Python, SQL, NLP",Startup
6054,Deep Learning Engineer,UK,Mid,62517,"Statistics, Deep Learning, SQL",Enterprise
6055,Computer Vision Engineer,USA,Senior,129589,"SQL, Data Visualization, PyTorch",Startup
6056,Computer Vision Engineer,Australia,Senior,121447,"Statistics, SQL, Data Visualization",Startup
6057,ML Engineer,Germany,Mid,86205,"NLP, PyTorch, SQL",Mid-size
6058,Deep Learning Engineer,Germany,Lead,185733,"SQL, TensorFlow, MLOps",Enterprise
6059,Data Analyst,Germany,Senior,108088,"TensorFlow, Computer Vision, NLP",Startup
6060,AI Engineer,UK,Entry,26074,"Computer Vision, MLOps, Data Visualization",Startup
6061,ML Engineer,Australia,Mid,98094,"MLOps, PyTorch, NLP",Mid-size
6062,Data Scientist,Canada,Mid,91995,"Deep Learning, MLOps, Data Visualization",Mid-size
6063,AI Engineer,USA,Entry,27664,"PyTorch, Computer Vision, SQL",Startup
6064,Deep Learning Engineer,Canada,Mid,71577,"Data Visualization, Python, Deep Learning",Startup
6065,AI Engineer,Germany,Lead,148896,"MLOps, SQL, Statistics",Enterprise
6066,Deep Learning Engineer,India,Senior,51983,"Deep Learning, SQL, Statistics",Startup
6067,ML Engineer,India,Mid,23896,"Data Visualization, PyTorch, TensorFlow",Mid-size
6068,NLP Engineer,USA,Mid,65949,"NLP, MLOps, Python",Startup
6069,NLP Engineer,UK,Lead,185732,"TensorFlow, SQL, Python",Enterprise
6070,Research Scientist,USA,Lead,226206,"TensorFlow, NLP, PyTorch",Startup
6071,AI Engineer,Germany,Mid,67246,"Data Visualization, Statistics, TensorFlow",Startup
6072,Data Analyst,Australia,Senior,101590,"MLOps, SQL, Python",Enterprise
6073,ML Engineer,Australia,Mid,83505,"TensorFlow, SQL, Deep Learning",Enterprise
6074,Computer Vision Engineer,Canada,Entry,22617,"PyTorch, SQL, Deep Learning",Mid-size
6075,Data Analyst,India,Entry,17520,"Computer Vision, NLP, Python",Enterprise
6076,NLP Engineer,Germany,Entry,32393,"SQL, Computer Vision, Statistics",Enterprise
6077,ML Engineer,Australia,Mid,80693,"Statistics, Deep Learning, Data Visualization",Startup
6078,NLP Engineer,UK,Entry,43682,"TensorFlow, Statistics, PyTorch",Startup
6079,NLP Engineer,India,Lead,57048,"MLOps, Statistics, Deep Learning",Enterprise
6080,Deep Learning Engineer,Australia,Lead,213961,"Computer Vision, SQL, MLOps",Startup
6081,Deep Learning Engineer,UK,Mid,71164,"MLOps, Statistics, Data Visualization",Mid-size
6082,Data Analyst,Germany,Senior,128968,"Data Visualization, Computer Vision, SQL",Mid-size
6083,ML Engineer,Germany,Senior,97213,"Computer Vision, Deep Learning, Statistics",Mid-size
6084,Computer Vision Engineer,Canada,Senior,128540,"MLOps, Data Visualization, NLP",Mid-size
6085,Research Scientist,Germany,Senior,91046,"TensorFlow, Computer Vision, Python",Startup
6086,Data Scientist,Germany,Lead,145719,"Data Visualization, Python, Computer Vision",Mid-size
6087,Computer Vision Engineer,Germany,Senior,138366,"Data Visualization, SQL, Python",Mid-size
6088,Research Scientist,USA,Mid,72422,"NLP, Computer Vision, SQL",Enterprise
6089,ML Engineer,Canada,Mid,89576,"MLOps, PyTorch, Python",Mid-size
6090,Data Scientist,India,Mid,28621,"NLP, TensorFlow, Data Visualization",Enterprise
6091,NLP Engineer,UK,Entry,28936,"Computer Vision, MLOps, Statistics",Startup
6092,Data Analyst,Canada,Mid,96643,"Computer Vision, Data Visualization, SQL",Mid-size
6093,Deep Learning Engineer,Australia,Senior,126157,"Deep Learning, PyTorch, Statistics",Startup
6094,AI Engineer,India,Entry,8978,"Statistics, NLP, PyTorch",Enterprise
6095,Deep Learning Engineer,Canada,Entry,30523,"SQL, PyTorch, MLOps",Enterprise
6096,Research Scientist,USA,Lead,238699,"Data Visualization, TensorFlow, PyTorch",Mid-size
6097,Data Analyst,Australia,Lead,201261,"SQL, Statistics, Deep Learning",Startup
6098,Data Scientist,Germany,Mid,64724,"Data Visualization, NLP, MLOps",Startup
6099,ML Engineer,Australia,Senior,116384,"Python, Computer Vision, PyTorch",Mid-size
6100,Deep Learning Engineer,Australia,Mid,69109,"PyTorch, SQL, MLOps",Enterprise
6101,ML Engineer,USA,Entry,43977,"MLOps, NLP, Data Visualization",Startup
6102,Computer Vision Engineer,Australia,Mid,83653,"Statistics, TensorFlow, SQL",Startup
6103,Computer Vision Engineer,USA,Lead,184456,"Statistics, Python, Deep Learning",Enterprise
6104,Data Analyst,Canada,Senior,134139,"SQL, Statistics, Deep Learning",Enterprise
6105,Deep Learning Engineer,Germany,Mid,66267,"NLP, Deep Learning, Computer Vision",Enterprise
6106,Computer Vision Engineer,Germany,Entry,25136,"NLP, Data Visualization, Python",Mid-size
6107,ML Engineer,USA,Senior,123825,"TensorFlow, SQL, Data Visualization",Enterprise
6108,Data Analyst,India,Entry,11227,"NLP, PyTorch, SQL",Mid-size
6109,Data Scientist,USA,Entry,28354,"PyTorch, Data Visualization, Computer Vision",Startup
6110,ML Engineer,Germany,Mid,61324,"MLOps, Statistics, Deep Learning",Enterprise
6111,NLP Engineer,India,Senior,51784,"Deep Learning, Computer Vision, Python",Mid-size
6112,Research Scientist,Australia,Mid,71909,"Statistics, MLOps, Computer Vision",Startup
6113,AI Engineer,Australia,Entry,51650,"Data Visualization, SQL, Deep Learning",Startup
6114,AI Engineer,UK,Mid,63691,"MLOps, Deep Learning, Computer Vision",Startup
6115,AI Engineer,UK,Senior,98645,"Python, SQL, Statistics",Mid-size
6116,ML Engineer,USA,Lead,229838,"MLOps, NLP, PyTorch",Mid-size
6117,ML Engineer,UK,Lead,160064,"PyTorch, TensorFlow, Deep Learning",Enterprise
6118,AI Engineer,Germany,Mid,85169,"Statistics, Computer Vision, Data Visualization",Startup
6119,Data Analyst,India,Lead,63117,"MLOps, Computer Vision, Statistics",Mid-size
6120,Data Scientist,USA,Mid,100412,"PyTorch, Statistics, Data Visualization",Enterprise
6121,AI Engineer,India,Lead,56212,"SQL, Statistics, PyTorch",Startup
6122,AI Engineer,India,Mid,31357,"Statistics, SQL, TensorFlow",Mid-size
6123,ML Engineer,Germany,Lead,164090,"NLP, TensorFlow, Data Visualization",Enterprise
6124,AI Engineer,Germany,Mid,52781,"NLP, Deep Learning, Data Visualization",Mid-size
6125,AI Engineer,UK,Mid,84956,"Computer Vision, SQL, Deep Learning",Enterprise
6126,AI Engineer,India,Lead,76450,"TensorFlow, Data Visualization, Deep Learning",Enterprise
6127,ML Engineer,Germany,Mid,72110,"NLP, Computer Vision, SQL",Mid-size
6128,ML Engineer,UK,Senior,134023,"PyTorch, Python, Deep Learning",Startup
6129,ML Engineer,Germany,Entry,45073,"NLP, Python, SQL",Mid-size
6130,Computer Vision Engineer,Germany,Senior,100694,"NLP, SQL, TensorFlow",Startup
6131,Research Scientist,Canada,Lead,189685,"Data Visualization, PyTorch, Deep Learning",Enterprise
6132,Data Scientist,USA,Lead,224488,"PyTorch, Deep Learning, SQL",Mid-size
6133,Deep Learning Engineer,Australia,Entry,42825,"Statistics, Python, PyTorch",Mid-size
6134,Deep Learning Engineer,Australia,Senior,123659,"Data Visualization, TensorFlow, SQL",Mid-size
6135,Data Analyst,Germany,Entry,37765,"NLP, SQL, Data Visualization",Mid-size
6136,NLP Engineer,India,Mid,20483,"Python, PyTorch, MLOps",Startup
6137,Data Scientist,Canada,Senior,120697,"Computer Vision, PyTorch, TensorFlow",Startup
6138,Research Scientist,Germany,Entry,35067,"Data Visualization, Statistics, MLOps",Enterprise
6139,Computer Vision Engineer,Germany,Mid,74274,"Computer Vision, Statistics, SQL",Mid-size
6140,Computer Vision Engineer,USA,Senior,123699,"NLP, PyTorch, MLOps",Startup
6141,Data Scientist,Germany,Lead,174750,"MLOps, Statistics, PyTorch",Enterprise
6142,Research Scientist,Germany,Lead,188166,"SQL, Deep Learning, Python",Startup
6143,Computer Vision Engineer,Canada,Lead,170000,"SQL, PyTorch, Data Visualization",Enterprise
6144,Deep Learning Engineer,USA,Entry,34507,"Data Visualization, Python, Deep Learning",Enterprise
6145,AI Engineer,Germany,Mid,66832,"SQL, Python, Statistics",Enterprise
6146,Deep Learning Engineer,Australia,Lead,213959,"Statistics, SQL, MLOps",Mid-size
6147,Data Analyst,Canada,Mid,60339,"TensorFlow, Python, PyTorch",Mid-size
6148,Data Scientist,India,Senior,37297,"NLP, Deep Learning, TensorFlow",Enterprise
6149,Research Scientist,Canada,Mid,92794,"SQL, PyTorch, Computer Vision",Enterprise
6150,ML Engineer,Germany,Lead,185577,"Python, NLP, MLOps",Enterprise
6151,Deep Learning Engineer,USA,Entry,45127,"NLP, TensorFlow, Python",Enterprise
6152,Deep Learning Engineer,USA,Senior,124444,"TensorFlow, SQL, NLP",Startup
6153,Deep Learning Engineer,USA,Entry,30678,"Python, MLOps, SQL",Mid-size
6154,Data Analyst,Germany,Entry,28906,"PyTorch, MLOps, Statistics",Mid-size
6155,Deep Learning Engineer,Germany,Mid,58457,"TensorFlow, MLOps, Deep Learning",Mid-size
6156,NLP Engineer,Canada,Lead,179777,"NLP, Computer Vision, Python",Startup
6157,AI Engineer,Australia,Senior,136776,"Deep Learning, SQL, Data Visualization",Enterprise
6158,NLP Engineer,USA,Senior,126511,"PyTorch, Statistics, Deep Learning",Enterprise
6159,ML Engineer,Canada,Mid,81514,"PyTorch, Deep Learning, Data Visualization",Mid-size
6160,Deep Learning Engineer,Australia,Entry,24152,"Data Visualization, TensorFlow, Deep Learning",Startup
6161,Computer Vision Engineer,Australia,Mid,93815,"Deep Learning, Data Visualization, SQL",Mid-size
6162,NLP Engineer,Canada,Senior,107195,"Statistics, Computer Vision, SQL",Mid-size
6163,Research Scientist,UK,Senior,104389,"MLOps, Deep Learning, Computer Vision",Mid-size
6164,NLP Engineer,India,Lead,70512,"TensorFlow, SQL, MLOps",Startup
6165,Computer Vision Engineer,USA,Mid,73045,"Deep Learning, Python, Statistics",Enterprise
6166,Computer Vision Engineer,UK,Entry,20175,"NLP, Statistics, MLOps",Startup
6167,Deep Learning Engineer,Germany,Senior,132354,"PyTorch, SQL, Statistics",Mid-size
6168,NLP Engineer,Canada,Lead,209108,"PyTorch, NLP, TensorFlow",Enterprise
6169,AI Engineer,UK,Mid,59812,"Computer Vision, PyTorch, Python",Startup
6170,Data Analyst,USA,Senior,134677,"Statistics, PyTorch, Python",Startup
6171,Deep Learning Engineer,India,Senior,40307,"SQL, TensorFlow, PyTorch",Startup
6172,Data Analyst,UK,Entry,37615,"MLOps, NLP, SQL",Enterprise
6173,Data Scientist,Canada,Lead,214663,"SQL, Python, Statistics",Enterprise
6174,NLP Engineer,Germany,Mid,54014,"Statistics, PyTorch, Data Visualization",Enterprise
6175,Research Scientist,USA,Lead,194176,"Computer Vision, NLP, Statistics",Mid-size
6176,Research Scientist,Germany,Entry,43386,"SQL, Computer Vision, Statistics",Startup
6177,ML Engineer,USA,Lead,224218,"Python, Statistics, SQL",Startup
6178,AI Engineer,USA,Mid,73936,"SQL, TensorFlow, Statistics",Enterprise
6179,Research Scientist,UK,Lead,186606,"Statistics, Deep Learning, PyTorch",Startup
6180,NLP Engineer,India,Mid,25592,"Deep Learning, Statistics, MLOps",Startup
6181,Research Scientist,India,Entry,12099,"Deep Learning, SQL, Data Visualization",Startup
6182,Research Scientist,Canada,Lead,163401,"Computer Vision, Statistics, TensorFlow",Startup
6183,AI Engineer,USA,Mid,75214,"SQL, PyTorch, MLOps",Mid-size
6184,Computer Vision Engineer,USA,Mid,83887,"Python, TensorFlow, NLP",Startup
6185,Data Analyst,Canada,Mid,73201,"Statistics, Deep Learning, Computer Vision",Mid-size
6186,AI Engineer,Australia,Lead,157719,"Computer Vision, TensorFlow, MLOps",Startup
6187,Deep Learning Engineer,Australia,Mid,98292,"PyTorch, MLOps, Data Visualization",Enterprise
6188,ML Engineer,Australia,Mid,77298,"Python, NLP, Data Visualization",Startup
6189,NLP Engineer,Canada,Senior,128159,"PyTorch, MLOps, Python",Mid-size
6190,Data Analyst,India,Lead,78586,"Data Visualization, Computer Vision, MLOps",Mid-size
6191,Computer Vision Engineer,Australia,Mid,60553,"Python, Statistics, TensorFlow",Startup
6192,ML Engineer,UK,Entry,41088,"NLP, Deep Learning, TensorFlow",Enterprise
6193,Research Scientist,USA,Mid,61468,"Python, Computer Vision, MLOps",Startup
6194,ML Engineer,Canada,Entry,35312,"Deep Learning, TensorFlow, Computer Vision",Mid-size
6195,AI Engineer,Australia,Mid,80290,"NLP, TensorFlow, Computer Vision",Startup
6196,AI Engineer,Australia,Mid,72206,"Data Visualization, PyTorch, Deep Learning",Startup
6197,Deep Learning Engineer,UK,Mid,67399,"TensorFlow, Deep Learning, PyTorch",Startup
6198,Deep Learning Engineer,UK,Entry,35330,"Python, NLP, SQL",Mid-size
6199,AI Engineer,India,Entry,14656,"Python, Statistics, TensorFlow",Enterprise
6200,NLP Engineer,UK,Entry,43225,"Data Visualization, MLOps, Computer Vision",Startup
6201,AI Engineer,Germany,Lead,190546,"Deep Learning, MLOps, TensorFlow",Startup
6202,Computer Vision Engineer,India,Entry,8940,"Data Visualization, NLP, Deep Learning",Enterprise
6203,AI Engineer,Canada,Mid,66146,"Python, MLOps, Data Visualization",Mid-size
6204,Deep Learning Engineer,Germany,Lead,175702,"Python, Statistics, SQL",Mid-size
6205,AI Engineer,Canada,Senior,113852,"SQL, Python, MLOps",Startup
6206,NLP Engineer,Canada,Lead,159164,"Deep Learning, Computer Vision, PyTorch",Mid-size
6207,ML Engineer,Australia,Entry,39823,"Deep Learning, Computer Vision, Python",Enterprise
6208,Data Scientist,UK,Lead,171152,"Deep Learning, TensorFlow, Python",Mid-size
6209,AI Engineer,Germany,Entry,36800,"TensorFlow, Deep Learning, NLP",Enterprise
6210,AI Engineer,UK,Mid,88767,"Deep Learning, SQL, Statistics",Startup
6211,Research Scientist,USA,Entry,34724,"Computer Vision, NLP, PyTorch",Mid-size
6212,Data Analyst,India,Lead,65646,"Deep Learning, Data Visualization, TensorFlow",Startup
6213,Deep Learning Engineer,Canada,Entry,47017,"Python, NLP, PyTorch",Startup
6214,AI Engineer,India,Senior,49648,"Deep Learning, Statistics, Computer Vision",Mid-size
6215,Data Analyst,Germany,Entry,39264,"Python, Data Visualization, NLP",Startup
6216,NLP Engineer,Germany,Mid,81130,"Deep Learning, TensorFlow, Data Visualization",Mid-size
6217,Research Scientist,Germany,Entry,26125,"Deep Learning, Statistics, Data Visualization",Mid-size
6218,Research Scientist,USA,Lead,168764,"Computer Vision, Python, SQL",Mid-size
6219,Research Scientist,Canada,Entry,28452,"Data Visualization, Python, TensorFlow",Startup
6220,ML Engineer,USA,Senior,136507,"MLOps, Data Visualization, PyTorch",Startup
6221,ML Engineer,UK,Mid,61649,"Computer Vision, TensorFlow, Deep Learning",Startup
6222,AI Engineer,Canada,Lead,159852,"NLP, Data Visualization, Python",Mid-size
6223,NLP Engineer,Australia,Senior,142132,"SQL, Python, TensorFlow",Mid-size
6224,AI Engineer,Canada,Mid,98692,"PyTorch, Statistics, SQL",Startup
6225,ML Engineer,Australia,Senior,121570,"TensorFlow, NLP, Statistics",Mid-size
6226,Data Scientist,UK,Senior,126837,"NLP, Python, PyTorch",Enterprise
6227,Data Analyst,USA,Mid,83546,"Statistics, Computer Vision, NLP",Startup
6228,ML Engineer,USA,Lead,218626,"Python, MLOps, Deep Learning",Startup
6229,Deep Learning Engineer,Germany,Senior,124869,"SQL, MLOps, TensorFlow",Mid-size
6230,ML Engineer,India,Mid,30781,"Statistics, PyTorch, Computer Vision",Enterprise
6231,ML Engineer,Australia,Senior,127952,"Computer Vision, Statistics, Deep Learning",Startup
6232,AI Engineer,USA,Mid,80704,"NLP, PyTorch, SQL",Mid-size
6233,ML Engineer,USA,Entry,34591,"Data Visualization, Statistics, MLOps",Mid-size
6234,ML Engineer,Canada,Senior,108540,"PyTorch, Python, Deep Learning",Mid-size
6235,ML Engineer,USA,Entry,28068,"SQL, NLP, MLOps",Mid-size
6236,NLP Engineer,India,Entry,14158,"Python, MLOps, Computer Vision",Enterprise
6237,Data Analyst,India,Entry,9733,"Data Visualization, Deep Learning, SQL",Enterprise
6238,Data Analyst,Australia,Entry,53071,"Data Visualization, Statistics, SQL",Enterprise
6239,NLP Engineer,India,Mid,29654,"Python, MLOps, Computer Vision",Startup
6240,Data Analyst,UK,Entry,49465,"Computer Vision, Statistics, NLP",Enterprise
6241,Computer Vision Engineer,USA,Senior,154455,"NLP, PyTorch, Data Visualization",Mid-size
6242,NLP Engineer,Australia,Entry,27243,"MLOps, SQL, NLP",Mid-size
6243,ML Engineer,Canada,Lead,182213,"SQL, Data Visualization, TensorFlow",Enterprise
6244,Data Analyst,Germany,Entry,24099,"SQL, Data Visualization, Statistics",Enterprise
6245,ML Engineer,Canada,Lead,183115,"Data Visualization, Computer Vision, MLOps",Startup
6246,AI Engineer,India,Mid,29694,"Deep Learning, PyTorch, Python",Mid-size
6247,Research Scientist,India,Lead,75584,"NLP, PyTorch, TensorFlow",Enterprise
6248,Computer Vision Engineer,Australia,Senior,104117,"Python, MLOps, Statistics",Startup
6249,NLP Engineer,Canada,Lead,204193,"SQL, Computer Vision, Data Visualization",Startup
6250,Data Scientist,UK,Senior,139516,"TensorFlow, Statistics, Computer Vision",Mid-size
6251,Data Scientist,India,Entry,17993,"MLOps, TensorFlow, Computer Vision",Enterprise
6252,Research Scientist,UK,Mid,80892,"TensorFlow, NLP, SQL",Mid-size
6253,Computer Vision Engineer,Germany,Entry,41515,"NLP, Python, Statistics",Mid-size
6254,Data Scientist,Germany,Mid,55064,"Computer Vision, NLP, TensorFlow",Enterprise
6255,Computer Vision Engineer,USA,Lead,170985,"Python, TensorFlow, Deep Learning",Startup
6256,Data Analyst,India,Lead,62564,"TensorFlow, PyTorch, MLOps",Mid-size
6257,Research Scientist,Canada,Lead,217443,"Computer Vision, Statistics, Python",Enterprise
6258,Research Scientist,Canada,Mid,63774,"Python, NLP, Computer Vision",Mid-size
6259,Research Scientist,USA,Lead,200838,"SQL, NLP, PyTorch",Startup
6260,Computer Vision Engineer,Germany,Entry,40645,"SQL, Computer Vision, NLP",Mid-size
6261,Data Scientist,India,Lead,63940,"SQL, PyTorch, Python",Enterprise
6262,NLP Engineer,India,Senior,47981,"NLP, Data Visualization, Python",Startup
6263,NLP Engineer,Australia,Lead,176177,"Python, Computer Vision, Statistics",Startup
6264,Research Scientist,Australia,Entry,42348,"Data Visualization, SQL, Deep Learning",Mid-size
6265,ML Engineer,UK,Lead,177249,"Python, PyTorch, TensorFlow",Enterprise
6266,ML Engineer,Australia,Senior,107550,"Computer Vision, Data Visualization, Statistics",Enterprise
6267,Data Scientist,Canada,Mid,60045,"SQL, MLOps, Python",Startup
6268,Data Scientist,USA,Mid,84537,"SQL, Computer Vision, NLP",Enterprise
6269,ML Engineer,India,Senior,54470,"Deep Learning, MLOps, Computer Vision",Enterprise
6270,NLP Engineer,USA,Senior,146725,"Statistics, NLP, Python",Startup
6271,NLP Engineer,USA,Mid,93920,"TensorFlow, SQL, Python",Mid-size
6272,Data Analyst,Germany,Mid,74903,"Computer Vision, TensorFlow, Deep Learning",Mid-size
6273,ML Engineer,Germany,Lead,189141,"Computer Vision, Statistics, NLP",Enterprise
6274,Research Scientist,USA,Entry,40011,"MLOps, PyTorch, Computer Vision",Mid-size
6275,Data Analyst,USA,Senior,148468,"SQL, TensorFlow, Statistics",Mid-size
6276,Research Scientist,Germany,Senior,131375,"TensorFlow, PyTorch, Computer Vision",Mid-size
6277,AI Engineer,Australia,Mid,77173,"Computer Vision, NLP, Statistics",Enterprise
6278,Computer Vision Engineer,UK,Senior,120466,"Python, Deep Learning, SQL",Enterprise
6279,ML Engineer,Australia,Lead,179446,"Computer Vision, Statistics, Data Visualization",Enterprise
6280,Data Analyst,USA,Lead,208203,"Statistics, SQL, Python",Mid-size
6281,Data Scientist,USA,Senior,124128,"Data Visualization, NLP, Python",Enterprise
6282,Data Analyst,USA,Mid,105124,"Python, TensorFlow, NLP",Mid-size
6283,ML Engineer,Australia,Lead,199960,"Data Visualization, NLP, TensorFlow",Mid-size
6284,Deep Learning Engineer,Germany,Entry,36926,"NLP, Statistics, SQL",Startup
6285,Research Scientist,UK,Mid,86417,"MLOps, TensorFlow, Deep Learning",Startup
6286,NLP Engineer,Germany,Mid,70317,"Python, NLP, Statistics",Mid-size
6287,ML Engineer,Germany,Entry,35448,"Data Visualization, Python, Computer Vision",Startup
6288,Computer Vision Engineer,USA,Entry,42726,"Computer Vision, MLOps, TensorFlow",Enterprise
6289,Deep Learning Engineer,India,Entry,10416,"PyTorch, MLOps, Deep Learning",Mid-size
6290,Deep Learning Engineer,USA,Lead,190810,"Statistics, MLOps, Computer Vision",Startup
6291,Data Analyst,Germany,Senior,98503,"Computer Vision, PyTorch, TensorFlow",Enterprise
6292,Data Scientist,India,Senior,38197,"Data Visualization, PyTorch, Python",Startup
6293,AI Engineer,India,Entry,8912,"PyTorch, TensorFlow, NLP",Enterprise
6294,ML Engineer,Canada,Senior,121650,"Deep Learning, SQL, MLOps",Mid-size
6295,Data Analyst,Canada,Mid,95868,"Computer Vision, TensorFlow, NLP",Mid-size
6296,Data Analyst,Australia,Senior,139956,"MLOps, SQL, Data Visualization",Startup
6297,Data Scientist,USA,Lead,239088,"Deep Learning, Data Visualization, Python",Enterprise
6298,ML Engineer,Germany,Lead,195437,"Data Visualization, NLP, TensorFlow",Startup
6299,Deep Learning Engineer,India,Entry,19504,"NLP, Statistics, Data Visualization",Startup
6300,Research Scientist,Australia,Lead,199630,"Computer Vision, SQL, TensorFlow",Enterprise
6301,Deep Learning Engineer,Canada,Mid,58297,"SQL, PyTorch, Statistics",Startup
6302,Data Analyst,Germany,Senior,102497,"SQL, Statistics, NLP",Mid-size
6303,ML Engineer,India,Entry,11010,"Deep Learning, NLP, Python",Startup
6304,Data Scientist,India,Lead,68092,"SQL, Deep Learning, Computer Vision",Startup
6305,Deep Learning Engineer,Canada,Senior,121962,"MLOps, Computer Vision, Deep Learning",Mid-size
6306,AI Engineer,Australia,Lead,216208,"NLP, Data Visualization, Python",Enterprise
6307,ML Engineer,India,Entry,9238,"Deep Learning, TensorFlow, NLP",Enterprise
6308,NLP Engineer,Canada,Lead,210536,"SQL, TensorFlow, Deep Learning",Enterprise
6309,Research Scientist,Canada,Lead,199602,"TensorFlow, Statistics, Python",Startup
6310,Data Analyst,USA,Mid,97786,"SQL, MLOps, Python",Enterprise
6311,Research Scientist,Canada,Entry,49706,"Computer Vision, Data Visualization, NLP",Startup
6312,NLP Engineer,Australia,Entry,43986,"Deep Learning, PyTorch, NLP",Startup
6313,ML Engineer,Germany,Senior,119677,"NLP, Python, TensorFlow",Enterprise
6314,NLP Engineer,Canada,Senior,122178,"Deep Learning, Data Visualization, PyTorch",Enterprise
6315,Data Scientist,Canada,Lead,173026,"NLP, PyTorch, Computer Vision",Mid-size
6316,NLP Engineer,UK,Mid,78625,"Deep Learning, Statistics, MLOps",Mid-size
6317,NLP Engineer,UK,Entry,40009,"NLP, SQL, TensorFlow",Startup
6318,Deep Learning Engineer,Germany,Mid,85547,"Data Visualization, Python, Computer Vision",Startup
6319,AI Engineer,Canada,Senior,100894,"Python, Statistics, Deep Learning",Mid-size
6320,NLP Engineer,India,Entry,19118,"SQL, Data Visualization, Python",Startup
6321,Computer Vision Engineer,USA,Entry,32943,"SQL, Data Visualization, MLOps",Mid-size
6322,Research Scientist,Germany,Senior,121591,"Data Visualization, Computer Vision, PyTorch",Startup
6323,NLP Engineer,Canada,Mid,85563,"Statistics, Deep Learning, Computer Vision",Mid-size
6324,ML Engineer,UK,Mid,83202,"Python, MLOps, Computer Vision",Startup
6325,Data Scientist,Canada,Entry,49093,"Deep Learning, PyTorch, Statistics",Startup
6326,Research Scientist,Germany,Lead,188339,"SQL, TensorFlow, PyTorch",Enterprise
6327,Computer Vision Engineer,India,Mid,35691,"Python, TensorFlow, MLOps",Mid-size
6328,Deep Learning Engineer,UK,Mid,65446,"Python, PyTorch, TensorFlow",Enterprise
6329,AI Engineer,Germany,Entry,42335,"TensorFlow, SQL, Computer Vision",Mid-size
6330,Research Scientist,Germany,Mid,86531,"Python, MLOps, Computer Vision",Enterprise
6331,Research Scientist,Canada,Lead,156230,"Python, Data Visualization, Deep Learning",Startup
6332,Research Scientist,Canada,Mid,88476,"Python, NLP, Data Visualization",Enterprise
6333,Data Scientist,Australia,Senior,132400,"Computer Vision, Python, PyTorch",Enterprise
6334,ML Engineer,UK,Mid,81070,"SQL, Computer Vision, Statistics",Enterprise
6335,NLP Engineer,India,Senior,47862,"SQL, PyTorch, TensorFlow",Mid-size
6336,ML Engineer,Australia,Entry,25956,"MLOps, Data Visualization, Python",Mid-size
6337,Research Scientist,Australia,Senior,123431,"Data Visualization, NLP, Computer Vision",Mid-size
6338,Research Scientist,Canada,Lead,173880,"TensorFlow, Statistics, Python",Mid-size
6339,NLP Engineer,Canada,Mid,88401,"NLP, Python, PyTorch",Startup
6340,Data Scientist,UK,Mid,57784,"NLP, MLOps, Python",Enterprise
6341,Computer Vision Engineer,USA,Lead,199384,"Data Visualization, SQL, PyTorch",Mid-size
6342,Data Scientist,UK,Senior,136340,"MLOps, PyTorch, Python",Enterprise
6343,Computer Vision Engineer,Australia,Mid,88323,"Data Visualization, NLP, Statistics",Enterprise
6344,AI Engineer,Germany,Lead,171734,"TensorFlow, NLP, PyTorch",Startup
6345,Computer Vision Engineer,Australia,Mid,72506,"Data Visualization, TensorFlow, NLP",Mid-size
6346,Computer Vision Engineer,Australia,Senior,150420,"NLP, Data Visualization, Statistics",Enterprise
6347,ML Engineer,UK,Mid,75305,"PyTorch, MLOps, TensorFlow",Mid-size
6348,Research Scientist,USA,Mid,82449,"Python, MLOps, TensorFlow",Mid-size
6349,Computer Vision Engineer,Canada,Senior,122353,"PyTorch, Data Visualization, Python",Mid-size
6350,Data Scientist,UK,Mid,66611,"PyTorch, SQL, Statistics",Enterprise
6351,Research Scientist,USA,Senior,148150,"TensorFlow, Deep Learning, MLOps",Mid-size
6352,NLP Engineer,Canada,Entry,23912,"SQL, Data Visualization, TensorFlow",Startup
6353,Data Scientist,USA,Entry,36528,"Data Visualization, MLOps, SQL",Enterprise
6354,Deep Learning Engineer,USA,Mid,69178,"NLP, Data Visualization, Computer Vision",Enterprise
6355,AI Engineer,UK,Entry,28767,"MLOps, Computer Vision, TensorFlow",Mid-size
6356,NLP Engineer,USA,Entry,29944,"Computer Vision, Statistics, Deep Learning",Enterprise
6357,Deep Learning Engineer,UK,Senior,127344,"Data Visualization, PyTorch, Computer Vision",Enterprise
6358,Data Scientist,Canada,Entry,32137,"Statistics, Computer Vision, Python",Enterprise
6359,Data Scientist,India,Mid,20975,"NLP, TensorFlow, Statistics",Mid-size
6360,Computer Vision Engineer,India,Lead,62589,"PyTorch, Deep Learning, TensorFlow",Mid-size
6361,Research Scientist,USA,Mid,71108,"Python, Deep Learning, Computer Vision",Mid-size
6362,ML Engineer,India,Lead,75592,"Data Visualization, Python, SQL",Startup
6363,Deep Learning Engineer,Canada,Mid,66325,"Statistics, MLOps, Python",Mid-size
6364,Research Scientist,USA,Lead,210942,"NLP, Computer Vision, Statistics",Startup
6365,Deep Learning Engineer,India,Entry,13656,"Computer Vision, PyTorch, MLOps",Mid-size
6366,Data Scientist,Canada,Senior,110268,"NLP, Data Visualization, TensorFlow",Startup
6367,NLP Engineer,Canada,Mid,66058,"TensorFlow, Data Visualization, Python",Enterprise
6368,Research Scientist,Australia,Mid,75274,"SQL, Deep Learning, Data Visualization",Mid-size
6369,AI Engineer,Canada,Lead,216183,"Python, MLOps, Statistics",Enterprise
6370,Data Analyst,UK,Lead,141025,"MLOps, Deep Learning, SQL",Enterprise
6371,NLP Engineer,Canada,Entry,24256,"Data Visualization, Computer Vision, Deep Learning",Mid-size
6372,Data Analyst,USA,Mid,77286,"PyTorch, Statistics, NLP",Startup
6373,AI Engineer,Australia,Entry,43716,"TensorFlow, Deep Learning, Computer Vision",Mid-size
6374,Data Analyst,Germany,Entry,43705,"Python, PyTorch, NLP",Startup
6375,NLP Engineer,Germany,Lead,197703,"Deep Learning, Computer Vision, SQL",Startup
6376,AI Engineer,USA,Lead,196279,"Statistics, Python, Computer Vision",Enterprise
6377,Deep Learning Engineer,India,Entry,17529,"Deep Learning, MLOps, Computer Vision",Enterprise
6378,Data Scientist,UK,Mid,59402,"Deep Learning, NLP, TensorFlow",Mid-size
6379,AI Engineer,Germany,Senior,114259,"TensorFlow, PyTorch, NLP",Startup
6380,Computer Vision Engineer,India,Entry,8770,"Deep Learning, NLP, Computer Vision",Startup
6381,NLP Engineer,UK,Lead,156082,"MLOps, Data Visualization, Statistics",Enterprise
6382,Deep Learning Engineer,UK,Mid,83374,"Deep Learning, Data Visualization, Statistics",Mid-size
6383,Data Scientist,Australia,Senior,123329,"Statistics, MLOps, PyTorch",Enterprise
6384,Computer Vision Engineer,UK,Entry,44149,"Computer Vision, TensorFlow, Python",Mid-size
6385,Research Scientist,India,Entry,17082,"SQL, Data Visualization, NLP",Startup
6386,Computer Vision Engineer,Australia,Entry,47477,"Deep Learning, NLP, TensorFlow",Startup
6387,Deep Learning Engineer,USA,Lead,189428,"Data Visualization, MLOps, Computer Vision",Startup
6388,NLP Engineer,Germany,Entry,47001,"Python, TensorFlow, Deep Learning",Startup
6389,Research Scientist,Australia,Senior,122042,"NLP, Python, SQL",Startup
6390,Computer Vision Engineer,Australia,Mid,73978,"PyTorch, SQL, Python",Enterprise
6391,Computer Vision Engineer,UK,Entry,22852,"Computer Vision, SQL, MLOps",Startup
6392,Data Analyst,Germany,Entry,49002,"Statistics, Data Visualization, SQL",Mid-size
6393,Research Scientist,USA,Entry,29458,"Deep Learning, NLP, Data Visualization",Mid-size
6394,Computer Vision Engineer,Germany,Lead,152091,"PyTorch, Python, NLP",Enterprise
6395,Deep Learning Engineer,Australia,Lead,185120,"TensorFlow, Deep Learning, Python",Startup
6396,Research Scientist,Australia,Mid,94714,"Deep Learning, MLOps, Statistics",Mid-size
6397,ML Engineer,Germany,Senior,117260,"NLP, PyTorch, Deep Learning",Enterprise
6398,Computer Vision Engineer,Germany,Mid,60902,"MLOps, NLP, Python",Mid-size
6399,Research Scientist,Canada,Senior,145733,"Python, SQL, Statistics",Enterprise
6400,ML Engineer,Australia,Lead,182270,"Data Visualization, TensorFlow, Statistics",Enterprise
6401,Research Scientist,Canada,Senior,146209,"Statistics, PyTorch, SQL",Startup
6402,Computer Vision Engineer,Germany,Lead,177232,"TensorFlow, SQL, MLOps",Startup
6403,Data Analyst,India,Mid,29608,"Statistics, MLOps, Python",Startup
6404,Data Scientist,India,Senior,37172,"PyTorch, Statistics, NLP",Startup
6405,Deep Learning Engineer,UK,Entry,31552,"TensorFlow, NLP, Data Visualization",Mid-size
6406,Computer Vision Engineer,UK,Entry,40103,"SQL, Deep Learning, Data Visualization",Startup
6407,Data Scientist,Australia,Entry,36611,"NLP, Statistics, TensorFlow",Enterprise
6408,Computer Vision Engineer,USA,Senior,118668,"Statistics, NLP, Computer Vision",Enterprise
6409,Computer Vision Engineer,Australia,Senior,144482,"PyTorch, Statistics, MLOps",Enterprise
6410,ML Engineer,Australia,Mid,67272,"Statistics, Deep Learning, Python",Startup
6411,Deep Learning Engineer,Australia,Senior,111943,"TensorFlow, Python, Statistics",Mid-size
6412,AI Engineer,Canada,Senior,128638,"NLP, Python, Computer Vision",Mid-size
6413,Computer Vision Engineer,Australia,Mid,74779,"SQL, Python, Statistics",Startup
6414,Data Scientist,USA,Mid,90182,"NLP, PyTorch, TensorFlow",Startup
6415,NLP Engineer,India,Lead,71136,"PyTorch, Statistics, MLOps",Enterprise
6416,Deep Learning Engineer,UK,Entry,37739,"Statistics, MLOps, Deep Learning",Mid-size
6417,AI Engineer,India,Mid,33024,"SQL, MLOps, Statistics",Enterprise
6418,AI Engineer,India,Lead,64236,"Data Visualization, Statistics, MLOps",Enterprise
6419,Deep Learning Engineer,UK,Entry,33341,"Data Visualization, Computer Vision, Deep Learning",Startup
6420,Computer Vision Engineer,USA,Senior,114348,"Data Visualization, PyTorch, Deep Learning",Startup
6421,AI Engineer,India,Mid,29434,"SQL, MLOps, Python",Startup
6422,Data Analyst,USA,Mid,77472,"Deep Learning, Computer Vision, Statistics",Enterprise
6423,Data Scientist,Germany,Entry,31929,"Deep Learning, Data Visualization, Statistics",Mid-size
6424,Data Scientist,Australia,Mid,75983,"Python, MLOps, PyTorch",Mid-size
6425,Data Scientist,India,Lead,75176,"Deep Learning, SQL, MLOps",Mid-size
6426,NLP Engineer,Canada,Senior,125445,"NLP, PyTorch, Deep Learning",Mid-size
6427,NLP Engineer,UK,Entry,31073,"Deep Learning, Computer Vision, TensorFlow",Enterprise
6428,NLP Engineer,Germany,Entry,35688,"PyTorch, Data Visualization, TensorFlow",Enterprise
6429,Data Scientist,India,Entry,12522,"TensorFlow, NLP, Python",Enterprise
6430,Research Scientist,USA,Senior,152077,"Statistics, TensorFlow, Deep Learning",Enterprise
6431,Data Scientist,Germany,Senior,134893,"Statistics, Computer Vision, Data Visualization",Startup
6432,AI Engineer,Germany,Entry,25887,"Statistics, Computer Vision, MLOps",Enterprise
6433,Deep Learning Engineer,UK,Lead,153820,"MLOps, Computer Vision, Statistics",Startup
6434,AI Engineer,Germany,Senior,125466,"Statistics, Python, Computer Vision",Enterprise
6435,Computer Vision Engineer,Germany,Lead,190709,"Deep Learning, Data Visualization, MLOps",Enterprise
6436,Research Scientist,UK,Senior,93352,"SQL, PyTorch, Python",Startup
6437,NLP Engineer,USA,Lead,201745,"NLP, PyTorch, Python",Startup
6438,Data Analyst,UK,Mid,64602,"Computer Vision, PyTorch, TensorFlow",Mid-size
6439,AI Engineer,Australia,Lead,179907,"Deep Learning, PyTorch, Statistics",Enterprise
6440,Data Scientist,India,Lead,62553,"TensorFlow, Statistics, Data Visualization",Mid-size
6441,Deep Learning Engineer,USA,Entry,56139,"SQL, PyTorch, Statistics",Mid-size
6442,Data Analyst,Australia,Lead,156416,"SQL, PyTorch, Data Visualization",Mid-size
6443,AI Engineer,India,Senior,41660,"Statistics, Deep Learning, PyTorch",Enterprise
6444,NLP Engineer,India,Entry,19034,"NLP, Statistics, Data Visualization",Startup
6445,Research Scientist,India,Mid,30206,"MLOps, NLP, TensorFlow",Mid-size
6446,Computer Vision Engineer,Australia,Lead,211072,"Python, Computer Vision, Statistics",Enterprise
6447,ML Engineer,India,Entry,18122,"TensorFlow, Computer Vision, MLOps",Enterprise
6448,Deep Learning Engineer,Canada,Senior,122747,"MLOps, Deep Learning, Statistics",Enterprise
6449,Data Analyst,Australia,Mid,64419,"Data Visualization, Python, PyTorch",Startup
6450,Research Scientist,UK,Mid,80297,"Computer Vision, Data Visualization, SQL",Startup
6451,Computer Vision Engineer,UK,Senior,100188,"Statistics, TensorFlow, NLP",Enterprise
6452,Data Analyst,USA,Mid,89715,"Python, Deep Learning, PyTorch",Mid-size
6453,Computer Vision Engineer,India,Mid,27175,"Deep Learning, NLP, Computer Vision",Enterprise
6454,Deep Learning Engineer,USA,Mid,99386,"TensorFlow, PyTorch, MLOps",Enterprise
6455,AI Engineer,India,Mid,31178,"NLP, MLOps, Deep Learning",Mid-size
6456,Data Scientist,Australia,Entry,30574,"Data Visualization, NLP, PyTorch",Mid-size
6457,Data Analyst,India,Senior,46874,"Deep Learning, MLOps, TensorFlow",Enterprise
6458,NLP Engineer,Australia,Lead,181063,"TensorFlow, Deep Learning, Computer Vision",Enterprise
6459,Data Scientist,Canada,Senior,109571,"MLOps, NLP, Statistics",Enterprise
6460,ML Engineer,Australia,Senior,123581,"MLOps, Data Visualization, NLP",Startup
6461,ML Engineer,Germany,Lead,158459,"MLOps, Deep Learning, Data Visualization",Startup
6462,AI Engineer,Canada,Mid,81125,"Statistics, MLOps, PyTorch",Enterprise
6463,ML Engineer,Canada,Lead,204198,"PyTorch, TensorFlow, NLP",Startup
6464,Data Analyst,USA,Entry,38503,"Computer Vision, Python, Statistics",Enterprise
6465,AI Engineer,UK,Lead,157957,"TensorFlow, Data Visualization, NLP",Startup
6466,Deep Learning Engineer,USA,Mid,95542,"Python, TensorFlow, Data Visualization",Mid-size
6467,NLP Engineer,Australia,Senior,149892,"Computer Vision, Data Visualization, MLOps",Enterprise
6468,NLP Engineer,Canada,Entry,37622,"Statistics, Computer Vision, Data Visualization",Enterprise
6469,Data Analyst,USA,Entry,35818,"Data Visualization, Statistics, PyTorch",Enterprise
6470,Computer Vision Engineer,Australia,Lead,208421,"Computer Vision, TensorFlow, MLOps",Mid-size
6471,NLP Engineer,UK,Senior,111773,"PyTorch, NLP, SQL",Mid-size
6472,Data Analyst,India,Senior,52472,"SQL, PyTorch, Python",Startup
6473,Data Scientist,Germany,Mid,74180,"Deep Learning, Statistics, Computer Vision",Enterprise
6474,Data Scientist,UK,Senior,112163,"Computer Vision, Python, SQL",Startup
6475,NLP Engineer,Canada,Lead,190227,"Statistics, Computer Vision, PyTorch",Mid-size
6476,Data Analyst,Canada,Lead,179342,"PyTorch, TensorFlow, Statistics",Enterprise
6477,Computer Vision Engineer,USA,Entry,36001,"Statistics, Python, PyTorch",Startup
6478,Computer Vision Engineer,USA,Entry,48468,"MLOps, SQL, NLP",Enterprise
6479,Deep Learning Engineer,Germany,Senior,127845,"Python, TensorFlow, MLOps",Startup
6480,AI Engineer,UK,Senior,124647,"Statistics, Data Visualization, SQL",Mid-size
6481,NLP Engineer,UK,Lead,181030,"PyTorch, Deep Learning, Statistics",Startup
6482,ML Engineer,Australia,Senior,124850,"Computer Vision, Data Visualization, PyTorch",Mid-size
6483,NLP Engineer,Germany,Lead,159567,"Computer Vision, PyTorch, NLP",Mid-size
6484,Deep Learning Engineer,UK,Senior,99630,"Data Visualization, SQL, Deep Learning",Startup
6485,Computer Vision Engineer,Australia,Mid,77712,"PyTorch, SQL, TensorFlow",Mid-size
6486,Research Scientist,Australia,Mid,71061,"Deep Learning, Computer Vision, Python",Mid-size
6487,AI Engineer,Germany,Entry,26121,"PyTorch, NLP, SQL",Enterprise
6488,Data Scientist,Germany,Lead,192966,"Computer Vision, Python, NLP",Enterprise
6489,NLP Engineer,Australia,Senior,109978,"Deep Learning, Computer Vision, SQL",Mid-size
6490,Data Scientist,India,Entry,9450,"Statistics, TensorFlow, PyTorch",Enterprise
6491,Data Analyst,USA,Entry,34786,"Data Visualization, Deep Learning, NLP",Mid-size
6492,Deep Learning Engineer,UK,Lead,164881,"TensorFlow, NLP, PyTorch",Mid-size
6493,Deep Learning Engineer,Canada,Mid,94244,"Data Visualization, Computer Vision, SQL",Startup
6494,Research Scientist,Australia,Entry,43744,"NLP, TensorFlow, Computer Vision",Mid-size
6495,NLP Engineer,UK,Senior,108482,"MLOps, Computer Vision, PyTorch",Startup
6496,Data Analyst,USA,Lead,195660,"NLP, Statistics, SQL",Enterprise
6497,ML Engineer,UK,Mid,79179,"TensorFlow, Computer Vision, Deep Learning",Startup
6498,Deep Learning Engineer,UK,Entry,22914,"Deep Learning, Data Visualization, Computer Vision",Mid-size
6499,Research Scientist,Australia,Mid,68510,"Computer Vision, SQL, Python",Mid-size
6500,NLP Engineer,Germany,Senior,97655,"SQL, Deep Learning, Statistics",Enterprise
6501,NLP Engineer,Australia,Mid,89778,"Statistics, NLP, SQL",Enterprise
6502,Deep Learning Engineer,Germany,Lead,175117,"TensorFlow, MLOps, Python",Mid-size
6503,Research Scientist,Canada,Mid,98973,"TensorFlow, Deep Learning, Statistics",Enterprise
6504,AI Engineer,UK,Mid,53722,"TensorFlow, SQL, Python",Startup
6505,NLP Engineer,USA,Lead,177362,"PyTorch, Data Visualization, TensorFlow",Enterprise
6506,Data Scientist,Australia,Senior,111582,"TensorFlow, Statistics, Computer Vision",Mid-size
6507,Computer Vision Engineer,UK,Mid,76761,"TensorFlow, PyTorch, SQL",Mid-size
6508,NLP Engineer,India,Mid,34515,"TensorFlow, Computer Vision, MLOps",Startup
6509,Data Scientist,Germany,Lead,142014,"Deep Learning, Python, TensorFlow",Startup
6510,Deep Learning Engineer,Germany,Entry,24944,"Deep Learning, Computer Vision, TensorFlow",Mid-size
6511,Research Scientist,Canada,Senior,102564,"NLP, Statistics, MLOps",Startup
6512,NLP Engineer,India,Senior,43207,"Statistics, PyTorch, Python",Enterprise
6513,ML Engineer,India,Mid,31041,"Computer Vision, NLP, PyTorch",Enterprise
6514,Research Scientist,Germany,Lead,161983,"Python, SQL, PyTorch",Mid-size
6515,NLP Engineer,Germany,Mid,77618,"Data Visualization, NLP, Computer Vision",Mid-size
6516,Research Scientist,Canada,Mid,71913,"MLOps, PyTorch, TensorFlow",Startup
6517,ML Engineer,India,Entry,15965,"Deep Learning, Computer Vision, SQL",Mid-size
6518,ML Engineer,Canada,Entry,40411,"Computer Vision, NLP, Statistics",Mid-size
6519,Computer Vision Engineer,Canada,Lead,207389,"PyTorch, Data Visualization, Deep Learning",Enterprise
6520,Computer Vision Engineer,Canada,Senior,148046,"Statistics, NLP, PyTorch",Mid-size
6521,Research Scientist,India,Senior,55471,"Statistics, SQL, MLOps",Startup
6522,AI Engineer,Canada,Senior,114162,"Data Visualization, Computer Vision, SQL",Enterprise
6523,ML Engineer,Germany,Lead,156803,"Computer Vision, TensorFlow, Deep Learning",Mid-size
6524,Deep Learning Engineer,Canada,Mid,60693,"SQL, Data Visualization, TensorFlow",Mid-size
6525,Data Scientist,Canada,Lead,210305,"Deep Learning, Statistics, SQL",Enterprise
6526,Research Scientist,Australia,Mid,83218,"Computer Vision, PyTorch, Statistics",Startup
6527,Data Scientist,Australia,Senior,143269,"MLOps, Computer Vision, Python",Enterprise
6528,Data Analyst,USA,Senior,159992,"TensorFlow, NLP, Deep Learning",Startup
6529,AI Engineer,Canada,Mid,90174,"TensorFlow, SQL, PyTorch",Mid-size
6530,Computer Vision Engineer,India,Entry,11350,"TensorFlow, MLOps, NLP",Enterprise
6531,Data Scientist,UK,Mid,77516,"Deep Learning, PyTorch, MLOps",Mid-size
6532,Data Scientist,Australia,Senior,119079,"Computer Vision, Data Visualization, SQL",Enterprise
6533,AI Engineer,UK,Lead,162151,"TensorFlow, Python, Data Visualization",Enterprise
6534,Data Scientist,Canada,Senior,147726,"TensorFlow, PyTorch, Deep Learning",Startup
6535,AI Engineer,USA,Senior,114576,"MLOps, Deep Learning, Statistics",Startup
6536,NLP Engineer,USA,Entry,31644,"Statistics, Data Visualization, Deep Learning",Startup
6537,Data Analyst,Canada,Entry,48744,"Deep Learning, Python, NLP",Mid-size
6538,Data Analyst,Germany,Senior,116657,"MLOps, Deep Learning, NLP",Mid-size
6539,AI Engineer,Australia,Senior,118581,"PyTorch, Python, Deep Learning",Startup
6540,NLP Engineer,Canada,Lead,209614,"Computer Vision, Data Visualization, NLP",Enterprise
6541,Research Scientist,India,Entry,10054,"NLP, Statistics, SQL",Enterprise
6542,Deep Learning Engineer,India,Entry,10361,"Statistics, Data Visualization, Computer Vision",Startup
6543,NLP Engineer,Australia,Senior,145681,"Computer Vision, TensorFlow, Python",Enterprise
6544,Data Analyst,India,Mid,23169,"MLOps, TensorFlow, Computer Vision",Mid-size
6545,ML Engineer,India,Senior,40023,"MLOps, Data Visualization, NLP",Startup
6546,AI Engineer,Canada,Senior,147943,"SQL, Python, NLP",Enterprise
6547,Deep Learning Engineer,Canada,Senior,134729,"MLOps, Data Visualization, SQL",Mid-size
6548,Deep Learning Engineer,Germany,Mid,74937,"Deep Learning, Python, NLP",Startup
6549,NLP Engineer,Germany,Mid,63146,"NLP, PyTorch, MLOps",Mid-size
6550,Computer Vision Engineer,USA,Lead,219108,"SQL, MLOps, Python",Enterprise
6551,Research Scientist,UK,Lead,169564,"Deep Learning, NLP, Python",Enterprise
6552,AI Engineer,Germany,Senior,112499,"TensorFlow, MLOps, NLP",Startup
6553,Research Scientist,Australia,Mid,81050,"NLP, Statistics, MLOps",Enterprise
6554,Data Scientist,Canada,Lead,171517,"Deep Learning, MLOps, PyTorch",Enterprise
6555,Research Scientist,UK,Senior,126065,"Deep Learning, SQL, NLP",Startup
6556,NLP Engineer,UK,Mid,80125,"Python, TensorFlow, MLOps",Enterprise
6557,Computer Vision Engineer,Australia,Senior,140653,"Statistics, TensorFlow, NLP",Startup
6558,Data Analyst,India,Mid,27145,"NLP, SQL, TensorFlow",Enterprise
6559,NLP Engineer,India,Entry,15772,"TensorFlow, SQL, Statistics",Enterprise
6560,AI Engineer,Australia,Lead,183551,"Python, TensorFlow, Data Visualization",Enterprise
6561,ML Engineer,UK,Senior,139339,"Python, TensorFlow, Statistics",Startup
6562,Research Scientist,India,Mid,21640,"NLP, SQL, MLOps",Mid-size
6563,Data Analyst,USA,Entry,57711,"Statistics, Python, TensorFlow",Enterprise
6564,NLP Engineer,USA,Entry,51826,"MLOps, PyTorch, NLP",Mid-size
6565,NLP Engineer,UK,Mid,83451,"Deep Learning, SQL, Statistics",Enterprise
6566,Data Analyst,Germany,Senior,112582,"PyTorch, MLOps, Deep Learning",Startup
6567,ML Engineer,USA,Entry,57238,"Data Visualization, SQL, Statistics",Startup
6568,Data Scientist,Germany,Senior,123622,"SQL, Data Visualization, Computer Vision",Startup
6569,Data Analyst,UK,Entry,22026,"Python, NLP, Deep Learning",Startup
6570,NLP Engineer,USA,Senior,116506,"Deep Learning, TensorFlow, SQL",Enterprise
6571,AI Engineer,Germany,Senior,91036,"SQL, Statistics, NLP",Startup
6572,Deep Learning Engineer,USA,Entry,51019,"Deep Learning, MLOps, Python",Startup
6573,Computer Vision Engineer,India,Lead,62460,"MLOps, Statistics, Data Visualization",Mid-size
6574,Computer Vision Engineer,UK,Lead,141767,"MLOps, SQL, Statistics",Enterprise
6575,Data Scientist,Canada,Entry,27178,"NLP, PyTorch, SQL",Mid-size
6576,Computer Vision Engineer,India,Entry,18693,"Data Visualization, Statistics, Python",Mid-size
6577,AI Engineer,USA,Lead,238758,"NLP, PyTorch, Python",Enterprise
6578,NLP Engineer,Australia,Entry,29645,"Data Visualization, Python, NLP",Mid-size
6579,Research Scientist,Canada,Lead,201785,"TensorFlow, Data Visualization, Python",Mid-size
6580,Data Scientist,UK,Senior,103882,"Computer Vision, Data Visualization, TensorFlow",Startup
6581,ML Engineer,Germany,Senior,133432,"MLOps, PyTorch, Data Visualization",Mid-size
6582,NLP Engineer,Canada,Lead,158079,"NLP, Data Visualization, SQL",Enterprise
6583,Deep Learning Engineer,USA,Entry,24405,"TensorFlow, MLOps, NLP",Mid-size
6584,Data Analyst,UK,Senior,98834,"Python, Data Visualization, Computer Vision",Mid-size
6585,Deep Learning Engineer,USA,Entry,35846,"PyTorch, MLOps, Computer Vision",Enterprise
6586,Research Scientist,USA,Mid,73599,"Statistics, Computer Vision, Deep Learning",Startup
6587,Research Scientist,India,Mid,24537,"Python, Data Visualization, Computer Vision",Startup
6588,Data Scientist,USA,Senior,143691,"Python, TensorFlow, NLP",Enterprise
6589,AI Engineer,UK,Lead,161021,"PyTorch, SQL, MLOps",Mid-size
6590,Research Scientist,Australia,Mid,67925,"Computer Vision, Python, Data Visualization",Mid-size
6591,AI Engineer,Australia,Mid,96580,"Python, TensorFlow, Deep Learning",Startup
6592,Research Scientist,USA,Senior,110269,"Computer Vision, TensorFlow, PyTorch",Mid-size
6593,Data Scientist,India,Mid,24273,"MLOps, TensorFlow, Data Visualization",Mid-size
6594,Data Analyst,USA,Lead,192404,"SQL, Deep Learning, MLOps",Enterprise
6595,Research Scientist,UK,Senior,96771,"Statistics, PyTorch, TensorFlow",Enterprise
6596,ML Engineer,India,Senior,48584,"PyTorch, Data Visualization, SQL",Mid-size
6597,Deep Learning Engineer,UK,Senior,137408,"Deep Learning, Data Visualization, Python",Startup
6598,Data Analyst,Germany,Mid,68485,"PyTorch, Computer Vision, NLP",Mid-size
6599,NLP Engineer,Germany,Lead,168085,"MLOps, Computer Vision, PyTorch",Enterprise
6600,Research Scientist,USA,Lead,202556,"Deep Learning, Statistics, MLOps",Startup
6601,NLP Engineer,USA,Mid,87008,"PyTorch, Deep Learning, Computer Vision",Startup
6602,ML Engineer,USA,Senior,165541,"Statistics, NLP, Data Visualization",Startup
6603,AI Engineer,UK,Mid,85470,"PyTorch, Data Visualization, MLOps",Mid-size
6604,Data Scientist,Australia,Lead,156223,"SQL, TensorFlow, Python",Startup
6605,Data Scientist,Germany,Mid,70008,"Data Visualization, Python, Computer Vision",Mid-size
6606,NLP Engineer,India,Lead,73631,"Computer Vision, SQL, TensorFlow",Startup
6607,Research Scientist,USA,Entry,43824,"PyTorch, Data Visualization, SQL",Mid-size
6608,Deep Learning Engineer,UK,Senior,101721,"Computer Vision, Deep Learning, Statistics",Startup
6609,NLP Engineer,Germany,Senior,108989,"Statistics, TensorFlow, Computer Vision",Mid-size
6610,NLP Engineer,Australia,Mid,70731,"Statistics, Data Visualization, SQL",Mid-size
6611,NLP Engineer,Germany,Senior,126578,"Python, PyTorch, MLOps",Enterprise
6612,NLP Engineer,Australia,Senior,111160,"Python, Deep Learning, Computer Vision",Enterprise
6613,Data Scientist,Germany,Mid,74193,"MLOps, NLP, Computer Vision",Enterprise
6614,AI Engineer,USA,Senior,109190,"Statistics, SQL, Computer Vision",Enterprise
6615,Deep Learning Engineer,India,Entry,19005,"SQL, PyTorch, Computer Vision",Enterprise
6616,Research Scientist,UK,Mid,79400,"Data Visualization, Deep Learning, Computer Vision",Mid-size
6617,Data Scientist,Canada,Lead,215625,"Deep Learning, PyTorch, Statistics",Enterprise
6618,Data Analyst,USA,Mid,97536,"Deep Learning, Data Visualization, PyTorch",Mid-size
6619,ML Engineer,India,Lead,67253,"Statistics, MLOps, Deep Learning",Startup
6620,Data Analyst,UK,Mid,58678,"Data Visualization, Computer Vision, Deep Learning",Mid-size
6621,Data Scientist,UK,Lead,197194,"Python, Deep Learning, MLOps",Startup
6622,Deep Learning Engineer,Australia,Entry,38263,"NLP, TensorFlow, Data Visualization",Startup
6623,Deep Learning Engineer,USA,Entry,59514,"Data Visualization, Statistics, Deep Learning",Startup
6624,ML Engineer,Germany,Entry,38574,"Python, PyTorch, Data Visualization",Enterprise
6625,Computer Vision Engineer,Australia,Entry,54214,"MLOps, Computer Vision, Python",Enterprise
6626,Deep Learning Engineer,UK,Lead,193871,"TensorFlow, Computer Vision, Data Visualization",Mid-size
6627,Data Analyst,Germany,Entry,48100,"Statistics, Data Visualization, TensorFlow",Mid-size
6628,Data Scientist,UK,Senior,105099,"PyTorch, Python, Computer Vision",Mid-size
6629,NLP Engineer,Australia,Mid,56772,"Statistics, Deep Learning, Python",Mid-size
6630,Computer Vision Engineer,USA,Senior,154256,"TensorFlow, Data Visualization, MLOps",Enterprise
6631,Deep Learning Engineer,UK,Entry,49063,"Deep Learning, Data Visualization, NLP",Enterprise
6632,Data Analyst,UK,Entry,42102,"Computer Vision, TensorFlow, Statistics",Mid-size
6633,Data Analyst,USA,Entry,50913,"Deep Learning, Data Visualization, SQL",Mid-size
6634,Computer Vision Engineer,Canada,Entry,34016,"PyTorch, Deep Learning, SQL",Enterprise
6635,Deep Learning Engineer,Canada,Lead,157762,"SQL, Data Visualization, Python",Enterprise
6636,ML Engineer,USA,Lead,215534,"Python, MLOps, SQL",Mid-size
6637,Computer Vision Engineer,Australia,Entry,34851,"MLOps, Computer Vision, Deep Learning",Startup
6638,Deep Learning Engineer,Germany,Mid,70575,"Computer Vision, Deep Learning, Statistics",Startup
6639,Computer Vision Engineer,UK,Entry,41578,"Data Visualization, Python, Statistics",Startup
6640,NLP Engineer,UK,Lead,195541,"Computer Vision, TensorFlow, SQL",Mid-size
6641,Research Scientist,Australia,Senior,104817,"Python, SQL, TensorFlow",Enterprise
6642,AI Engineer,Germany,Lead,157545,"Deep Learning, SQL, Python",Enterprise
6643,AI Engineer,USA,Mid,64908,"Statistics, PyTorch, MLOps",Enterprise
6644,NLP Engineer,Canada,Mid,88918,"TensorFlow, SQL, NLP",Startup
6645,ML Engineer,USA,Entry,27577,"PyTorch, Python, Computer Vision",Enterprise
6646,AI Engineer,UK,Mid,51014,"Statistics, Deep Learning, PyTorch",Startup
6647,Data Scientist,India,Senior,39034,"Python, PyTorch, Data Visualization",Startup
6648,Research Scientist,Canada,Mid,73521,"TensorFlow, Data Visualization, MLOps",Enterprise
6649,ML Engineer,USA,Entry,53506,"MLOps, Deep Learning, NLP",Enterprise
6650,Data Scientist,USA,Entry,24586,"Data Visualization, Computer Vision, SQL",Startup
6651,Data Analyst,USA,Entry,26138,"MLOps, Computer Vision, Deep Learning",Startup
6652,Deep Learning Engineer,USA,Lead,215527,"Computer Vision, SQL, NLP",Startup
6653,Data Analyst,USA,Entry,40260,"Computer Vision, NLP, Statistics",Enterprise
6654,AI Engineer,India,Lead,78712,"NLP, Computer Vision, Statistics",Enterprise
6655,Data Scientist,UK,Mid,56032,"Computer Vision, Deep Learning, Python",Startup
6656,NLP Engineer,India,Mid,24988,"Data Visualization, MLOps, Statistics",Startup
6657,Data Scientist,Australia,Entry,22031,"Python, NLP, Statistics",Mid-size
6658,ML Engineer,USA,Lead,209866,"PyTorch, Statistics, Computer Vision",Mid-size
6659,Deep Learning Engineer,India,Lead,65839,"Computer Vision, NLP, PyTorch",Mid-size
6660,Data Scientist,UK,Mid,61285,"Deep Learning, SQL, PyTorch",Startup
6661,AI Engineer,Australia,Entry,25201,"NLP, Deep Learning, SQL",Enterprise
6662,ML Engineer,India,Mid,29215,"Computer Vision, TensorFlow, PyTorch",Mid-size
6663,AI Engineer,Germany,Senior,135819,"SQL, Computer Vision, Deep Learning",Enterprise
6664,Data Scientist,India,Mid,32523,"Computer Vision, SQL, TensorFlow",Startup
6665,Research Scientist,Canada,Mid,83875,"MLOps, NLP, PyTorch",Enterprise
6666,Deep Learning Engineer,Australia,Senior,108709,"Deep Learning, MLOps, Data Visualization",Mid-size
6667,AI Engineer,Australia,Lead,161547,"Python, Data Visualization, Computer Vision",Enterprise
6668,Data Scientist,USA,Mid,76774,"PyTorch, NLP, Computer Vision",Mid-size
6669,Data Scientist,India,Mid,26649,"NLP, TensorFlow, Python",Mid-size
6670,NLP Engineer,UK,Lead,143860,"PyTorch, TensorFlow, Python",Startup
6671,NLP Engineer,India,Mid,21778,"Deep Learning, Data Visualization, NLP",Mid-size
6672,Research Scientist,Australia,Senior,142281,"Python, PyTorch, NLP",Enterprise
6673,Research Scientist,India,Mid,35974,"NLP, Deep Learning, PyTorch",Enterprise
6674,Research Scientist,Canada,Entry,53029,"TensorFlow, SQL, Deep Learning",Enterprise
6675,NLP Engineer,India,Lead,71576,"MLOps, Data Visualization, TensorFlow",Mid-size
6676,Data Analyst,Germany,Entry,35689,"TensorFlow, MLOps, NLP",Enterprise
6677,Data Scientist,UK,Mid,81928,"Computer Vision, Statistics, NLP",Enterprise
6678,Data Scientist,India,Lead,62108,"Data Visualization, SQL, Computer Vision",Mid-size
6679,Deep Learning Engineer,Canada,Entry,22278,"Data Visualization, Statistics, NLP",Mid-size
6680,ML Engineer,Germany,Entry,23237,"PyTorch, Computer Vision, SQL",Mid-size
6681,NLP Engineer,USA,Lead,236174,"Deep Learning, NLP, Python",Mid-size
6682,NLP Engineer,India,Lead,57915,"SQL, Python, Computer Vision",Enterprise
6683,ML Engineer,USA,Entry,27494,"PyTorch, NLP, Data Visualization",Startup
6684,Data Analyst,USA,Entry,38710,"Statistics, PyTorch, MLOps",Mid-size
6685,NLP Engineer,Australia,Lead,187134,"Data Visualization, SQL, PyTorch",Startup
6686,AI Engineer,UK,Entry,24684,"TensorFlow, MLOps, Data Visualization",Startup
6687,Data Analyst,Canada,Lead,209621,"Computer Vision, TensorFlow, Deep Learning",Enterprise
6688,Data Scientist,Australia,Mid,87344,"Deep Learning, PyTorch, NLP",Mid-size
6689,Data Analyst,Australia,Senior,151541,"SQL, PyTorch, NLP",Enterprise
6690,Data Analyst,Germany,Mid,61971,"TensorFlow, Computer Vision, Statistics",Mid-size
6691,Data Scientist,India,Lead,58731,"NLP, Python, Deep Learning",Mid-size
6692,NLP Engineer,USA,Mid,72584,"SQL, TensorFlow, MLOps",Enterprise
6693,ML Engineer,Australia,Senior,141835,"Computer Vision, Deep Learning, MLOps",Mid-size
6694,ML Engineer,UK,Senior,99176,"NLP, MLOps, TensorFlow",Enterprise
6695,Deep Learning Engineer,USA,Lead,191626,"SQL, Python, Computer Vision",Enterprise
6696,AI Engineer,Australia,Entry,42458,"NLP, Python, SQL",Mid-size
6697,Research Scientist,India,Lead,60758,"TensorFlow, NLP, Python",Enterprise
6698,AI Engineer,Germany,Lead,192282,"SQL, Data Visualization, Python",Startup
6699,Data Analyst,Australia,Lead,200193,"Statistics, NLP, Computer Vision",Mid-size
6700,Data Scientist,Canada,Entry,52157,"Deep Learning, Statistics, MLOps",Enterprise
6701,Data Analyst,India,Mid,30234,"Statistics, Computer Vision, NLP",Enterprise
6702,Data Analyst,USA,Entry,54712,"SQL, Computer Vision, MLOps",Mid-size
6703,Research Scientist,UK,Entry,48386,"PyTorch, Python, NLP",Startup
6704,ML Engineer,Canada,Lead,160145,"MLOps, Data Visualization, SQL",Startup
6705,NLP Engineer,India,Entry,15284,"Python, Data Visualization, MLOps",Enterprise
6706,AI Engineer,UK,Senior,125113,"Statistics, MLOps, SQL",Mid-size
6707,Data Scientist,UK,Senior,93005,"Statistics, PyTorch, MLOps",Mid-size
6708,Deep Learning Engineer,UK,Lead,186381,"PyTorch, Python, Statistics",Enterprise
6709,Research Scientist,Canada,Mid,98335,"MLOps, Statistics, Python",Startup
6710,Research Scientist,Australia,Lead,206538,"PyTorch, Deep Learning, Statistics",Startup
6711,Deep Learning Engineer,India,Lead,67654,"MLOps, NLP, PyTorch",Startup
6712,Research Scientist,UK,Senior,101862,"Python, NLP, TensorFlow",Startup
6713,NLP Engineer,Germany,Lead,144649,"Computer Vision, TensorFlow, Data Visualization",Mid-size
6714,Research Scientist,India,Entry,9547,"NLP, TensorFlow, Python",Startup
6715,Computer Vision Engineer,UK,Entry,32379,"MLOps, Computer Vision, TensorFlow",Startup
6716,AI Engineer,Australia,Senior,122005,"MLOps, Python, Data Visualization",Startup
6717,AI Engineer,Australia,Entry,41818,"PyTorch, Computer Vision, NLP",Mid-size
6718,NLP Engineer,UK,Lead,197416,"Deep Learning, PyTorch, TensorFlow",Enterprise
6719,AI Engineer,USA,Mid,79172,"SQL, Statistics, Data Visualization",Enterprise
6720,Research Scientist,Canada,Lead,166181,"Statistics, NLP, MLOps",Mid-size
6721,Data Analyst,UK,Senior,107148,"Data Visualization, Python, Deep Learning",Mid-size
6722,NLP Engineer,Germany,Senior,134160,"MLOps, TensorFlow, SQL",Startup
6723,AI Engineer,USA,Entry,28021,"Computer Vision, SQL, Deep Learning",Startup
6724,Data Scientist,Germany,Mid,52366,"Deep Learning, Python, Statistics",Startup
6725,NLP Engineer,USA,Entry,35601,"Computer Vision, PyTorch, SQL",Mid-size
6726,Computer Vision Engineer,Germany,Lead,190158,"SQL, Statistics, PyTorch",Mid-size
6727,NLP Engineer,USA,Senior,152950,"Python, SQL, MLOps",Startup
6728,NLP Engineer,USA,Mid,81936,"NLP, Statistics, Data Visualization",Mid-size
6729,Research Scientist,Australia,Senior,101927,"Computer Vision, TensorFlow, PyTorch",Startup
6730,AI Engineer,UK,Entry,43333,"Statistics, SQL, TensorFlow",Mid-size
6731,Data Analyst,USA,Mid,106650,"Deep Learning, MLOps, NLP",Startup
6732,Deep Learning Engineer,Canada,Entry,53963,"SQL, MLOps, TensorFlow",Enterprise
6733,Computer Vision Engineer,UK,Mid,65133,"NLP, Data Visualization, TensorFlow",Mid-size
6734,Deep Learning Engineer,UK,Entry,20275,"MLOps, Python, Computer Vision",Mid-size
6735,Deep Learning Engineer,UK,Entry,24698,"Data Visualization, TensorFlow, SQL",Mid-size
6736,NLP Engineer,Germany,Mid,73179,"Data Visualization, Statistics, TensorFlow",Mid-size
6737,NLP Engineer,UK,Entry,40678,"Deep Learning, Computer Vision, TensorFlow",Startup
6738,Data Analyst,USA,Entry,43453,"Deep Learning, MLOps, TensorFlow",Enterprise
6739,Computer Vision Engineer,Germany,Mid,62952,"Computer Vision, TensorFlow, NLP",Mid-size
6740,Computer Vision Engineer,India,Mid,34720,"Data Visualization, TensorFlow, Python",Mid-size
6741,Data Analyst,USA,Lead,188052,"MLOps, PyTorch, Data Visualization",Mid-size
6742,ML Engineer,Australia,Lead,213072,"Computer Vision, Data Visualization, PyTorch",Enterprise
6743,Data Scientist,UK,Lead,161836,"NLP, Statistics, MLOps",Startup
6744,Data Analyst,India,Entry,16276,"TensorFlow, Statistics, SQL",Startup
6745,Deep Learning Engineer,UK,Mid,69941,"Computer Vision, Statistics, Deep Learning",Mid-size
6746,Data Analyst,UK,Mid,54886,"TensorFlow, NLP, SQL",Startup
6747,NLP Engineer,India,Senior,36388,"Data Visualization, Python, TensorFlow",Enterprise
6748,Research Scientist,India,Lead,58247,"NLP, PyTorch, Data Visualization",Enterprise
6749,NLP Engineer,Canada,Lead,164300,"Data Visualization, Python, Deep Learning",Enterprise
6750,Data Analyst,Germany,Senior,92886,"TensorFlow, PyTorch, Computer Vision",Mid-size
6751,Computer Vision Engineer,Germany,Lead,159845,"Deep Learning, Statistics, Computer Vision",Enterprise
6752,Data Scientist,India,Senior,51124,"Python, SQL, TensorFlow",Startup
6753,Computer Vision Engineer,India,Mid,23731,"MLOps, SQL, Computer Vision",Enterprise
6754,Research Scientist,India,Entry,9617,"Deep Learning, SQL, Data Visualization",Startup
6755,AI Engineer,Australia,Mid,84846,"Computer Vision, MLOps, TensorFlow",Startup
6756,Research Scientist,UK,Entry,27299,"TensorFlow, Deep Learning, Data Visualization",Mid-size
6757,Computer Vision Engineer,Australia,Entry,40176,"Computer Vision, Deep Learning, Statistics",Startup
6758,AI Engineer,Australia,Lead,210309,"Statistics, MLOps, SQL",Startup
6759,Data Scientist,USA,Entry,44949,"PyTorch, Statistics, NLP",Mid-size
6760,AI Engineer,Canada,Mid,81297,"Computer Vision, NLP, Data Visualization",Startup
6761,ML Engineer,Germany,Senior,103366,"PyTorch, NLP, Python",Mid-size
6762,Computer Vision Engineer,Germany,Senior,118325,"PyTorch, Deep Learning, MLOps",Enterprise
6763,Data Analyst,Australia,Lead,205079,"Deep Learning, Data Visualization, Statistics",Startup
6764,NLP Engineer,India,Lead,59265,"Computer Vision, Python, SQL",Startup
6765,Research Scientist,UK,Mid,51119,"PyTorch, NLP, Python",Enterprise
6766,Research Scientist,USA,Senior,167613,"Data Visualization, Computer Vision, Python",Enterprise
6767,Deep Learning Engineer,USA,Lead,199629,"PyTorch, Python, Statistics",Startup
6768,AI Engineer,UK,Senior,136921,"NLP, Deep Learning, Computer Vision",Enterprise
6769,ML Engineer,UK,Senior,120136,"TensorFlow, Deep Learning, SQL",Startup
6770,Deep Learning Engineer,Canada,Entry,51881,"Deep Learning, Data Visualization, TensorFlow",Mid-size
6771,Research Scientist,USA,Lead,216580,"MLOps, Deep Learning, Data Visualization",Enterprise
6772,ML Engineer,UK,Lead,158934,"Computer Vision, PyTorch, Data Visualization",Startup
6773,AI Engineer,USA,Senior,154950,"Deep Learning, Computer Vision, Data Visualization",Startup
6774,Data Analyst,Germany,Mid,89103,"Python, Deep Learning, TensorFlow",Enterprise
6775,Research Scientist,Australia,Entry,48152,"SQL, MLOps, Python",Mid-size
6776,Research Scientist,UK,Lead,166207,"SQL, Python, MLOps",Startup
6777,Deep Learning Engineer,Australia,Lead,207856,"SQL, TensorFlow, MLOps",Enterprise
6778,Deep Learning Engineer,Australia,Senior,113743,"SQL, Statistics, MLOps",Startup
6779,Research Scientist,Canada,Entry,48833,"PyTorch, SQL, Data Visualization",Startup
6780,ML Engineer,USA,Mid,68604,"SQL, NLP, PyTorch",Mid-size
6781,Data Scientist,Australia,Entry,54964,"TensorFlow, Data Visualization, Computer Vision",Enterprise
6782,Computer Vision Engineer,USA,Senior,116142,"PyTorch, Computer Vision, NLP",Mid-size
6783,Computer Vision Engineer,USA,Mid,65586,"Python, SQL, Statistics",Startup
6784,ML Engineer,India,Senior,44572,"Statistics, NLP, Deep Learning",Enterprise
6785,AI Engineer,Australia,Mid,55396,"MLOps, TensorFlow, NLP",Mid-size
6786,AI Engineer,Germany,Entry,30168,"Data Visualization, NLP, Computer Vision",Enterprise
6787,Deep Learning Engineer,Canada,Lead,209595,"TensorFlow, MLOps, Statistics",Mid-size
6788,Computer Vision Engineer,Australia,Mid,58865,"NLP, TensorFlow, SQL",Enterprise
6789,Deep Learning Engineer,Australia,Entry,25210,"TensorFlow, Statistics, Data Visualization",Enterprise
6790,Computer Vision Engineer,Canada,Senior,149847,"Statistics, Python, TensorFlow",Enterprise
6791,ML Engineer,USA,Entry,49208,"Data Visualization, TensorFlow, SQL",Startup
6792,Computer Vision Engineer,India,Entry,16180,"TensorFlow, Computer Vision, Python",Startup
6793,Data Analyst,USA,Senior,132513,"TensorFlow, SQL, Computer Vision",Enterprise
6794,NLP Engineer,UK,Entry,41518,"MLOps, Statistics, Data Visualization",Mid-size
6795,AI Engineer,UK,Senior,138546,"SQL, Data Visualization, MLOps",Enterprise
6796,AI Engineer,USA,Mid,77137,"Python, PyTorch, NLP",Mid-size
6797,Data Analyst,UK,Entry,29824,"Statistics, Computer Vision, MLOps",Mid-size
6798,NLP Engineer,India,Senior,48919,"Deep Learning, MLOps, Statistics",Startup
6799,AI Engineer,Germany,Senior,95120,"PyTorch, SQL, Data Visualization",Startup
6800,Data Analyst,India,Mid,21886,"MLOps, Computer Vision, TensorFlow",Mid-size
6801,Data Scientist,Australia,Mid,95137,"Computer Vision, TensorFlow, Data Visualization",Enterprise
6802,NLP Engineer,Australia,Senior,108501,"Computer Vision, NLP, Python",Mid-size
6803,Data Scientist,India,Mid,26953,"Data Visualization, NLP, Computer Vision",Mid-size
6804,Data Analyst,USA,Senior,134235,"SQL, Deep Learning, TensorFlow",Enterprise
6805,Deep Learning Engineer,UK,Senior,104870,"PyTorch, Python, Deep Learning",Startup
6806,Research Scientist,UK,Lead,199230,"Data Visualization, MLOps, TensorFlow",Mid-size
6807,Data Analyst,India,Lead,72947,"MLOps, Deep Learning, PyTorch",Mid-size
6808,Research Scientist,Germany,Lead,170328,"TensorFlow, Data Visualization, NLP",Startup
6809,Computer Vision Engineer,Canada,Mid,80451,"Computer Vision, PyTorch, NLP",Mid-size
6810,Computer Vision Engineer,Canada,Entry,35303,"SQL, MLOps, PyTorch",Enterprise
6811,Research Scientist,Canada,Lead,159843,"PyTorch, Computer Vision, Deep Learning",Startup
6812,Deep Learning Engineer,Canada,Entry,50570,"TensorFlow, Statistics, NLP",Enterprise
6813,NLP Engineer,India,Mid,33537,"MLOps, TensorFlow, PyTorch",Enterprise
6814,Data Analyst,Australia,Mid,85426,"PyTorch, Python, Computer Vision",Mid-size
6815,Data Scientist,Canada,Lead,167604,"MLOps, Data Visualization, Deep Learning",Mid-size
6816,AI Engineer,Australia,Lead,174803,"Computer Vision, PyTorch, NLP",Startup
6817,NLP Engineer,India,Entry,9726,"Python, PyTorch, Computer Vision",Mid-size
6818,Data Scientist,UK,Lead,158721,"MLOps, Deep Learning, Computer Vision",Mid-size
6819,Research Scientist,India,Lead,69489,"PyTorch, Python, Computer Vision",Startup
6820,AI Engineer,India,Lead,61070,"SQL, Data Visualization, Deep Learning",Startup
6821,AI Engineer,Canada,Mid,90355,"Data Visualization, Statistics, SQL",Startup
6822,Data Scientist,Australia,Senior,103712,"SQL, Statistics, Data Visualization",Startup
6823,Computer Vision Engineer,UK,Mid,79595,"Statistics, SQL, MLOps",Startup
6824,Data Scientist,USA,Mid,100232,"NLP, PyTorch, TensorFlow",Enterprise
6825,Data Scientist,India,Senior,52979,"SQL, Python, NLP",Mid-size
6826,NLP Engineer,USA,Senior,109998,"Python, Computer Vision, TensorFlow",Startup
6827,Data Analyst,India,Senior,40077,"Computer Vision, Deep Learning, Python",Startup
6828,AI Engineer,India,Mid,29226,"Python, Data Visualization, NLP",Mid-size
6829,Deep Learning Engineer,USA,Lead,216484,"NLP, PyTorch, Statistics",Startup
6830,AI Engineer,UK,Mid,57344,"SQL, Data Visualization, TensorFlow",Mid-size
6831,Data Analyst,USA,Entry,59733,"Python, MLOps, PyTorch",Enterprise
6832,AI Engineer,Germany,Entry,26091,"Data Visualization, Python, Computer Vision",Enterprise
6833,Data Analyst,Germany,Entry,37905,"Computer Vision, MLOps, TensorFlow",Startup
6834,Data Scientist,India,Entry,18102,"SQL, MLOps, TensorFlow",Startup
6835,ML Engineer,India,Senior,37878,"NLP, Deep Learning, Python",Startup
6836,AI Engineer,UK,Lead,167524,"Computer Vision, MLOps, Deep Learning",Mid-size
6837,NLP Engineer,Canada,Senior,99184,"Data Visualization, Deep Learning, TensorFlow",Enterprise
6838,Computer Vision Engineer,USA,Senior,126267,"MLOps, Computer Vision, PyTorch",Startup
6839,Research Scientist,Canada,Senior,116920,"NLP, SQL, Data Visualization",Mid-size
6840,Data Scientist,UK,Lead,164715,"MLOps, Computer Vision, TensorFlow",Enterprise
6841,Research Scientist,Canada,Entry,45779,"Computer Vision, Statistics, MLOps",Startup
6842,Computer Vision Engineer,Canada,Entry,29240,"Statistics, Python, Computer Vision",Startup
6843,Research Scientist,Australia,Senior,112380,"Data Visualization, PyTorch, NLP",Enterprise
6844,Research Scientist,India,Senior,48508,"PyTorch, NLP, MLOps",Startup
6845,NLP Engineer,USA,Senior,160945,"PyTorch, SQL, MLOps",Startup
6846,ML Engineer,Australia,Senior,100648,"Deep Learning, PyTorch, SQL",Enterprise
6847,Computer Vision Engineer,UK,Lead,165746,"Computer Vision, Deep Learning, Data Visualization",Enterprise
6848,Computer Vision Engineer,India,Senior,36815,"SQL, Computer Vision, Data Visualization",Enterprise
6849,Data Scientist,Australia,Mid,83485,"Computer Vision, PyTorch, Data Visualization",Mid-size
6850,Data Analyst,Canada,Entry,47818,"NLP, Statistics, TensorFlow",Mid-size
6851,Data Scientist,Australia,Lead,186731,"Statistics, Data Visualization, Python",Mid-size
6852,Research Scientist,Canada,Lead,212535,"NLP, MLOps, PyTorch",Startup
6853,Computer Vision Engineer,Germany,Mid,54281,"MLOps, Computer Vision, SQL",Startup
6854,AI Engineer,USA,Lead,225057,"NLP, Data Visualization, PyTorch",Enterprise
6855,Research Scientist,India,Mid,34379,"Statistics, Python, Computer Vision",Startup
6856,Deep Learning Engineer,Canada,Entry,29172,"NLP, Deep Learning, Data Visualization",Mid-size
6857,Data Scientist,India,Senior,39566,"Statistics, Deep Learning, Data Visualization",Startup
6858,AI Engineer,Germany,Mid,56918,"Computer Vision, TensorFlow, SQL",Mid-size
6859,Research Scientist,India,Senior,43839,"Statistics, MLOps, Computer Vision",Enterprise
6860,ML Engineer,UK,Senior,127257,"Python, TensorFlow, SQL",Startup
6861,Computer Vision Engineer,India,Mid,29259,"Deep Learning, NLP, Statistics",Startup
6862,ML Engineer,USA,Mid,86114,"Statistics, PyTorch, MLOps",Startup
6863,Computer Vision Engineer,India,Mid,31336,"Data Visualization, Computer Vision, MLOps",Startup
6864,AI Engineer,Canada,Lead,166989,"Python, SQL, PyTorch",Enterprise
6865,AI Engineer,Canada,Lead,211736,"NLP, Data Visualization, Statistics",Enterprise
6866,Deep Learning Engineer,Canada,Lead,160988,"Data Visualization, NLP, PyTorch",Enterprise
6867,Computer Vision Engineer,India,Mid,34390,"Deep Learning, SQL, PyTorch",Mid-size
6868,ML Engineer,India,Senior,42389,"Computer Vision, TensorFlow, Deep Learning",Mid-size
6869,Research Scientist,Canada,Lead,191314,"SQL, NLP, MLOps",Startup
6870,NLP Engineer,USA,Senior,147340,"MLOps, Deep Learning, Statistics",Enterprise
6871,Data Scientist,Canada,Lead,174477,"MLOps, NLP, Deep Learning",Startup
6872,Research Scientist,India,Senior,42482,"NLP, Deep Learning, TensorFlow",Mid-size
6873,Data Scientist,India,Senior,40727,"Statistics, Deep Learning, MLOps",Enterprise
6874,AI Engineer,USA,Mid,68342,"Python, MLOps, Data Visualization",Enterprise
6875,Computer Vision Engineer,UK,Lead,155091,"Deep Learning, PyTorch, Computer Vision",Enterprise
6876,ML Engineer,Australia,Mid,64860,"PyTorch, Deep Learning, Data Visualization",Mid-size
6877,Deep Learning Engineer,USA,Senior,156246,"TensorFlow, SQL, MLOps",Enterprise
6878,Data Analyst,Germany,Mid,75681,"Data Visualization, Deep Learning, Python",Mid-size
6879,Data Analyst,Canada,Lead,214608,"Python, NLP, Deep Learning",Mid-size
6880,NLP Engineer,Germany,Entry,29033,"Python, MLOps, Data Visualization",Mid-size
6881,Data Analyst,Canada,Senior,138696,"NLP, Data Visualization, PyTorch",Enterprise
6882,Computer Vision Engineer,Canada,Senior,134886,"SQL, Deep Learning, Data Visualization",Startup
6883,AI Engineer,India,Senior,52172,"Python, SQL, NLP",Startup
6884,Data Analyst,Australia,Lead,215333,"PyTorch, Computer Vision, NLP",Enterprise
6885,NLP Engineer,Canada,Senior,146242,"Computer Vision, Deep Learning, Python",Enterprise
6886,Data Analyst,India,Senior,45254,"Data Visualization, TensorFlow, MLOps",Enterprise
6887,Data Analyst,UK,Entry,48586,"NLP, SQL, Data Visualization",Startup
6888,Computer Vision Engineer,Australia,Senior,105435,"Python, Deep Learning, TensorFlow",Enterprise
6889,Data Scientist,UK,Senior,111777,"Computer Vision, NLP, SQL",Mid-size
6890,Research Scientist,Germany,Senior,123996,"Python, Computer Vision, SQL",Mid-size
6891,Data Analyst,India,Entry,19515,"Statistics, NLP, Data Visualization",Enterprise
6892,Data Scientist,Canada,Senior,114548,"SQL, Data Visualization, PyTorch",Startup
6893,ML Engineer,Canada,Entry,51482,"Data Visualization, Statistics, Deep Learning",Enterprise
6894,Research Scientist,Germany,Mid,56121,"SQL, NLP, Data Visualization",Startup
6895,Research Scientist,Australia,Mid,75823,"SQL, Deep Learning, NLP",Startup
6896,Computer Vision Engineer,Canada,Entry,52182,"SQL, Deep Learning, Statistics",Mid-size
6897,Data Analyst,Canada,Entry,32703,"SQL, Python, Statistics",Mid-size
6898,Data Scientist,India,Entry,18887,"Computer Vision, PyTorch, Deep Learning",Startup
6899,Deep Learning Engineer,India,Lead,69597,"Computer Vision, Python, SQL",Mid-size
6900,ML Engineer,USA,Lead,179991,"NLP, TensorFlow, PyTorch",Mid-size
6901,Deep Learning Engineer,India,Mid,26614,"NLP, TensorFlow, Statistics",Mid-size
6902,NLP Engineer,Australia,Mid,87884,"SQL, Python, MLOps",Enterprise
6903,Research Scientist,India,Mid,22542,"NLP, Python, SQL",Startup
6904,Computer Vision Engineer,Canada,Senior,133854,"Data Visualization, Deep Learning, Python",Enterprise
6905,Computer Vision Engineer,Canada,Entry,46928,"Data Visualization, Deep Learning, TensorFlow",Enterprise
6906,Computer Vision Engineer,Australia,Senior,141319,"Deep Learning, Computer Vision, SQL",Mid-size
6907,Data Analyst,Australia,Entry,54355,"Statistics, Data Visualization, NLP",Startup
6908,Deep Learning Engineer,Australia,Entry,52862,"Deep Learning, SQL, Python",Startup
6909,NLP Engineer,USA,Senior,156145,"Computer Vision, Data Visualization, Python",Mid-size
6910,ML Engineer,Australia,Senior,112218,"Data Visualization, Statistics, Python",Mid-size
6911,Deep Learning Engineer,UK,Senior,130824,"Deep Learning, Data Visualization, Computer Vision",Enterprise
6912,NLP Engineer,UK,Senior,104220,"Computer Vision, Statistics, Python",Enterprise
6913,ML Engineer,USA,Senior,121569,"Deep Learning, PyTorch, NLP",Enterprise
6914,AI Engineer,Germany,Lead,167541,"PyTorch, SQL, Python",Enterprise
6915,Computer Vision Engineer,UK,Entry,22661,"TensorFlow, Deep Learning, Data Visualization",Mid-size
6916,AI Engineer,Germany,Lead,147756,"Statistics, NLP, Deep Learning",Startup
6917,Research Scientist,USA,Entry,30423,"MLOps, Deep Learning, SQL",Enterprise
6918,Research Scientist,UK,Senior,114586,"Data Visualization, Statistics, TensorFlow",Enterprise
6919,Computer Vision Engineer,Germany,Lead,197142,"Statistics, NLP, TensorFlow",Enterprise
6920,Data Scientist,Australia,Entry,28849,"Statistics, Python, MLOps",Enterprise
6921,AI Engineer,India,Entry,17346,"NLP, Deep Learning, MLOps",Mid-size
6922,Computer Vision Engineer,Germany,Entry,48836,"PyTorch, TensorFlow, SQL",Startup
6923,Computer Vision Engineer,UK,Lead,145505,"Python, SQL, Deep Learning",Enterprise
6924,Data Analyst,Canada,Lead,184079,"Python, Data Visualization, Deep Learning",Startup
6925,AI Engineer,Germany,Lead,168527,"Deep Learning, Python, PyTorch",Mid-size
6926,Computer Vision Engineer,Canada,Entry,22507,"Deep Learning, Statistics, Data Visualization",Mid-size
6927,Data Analyst,Germany,Lead,175707,"Statistics, Python, TensorFlow",Mid-size
6928,Deep Learning Engineer,Australia,Senior,114094,"MLOps, TensorFlow, Data Visualization",Mid-size
6929,Computer Vision Engineer,Germany,Lead,194289,"PyTorch, MLOps, NLP",Enterprise
6930,Research Scientist,UK,Senior,117513,"SQL, PyTorch, Computer Vision",Enterprise
6931,Data Analyst,USA,Senior,132159,"Computer Vision, MLOps, SQL",Startup
6932,AI Engineer,UK,Mid,73229,"Data Visualization, Deep Learning, Python",Startup
6933,AI Engineer,Germany,Lead,179925,"Python, SQL, TensorFlow",Startup
6934,Data Analyst,Australia,Mid,91978,"PyTorch, TensorFlow, Statistics",Mid-size
6935,Data Scientist,Canada,Mid,81139,"TensorFlow, SQL, MLOps",Mid-size
6936,Data Scientist,India,Mid,25690,"PyTorch, Python, MLOps",Enterprise
6937,ML Engineer,USA,Lead,201561,"SQL, Data Visualization, MLOps",Mid-size
6938,ML Engineer,Germany,Mid,63903,"TensorFlow, MLOps, NLP",Enterprise
6939,Data Analyst,India,Lead,72333,"Data Visualization, Statistics, NLP",Enterprise
6940,AI Engineer,Germany,Mid,84117,"SQL, PyTorch, TensorFlow",Mid-size
6941,Research Scientist,Germany,Mid,84890,"Deep Learning, SQL, Computer Vision",Enterprise
6942,Deep Learning Engineer,Germany,Mid,78063,"Computer Vision, Data Visualization, SQL",Enterprise
6943,Data Analyst,UK,Senior,97782,"MLOps, Data Visualization, Statistics",Startup
6944,Data Scientist,India,Lead,67043,"Statistics, Computer Vision, SQL",Mid-size
6945,Research Scientist,Australia,Mid,61432,"PyTorch, Computer Vision, MLOps",Mid-size
6946,AI Engineer,Germany,Senior,93302,"Statistics, Deep Learning, TensorFlow",Startup
6947,Deep Learning Engineer,USA,Lead,196213,"TensorFlow, NLP, SQL",Enterprise
6948,Deep Learning Engineer,UK,Entry,25022,"MLOps, Deep Learning, NLP",Startup
6949,AI Engineer,India,Mid,35208,"PyTorch, Statistics, TensorFlow",Startup
6950,ML Engineer,Germany,Entry,48506,"MLOps, NLP, Deep Learning",Startup
6951,Data Analyst,Germany,Mid,60156,"Statistics, Deep Learning, PyTorch",Startup
6952,AI Engineer,India,Mid,23535,"PyTorch, Statistics, TensorFlow",Mid-size
6953,ML Engineer,UK,Entry,25208,"TensorFlow, MLOps, Python",Startup
6954,Data Analyst,India,Lead,60617,"Data Visualization, MLOps, SQL",Enterprise
6955,Data Scientist,India,Lead,62682,"PyTorch, Deep Learning, Statistics",Mid-size
6956,Data Scientist,UK,Lead,163089,"MLOps, TensorFlow, NLP",Mid-size
6957,Computer Vision Engineer,Canada,Lead,163218,"Deep Learning, SQL, Statistics",Mid-size
6958,Deep Learning Engineer,USA,Entry,50388,"MLOps, Statistics, PyTorch",Enterprise
6959,ML Engineer,Australia,Entry,42592,"TensorFlow, NLP, Data Visualization",Mid-size
6960,Computer Vision Engineer,Australia,Senior,135565,"Deep Learning, Computer Vision, TensorFlow",Startup
6961,Computer Vision Engineer,India,Lead,61065,"SQL, Deep Learning, Computer Vision",Enterprise
6962,Data Scientist,India,Lead,79726,"MLOps, Deep Learning, NLP",Startup
6963,Computer Vision Engineer,Australia,Lead,177285,"MLOps, Computer Vision, TensorFlow",Enterprise
6964,AI Engineer,UK,Lead,194235,"MLOps, Computer Vision, Data Visualization",Startup
6965,Computer Vision Engineer,Canada,Mid,78449,"Computer Vision, TensorFlow, Python",Enterprise
6966,Computer Vision Engineer,UK,Entry,23472,"Computer Vision, MLOps, Statistics",Enterprise
6967,Data Scientist,Australia,Entry,27327,"Computer Vision, Deep Learning, NLP",Startup
6968,Data Analyst,Canada,Lead,210309,"SQL, Computer Vision, NLP",Mid-size
6969,Computer Vision Engineer,India,Entry,13806,"Data Visualization, Python, Computer Vision",Startup
6970,AI Engineer,USA,Lead,185782,"Computer Vision, MLOps, Python",Mid-size
6971,ML Engineer,Australia,Mid,63144,"NLP, MLOps, PyTorch",Enterprise
6972,NLP Engineer,USA,Mid,82436,"SQL, TensorFlow, PyTorch",Startup
6973,ML Engineer,India,Mid,29428,"Data Visualization, MLOps, SQL",Enterprise
6974,Data Analyst,UK,Senior,129706,"SQL, PyTorch, Deep Learning",Mid-size
6975,NLP Engineer,Australia,Lead,164766,"Statistics, TensorFlow, NLP",Enterprise
6976,Research Scientist,India,Senior,43493,"MLOps, Data Visualization, PyTorch",Enterprise
6977,Data Scientist,Canada,Lead,205101,"TensorFlow, Computer Vision, PyTorch",Enterprise
6978,ML Engineer,UK,Senior,134767,"MLOps, TensorFlow, NLP",Enterprise
6979,Data Analyst,Canada,Senior,150384,"MLOps, Statistics, TensorFlow",Startup
6980,NLP Engineer,USA,Senior,118047,"Python, Statistics, Data Visualization",Enterprise
6981,AI Engineer,Canada,Mid,87356,"TensorFlow, Statistics, Data Visualization",Startup
6982,Computer Vision Engineer,Germany,Lead,153901,"Deep Learning, Statistics, NLP",Startup
6983,Data Scientist,Canada,Entry,49321,"NLP, SQL, MLOps",Mid-size
6984,Research Scientist,Australia,Lead,219491,"Statistics, TensorFlow, PyTorch",Startup
6985,ML Engineer,Germany,Mid,81852,"PyTorch, Deep Learning, MLOps",Mid-size
6986,Computer Vision Engineer,Canada,Mid,85793,"NLP, SQL, Statistics",Enterprise
6987,Data Analyst,UK,Entry,48293,"NLP, Data Visualization, Computer Vision",Enterprise
6988,NLP Engineer,Germany,Senior,139353,"NLP, Computer Vision, Statistics",Startup
6989,ML Engineer,Canada,Mid,75249,"TensorFlow, Data Visualization, PyTorch",Mid-size
6990,Computer Vision Engineer,Germany,Senior,93671,"Python, MLOps, Statistics",Enterprise
6991,Computer Vision Engineer,Germany,Mid,62466,"Computer Vision, NLP, PyTorch",Enterprise
6992,ML Engineer,Australia,Entry,27046,"MLOps, PyTorch, SQL",Startup
6993,ML Engineer,India,Entry,15493,"MLOps, Python, Computer Vision",Enterprise
6994,Deep Learning Engineer,Canada,Lead,165950,"Computer Vision, PyTorch, SQL",Enterprise
6995,ML Engineer,Germany,Lead,152624,"PyTorch, TensorFlow, Statistics",Enterprise
6996,NLP Engineer,Canada,Senior,114077,"NLP, Python, TensorFlow",Enterprise
6997,AI Engineer,Australia,Entry,54435,"Computer Vision, TensorFlow, Statistics",Enterprise
6998,Computer Vision Engineer,India,Mid,28412,"NLP, Data Visualization, SQL",Startup
6999,AI Engineer,UK,Lead,140056,"SQL, NLP, Deep Learning",Startup
7000,Data Scientist,India,Mid,26140,"Statistics, PyTorch, TensorFlow",Enterprise
7001,AI Engineer,UK,Lead,185037,"Python, Deep Learning, MLOps",Startup
7002,ML Engineer,Australia,Mid,70780,"Statistics, Deep Learning, NLP",Mid-size
7003,Data Analyst,Australia,Senior,108670,"MLOps, Data Visualization, Computer Vision",Startup
7004,ML Engineer,USA,Senior,147300,"Python, TensorFlow, PyTorch",Mid-size
7005,Computer Vision Engineer,Australia,Lead,172546,"PyTorch, SQL, Python",Startup
7006,ML Engineer,Germany,Entry,25283,"Computer Vision, Deep Learning, TensorFlow",Mid-size
7007,NLP Engineer,UK,Lead,164408,"MLOps, Python, SQL",Mid-size
7008,Data Analyst,Canada,Senior,105530,"Computer Vision, MLOps, NLP",Enterprise
7009,Computer Vision Engineer,Canada,Senior,118670,"TensorFlow, Python, NLP",Mid-size
7010,Deep Learning Engineer,Canada,Lead,192474,"SQL, Python, PyTorch",Startup
7011,Computer Vision Engineer,Germany,Mid,57228,"Data Visualization, Deep Learning, Statistics",Startup
7012,Data Scientist,India,Mid,23306,"NLP, MLOps, Statistics",Enterprise
7013,NLP Engineer,UK,Lead,198725,"Deep Learning, Computer Vision, PyTorch",Enterprise
7014,ML Engineer,India,Entry,14058,"TensorFlow, Data Visualization, Python",Mid-size
7015,Computer Vision Engineer,UK,Senior,134232,"TensorFlow, PyTorch, Python",Enterprise
7016,NLP Engineer,Canada,Lead,208321,"Deep Learning, PyTorch, Computer Vision",Startup
7017,AI Engineer,India,Lead,76040,"Deep Learning, MLOps, TensorFlow",Mid-size
7018,Data Scientist,Canada,Senior,107852,"Data Visualization, NLP, Deep Learning",Mid-size
7019,Deep Learning Engineer,India,Lead,57111,"NLP, Data Visualization, TensorFlow",Enterprise
7020,Research Scientist,India,Entry,13482,"Statistics, PyTorch, Data Visualization",Mid-size
7021,Data Analyst,Canada,Entry,43692,"Python, Statistics, MLOps",Mid-size
7022,Computer Vision Engineer,USA,Senior,156324,"Deep Learning, MLOps, PyTorch",Mid-size
7023,NLP Engineer,Germany,Entry,21649,"TensorFlow, Computer Vision, SQL",Enterprise
7024,Data Analyst,USA,Mid,61100,"PyTorch, Statistics, SQL",Mid-size
7025,NLP Engineer,Canada,Senior,123272,"Data Visualization, Python, NLP",Mid-size
7026,Deep Learning Engineer,Canada,Lead,184012,"SQL, Statistics, TensorFlow",Enterprise
7027,Data Scientist,India,Lead,69422,"Computer Vision, Deep Learning, MLOps",Startup
7028,Computer Vision Engineer,UK,Senior,121476,"PyTorch, NLP, SQL",Mid-size
7029,Deep Learning Engineer,India,Mid,34407,"Statistics, Python, NLP",Startup
7030,NLP Engineer,Germany,Lead,187899,"Python, TensorFlow, Deep Learning",Mid-size
7031,Data Analyst,India,Lead,64124,"Deep Learning, Computer Vision, Python",Mid-size
7032,AI Engineer,Australia,Mid,93412,"PyTorch, Computer Vision, NLP",Startup
7033,AI Engineer,Australia,Entry,54410,"MLOps, Computer Vision, Statistics",Startup
7034,Research Scientist,Canada,Entry,48558,"Statistics, TensorFlow, PyTorch",Startup
7035,Data Scientist,USA,Senior,147236,"TensorFlow, SQL, NLP",Enterprise
7036,ML Engineer,UK,Entry,45223,"PyTorch, Deep Learning, TensorFlow",Enterprise
7037,Computer Vision Engineer,Canada,Mid,80851,"TensorFlow, NLP, SQL",Mid-size
7038,Data Analyst,UK,Lead,159374,"Data Visualization, PyTorch, TensorFlow",Startup
7039,NLP Engineer,Canada,Entry,50251,"NLP, Computer Vision, Data Visualization",Enterprise
7040,Deep Learning Engineer,USA,Lead,223684,"SQL, MLOps, TensorFlow",Mid-size
7041,ML Engineer,India,Entry,9028,"SQL, MLOps, PyTorch",Startup
7042,Computer Vision Engineer,Australia,Mid,68347,"Computer Vision, Statistics, NLP",Enterprise
7043,NLP Engineer,Australia,Entry,26459,"Data Visualization, Computer Vision, MLOps",Enterprise
7044,Data Analyst,India,Senior,38603,"Deep Learning, Python, SQL",Startup
7045,Research Scientist,USA,Lead,222134,"NLP, MLOps, TensorFlow",Enterprise
7046,Data Analyst,Australia,Entry,48972,"PyTorch, Deep Learning, TensorFlow",Mid-size
7047,Deep Learning Engineer,India,Entry,9530,"Deep Learning, Computer Vision, Statistics",Mid-size
7048,Deep Learning Engineer,Canada,Lead,212540,"MLOps, Statistics, PyTorch",Enterprise
7049,Computer Vision Engineer,UK,Senior,121856,"Data Visualization, Computer Vision, NLP",Startup
7050,NLP Engineer,Canada,Lead,163035,"MLOps, Statistics, NLP",Enterprise
7051,NLP Engineer,Canada,Mid,55661,"PyTorch, MLOps, Statistics",Startup
7052,Research Scientist,India,Entry,13302,"TensorFlow, SQL, NLP",Mid-size
7053,ML Engineer,Canada,Lead,212506,"Data Visualization, PyTorch, Computer Vision",Mid-size
7054,Computer Vision Engineer,Australia,Lead,166653,"Computer Vision, Data Visualization, Python",Mid-size
7055,Data Analyst,Germany,Mid,55368,"Computer Vision, TensorFlow, PyTorch",Startup
7056,Data Scientist,USA,Senior,120469,"TensorFlow, NLP, Python",Mid-size
7057,Research Scientist,USA,Lead,215575,"Statistics, MLOps, TensorFlow",Enterprise
7058,AI Engineer,Germany,Mid,77546,"MLOps, Data Visualization, Statistics",Startup
7059,NLP Engineer,UK,Senior,115720,"Deep Learning, Computer Vision, NLP",Enterprise
7060,Data Analyst,Australia,Mid,56700,"SQL, Deep Learning, Computer Vision",Mid-size
7061,Deep Learning Engineer,Germany,Lead,160828,"Statistics, MLOps, NLP",Startup
7062,ML Engineer,Canada,Entry,53793,"Deep Learning, TensorFlow, Data Visualization",Enterprise
7063,Data Scientist,Germany,Lead,146066,"NLP, MLOps, Statistics",Enterprise
7064,Data Scientist,Canada,Mid,97686,"Computer Vision, SQL, MLOps",Mid-size
7065,ML Engineer,Germany,Mid,76564,"MLOps, TensorFlow, SQL",Mid-size
7066,ML Engineer,India,Lead,71429,"NLP, Python, Deep Learning",Mid-size
7067,Computer Vision Engineer,India,Entry,13118,"TensorFlow, SQL, Deep Learning",Startup
7068,Deep Learning Engineer,Canada,Entry,40124,"Data Visualization, NLP, Python",Mid-size
7069,Deep Learning Engineer,Australia,Senior,140653,"MLOps, Deep Learning, Data Visualization",Mid-size
7070,Data Analyst,Canada,Entry,26428,"Python, Statistics, MLOps",Enterprise
7071,Data Analyst,UK,Lead,164118,"Data Visualization, TensorFlow, Deep Learning",Startup
7072,AI Engineer,USA,Lead,187460,"TensorFlow, NLP, MLOps",Enterprise
7073,Computer Vision Engineer,Canada,Entry,24205,"Statistics, SQL, PyTorch",Mid-size
7074,NLP Engineer,India,Senior,47177,"TensorFlow, Python, Computer Vision",Mid-size
7075,Deep Learning Engineer,Canada,Senior,142809,"TensorFlow, SQL, Python",Mid-size
7076,NLP Engineer,Australia,Lead,212492,"MLOps, Python, PyTorch",Startup
7077,Research Scientist,India,Mid,21682,"MLOps, TensorFlow, Data Visualization",Enterprise
7078,Research Scientist,Germany,Senior,134601,"Statistics, MLOps, Computer Vision",Mid-size
7079,Data Analyst,UK,Lead,195485,"Computer Vision, Deep Learning, Python",Startup
7080,NLP Engineer,Canada,Mid,57647,"SQL, Statistics, PyTorch",Enterprise
7081,ML Engineer,India,Senior,47127,"Statistics, MLOps, Data Visualization",Mid-size
7082,AI Engineer,Canada,Lead,214988,"MLOps, Computer Vision, Deep Learning",Enterprise
7083,AI Engineer,Canada,Senior,123691,"Computer Vision, SQL, NLP",Enterprise
7084,ML Engineer,USA,Lead,218043,"PyTorch, NLP, Statistics",Startup
7085,Data Scientist,Germany,Mid,61685,"TensorFlow, Deep Learning, Computer Vision",Enterprise
7086,Data Scientist,Australia,Senior,110696,"SQL, TensorFlow, Statistics",Enterprise
7087,ML Engineer,UK,Entry,37738,"Deep Learning, TensorFlow, Python",Enterprise
7088,Deep Learning Engineer,India,Entry,16018,"Data Visualization, Python, MLOps",Startup
7089,NLP Engineer,India,Mid,25518,"Python, MLOps, Statistics",Startup
7090,NLP Engineer,Germany,Entry,41756,"Data Visualization, Python, SQL",Enterprise
7091,Data Analyst,Canada,Lead,191214,"PyTorch, NLP, Data Visualization",Mid-size
7092,Research Scientist,Canada,Senior,152532,"PyTorch, MLOps, TensorFlow",Enterprise
7093,Data Scientist,UK,Entry,21872,"TensorFlow, Statistics, Python",Startup
7094,AI Engineer,India,Entry,12862,"SQL, PyTorch, MLOps",Mid-size
7095,NLP Engineer,Canada,Mid,56511,"Deep Learning, Statistics, Data Visualization",Enterprise
7096,Research Scientist,UK,Mid,63427,"Statistics, Deep Learning, SQL",Mid-size
7097,Data Scientist,Canada,Mid,81698,"Deep Learning, SQL, Statistics",Enterprise
7098,Data Analyst,USA,Entry,54171,"Statistics, SQL, NLP",Startup
7099,AI Engineer,Germany,Senior,102655,"Deep Learning, Computer Vision, TensorFlow",Mid-size
7100,Deep Learning Engineer,India,Entry,14516,"PyTorch, Deep Learning, NLP",Mid-size
7101,Data Analyst,Canada,Mid,95018,"Computer Vision, MLOps, PyTorch",Mid-size
7102,AI Engineer,Germany,Entry,31569,"Data Visualization, Python, NLP",Mid-size
7103,Computer Vision Engineer,Canada,Senior,119014,"MLOps, Deep Learning, PyTorch",Startup
7104,Data Scientist,USA,Entry,26631,"PyTorch, Data Visualization, Python",Enterprise
7105,Research Scientist,USA,Lead,230035,"Statistics, TensorFlow, Computer Vision",Startup
7106,ML Engineer,Canada,Mid,97589,"MLOps, Data Visualization, Deep Learning",Mid-size
7107,Research Scientist,Canada,Lead,187441,"PyTorch, TensorFlow, Data Visualization",Mid-size
7108,NLP Engineer,India,Mid,26461,"MLOps, Statistics, SQL",Mid-size
7109,Research Scientist,UK,Lead,163070,"Python, Data Visualization, MLOps",Startup
7110,Data Scientist,Germany,Lead,148360,"TensorFlow, PyTorch, NLP",Enterprise
7111,NLP Engineer,Australia,Lead,197545,"MLOps, TensorFlow, NLP",Enterprise
7112,Data Analyst,UK,Entry,48952,"Computer Vision, PyTorch, Statistics",Enterprise
7113,Data Analyst,Australia,Lead,181287,"NLP, PyTorch, MLOps",Mid-size
7114,Deep Learning Engineer,UK,Senior,99325,"TensorFlow, SQL, MLOps",Enterprise
7115,AI Engineer,Australia,Entry,53044,"Deep Learning, Data Visualization, NLP",Mid-size
7116,Data Analyst,UK,Senior,134263,"Python, TensorFlow, SQL",Startup
7117,Computer Vision Engineer,USA,Mid,83698,"MLOps, NLP, PyTorch",Enterprise
7118,Computer Vision Engineer,India,Entry,14213,"MLOps, Deep Learning, PyTorch",Enterprise
7119,Computer Vision Engineer,Canada,Mid,55752,"Python, Computer Vision, Deep Learning",Enterprise
7120,Research Scientist,Australia,Entry,34908,"Python, MLOps, Deep Learning",Mid-size
7121,ML Engineer,Canada,Entry,41075,"Statistics, PyTorch, Python",Enterprise
7122,Research Scientist,UK,Lead,159191,"NLP, TensorFlow, PyTorch",Enterprise
7123,ML Engineer,Germany,Lead,173655,"MLOps, Deep Learning, Computer Vision",Enterprise
7124,Research Scientist,USA,Mid,106539,"NLP, TensorFlow, Python",Mid-size
7125,Deep Learning Engineer,Australia,Lead,176418,"Data Visualization, Python, TensorFlow",Mid-size
7126,AI Engineer,Australia,Senior,108790,"TensorFlow, Deep Learning, Data Visualization",Startup
7127,Deep Learning Engineer,USA,Lead,186016,"PyTorch, MLOps, Data Visualization",Startup
7128,NLP Engineer,UK,Lead,184739,"SQL, PyTorch, Python",Enterprise
7129,Data Scientist,UK,Senior,109320,"Python, TensorFlow, Deep Learning",Startup
7130,NLP Engineer,Australia,Lead,201580,"Data Visualization, TensorFlow, SQL",Enterprise
7131,Data Analyst,Germany,Mid,51237,"Deep Learning, Computer Vision, Statistics",Mid-size
7132,Data Analyst,India,Lead,58117,"Statistics, SQL, Python",Mid-size
7133,Data Scientist,Canada,Mid,76160,"Deep Learning, NLP, TensorFlow",Enterprise
7134,Deep Learning Engineer,USA,Entry,39373,"Data Visualization, TensorFlow, MLOps",Enterprise
7135,ML Engineer,Australia,Entry,53449,"Python, Deep Learning, MLOps",Startup
7136,Research Scientist,Canada,Senior,106986,"Deep Learning, SQL, Computer Vision",Mid-size
7137,NLP Engineer,Germany,Mid,51915,"Statistics, MLOps, NLP",Enterprise
7138,ML Engineer,Germany,Entry,27076,"Statistics, TensorFlow, NLP",Enterprise
7139,AI Engineer,USA,Mid,61514,"Statistics, MLOps, Deep Learning",Mid-size
7140,Computer Vision Engineer,Germany,Senior,116998,"SQL, MLOps, Python",Enterprise
7141,Data Analyst,UK,Entry,33874,"Data Visualization, SQL, TensorFlow",Mid-size
7142,ML Engineer,UK,Mid,50547,"TensorFlow, SQL, Data Visualization",Enterprise
7143,AI Engineer,Canada,Lead,218020,"MLOps, Data Visualization, Deep Learning",Mid-size
7144,Data Scientist,Canada,Entry,43304,"Data Visualization, Statistics, NLP",Mid-size
7145,AI Engineer,Canada,Senior,100375,"Statistics, SQL, Deep Learning",Mid-size
7146,Computer Vision Engineer,UK,Entry,33264,"Python, Statistics, MLOps",Enterprise
7147,Computer Vision Engineer,UK,Lead,191921,"Python, PyTorch, Deep Learning",Mid-size
7148,ML Engineer,USA,Senior,112579,"Python, SQL, PyTorch",Enterprise
7149,Data Analyst,UK,Senior,133334,"PyTorch, SQL, Deep Learning",Startup
7150,AI Engineer,Australia,Senior,101730,"Data Visualization, Deep Learning, Python",Enterprise
7151,Computer Vision Engineer,UK,Entry,47327,"NLP, PyTorch, Data Visualization",Enterprise
7152,AI Engineer,Germany,Lead,180753,"Python, MLOps, Deep Learning",Enterprise
7153,Data Analyst,India,Entry,13080,"Data Visualization, NLP, MLOps",Enterprise
7154,Data Scientist,USA,Entry,37713,"TensorFlow, Data Visualization, PyTorch",Startup
7155,Data Scientist,Australia,Lead,207365,"Deep Learning, Computer Vision, Python",Startup
7156,Research Scientist,Canada,Lead,207856,"MLOps, Computer Vision, Deep Learning",Enterprise
7157,Deep Learning Engineer,UK,Lead,189151,"Statistics, TensorFlow, NLP",Enterprise
7158,AI Engineer,UK,Mid,66328,"Python, TensorFlow, Deep Learning",Startup
7159,Computer Vision Engineer,USA,Entry,53966,"MLOps, NLP, PyTorch",Mid-size
7160,Research Scientist,India,Senior,43444,"Statistics, TensorFlow, NLP",Enterprise
7161,Computer Vision Engineer,UK,Lead,167677,"MLOps, TensorFlow, NLP",Startup
7162,Data Analyst,UK,Mid,85848,"TensorFlow, Deep Learning, Data Visualization",Mid-size
7163,ML Engineer,USA,Entry,45292,"PyTorch, Computer Vision, Deep Learning",Enterprise
7164,AI Engineer,Germany,Mid,51726,"Computer Vision, Deep Learning, MLOps",Mid-size
7165,AI Engineer,India,Senior,46303,"SQL, MLOps, Computer Vision",Mid-size
7166,Computer Vision Engineer,India,Senior,45763,"MLOps, SQL, Python",Startup
7167,Data Scientist,Australia,Entry,50195,"NLP, PyTorch, SQL",Enterprise
7168,Computer Vision Engineer,India,Mid,21346,"NLP, PyTorch, MLOps",Startup
7169,Computer Vision Engineer,USA,Mid,67141,"Computer Vision, MLOps, Data Visualization",Mid-size
7170,Data Scientist,Canada,Entry,32455,"Data Visualization, Python, Computer Vision",Startup
7171,Data Scientist,Germany,Entry,28769,"NLP, PyTorch, Data Visualization",Mid-size
7172,Research Scientist,Australia,Entry,26228,"NLP, PyTorch, Statistics",Mid-size
7173,ML Engineer,Canada,Entry,30705,"Deep Learning, TensorFlow, MLOps",Startup
7174,Data Analyst,UK,Lead,181766,"PyTorch, Computer Vision, TensorFlow",Mid-size
7175,Deep Learning Engineer,Canada,Entry,50169,"Data Visualization, NLP, Computer Vision",Mid-size
7176,Data Analyst,UK,Lead,177669,"Python, Computer Vision, Statistics",Mid-size
7177,Data Scientist,Canada,Entry,50899,"Statistics, TensorFlow, Deep Learning",Startup
7178,AI Engineer,Germany,Lead,149795,"Deep Learning, PyTorch, MLOps",Enterprise
7179,Computer Vision Engineer,UK,Entry,32541,"TensorFlow, PyTorch, SQL",Enterprise
7180,NLP Engineer,India,Senior,49307,"MLOps, Statistics, TensorFlow",Enterprise
7181,Data Scientist,UK,Entry,30525,"Computer Vision, MLOps, Python",Startup
7182,Data Scientist,India,Lead,78114,"PyTorch, Statistics, SQL",Startup
7183,AI Engineer,Australia,Lead,159871,"TensorFlow, Data Visualization, PyTorch",Mid-size
7184,Computer Vision Engineer,Germany,Entry,38949,"NLP, Computer Vision, Data Visualization",Enterprise
7185,Deep Learning Engineer,Canada,Senior,120265,"SQL, Data Visualization, Python",Mid-size
7186,Computer Vision Engineer,UK,Mid,65201,"MLOps, Computer Vision, Python",Enterprise
7187,Research Scientist,Australia,Lead,216287,"Deep Learning, NLP, Python",Enterprise
7188,Deep Learning Engineer,USA,Senior,133779,"Python, Computer Vision, SQL",Enterprise
7189,AI Engineer,UK,Mid,58947,"Deep Learning, NLP, Computer Vision",Mid-size
7190,AI Engineer,UK,Lead,194754,"Statistics, PyTorch, Data Visualization",Mid-size
7191,Computer Vision Engineer,UK,Senior,117563,"Computer Vision, PyTorch, TensorFlow",Mid-size
7192,AI Engineer,Australia,Senior,132292,"NLP, Data Visualization, PyTorch",Enterprise
7193,AI Engineer,Canada,Entry,38690,"NLP, Python, TensorFlow",Mid-size
7194,NLP Engineer,Germany,Lead,161823,"SQL, Python, MLOps",Mid-size
7195,AI Engineer,Australia,Senior,124334,"Python, TensorFlow, Deep Learning",Enterprise
7196,Deep Learning Engineer,Canada,Lead,183015,"Statistics, TensorFlow, MLOps",Enterprise
7197,Data Analyst,Germany,Senior,103350,"Computer Vision, TensorFlow, Deep Learning",Mid-size
7198,Data Analyst,Australia,Mid,56620,"NLP, PyTorch, Deep Learning",Startup
7199,Research Scientist,USA,Mid,104494,"Python, Statistics, SQL",Enterprise
7200,Data Analyst,UK,Entry,41482,"NLP, SQL, Statistics",Enterprise
7201,Data Scientist,India,Entry,18076,"Computer Vision, Python, TensorFlow",Enterprise
7202,Data Scientist,UK,Senior,134651,"Python, PyTorch, Deep Learning",Mid-size
7203,Data Scientist,Australia,Mid,82209,"Computer Vision, Statistics, MLOps",Mid-size
7204,Deep Learning Engineer,India,Senior,52452,"Computer Vision, Python, Data Visualization",Enterprise
7205,Data Scientist,Australia,Mid,76477,"Deep Learning, MLOps, NLP",Enterprise
7206,AI Engineer,India,Entry,17498,"Deep Learning, Data Visualization, Python",Startup
7207,Computer Vision Engineer,India,Mid,30134,"Computer Vision, Data Visualization, MLOps",Enterprise
7208,NLP Engineer,Germany,Lead,180584,"MLOps, TensorFlow, SQL",Mid-size
7209,ML Engineer,Australia,Mid,90832,"Deep Learning, Computer Vision, Statistics",Enterprise
7210,ML Engineer,India,Entry,18808,"Statistics, Computer Vision, Data Visualization",Enterprise
7211,AI Engineer,Australia,Lead,154466,"Python, Deep Learning, Computer Vision",Mid-size
7212,Computer Vision Engineer,USA,Mid,63661,"Statistics, NLP, Deep Learning",Mid-size
7213,Computer Vision Engineer,USA,Lead,203601,"SQL, Statistics, Data Visualization",Mid-size
7214,ML Engineer,Australia,Senior,100393,"Statistics, MLOps, TensorFlow",Startup
7215,Research Scientist,Australia,Lead,164833,"SQL, TensorFlow, Computer Vision",Enterprise
7216,Computer Vision Engineer,Canada,Lead,216971,"TensorFlow, Data Visualization, Deep Learning",Enterprise
7217,NLP Engineer,Germany,Lead,142422,"Statistics, PyTorch, MLOps",Enterprise
7218,Computer Vision Engineer,UK,Lead,152032,"MLOps, Computer Vision, Python",Mid-size
7219,Computer Vision Engineer,India,Entry,12603,"Data Visualization, Computer Vision, PyTorch",Startup
7220,Data Scientist,Australia,Mid,79247,"TensorFlow, Deep Learning, Python",Mid-size
7221,NLP Engineer,UK,Mid,86992,"NLP, Computer Vision, MLOps",Enterprise
7222,Deep Learning Engineer,Australia,Mid,93685,"SQL, Python, PyTorch",Startup
7223,Computer Vision Engineer,Australia,Lead,186065,"Data Visualization, PyTorch, SQL",Enterprise
7224,Data Analyst,USA,Senior,115242,"Deep Learning, Python, NLP",Enterprise
7225,AI Engineer,UK,Entry,40578,"Data Visualization, NLP, Python",Startup
7226,Data Scientist,Germany,Mid,74687,"Python, Data Visualization, Statistics",Startup
7227,Computer Vision Engineer,India,Entry,10918,"Computer Vision, TensorFlow, Statistics",Mid-size
7228,Data Scientist,USA,Entry,35932,"Data Visualization, NLP, Deep Learning",Mid-size
7229,ML Engineer,Australia,Entry,48892,"Data Visualization, Statistics, Python",Startup
7230,Research Scientist,Australia,Entry,48035,"MLOps, TensorFlow, Statistics",Enterprise
7231,Computer Vision Engineer,UK,Entry,31557,"Deep Learning, Computer Vision, Data Visualization",Enterprise
7232,Deep Learning Engineer,Canada,Lead,209359,"NLP, MLOps, Python",Startup
7233,ML Engineer,Germany,Mid,55247,"MLOps, TensorFlow, Deep Learning",Startup
7234,NLP Engineer,Germany,Senior,135491,"TensorFlow, Data Visualization, Computer Vision",Mid-size
7235,Deep Learning Engineer,UK,Lead,179754,"PyTorch, MLOps, Data Visualization",Enterprise
7236,Data Scientist,Germany,Entry,30643,"MLOps, TensorFlow, Python",Startup
7237,Computer Vision Engineer,Canada,Senior,126946,"Statistics, Python, TensorFlow",Startup
7238,Deep Learning Engineer,India,Senior,48234,"NLP, Python, Data Visualization",Enterprise
7239,Deep Learning Engineer,Germany,Lead,146488,"Data Visualization, SQL, Python",Mid-size
7240,AI Engineer,Germany,Entry,44541,"MLOps, TensorFlow, SQL",Startup
7241,Research Scientist,USA,Senior,121404,"Data Visualization, Deep Learning, Python",Enterprise
7242,Research Scientist,Australia,Entry,37967,"Deep Learning, Statistics, Computer Vision",Enterprise
7243,AI Engineer,India,Mid,35578,"Data Visualization, PyTorch, SQL",Enterprise
7244,Data Analyst,India,Lead,64873,"NLP, MLOps, Python",Enterprise
7245,Data Scientist,India,Entry,8386,"SQL, NLP, Deep Learning",Startup
7246,Deep Learning Engineer,Australia,Entry,47368,"PyTorch, TensorFlow, Python",Enterprise
7247,Deep Learning Engineer,Germany,Lead,146771,"NLP, Deep Learning, PyTorch",Mid-size
7248,Deep Learning Engineer,USA,Senior,139266,"MLOps, SQL, Deep Learning",Startup
7249,ML Engineer,Germany,Mid,53567,"TensorFlow, Deep Learning, Python",Startup
7250,NLP Engineer,Germany,Entry,34161,"Deep Learning, TensorFlow, Computer Vision",Startup
7251,Deep Learning Engineer,Canada,Lead,198863,"TensorFlow, NLP, PyTorch",Mid-size
7252,Deep Learning Engineer,Australia,Lead,168613,"Data Visualization, SQL, Statistics",Startup
7253,Deep Learning Engineer,UK,Lead,145025,"TensorFlow, Deep Learning, Python",Mid-size
7254,NLP Engineer,Germany,Lead,174527,"SQL, MLOps, Computer Vision",Startup
7255,Data Analyst,Australia,Lead,158173,"PyTorch, TensorFlow, NLP",Mid-size
7256,Research Scientist,Germany,Lead,179738,"TensorFlow, MLOps, NLP",Mid-size
7257,NLP Engineer,UK,Entry,29593,"NLP, Statistics, Computer Vision",Startup
7258,Data Analyst,India,Mid,24414,"Statistics, PyTorch, TensorFlow",Mid-size
7259,Computer Vision Engineer,UK,Entry,40396,"TensorFlow, SQL, Data Visualization",Enterprise
7260,Data Analyst,UK,Senior,117188,"SQL, Python, Statistics",Enterprise
7261,Data Scientist,Germany,Senior,106259,"SQL, Data Visualization, MLOps",Mid-size
7262,Research Scientist,Germany,Entry,43613,"PyTorch, TensorFlow, SQL",Startup
7263,Computer Vision Engineer,Australia,Entry,51924,"NLP, Computer Vision, Statistics",Mid-size
7264,Deep Learning Engineer,USA,Senior,151549,"PyTorch, Statistics, TensorFlow",Mid-size
7265,Data Analyst,UK,Senior,95424,"PyTorch, MLOps, Deep Learning",Startup
7266,Computer Vision Engineer,Germany,Entry,29939,"MLOps, Data Visualization, NLP",Mid-size
7267,AI Engineer,Australia,Entry,30697,"Computer Vision, Python, SQL",Enterprise
7268,ML Engineer,Canada,Entry,36412,"TensorFlow, Python, PyTorch",Startup
7269,Deep Learning Engineer,Canada,Entry,42507,"Statistics, MLOps, NLP",Enterprise
7270,NLP Engineer,India,Entry,11272,"NLP, Deep Learning, Python",Mid-size
7271,Research Scientist,Australia,Entry,39142,"PyTorch, Computer Vision, NLP",Mid-size
7272,Deep Learning Engineer,India,Senior,54752,"PyTorch, Deep Learning, Data Visualization",Enterprise
7273,Data Scientist,India,Lead,67948,"TensorFlow, PyTorch, NLP",Startup
7274,Deep Learning Engineer,Germany,Lead,186221,"Statistics, TensorFlow, Deep Learning",Mid-size
7275,Deep Learning Engineer,Germany,Lead,165390,"Data Visualization, Deep Learning, Computer Vision",Mid-size
7276,ML Engineer,UK,Mid,66756,"TensorFlow, SQL, Data Visualization",Enterprise
7277,ML Engineer,Australia,Mid,76202,"Statistics, SQL, PyTorch",Enterprise
7278,Data Analyst,UK,Senior,116765,"SQL, Statistics, NLP",Startup
7279,Computer Vision Engineer,Canada,Mid,55904,"MLOps, Computer Vision, NLP",Mid-size
7280,Computer Vision Engineer,Germany,Mid,65543,"Deep Learning, Python, NLP",Startup
7281,Data Scientist,Germany,Mid,63499,"Computer Vision, Statistics, SQL",Enterprise
7282,Research Scientist,India,Mid,24046,"Statistics, Computer Vision, Deep Learning",Enterprise
7283,Data Scientist,UK,Lead,174434,"Python, TensorFlow, PyTorch",Mid-size
7284,Data Scientist,UK,Lead,177525,"Statistics, Python, SQL",Startup
7285,Deep Learning Engineer,Australia,Senior,111496,"PyTorch, MLOps, Python",Mid-size
7286,AI Engineer,Canada,Entry,28726,"PyTorch, Statistics, MLOps",Startup
7287,ML Engineer,Germany,Mid,81850,"Computer Vision, Deep Learning, SQL",Mid-size
7288,Deep Learning Engineer,Germany,Lead,191570,"Statistics, Data Visualization, Deep Learning",Mid-size
7289,ML Engineer,India,Mid,21658,"TensorFlow, Deep Learning, MLOps",Mid-size
7290,Data Scientist,India,Lead,60510,"NLP, Data Visualization, TensorFlow",Enterprise
7291,Deep Learning Engineer,USA,Entry,52112,"MLOps, Statistics, PyTorch",Mid-size
7292,ML Engineer,UK,Entry,30282,"MLOps, Python, Statistics",Startup
7293,ML Engineer,UK,Lead,189365,"TensorFlow, Statistics, SQL",Enterprise
7294,Data Scientist,USA,Mid,92872,"Data Visualization, NLP, Deep Learning",Mid-size
7295,Research Scientist,Germany,Entry,44844,"Computer Vision, TensorFlow, MLOps",Enterprise
7296,AI Engineer,Australia,Mid,81951,"Data Visualization, NLP, Deep Learning",Mid-size
7297,AI Engineer,USA,Mid,72349,"SQL, NLP, Statistics",Enterprise
7298,ML Engineer,India,Mid,30090,"Python, PyTorch, Deep Learning",Startup
7299,Data Analyst,India,Mid,20653,"Data Visualization, Computer Vision, TensorFlow",Mid-size
7300,NLP Engineer,UK,Senior,131158,"TensorFlow, PyTorch, Computer Vision",Startup
7301,NLP Engineer,Germany,Mid,75931,"PyTorch, Data Visualization, NLP",Startup
7302,AI Engineer,Germany,Entry,43083,"Deep Learning, NLP, Statistics",Enterprise
7303,Research Scientist,Australia,Mid,55552,"Deep Learning, NLP, Data Visualization",Startup
7304,Computer Vision Engineer,Australia,Entry,46429,"Data Visualization, Deep Learning, Python",Enterprise
7305,Computer Vision Engineer,India,Senior,52206,"PyTorch, SQL, Python",Mid-size
7306,Computer Vision Engineer,Germany,Senior,135806,"MLOps, PyTorch, Computer Vision",Enterprise
7307,NLP Engineer,Canada,Lead,215164,"SQL, NLP, Deep Learning",Mid-size
7308,NLP Engineer,Australia,Entry,50850,"SQL, Computer Vision, Data Visualization",Mid-size
7309,Data Analyst,Canada,Entry,24241,"PyTorch, SQL, MLOps",Mid-size
7310,ML Engineer,Germany,Senior,111500,"MLOps, PyTorch, Statistics",Mid-size
7311,AI Engineer,Canada,Senior,133291,"SQL, PyTorch, TensorFlow",Startup
7312,Data Analyst,Canada,Lead,157467,"Statistics, PyTorch, Python",Mid-size
7313,Computer Vision Engineer,Canada,Senior,132886,"Deep Learning, PyTorch, Computer Vision",Startup
7314,ML Engineer,India,Entry,15486,"Deep Learning, SQL, Statistics",Enterprise
7315,Data Analyst,USA,Lead,231159,"Computer Vision, PyTorch, TensorFlow",Startup
7316,Research Scientist,UK,Senior,103133,"PyTorch, Computer Vision, SQL",Enterprise
7317,ML Engineer,Germany,Entry,20035,"Python, Statistics, PyTorch",Enterprise
7318,Data Analyst,Canada,Lead,213252,"Data Visualization, Computer Vision, TensorFlow",Startup
7319,Data Scientist,Germany,Lead,152707,"NLP, Deep Learning, Computer Vision",Enterprise
7320,ML Engineer,UK,Entry,42475,"PyTorch, Data Visualization, Python",Enterprise
7321,Research Scientist,Australia,Entry,44053,"NLP, Computer Vision, Deep Learning",Startup
7322,ML Engineer,Australia,Mid,70275,"NLP, Deep Learning, Data Visualization",Startup
7323,Data Scientist,Germany,Lead,182786,"Python, MLOps, Statistics",Startup
7324,Data Analyst,India,Entry,18143,"TensorFlow, MLOps, NLP",Enterprise
7325,Data Scientist,USA,Senior,133972,"PyTorch, Statistics, NLP",Startup
7326,Computer Vision Engineer,India,Entry,16980,"Statistics, Computer Vision, NLP",Mid-size
7327,Data Scientist,India,Mid,28741,"MLOps, SQL, Computer Vision",Mid-size
7328,Data Scientist,UK,Mid,60225,"Data Visualization, Statistics, Computer Vision",Enterprise
7329,Data Scientist,UK,Senior,129280,"Computer Vision, Statistics, TensorFlow",Startup
7330,Computer Vision Engineer,India,Mid,29657,"PyTorch, TensorFlow, Statistics",Startup
7331,Computer Vision Engineer,USA,Lead,218420,"TensorFlow, SQL, PyTorch",Mid-size
7332,Computer Vision Engineer,India,Senior,44446,"PyTorch, Data Visualization, Deep Learning",Startup
7333,ML Engineer,UK,Lead,177260,"PyTorch, NLP, SQL",Startup
7334,NLP Engineer,USA,Lead,190893,"Python, Statistics, Computer Vision",Mid-size
7335,Deep Learning Engineer,Canada,Mid,96302,"SQL, MLOps, Deep Learning",Enterprise
7336,NLP Engineer,UK,Entry,27517,"Deep Learning, Python, PyTorch",Startup
7337,ML Engineer,India,Mid,34866,"Computer Vision, TensorFlow, Deep Learning",Startup
7338,Data Scientist,Canada,Lead,175753,"Statistics, SQL, PyTorch",Enterprise
7339,Data Analyst,Germany,Entry,30462,"NLP, SQL, Data Visualization",Enterprise
7340,Data Analyst,Australia,Mid,63428,"Data Visualization, PyTorch, Deep Learning",Enterprise
7341,NLP Engineer,Canada,Lead,184551,"TensorFlow, MLOps, Computer Vision",Enterprise
7342,Data Analyst,Canada,Entry,31411,"SQL, TensorFlow, Computer Vision",Startup
7343,ML Engineer,Germany,Lead,176320,"Data Visualization, PyTorch, Python",Mid-size
7344,ML Engineer,Canada,Lead,212091,"Data Visualization, MLOps, PyTorch",Mid-size
7345,Research Scientist,Germany,Entry,48358,"NLP, PyTorch, Python",Enterprise
7346,NLP Engineer,Germany,Entry,40661,"PyTorch, Data Visualization, NLP",Enterprise
7347,Data Scientist,India,Lead,77167,"MLOps, Python, TensorFlow",Enterprise
7348,Computer Vision Engineer,Australia,Mid,98435,"MLOps, PyTorch, TensorFlow",Enterprise
7349,Deep Learning Engineer,Canada,Lead,165074,"Python, MLOps, NLP",Enterprise
7350,ML Engineer,USA,Senior,133406,"Deep Learning, TensorFlow, Statistics",Enterprise
7351,Computer Vision Engineer,Canada,Lead,186462,"Data Visualization, Computer Vision, PyTorch",Enterprise
7352,Research Scientist,Canada,Lead,157521,"Data Visualization, SQL, Computer Vision",Startup
7353,Data Analyst,USA,Mid,92457,"TensorFlow, NLP, Python",Enterprise
7354,NLP Engineer,Canada,Mid,56475,"Computer Vision, SQL, MLOps",Startup
7355,Research Scientist,USA,Lead,202350,"SQL, Python, NLP",Startup
7356,Computer Vision Engineer,Canada,Lead,216439,"PyTorch, Deep Learning, SQL",Startup
7357,Data Scientist,Canada,Mid,62168,"Deep Learning, Computer Vision, SQL",Enterprise
7358,AI Engineer,India,Mid,31624,"NLP, Deep Learning, Computer Vision",Mid-size
7359,Computer Vision Engineer,India,Lead,75002,"MLOps, Deep Learning, Statistics",Startup
7360,Research Scientist,India,Lead,57467,"MLOps, TensorFlow, NLP",Mid-size
7361,Data Analyst,USA,Lead,173410,"PyTorch, TensorFlow, Python",Enterprise
7362,NLP Engineer,Australia,Lead,214006,"NLP, Statistics, Computer Vision",Mid-size
7363,AI Engineer,USA,Mid,74899,"PyTorch, SQL, Deep Learning",Enterprise
7364,AI Engineer,India,Lead,79020,"Python, MLOps, Statistics",Mid-size
7365,NLP Engineer,UK,Lead,168334,"PyTorch, Python, Statistics",Mid-size
7366,AI Engineer,Germany,Entry,26172,"Computer Vision, SQL, PyTorch",Enterprise
7367,ML Engineer,Canada,Mid,98180,"Computer Vision, Python, Deep Learning",Startup
7368,Data Scientist,Australia,Senior,120791,"Statistics, SQL, Python",Mid-size
7369,ML Engineer,Australia,Lead,178596,"NLP, Deep Learning, SQL",Enterprise
7370,ML Engineer,UK,Entry,42405,"PyTorch, Statistics, TensorFlow",Mid-size
7371,ML Engineer,Canada,Senior,123679,"NLP, Computer Vision, MLOps",Startup
7372,Computer Vision Engineer,Canada,Entry,49107,"TensorFlow, PyTorch, Data Visualization",Startup
7373,Computer Vision Engineer,UK,Senior,129767,"SQL, Python, Data Visualization",Startup
7374,Data Scientist,USA,Entry,27771,"SQL, Python, MLOps",Startup
7375,Deep Learning Engineer,UK,Lead,171848,"SQL, Python, Statistics",Enterprise
7376,NLP Engineer,UK,Entry,27114,"Deep Learning, Statistics, PyTorch",Mid-size
7377,Deep Learning Engineer,USA,Entry,33554,"NLP, PyTorch, MLOps",Startup
7378,ML Engineer,India,Mid,24851,"NLP, Statistics, Data Visualization",Enterprise
7379,Data Scientist,USA,Mid,63244,"TensorFlow, NLP, MLOps",Enterprise
7380,Computer Vision Engineer,Australia,Senior,128445,"SQL, Deep Learning, Statistics",Enterprise
7381,Research Scientist,Australia,Senior,113043,"TensorFlow, Python, SQL",Startup
7382,Computer Vision Engineer,India,Senior,55510,"TensorFlow, Computer Vision, Data Visualization",Mid-size
7383,Research Scientist,Canada,Entry,46091,"Python, SQL, Data Visualization",Startup
7384,Data Analyst,Australia,Entry,40166,"Statistics, Data Visualization, TensorFlow",Mid-size
7385,Data Analyst,India,Senior,46203,"Deep Learning, Statistics, Python",Mid-size
7386,Data Analyst,India,Senior,55637,"Computer Vision, Deep Learning, MLOps",Mid-size
7387,Data Analyst,Canada,Senior,106295,"Python, Statistics, Deep Learning",Mid-size
7388,Data Analyst,UK,Lead,151612,"PyTorch, TensorFlow, SQL",Startup
7389,AI Engineer,Germany,Lead,152015,"Deep Learning, TensorFlow, Python",Startup
7390,Research Scientist,Germany,Senior,107855,"PyTorch, MLOps, Computer Vision",Startup
7391,Computer Vision Engineer,UK,Lead,168557,"Computer Vision, MLOps, TensorFlow",Startup
7392,Data Scientist,India,Senior,43312,"Data Visualization, Python, PyTorch",Enterprise
7393,Research Scientist,India,Lead,77297,"Data Visualization, Deep Learning, Python",Enterprise
7394,Computer Vision Engineer,India,Entry,12037,"TensorFlow, PyTorch, Statistics",Startup
7395,NLP Engineer,USA,Lead,172507,"MLOps, Python, Deep Learning",Enterprise
7396,NLP Engineer,Canada,Senior,103943,"Data Visualization, TensorFlow, PyTorch",Mid-size
7397,ML Engineer,Australia,Entry,23406,"MLOps, SQL, TensorFlow",Startup
7398,Data Scientist,USA,Senior,130982,"Computer Vision, Deep Learning, SQL",Mid-size
7399,Deep Learning Engineer,Germany,Senior,93340,"Python, Data Visualization, MLOps",Startup
7400,Deep Learning Engineer,UK,Senior,132579,"PyTorch, Python, Computer Vision",Startup
7401,Data Scientist,Australia,Mid,68524,"MLOps, Data Visualization, TensorFlow",Startup
7402,NLP Engineer,USA,Entry,31264,"Statistics, Deep Learning, SQL",Enterprise
7403,Data Scientist,USA,Lead,197397,"TensorFlow, PyTorch, Python",Enterprise
7404,Deep Learning Engineer,Germany,Senior,115030,"SQL, PyTorch, TensorFlow",Mid-size
7405,Computer Vision Engineer,Germany,Entry,32499,"Deep Learning, PyTorch, SQL",Enterprise
7406,Computer Vision Engineer,Australia,Mid,74101,"NLP, MLOps, PyTorch",Enterprise
7407,Computer Vision Engineer,USA,Senior,164430,"Computer Vision, MLOps, Data Visualization",Enterprise
7408,Computer Vision Engineer,UK,Entry,33507,"SQL, Statistics, NLP",Startup
7409,Computer Vision Engineer,Australia,Entry,42506,"Computer Vision, MLOps, SQL",Mid-size
7410,ML Engineer,UK,Mid,70846,"Data Visualization, TensorFlow, Deep Learning",Startup
7411,Deep Learning Engineer,India,Lead,73012,"SQL, Computer Vision, PyTorch",Mid-size
7412,ML Engineer,Canada,Entry,36538,"NLP, Python, SQL",Startup
7413,Data Scientist,Canada,Senior,106046,"Statistics, SQL, Deep Learning",Enterprise
7414,Data Analyst,Australia,Senior,149425,"Data Visualization, Computer Vision, NLP",Mid-size
7415,Computer Vision Engineer,Canada,Mid,97564,"Data Visualization, Python, Statistics",Mid-size
7416,Research Scientist,India,Entry,12883,"Statistics, Data Visualization, Computer Vision",Mid-size
7417,Research Scientist,USA,Lead,190089,"Data Visualization, TensorFlow, Computer Vision",Mid-size
7418,Research Scientist,Germany,Entry,32521,"MLOps, Python, PyTorch",Startup
7419,Deep Learning Engineer,UK,Senior,106225,"Data Visualization, MLOps, Statistics",Mid-size
7420,Data Analyst,Canada,Senior,120873,"Deep Learning, Python, Computer Vision",Mid-size
7421,Deep Learning Engineer,India,Lead,58686,"MLOps, Deep Learning, Python",Mid-size
7422,Data Analyst,India,Entry,18828,"TensorFlow, Statistics, Data Visualization",Mid-size
7423,Computer Vision Engineer,USA,Mid,65143,"Deep Learning, MLOps, TensorFlow",Startup
7424,Computer Vision Engineer,UK,Entry,22089,"Python, Deep Learning, TensorFlow",Mid-size
7425,AI Engineer,UK,Senior,127653,"PyTorch, Python, Deep Learning",Mid-size
7426,AI Engineer,Germany,Lead,171474,"MLOps, SQL, Statistics",Mid-size
7427,Data Scientist,USA,Entry,58513,"Statistics, Data Visualization, NLP",Startup
7428,Data Scientist,India,Entry,18089,"NLP, SQL, Deep Learning",Enterprise
7429,Deep Learning Engineer,UK,Mid,80571,"Deep Learning, Computer Vision, SQL",Mid-size
7430,ML Engineer,India,Lead,71464,"Data Visualization, PyTorch, SQL",Startup
7431,Computer Vision Engineer,India,Senior,42440,"PyTorch, TensorFlow, Computer Vision",Mid-size
7432,Deep Learning Engineer,Germany,Lead,162711,"TensorFlow, PyTorch, Deep Learning",Startup
7433,Deep Learning Engineer,Canada,Lead,182488,"Deep Learning, TensorFlow, Statistics",Startup
7434,AI Engineer,Germany,Lead,180910,"MLOps, Data Visualization, Deep Learning",Enterprise
7435,Deep Learning Engineer,Canada,Lead,192564,"NLP, Python, PyTorch",Enterprise
7436,NLP Engineer,UK,Mid,76561,"MLOps, Computer Vision, SQL",Startup
7437,Research Scientist,UK,Mid,72837,"TensorFlow, SQL, Python",Mid-size
7438,NLP Engineer,UK,Lead,164104,"Data Visualization, TensorFlow, Computer Vision",Mid-size
7439,NLP Engineer,USA,Entry,24349,"PyTorch, MLOps, Deep Learning",Mid-size
7440,NLP Engineer,Germany,Lead,143909,"MLOps, SQL, Deep Learning",Mid-size
7441,Research Scientist,Germany,Mid,82078,"Statistics, Deep Learning, SQL",Startup
7442,Computer Vision Engineer,India,Senior,40493,"MLOps, Data Visualization, Statistics",Mid-size
7443,Computer Vision Engineer,USA,Mid,75925,"MLOps, Python, Data Visualization",Mid-size
7444,AI Engineer,India,Senior,41544,"SQL, Python, Data Visualization",Enterprise
7445,ML Engineer,Australia,Senior,153882,"Deep Learning, Data Visualization, PyTorch",Mid-size
7446,Data Analyst,Australia,Lead,202809,"Deep Learning, SQL, Statistics",Startup
7447,Deep Learning Engineer,UK,Senior,92976,"TensorFlow, Deep Learning, SQL",Mid-size
7448,NLP Engineer,UK,Lead,187470,"Python, Statistics, Data Visualization",Enterprise
7449,Data Analyst,Canada,Lead,210205,"SQL, Statistics, MLOps",Enterprise
7450,AI Engineer,Canada,Senior,105570,"SQL, Statistics, PyTorch",Enterprise
7451,ML Engineer,Australia,Entry,50431,"SQL, NLP, MLOps",Enterprise
7452,AI Engineer,India,Senior,46602,"PyTorch, SQL, NLP",Mid-size
7453,AI Engineer,UK,Entry,20246,"MLOps, Statistics, SQL",Enterprise
7454,Deep Learning Engineer,Canada,Mid,79312,"SQL, TensorFlow, Statistics",Enterprise
7455,Computer Vision Engineer,Germany,Senior,116823,"Deep Learning, Python, Statistics",Enterprise
7456,ML Engineer,Canada,Senior,140857,"SQL, PyTorch, MLOps",Mid-size
7457,AI Engineer,India,Senior,39803,"Python, Computer Vision, Data Visualization",Mid-size
7458,Data Analyst,Australia,Mid,81756,"Python, Deep Learning, Data Visualization",Mid-size
7459,Data Scientist,Canada,Mid,91411,"Statistics, Data Visualization, TensorFlow",Startup
7460,Research Scientist,UK,Entry,31369,"PyTorch, SQL, Computer Vision",Enterprise
7461,Deep Learning Engineer,Germany,Lead,142665,"NLP, MLOps, PyTorch",Mid-size
7462,Deep Learning Engineer,India,Lead,69390,"TensorFlow, Data Visualization, Python",Startup
7463,NLP Engineer,Germany,Lead,159750,"NLP, Computer Vision, Data Visualization",Enterprise
7464,Data Analyst,Australia,Lead,205456,"Data Visualization, Computer Vision, Statistics",Enterprise
7465,AI Engineer,India,Senior,50290,"NLP, TensorFlow, Statistics",Startup
7466,Research Scientist,India,Entry,15245,"SQL, Python, Computer Vision",Startup
7467,AI Engineer,Germany,Senior,116250,"MLOps, Deep Learning, NLP",Enterprise
7468,NLP Engineer,Germany,Mid,84426,"TensorFlow, Python, PyTorch",Enterprise
7469,Data Scientist,Australia,Entry,48224,"Computer Vision, Data Visualization, Deep Learning",Enterprise
7470,Computer Vision Engineer,Canada,Entry,26550,"TensorFlow, MLOps, PyTorch",Startup
7471,Computer Vision Engineer,USA,Entry,37665,"Data Visualization, Deep Learning, TensorFlow",Enterprise
7472,Research Scientist,Canada,Mid,73793,"SQL, TensorFlow, Computer Vision",Enterprise
7473,AI Engineer,Canada,Entry,37856,"TensorFlow, SQL, Data Visualization",Startup
7474,Data Scientist,Canada,Mid,58348,"SQL, MLOps, Computer Vision",Startup
7475,Deep Learning Engineer,Germany,Mid,71545,"Computer Vision, Deep Learning, MLOps",Startup
7476,Deep Learning Engineer,Australia,Senior,119731,"Data Visualization, PyTorch, TensorFlow",Mid-size
7477,Research Scientist,USA,Lead,233062,"TensorFlow, Statistics, MLOps",Mid-size
7478,Data Analyst,Germany,Lead,144125,"Python, PyTorch, SQL",Enterprise
7479,ML Engineer,Australia,Entry,25966,"MLOps, NLP, SQL",Enterprise
7480,NLP Engineer,UK,Entry,30833,"Computer Vision, MLOps, Statistics",Enterprise
7481,Research Scientist,USA,Lead,238036,"Computer Vision, SQL, PyTorch",Enterprise
7482,Research Scientist,Australia,Senior,141598,"Computer Vision, Deep Learning, SQL",Enterprise
7483,Research Scientist,USA,Lead,237386,"TensorFlow, Statistics, PyTorch",Enterprise
7484,AI Engineer,USA,Mid,98001,"NLP, Data Visualization, Deep Learning",Startup
7485,Research Scientist,USA,Senior,156956,"SQL, Data Visualization, PyTorch",Enterprise
7486,Research Scientist,India,Mid,26669,"TensorFlow, Data Visualization, NLP",Enterprise
7487,Data Analyst,USA,Senior,116263,"TensorFlow, Python, Data Visualization",Mid-size
7488,AI Engineer,UK,Lead,169070,"PyTorch, SQL, TensorFlow",Startup
7489,Research Scientist,Canada,Mid,86919,"NLP, Python, MLOps",Startup
7490,ML Engineer,Canada,Senior,101822,"MLOps, PyTorch, Computer Vision",Enterprise
7491,Data Analyst,India,Lead,69138,"Computer Vision, Deep Learning, TensorFlow",Startup
7492,Data Scientist,Germany,Senior,130735,"Deep Learning, SQL, NLP",Enterprise
7493,Data Scientist,India,Mid,28851,"Data Visualization, SQL, TensorFlow",Enterprise
7494,Research Scientist,USA,Lead,237806,"SQL, Statistics, Python",Mid-size
7495,ML Engineer,Canada,Senior,140867,"Python, SQL, MLOps",Startup
7496,AI Engineer,USA,Mid,101383,"Data Visualization, NLP, TensorFlow",Enterprise
7497,AI Engineer,USA,Lead,188304,"Deep Learning, PyTorch, Statistics",Startup
7498,NLP Engineer,Germany,Entry,39689,"Statistics, PyTorch, TensorFlow",Enterprise
7499,Deep Learning Engineer,Canada,Lead,210691,"SQL, NLP, Computer Vision",Startup
7500,Deep Learning Engineer,India,Mid,21585,"NLP, MLOps, Deep Learning",Mid-size
7501,AI Engineer,Germany,Entry,40243,"Deep Learning, Statistics, PyTorch",Enterprise
7502,Data Scientist,Canada,Senior,106966,"TensorFlow, Data Visualization, Computer Vision",Mid-size
7503,Data Scientist,Australia,Mid,77001,"Statistics, TensorFlow, SQL",Startup
7504,Research Scientist,USA,Senior,127000,"MLOps, NLP, TensorFlow",Startup
7505,Research Scientist,India,Entry,12433,"PyTorch, Data Visualization, Computer Vision",Enterprise
7506,NLP Engineer,Germany,Lead,174905,"Computer Vision, Python, NLP",Enterprise
7507,Data Scientist,Germany,Entry,41236,"Data Visualization, TensorFlow, Python",Enterprise
7508,AI Engineer,UK,Mid,81871,"Computer Vision, NLP, TensorFlow",Startup
7509,Computer Vision Engineer,Germany,Entry,23569,"MLOps, Statistics, Computer Vision",Enterprise
7510,Deep Learning Engineer,India,Mid,33289,"MLOps, Computer Vision, Deep Learning",Startup
7511,Data Scientist,UK,Entry,40473,"Computer Vision, TensorFlow, MLOps",Mid-size
7512,AI Engineer,Australia,Mid,64150,"Statistics, NLP, MLOps",Startup
7513,Research Scientist,Australia,Entry,53241,"PyTorch, Deep Learning, NLP",Startup
7514,NLP Engineer,UK,Lead,162585,"Statistics, TensorFlow, MLOps",Enterprise
7515,ML Engineer,UK,Senior,111291,"Computer Vision, NLP, SQL",Mid-size
7516,NLP Engineer,UK,Entry,40640,"PyTorch, MLOps, Computer Vision",Startup
7517,Computer Vision Engineer,Canada,Lead,169767,"NLP, SQL, Python",Mid-size
7518,ML Engineer,UK,Mid,77278,"Statistics, NLP, Data Visualization",Enterprise
7519,NLP Engineer,Australia,Lead,188260,"Statistics, SQL, MLOps",Enterprise
7520,Research Scientist,Germany,Lead,195535,"SQL, MLOps, Deep Learning",Startup
7521,Data Analyst,India,Lead,76256,"MLOps, Deep Learning, Statistics",Mid-size
7522,Data Scientist,Canada,Lead,207750,"Python, TensorFlow, MLOps",Mid-size
7523,ML Engineer,Australia,Mid,91267,"TensorFlow, NLP, MLOps",Enterprise
7524,Data Analyst,Australia,Mid,67851,"Python, Deep Learning, SQL",Mid-size
7525,Deep Learning Engineer,Germany,Mid,80000,"SQL, Deep Learning, Statistics",Startup
7526,Data Scientist,USA,Lead,224820,"SQL, Statistics, PyTorch",Startup
7527,NLP Engineer,Canada,Senior,151335,"Data Visualization, TensorFlow, Deep Learning",Startup
7528,Computer Vision Engineer,Canada,Senior,102885,"PyTorch, Python, Deep Learning",Mid-size
7529,NLP Engineer,Australia,Entry,44806,"Statistics, Deep Learning, Data Visualization",Startup
7530,NLP Engineer,UK,Senior,93413,"NLP, Data Visualization, Python",Startup
7531,AI Engineer,India,Senior,39732,"Deep Learning, PyTorch, Python",Mid-size
7532,AI Engineer,India,Mid,30534,"Deep Learning, PyTorch, NLP",Enterprise
7533,NLP Engineer,India,Lead,75924,"NLP, Computer Vision, TensorFlow",Mid-size
7534,Research Scientist,Canada,Entry,34133,"TensorFlow, PyTorch, MLOps",Enterprise
7535,Research Scientist,Canada,Entry,53693,"TensorFlow, PyTorch, NLP",Startup
7536,Computer Vision Engineer,USA,Mid,86890,"PyTorch, MLOps, Python",Mid-size
7537,Data Analyst,Australia,Lead,174594,"MLOps, Deep Learning, TensorFlow",Mid-size
7538,Research Scientist,Germany,Senior,124486,"Data Visualization, Computer Vision, Python",Enterprise
7539,Research Scientist,UK,Entry,48867,"NLP, Computer Vision, TensorFlow",Mid-size
7540,Computer Vision Engineer,USA,Mid,106422,"PyTorch, Data Visualization, SQL",Mid-size
7541,Computer Vision Engineer,Canada,Mid,63349,"PyTorch, NLP, Data Visualization",Startup
7542,ML Engineer,India,Mid,26023,"Statistics, NLP, PyTorch",Enterprise
7543,Research Scientist,Australia,Lead,201877,"TensorFlow, NLP, SQL",Mid-size
7544,Deep Learning Engineer,India,Entry,19350,"Deep Learning, PyTorch, NLP",Mid-size
7545,Data Analyst,Australia,Mid,70046,"Computer Vision, SQL, PyTorch",Mid-size
7546,Research Scientist,India,Lead,61751,"Computer Vision, MLOps, Statistics",Enterprise
7547,ML Engineer,Germany,Mid,74732,"Data Visualization, NLP, MLOps",Mid-size
7548,Data Analyst,India,Lead,58490,"Deep Learning, TensorFlow, MLOps",Enterprise
7549,Data Analyst,India,Senior,50506,"NLP, Deep Learning, TensorFlow",Mid-size
7550,ML Engineer,UK,Mid,68206,"Computer Vision, PyTorch, Statistics",Mid-size
7551,NLP Engineer,Canada,Senior,109457,"MLOps, Statistics, NLP",Startup
7552,NLP Engineer,India,Lead,78062,"Computer Vision, MLOps, SQL",Startup
7553,Computer Vision Engineer,USA,Entry,37329,"Data Visualization, Deep Learning, MLOps",Enterprise
7554,Data Scientist,UK,Entry,22859,"PyTorch, Statistics, MLOps",Mid-size
7555,Deep Learning Engineer,UK,Senior,122390,"NLP, Deep Learning, Computer Vision",Enterprise
7556,NLP Engineer,UK,Lead,166859,"TensorFlow, Statistics, Computer Vision",Mid-size
7557,Research Scientist,Canada,Entry,44965,"NLP, SQL, MLOps",Mid-size
7558,ML Engineer,India,Entry,17634,"Python, Deep Learning, Data Visualization",Mid-size
7559,Deep Learning Engineer,India,Mid,27805,"Statistics, Deep Learning, PyTorch",Enterprise
7560,NLP Engineer,India,Senior,39234,"Deep Learning, Data Visualization, Computer Vision",Mid-size
7561,Computer Vision Engineer,Australia,Senior,143172,"TensorFlow, NLP, Deep Learning",Enterprise
7562,ML Engineer,Canada,Entry,34951,"Deep Learning, NLP, Statistics",Startup
7563,Data Analyst,UK,Mid,75158,"Deep Learning, MLOps, Computer Vision",Startup
7564,Research Scientist,USA,Entry,28938,"TensorFlow, SQL, Python",Mid-size
7565,ML Engineer,UK,Senior,122420,"Deep Learning, MLOps, Statistics",Enterprise
7566,Data Analyst,India,Mid,23632,"MLOps, SQL, Deep Learning",Enterprise
7567,Data Analyst,Canada,Entry,26204,"Computer Vision, TensorFlow, Data Visualization",Mid-size
7568,Data Analyst,Canada,Senior,151910,"PyTorch, SQL, Python",Enterprise
7569,Deep Learning Engineer,Germany,Senior,115839,"Computer Vision, Deep Learning, NLP",Enterprise
7570,NLP Engineer,USA,Mid,102618,"Python, Statistics, MLOps",Enterprise
7571,Deep Learning Engineer,Australia,Lead,167172,"Deep Learning, Data Visualization, Python",Startup
7572,Research Scientist,Canada,Lead,179113,"PyTorch, Data Visualization, Deep Learning",Mid-size
7573,Computer Vision Engineer,UK,Senior,121002,"Python, Deep Learning, Data Visualization",Mid-size
7574,Deep Learning Engineer,USA,Senior,125620,"PyTorch, Data Visualization, MLOps",Startup
7575,Research Scientist,India,Entry,16978,"Statistics, MLOps, TensorFlow",Mid-size
7576,AI Engineer,Canada,Entry,23155,"Statistics, NLP, Python",Mid-size
7577,Data Analyst,USA,Lead,171160,"Deep Learning, MLOps, Python",Enterprise
7578,Deep Learning Engineer,India,Senior,39596,"SQL, Deep Learning, NLP",Enterprise
7579,Data Scientist,Canada,Mid,84705,"MLOps, Computer Vision, PyTorch",Enterprise
7580,AI Engineer,USA,Mid,81357,"SQL, TensorFlow, NLP",Mid-size
7581,AI Engineer,Germany,Senior,104481,"NLP, PyTorch, Data Visualization",Enterprise
7582,Data Analyst,Australia,Lead,162852,"Statistics, Data Visualization, Computer Vision",Mid-size
7583,ML Engineer,India,Mid,33334,"SQL, TensorFlow, Statistics",Enterprise
7584,AI Engineer,Germany,Lead,151945,"Computer Vision, Statistics, PyTorch",Mid-size
7585,Research Scientist,Germany,Mid,89899,"SQL, MLOps, Deep Learning",Enterprise
7586,Data Scientist,USA,Entry,41970,"TensorFlow, Python, NLP",Mid-size
7587,Data Scientist,Canada,Lead,158254,"Deep Learning, PyTorch, Statistics",Enterprise
7588,AI Engineer,Germany,Mid,60060,"SQL, Deep Learning, NLP",Startup
7589,ML Engineer,India,Senior,52401,"Python, PyTorch, Data Visualization",Enterprise
7590,Research Scientist,India,Lead,62224,"Statistics, NLP, Deep Learning",Enterprise
7591,NLP Engineer,Canada,Lead,186415,"Data Visualization, TensorFlow, PyTorch",Enterprise
7592,AI Engineer,Australia,Senior,125301,"MLOps, Deep Learning, Python",Mid-size
7593,Research Scientist,India,Lead,68883,"Computer Vision, SQL, Data Visualization",Startup
7594,Computer Vision Engineer,USA,Lead,230955,"NLP, Deep Learning, Data Visualization",Mid-size
7595,Research Scientist,India,Mid,23851,"TensorFlow, SQL, Python",Startup
7596,NLP Engineer,Germany,Mid,57694,"TensorFlow, MLOps, Deep Learning",Startup
7597,Computer Vision Engineer,Canada,Senior,103815,"SQL, Deep Learning, MLOps",Startup
7598,Computer Vision Engineer,India,Senior,45009,"Data Visualization, PyTorch, MLOps",Startup
7599,NLP Engineer,India,Lead,56136,"Statistics, Deep Learning, SQL",Mid-size
7600,Data Analyst,UK,Mid,54987,"NLP, SQL, Deep Learning",Mid-size
7601,Data Scientist,India,Senior,46123,"Python, Data Visualization, PyTorch",Mid-size
7602,Data Analyst,Germany,Lead,153766,"MLOps, SQL, Python",Enterprise
7603,ML Engineer,Australia,Lead,156042,"PyTorch, Computer Vision, SQL",Enterprise
7604,Data Scientist,Canada,Senior,127399,"MLOps, Data Visualization, NLP",Mid-size
7605,AI Engineer,USA,Entry,24604,"TensorFlow, Data Visualization, Deep Learning",Startup
7606,Data Analyst,Germany,Entry,31842,"Python, NLP, Data Visualization",Enterprise
7607,NLP Engineer,USA,Entry,36594,"NLP, Computer Vision, MLOps",Enterprise
7608,NLP Engineer,India,Lead,62494,"Data Visualization, Computer Vision, Python",Mid-size
7609,Deep Learning Engineer,Canada,Entry,48088,"MLOps, Statistics, SQL",Startup
7610,NLP Engineer,UK,Entry,45453,"TensorFlow, Python, Deep Learning",Startup
7611,Data Analyst,USA,Senior,165802,"Data Visualization, Python, Deep Learning",Startup
7612,Research Scientist,India,Senior,45542,"NLP, Deep Learning, Data Visualization",Enterprise
7613,Research Scientist,UK,Mid,59607,"TensorFlow, SQL, Computer Vision",Enterprise
7614,Computer Vision Engineer,Canada,Mid,55786,"Statistics, NLP, Data Visualization",Mid-size
7615,Research Scientist,Australia,Senior,107791,"Data Visualization, PyTorch, MLOps",Startup
7616,AI Engineer,Germany,Mid,83818,"SQL, Computer Vision, TensorFlow",Mid-size
7617,ML Engineer,Australia,Lead,213628,"TensorFlow, MLOps, Python",Enterprise
7618,AI Engineer,India,Mid,30151,"MLOps, Python, Statistics",Startup
7619,Computer Vision Engineer,Australia,Entry,41870,"Statistics, MLOps, Python",Mid-size
7620,Research Scientist,Germany,Lead,175331,"Computer Vision, PyTorch, Deep Learning",Enterprise
7621,Computer Vision Engineer,USA,Senior,166114,"Statistics, PyTorch, TensorFlow",Startup
7622,NLP Engineer,UK,Mid,66972,"Statistics, SQL, Computer Vision",Startup
7623,NLP Engineer,USA,Mid,61970,"PyTorch, Deep Learning, NLP",Mid-size
7624,Research Scientist,Canada,Mid,86702,"Computer Vision, Python, MLOps",Startup
7625,Research Scientist,India,Mid,22688,"Deep Learning, NLP, SQL",Enterprise
7626,Deep Learning Engineer,UK,Lead,179897,"Statistics, Computer Vision, NLP",Mid-size
7627,ML Engineer,USA,Mid,65808,"SQL, MLOps, PyTorch",Mid-size
7628,AI Engineer,India,Mid,22279,"Deep Learning, PyTorch, Statistics",Mid-size
7629,ML Engineer,India,Senior,44665,"MLOps, Statistics, Computer Vision",Startup
7630,Computer Vision Engineer,Australia,Entry,49805,"MLOps, TensorFlow, Data Visualization",Startup
7631,NLP Engineer,India,Lead,76953,"Data Visualization, TensorFlow, MLOps",Mid-size
7632,AI Engineer,Germany,Entry,22822,"NLP, Computer Vision, Python",Mid-size
7633,Deep Learning Engineer,India,Senior,42790,"Deep Learning, SQL, NLP",Mid-size
7634,AI Engineer,India,Senior,37216,"Computer Vision, SQL, TensorFlow",Mid-size
7635,AI Engineer,Canada,Mid,63427,"Statistics, SQL, Computer Vision",Enterprise
7636,Data Scientist,Germany,Lead,153531,"NLP, TensorFlow, Statistics",Enterprise
7637,Deep Learning Engineer,USA,Lead,224373,"Deep Learning, Statistics, NLP",Enterprise
7638,Deep Learning Engineer,UK,Senior,93492,"Statistics, SQL, TensorFlow",Mid-size
7639,Data Scientist,USA,Lead,169291,"MLOps, Python, PyTorch",Mid-size
7640,Data Analyst,Canada,Senior,100181,"SQL, MLOps, PyTorch",Enterprise
7641,Data Analyst,India,Lead,67279,"Computer Vision, SQL, Deep Learning",Startup
7642,Data Analyst,Germany,Entry,36566,"SQL, NLP, Python",Mid-size
7643,ML Engineer,Germany,Lead,198028,"NLP, Statistics, Computer Vision",Enterprise
7644,Computer Vision Engineer,USA,Lead,184742,"Deep Learning, MLOps, Data Visualization",Enterprise
7645,Research Scientist,USA,Entry,43278,"TensorFlow, Deep Learning, NLP",Startup
7646,AI Engineer,Australia,Mid,68767,"Python, Deep Learning, PyTorch",Enterprise
7647,Research Scientist,India,Lead,79523,"Deep Learning, SQL, PyTorch",Startup
7648,Computer Vision Engineer,Canada,Entry,38467,"Deep Learning, TensorFlow, Computer Vision",Startup
7649,NLP Engineer,USA,Senior,133789,"SQL, Computer Vision, Deep Learning",Startup
7650,NLP Engineer,UK,Entry,33663,"Statistics, TensorFlow, NLP",Startup
7651,AI Engineer,Australia,Entry,46668,"Python, SQL, Deep Learning",Enterprise
7652,Computer Vision Engineer,Australia,Lead,202442,"Deep Learning, MLOps, Data Visualization",Mid-size
7653,Research Scientist,India,Mid,24544,"Computer Vision, PyTorch, Python",Startup
7654,NLP Engineer,Germany,Mid,82205,"PyTorch, Data Visualization, MLOps",Mid-size
7655,Computer Vision Engineer,UK,Entry,26557,"MLOps, PyTorch, NLP",Mid-size
7656,AI Engineer,Canada,Mid,79281,"MLOps, TensorFlow, Data Visualization",Enterprise
7657,Data Scientist,Australia,Lead,189641,"TensorFlow, Statistics, Python",Enterprise
7658,ML Engineer,Australia,Lead,208918,"Computer Vision, Data Visualization, MLOps",Enterprise
7659,NLP Engineer,USA,Entry,42404,"SQL, MLOps, TensorFlow",Enterprise
7660,Research Scientist,Australia,Entry,31773,"PyTorch, Computer Vision, Deep Learning",Mid-size
7661,Data Scientist,Canada,Mid,62498,"PyTorch, Data Visualization, Computer Vision",Enterprise
7662,Deep Learning Engineer,Germany,Mid,77619,"TensorFlow, Python, SQL",Mid-size
7663,Deep Learning Engineer,Canada,Entry,52430,"SQL, Deep Learning, Data Visualization",Mid-size
7664,Research Scientist,UK,Lead,177043,"TensorFlow, Python, PyTorch",Mid-size
7665,Deep Learning Engineer,Australia,Senior,110611,"SQL, PyTorch, MLOps",Mid-size
7666,Data Analyst,Australia,Mid,66004,"Python, Data Visualization, SQL",Mid-size
7667,Computer Vision Engineer,UK,Entry,49232,"Statistics, PyTorch, Python",Enterprise
7668,AI Engineer,Australia,Senior,103115,"SQL, MLOps, Data Visualization",Startup
7669,Computer Vision Engineer,UK,Lead,143005,"TensorFlow, Data Visualization, MLOps",Startup
7670,Data Analyst,Canada,Entry,25654,"MLOps, Python, Computer Vision",Mid-size
7671,Computer Vision Engineer,Canada,Lead,194628,"SQL, PyTorch, Deep Learning",Startup
7672,Data Scientist,Australia,Entry,44876,"Computer Vision, SQL, Statistics",Mid-size
7673,Research Scientist,Canada,Lead,191040,"Data Visualization, Python, MLOps",Mid-size
7674,Computer Vision Engineer,India,Mid,29384,"TensorFlow, Statistics, Data Visualization",Enterprise
7675,Data Scientist,Germany,Lead,187676,"Data Visualization, TensorFlow, Statistics",Enterprise
7676,Computer Vision Engineer,Australia,Mid,98759,"Computer Vision, MLOps, Statistics",Enterprise
7677,Data Analyst,India,Senior,40270,"PyTorch, Computer Vision, TensorFlow",Startup
7678,Computer Vision Engineer,Germany,Mid,65009,"Python, Statistics, SQL",Mid-size
7679,Data Scientist,Canada,Senior,122047,"SQL, NLP, Statistics",Startup
7680,ML Engineer,USA,Lead,233618,"Computer Vision, Deep Learning, PyTorch",Startup
7681,AI Engineer,Australia,Lead,163733,"SQL, Python, Computer Vision",Enterprise
7682,Computer Vision Engineer,Australia,Mid,82318,"Deep Learning, SQL, MLOps",Startup
7683,Deep Learning Engineer,Canada,Entry,38142,"Deep Learning, NLP, SQL",Startup
7684,Research Scientist,Germany,Entry,20794,"TensorFlow, SQL, MLOps",Mid-size
7685,Computer Vision Engineer,Australia,Entry,48187,"Data Visualization, Python, Deep Learning",Enterprise
7686,Deep Learning Engineer,Canada,Lead,165163,"Computer Vision, MLOps, Deep Learning",Enterprise
7687,ML Engineer,India,Mid,30531,"NLP, TensorFlow, Python",Startup
7688,Deep Learning Engineer,Canada,Lead,200480,"NLP, TensorFlow, Data Visualization",Enterprise
7689,AI Engineer,Canada,Senior,103626,"TensorFlow, NLP, SQL",Enterprise
7690,Research Scientist,UK,Entry,24596,"PyTorch, Statistics, TensorFlow",Enterprise
7691,ML Engineer,USA,Entry,52854,"NLP, MLOps, Python",Mid-size
7692,Research Scientist,Canada,Entry,47975,"MLOps, Statistics, Deep Learning",Startup
7693,Data Analyst,USA,Lead,216703,"Computer Vision, MLOps, Python",Startup
7694,Deep Learning Engineer,India,Mid,35906,"NLP, TensorFlow, Deep Learning",Enterprise
7695,NLP Engineer,Canada,Lead,197541,"NLP, SQL, TensorFlow",Startup
7696,Data Analyst,USA,Lead,173080,"TensorFlow, Data Visualization, Statistics",Mid-size
7697,AI Engineer,India,Mid,27489,"NLP, Deep Learning, Statistics",Enterprise
7698,NLP Engineer,UK,Lead,192097,"PyTorch, MLOps, TensorFlow",Enterprise
7699,Data Scientist,USA,Senior,117109,"Python, Statistics, MLOps",Startup
7700,Deep Learning Engineer,Australia,Entry,28481,"MLOps, Python, Deep Learning",Enterprise
7701,Research Scientist,Canada,Mid,95474,"Data Visualization, TensorFlow, PyTorch",Mid-size
7702,Deep Learning Engineer,Germany,Lead,187498,"SQL, PyTorch, Data Visualization",Mid-size
7703,Research Scientist,UK,Lead,184910,"NLP, Deep Learning, PyTorch",Startup
7704,AI Engineer,India,Lead,56970,"Computer Vision, MLOps, Python",Startup
7705,Research Scientist,Germany,Entry,21625,"Computer Vision, SQL, MLOps",Startup
7706,NLP Engineer,UK,Mid,54902,"NLP, TensorFlow, PyTorch",Startup
7707,NLP Engineer,Canada,Mid,78782,"Data Visualization, Python, NLP",Enterprise
7708,Research Scientist,Germany,Mid,87729,"NLP, PyTorch, SQL",Mid-size
7709,Deep Learning Engineer,India,Mid,32642,"Statistics, Data Visualization, Deep Learning",Startup
7710,Data Analyst,Germany,Entry,33335,"Python, PyTorch, TensorFlow",Enterprise
7711,Data Scientist,India,Mid,24061,"Data Visualization, SQL, Deep Learning",Enterprise
7712,AI Engineer,India,Entry,8557,"NLP, Deep Learning, Computer Vision",Mid-size
7713,NLP Engineer,Canada,Mid,62302,"NLP, TensorFlow, Computer Vision",Enterprise
7714,Computer Vision Engineer,Australia,Entry,30721,"SQL, Python, Computer Vision",Startup
7715,Computer Vision Engineer,Canada,Mid,64259,"Statistics, Deep Learning, SQL",Startup
7716,NLP Engineer,Germany,Mid,64383,"Deep Learning, Computer Vision, PyTorch",Startup
7717,AI Engineer,Canada,Entry,25235,"Deep Learning, TensorFlow, NLP",Startup
7718,ML Engineer,USA,Senior,144447,"Python, MLOps, Computer Vision",Mid-size
7719,AI Engineer,India,Senior,45246,"Data Visualization, Python, Computer Vision",Mid-size
7720,AI Engineer,Canada,Entry,38285,"Python, TensorFlow, NLP",Startup
7721,Deep Learning Engineer,USA,Mid,88652,"Statistics, PyTorch, Deep Learning",Enterprise
7722,Data Scientist,Germany,Mid,77812,"PyTorch, Statistics, SQL",Enterprise
7723,Data Scientist,Australia,Lead,203085,"NLP, TensorFlow, MLOps",Mid-size
7724,ML Engineer,USA,Mid,83500,"Data Visualization, SQL, Computer Vision",Startup
7725,Data Analyst,USA,Mid,66105,"Computer Vision, Deep Learning, Statistics",Mid-size
7726,Research Scientist,India,Lead,60652,"Data Visualization, Computer Vision, PyTorch",Enterprise
7727,Data Scientist,Canada,Mid,93949,"NLP, Python, PyTorch",Startup
7728,Deep Learning Engineer,Canada,Entry,36073,"Data Visualization, Deep Learning, MLOps",Mid-size
7729,Research Scientist,India,Mid,26296,"Python, Computer Vision, SQL",Mid-size
7730,NLP Engineer,USA,Mid,84409,"Computer Vision, PyTorch, MLOps",Mid-size
7731,ML Engineer,USA,Senior,120189,"MLOps, Data Visualization, SQL",Startup
7732,Data Scientist,India,Mid,20785,"SQL, MLOps, Statistics",Startup
7733,AI Engineer,UK,Mid,71559,"NLP, PyTorch, TensorFlow",Mid-size
7734,NLP Engineer,India,Entry,13668,"TensorFlow, Statistics, Python",Mid-size
7735,Data Scientist,USA,Mid,101912,"Python, NLP, TensorFlow",Enterprise
7736,NLP Engineer,Canada,Entry,25505,"Deep Learning, Computer Vision, Statistics",Startup
7737,Data Analyst,India,Senior,54462,"PyTorch, SQL, Data Visualization",Startup
7738,Data Scientist,Canada,Entry,41674,"Python, Data Visualization, TensorFlow",Enterprise
7739,Research Scientist,Germany,Lead,192214,"TensorFlow, Computer Vision, PyTorch",Startup
7740,ML Engineer,Canada,Mid,75299,"Statistics, SQL, Computer Vision",Enterprise
7741,Computer Vision Engineer,USA,Senior,128913,"TensorFlow, MLOps, PyTorch",Startup
7742,Research Scientist,Australia,Entry,28552,"TensorFlow, Deep Learning, Data Visualization",Enterprise
7743,Computer Vision Engineer,Australia,Entry,33602,"Data Visualization, Deep Learning, PyTorch",Startup
7744,ML Engineer,UK,Lead,165579,"Statistics, SQL, Data Visualization",Mid-size
7745,Data Analyst,Australia,Mid,93260,"Python, MLOps, Data Visualization",Mid-size
7746,Research Scientist,UK,Mid,75544,"Statistics, SQL, Computer Vision",Mid-size
7747,Deep Learning Engineer,Germany,Entry,47311,"NLP, Deep Learning, SQL",Mid-size
7748,AI Engineer,India,Lead,76760,"Deep Learning, NLP, SQL",Startup
7749,Research Scientist,Australia,Entry,40035,"Data Visualization, TensorFlow, SQL",Enterprise
7750,Computer Vision Engineer,Germany,Mid,62359,"TensorFlow, Deep Learning, NLP",Startup
7751,Computer Vision Engineer,UK,Senior,90100,"Computer Vision, NLP, Statistics",Enterprise
7752,Computer Vision Engineer,Australia,Mid,60475,"TensorFlow, MLOps, NLP",Enterprise
7753,ML Engineer,India,Lead,60652,"Python, TensorFlow, NLP",Mid-size
7754,Research Scientist,UK,Entry,31693,"NLP, Deep Learning, Statistics",Enterprise
7755,Data Scientist,Canada,Mid,67791,"Deep Learning, MLOps, SQL",Enterprise
7756,Data Analyst,Australia,Senior,147050,"Python, SQL, Deep Learning",Startup
7757,Data Scientist,Canada,Entry,25682,"Python, NLP, Statistics",Mid-size
7758,Data Analyst,USA,Mid,89515,"NLP, TensorFlow, Deep Learning",Startup
7759,ML Engineer,Canada,Lead,177512,"Python, TensorFlow, SQL",Startup
7760,NLP Engineer,USA,Entry,35248,"PyTorch, Statistics, Python",Mid-size
7761,Deep Learning Engineer,Germany,Entry,46649,"Deep Learning, TensorFlow, PyTorch",Enterprise
7762,Computer Vision Engineer,Germany,Lead,145334,"TensorFlow, Computer Vision, PyTorch",Startup
7763,Computer Vision Engineer,UK,Mid,89598,"PyTorch, MLOps, Statistics",Mid-size
7764,Data Analyst,USA,Lead,168016,"Python, MLOps, NLP",Startup
7765,Deep Learning Engineer,Australia,Mid,67656,"PyTorch, SQL, TensorFlow",Mid-size
7766,Data Analyst,Germany,Entry,29971,"Deep Learning, Computer Vision, TensorFlow",Enterprise
7767,Deep Learning Engineer,Canada,Lead,174028,"TensorFlow, Computer Vision, PyTorch",Mid-size
7768,Data Analyst,Germany,Entry,42713,"Computer Vision, Python, MLOps",Enterprise
7769,AI Engineer,Canada,Senior,106381,"NLP, MLOps, Computer Vision",Startup
7770,Data Scientist,India,Mid,25754,"TensorFlow, Data Visualization, SQL",Startup
7771,AI Engineer,USA,Entry,51010,"Computer Vision, NLP, PyTorch",Enterprise
7772,Data Scientist,Canada,Senior,111457,"SQL, Python, TensorFlow",Enterprise
7773,ML Engineer,Australia,Senior,111393,"NLP, Python, PyTorch",Enterprise
7774,AI Engineer,USA,Mid,90576,"SQL, Deep Learning, NLP",Mid-size
7775,Computer Vision Engineer,UK,Senior,103430,"NLP, Deep Learning, TensorFlow",Enterprise
7776,AI Engineer,Canada,Entry,47650,"Computer Vision, Deep Learning, NLP",Mid-size
7777,Deep Learning Engineer,India,Mid,29622,"TensorFlow, Computer Vision, PyTorch",Enterprise
7778,Deep Learning Engineer,Germany,Senior,103173,"Python, Computer Vision, SQL",Mid-size
7779,NLP Engineer,USA,Senior,158108,"TensorFlow, Statistics, NLP",Startup
7780,Research Scientist,USA,Lead,207120,"Deep Learning, PyTorch, NLP",Enterprise
7781,Data Scientist,Germany,Mid,64075,"MLOps, Python, Computer Vision",Enterprise
7782,NLP Engineer,UK,Lead,181012,"Data Visualization, NLP, Computer Vision",Startup
7783,Computer Vision Engineer,USA,Senior,152778,"Data Visualization, Statistics, SQL",Mid-size
7784,AI Engineer,Australia,Entry,40873,"SQL, PyTorch, MLOps",Startup
7785,Data Analyst,Australia,Senior,129693,"NLP, Statistics, Data Visualization",Startup
7786,AI Engineer,Germany,Senior,117898,"TensorFlow, Statistics, Data Visualization",Mid-size
7787,AI Engineer,India,Lead,58710,"NLP, Data Visualization, SQL",Startup
7788,Deep Learning Engineer,UK,Mid,55378,"Computer Vision, Statistics, MLOps",Startup
7789,Data Analyst,Australia,Senior,126566,"Python, MLOps, Deep Learning",Startup
7790,Data Analyst,Germany,Senior,112765,"SQL, MLOps, Python",Startup
7791,Data Scientist,Canada,Mid,72014,"Computer Vision, SQL, MLOps",Mid-size
7792,Deep Learning Engineer,USA,Lead,173023,"Computer Vision, MLOps, TensorFlow",Mid-size
7793,Data Scientist,India,Entry,14688,"MLOps, PyTorch, Statistics",Enterprise
7794,AI Engineer,Germany,Lead,181129,"MLOps, Python, Deep Learning",Startup
7795,NLP Engineer,India,Entry,10602,"Python, NLP, Computer Vision",Enterprise
7796,AI Engineer,Germany,Senior,92610,"MLOps, TensorFlow, Computer Vision",Enterprise
7797,Data Analyst,Canada,Lead,159284,"NLP, Computer Vision, Statistics",Mid-size
7798,Research Scientist,India,Mid,24090,"Deep Learning, NLP, Data Visualization",Mid-size
7799,NLP Engineer,Australia,Mid,98384,"Deep Learning, PyTorch, NLP",Enterprise
7800,AI Engineer,India,Lead,77896,"NLP, Python, Deep Learning",Enterprise
7801,Deep Learning Engineer,Germany,Mid,85583,"Python, PyTorch, Deep Learning",Mid-size
7802,Computer Vision Engineer,Australia,Lead,196336,"Deep Learning, Computer Vision, Data Visualization",Mid-size
7803,Data Scientist,Australia,Entry,25859,"SQL, MLOps, Data Visualization",Startup
7804,Computer Vision Engineer,Australia,Entry,28143,"Data Visualization, NLP, Python",Enterprise
7805,NLP Engineer,UK,Lead,161310,"Data Visualization, Deep Learning, SQL",Startup
7806,Data Scientist,UK,Lead,196081,"TensorFlow, SQL, Statistics",Startup
7807,Deep Learning Engineer,Australia,Entry,53684,"Computer Vision, MLOps, Statistics",Enterprise
7808,Deep Learning Engineer,UK,Entry,26438,"Computer Vision, Deep Learning, TensorFlow",Startup
7809,Data Analyst,UK,Mid,81131,"PyTorch, TensorFlow, SQL",Enterprise
7810,Computer Vision Engineer,Australia,Senior,151683,"Computer Vision, PyTorch, SQL",Enterprise
7811,Data Analyst,Australia,Lead,163023,"PyTorch, Computer Vision, Data Visualization",Startup
7812,Computer Vision Engineer,UK,Entry,30322,"NLP, Deep Learning, SQL",Enterprise
7813,NLP Engineer,India,Senior,44096,"TensorFlow, PyTorch, Computer Vision",Mid-size
7814,NLP Engineer,India,Senior,54534,"TensorFlow, SQL, Deep Learning",Mid-size
7815,Data Scientist,Germany,Senior,124723,"Computer Vision, TensorFlow, Data Visualization",Enterprise
7816,Deep Learning Engineer,India,Lead,62426,"Statistics, NLP, PyTorch",Mid-size
7817,Research Scientist,USA,Senior,138211,"Python, Data Visualization, NLP",Enterprise
7818,Research Scientist,India,Lead,79394,"Statistics, Deep Learning, SQL",Enterprise
7819,Research Scientist,UK,Lead,198447,"Data Visualization, MLOps, Computer Vision",Startup
7820,Research Scientist,UK,Senior,103244,"SQL, Computer Vision, Data Visualization",Mid-size
7821,ML Engineer,USA,Mid,89354,"MLOps, Data Visualization, NLP",Enterprise
7822,Research Scientist,USA,Entry,50652,"TensorFlow, Deep Learning, MLOps",Mid-size
7823,Data Scientist,Australia,Entry,54107,"Computer Vision, NLP, Deep Learning",Mid-size
7824,Computer Vision Engineer,Canada,Mid,96017,"Data Visualization, TensorFlow, Deep Learning",Mid-size
7825,AI Engineer,India,Senior,40890,"SQL, MLOps, PyTorch",Startup
7826,ML Engineer,Australia,Lead,164844,"TensorFlow, Data Visualization, Python",Mid-size
7827,NLP Engineer,India,Senior,53229,"NLP, Python, Deep Learning",Enterprise
7828,ML Engineer,USA,Mid,60098,"MLOps, Statistics, SQL",Enterprise
7829,Data Analyst,Australia,Mid,71632,"Deep Learning, PyTorch, Data Visualization",Enterprise
7830,Data Scientist,India,Lead,66444,"NLP, TensorFlow, SQL",Mid-size
7831,Research Scientist,Australia,Mid,97652,"Deep Learning, MLOps, Python",Enterprise
7832,Data Analyst,India,Senior,37934,"Python, MLOps, Computer Vision",Mid-size
7833,Computer Vision Engineer,Canada,Lead,199007,"Statistics, MLOps, Python",Startup
7834,Computer Vision Engineer,Germany,Entry,33065,"Data Visualization, NLP, Python",Mid-size
7835,Data Scientist,Germany,Lead,143709,"Python, MLOps, SQL",Startup
7836,Deep Learning Engineer,India,Entry,14394,"Python, MLOps, TensorFlow",Enterprise
7837,Data Scientist,USA,Senior,116966,"Statistics, SQL, TensorFlow",Enterprise
7838,Deep Learning Engineer,Canada,Entry,43347,"PyTorch, MLOps, Deep Learning",Mid-size
7839,Computer Vision Engineer,Germany,Mid,73115,"Statistics, Deep Learning, Python",Mid-size
7840,Research Scientist,Australia,Entry,37746,"NLP, Python, SQL",Mid-size
7841,Data Scientist,UK,Mid,73075,"Python, Data Visualization, Deep Learning",Startup
7842,Computer Vision Engineer,Canada,Lead,198025,"Deep Learning, SQL, Data Visualization",Startup
7843,Computer Vision Engineer,Australia,Lead,194286,"SQL, Computer Vision, Statistics",Mid-size
7844,Deep Learning Engineer,USA,Lead,204120,"MLOps, Data Visualization, TensorFlow",Mid-size
7845,Data Scientist,India,Lead,60797,"Computer Vision, Deep Learning, NLP",Startup
7846,Data Analyst,UK,Entry,44941,"Computer Vision, TensorFlow, SQL",Enterprise
7847,Data Scientist,UK,Senior,101651,"Statistics, SQL, MLOps",Enterprise
7848,Data Analyst,Canada,Mid,74489,"Data Visualization, PyTorch, Deep Learning",Enterprise
7849,Computer Vision Engineer,UK,Lead,187248,"SQL, Computer Vision, Statistics",Mid-size
7850,NLP Engineer,India,Entry,10434,"Deep Learning, NLP, Python",Mid-size
7851,Research Scientist,India,Senior,39843,"NLP, TensorFlow, SQL",Enterprise
7852,Deep Learning Engineer,USA,Lead,216609,"Deep Learning, SQL, Data Visualization",Startup
7853,ML Engineer,USA,Senior,164167,"PyTorch, Python, NLP",Enterprise
7854,ML Engineer,USA,Mid,98866,"NLP, Computer Vision, Data Visualization",Enterprise
7855,AI Engineer,USA,Mid,83299,"SQL, PyTorch, Deep Learning",Mid-size
7856,Data Analyst,Germany,Lead,164897,"TensorFlow, SQL, Computer Vision",Mid-size
7857,Computer Vision Engineer,Australia,Lead,167434,"NLP, Python, PyTorch",Mid-size
7858,Data Scientist,USA,Entry,43462,"PyTorch, NLP, Statistics",Mid-size
7859,Data Scientist,USA,Senior,160405,"MLOps, TensorFlow, Python",Mid-size
7860,ML Engineer,UK,Entry,21409,"MLOps, Data Visualization, TensorFlow",Startup
7861,Research Scientist,UK,Senior,118821,"Computer Vision, Statistics, PyTorch",Startup
7862,Data Scientist,Canada,Mid,87444,"Deep Learning, SQL, NLP",Startup
7863,AI Engineer,Germany,Senior,136509,"TensorFlow, PyTorch, Python",Startup
7864,Data Analyst,Canada,Mid,55335,"Computer Vision, Deep Learning, TensorFlow",Mid-size
7865,NLP Engineer,USA,Entry,47701,"Statistics, Python, Deep Learning",Enterprise
7866,Data Analyst,USA,Mid,80896,"SQL, TensorFlow, MLOps",Mid-size
7867,Deep Learning Engineer,UK,Mid,89673,"Computer Vision, Statistics, NLP",Mid-size
7868,Computer Vision Engineer,Australia,Entry,26033,"SQL, Computer Vision, Data Visualization",Enterprise
7869,NLP Engineer,USA,Entry,53916,"TensorFlow, NLP, Statistics",Mid-size
7870,Data Scientist,Canada,Entry,52816,"Data Visualization, SQL, Statistics",Startup
7871,Data Scientist,India,Senior,52185,"NLP, Statistics, PyTorch",Enterprise
7872,ML Engineer,Canada,Entry,23317,"Data Visualization, MLOps, NLP",Mid-size
7873,Deep Learning Engineer,Germany,Mid,87303,"MLOps, NLP, Python",Mid-size
7874,AI Engineer,Australia,Mid,65348,"Python, MLOps, Data Visualization",Mid-size
7875,NLP Engineer,Australia,Lead,163562,"Statistics, Data Visualization, NLP",Mid-size
7876,NLP Engineer,Germany,Entry,31063,"SQL, Deep Learning, MLOps",Mid-size
7877,Data Scientist,USA,Senior,119436,"Data Visualization, SQL, TensorFlow",Enterprise
7878,Data Analyst,Canada,Entry,46663,"NLP, PyTorch, MLOps",Mid-size
7879,AI Engineer,Canada,Lead,154930,"Statistics, Deep Learning, NLP",Mid-size
7880,Data Scientist,UK,Entry,33390,"Python, Computer Vision, Deep Learning",Enterprise
7881,Data Analyst,Germany,Entry,34876,"MLOps, Python, TensorFlow",Mid-size
7882,Data Scientist,Canada,Mid,81459,"TensorFlow, Data Visualization, MLOps",Mid-size
7883,Data Scientist,Australia,Mid,94145,"Deep Learning, Python, Statistics",Startup
7884,Data Scientist,India,Senior,47936,"PyTorch, Data Visualization, Computer Vision",Startup
7885,Computer Vision Engineer,UK,Senior,112407,"Data Visualization, Statistics, PyTorch",Startup
7886,NLP Engineer,UK,Entry,38677,"NLP, PyTorch, Python",Enterprise
7887,ML Engineer,Australia,Lead,211396,"MLOps, NLP, Python",Mid-size
7888,Research Scientist,UK,Mid,84941,"Data Visualization, Statistics, TensorFlow",Enterprise
7889,Research Scientist,USA,Mid,107866,"NLP, Deep Learning, TensorFlow",Startup
7890,Data Scientist,UK,Lead,158973,"Statistics, NLP, Python",Mid-size
7891,Deep Learning Engineer,USA,Mid,94544,"Python, Deep Learning, NLP",Startup
7892,Research Scientist,USA,Lead,184024,"SQL, Computer Vision, TensorFlow",Enterprise
7893,NLP Engineer,Canada,Mid,82218,"TensorFlow, Python, Statistics",Enterprise
7894,Data Analyst,Australia,Senior,125649,"MLOps, NLP, PyTorch",Startup
7895,Data Scientist,USA,Senior,162636,"Computer Vision, Python, SQL",Enterprise
7896,Data Analyst,UK,Mid,54024,"Data Visualization, SQL, Computer Vision",Enterprise
7897,Deep Learning Engineer,UK,Mid,52120,"Python, Statistics, Deep Learning",Enterprise
7898,AI Engineer,Australia,Senior,146836,"Statistics, SQL, Deep Learning",Mid-size
7899,AI Engineer,India,Mid,30414,"PyTorch, NLP, Python",Startup
7900,Data Scientist,Canada,Mid,56060,"Statistics, Data Visualization, PyTorch",Startup
7901,Deep Learning Engineer,UK,Senior,125571,"Computer Vision, Deep Learning, NLP",Mid-size
7902,ML Engineer,Australia,Senior,122783,"PyTorch, Computer Vision, NLP",Enterprise
7903,ML Engineer,India,Mid,22845,"Python, PyTorch, Statistics",Mid-size
7904,Data Analyst,Germany,Entry,44992,"TensorFlow, PyTorch, SQL",Startup
7905,NLP Engineer,Germany,Mid,54367,"PyTorch, Computer Vision, MLOps",Startup
7906,ML Engineer,Canada,Senior,111156,"Statistics, Python, Data Visualization",Startup
7907,AI Engineer,Canada,Entry,39172,"Python, Data Visualization, PyTorch",Enterprise
7908,Data Analyst,India,Entry,11961,"SQL, Deep Learning, NLP",Startup
7909,NLP Engineer,Germany,Entry,48222,"MLOps, Computer Vision, NLP",Mid-size
7910,Deep Learning Engineer,USA,Entry,56402,"Python, PyTorch, Deep Learning",Enterprise
7911,Computer Vision Engineer,Germany,Senior,102501,"NLP, Deep Learning, Computer Vision",Enterprise
7912,Deep Learning Engineer,India,Lead,66218,"Statistics, Computer Vision, MLOps",Enterprise
7913,Data Analyst,Germany,Senior,136721,"Computer Vision, MLOps, Python",Mid-size
7914,Deep Learning Engineer,Canada,Mid,65606,"NLP, PyTorch, MLOps",Startup
7915,ML Engineer,India,Mid,33319,"Data Visualization, NLP, TensorFlow",Mid-size
7916,Research Scientist,Germany,Mid,73583,"Deep Learning, Data Visualization, TensorFlow",Startup
7917,Data Analyst,Australia,Mid,70196,"Python, SQL, Deep Learning",Enterprise
7918,Research Scientist,Canada,Senior,117462,"Deep Learning, Computer Vision, SQL",Enterprise
7919,Data Scientist,Canada,Lead,218704,"Statistics, Deep Learning, PyTorch",Mid-size
7920,Computer Vision Engineer,Canada,Senior,137924,"SQL, Data Visualization, TensorFlow",Enterprise
7921,AI Engineer,Australia,Mid,81412,"SQL, Computer Vision, NLP",Mid-size
7922,AI Engineer,USA,Entry,37669,"PyTorch, Computer Vision, Python",Mid-size
7923,Computer Vision Engineer,USA,Entry,43488,"Deep Learning, NLP, Statistics",Enterprise
7924,Data Scientist,India,Mid,27176,"MLOps, Computer Vision, Python",Mid-size
7925,Data Analyst,India,Lead,56273,"MLOps, NLP, Python",Mid-size
7926,Research Scientist,Germany,Senior,136705,"Deep Learning, Computer Vision, PyTorch",Enterprise
7927,Research Scientist,USA,Entry,55762,"NLP, Python, MLOps",Mid-size
7928,NLP Engineer,UK,Entry,36827,"MLOps, TensorFlow, Statistics",Startup
7929,Data Analyst,UK,Lead,161863,"Computer Vision, MLOps, Deep Learning",Mid-size
7930,Computer Vision Engineer,Australia,Senior,131049,"Python, Deep Learning, SQL",Enterprise
7931,Computer Vision Engineer,USA,Mid,72067,"Data Visualization, SQL, PyTorch",Startup
7932,Deep Learning Engineer,UK,Mid,66884,"Statistics, Data Visualization, TensorFlow",Mid-size
7933,NLP Engineer,USA,Entry,34672,"MLOps, Python, NLP",Enterprise
7934,Computer Vision Engineer,Australia,Mid,82454,"Deep Learning, Data Visualization, SQL",Mid-size
7935,Data Scientist,Germany,Lead,177208,"TensorFlow, SQL, Statistics",Enterprise
7936,Computer Vision Engineer,Germany,Lead,176885,"Statistics, MLOps, Deep Learning",Mid-size
7937,Research Scientist,India,Senior,53075,"NLP, TensorFlow, MLOps",Startup
7938,Data Scientist,Australia,Lead,206927,"SQL, MLOps, PyTorch",Mid-size
7939,Computer Vision Engineer,USA,Lead,237282,"Deep Learning, Computer Vision, TensorFlow",Mid-size
7940,NLP Engineer,India,Lead,59722,"Data Visualization, SQL, Computer Vision",Mid-size
7941,Research Scientist,UK,Entry,26709,"Python, Deep Learning, Statistics",Mid-size
7942,AI Engineer,Canada,Mid,93705,"SQL, Data Visualization, Python",Enterprise
7943,Deep Learning Engineer,Canada,Entry,42314,"MLOps, Python, PyTorch",Startup
7944,Data Analyst,Australia,Lead,191733,"NLP, SQL, Data Visualization",Enterprise
7945,Data Analyst,India,Senior,41380,"Python, Deep Learning, TensorFlow",Enterprise
7946,Research Scientist,Canada,Senior,107197,"Python, Statistics, PyTorch",Enterprise
7947,Data Analyst,USA,Lead,180676,"Deep Learning, TensorFlow, Statistics",Startup
7948,Data Scientist,USA,Entry,41690,"Deep Learning, SQL, Statistics",Mid-size
7949,NLP Engineer,USA,Entry,28452,"Computer Vision, Data Visualization, SQL",Enterprise
7950,AI Engineer,USA,Entry,57736,"TensorFlow, SQL, Statistics",Mid-size
7951,Computer Vision Engineer,Canada,Mid,82698,"Python, Statistics, TensorFlow",Mid-size
7952,Research Scientist,UK,Lead,168731,"NLP, Computer Vision, MLOps",Mid-size
7953,ML Engineer,USA,Entry,46994,"Computer Vision, MLOps, Python",Enterprise
7954,AI Engineer,USA,Mid,65706,"SQL, NLP, Deep Learning",Mid-size
7955,NLP Engineer,Germany,Mid,69905,"NLP, PyTorch, Computer Vision",Startup
7956,Data Analyst,USA,Entry,28749,"Computer Vision, Data Visualization, Deep Learning",Enterprise
7957,NLP Engineer,USA,Mid,70318,"TensorFlow, SQL, Computer Vision",Mid-size
7958,AI Engineer,USA,Entry,50396,"PyTorch, Python, Deep Learning",Enterprise
7959,Deep Learning Engineer,USA,Lead,200970,"TensorFlow, Python, Deep Learning",Mid-size
7960,Computer Vision Engineer,India,Entry,17961,"PyTorch, TensorFlow, NLP",Startup
7961,Deep Learning Engineer,Germany,Mid,77111,"Computer Vision, MLOps, Deep Learning",Mid-size
7962,Deep Learning Engineer,Australia,Entry,37588,"TensorFlow, Computer Vision, Python",Startup
7963,Deep Learning Engineer,Australia,Mid,76953,"Statistics, Data Visualization, PyTorch",Mid-size
7964,Computer Vision Engineer,Germany,Entry,21858,"Data Visualization, PyTorch, Python",Mid-size
7965,Research Scientist,Germany,Entry,34869,"Computer Vision, NLP, Statistics",Startup
7966,Research Scientist,USA,Mid,104544,"TensorFlow, Statistics, MLOps",Enterprise
7967,Deep Learning Engineer,Germany,Lead,147997,"NLP, TensorFlow, Python",Startup
7968,Research Scientist,Germany,Mid,77365,"Deep Learning, Computer Vision, Statistics",Startup
7969,AI Engineer,Canada,Lead,176702,"Statistics, Deep Learning, NLP",Startup
7970,NLP Engineer,Germany,Lead,169470,"TensorFlow, Deep Learning, SQL",Enterprise
7971,Data Analyst,India,Lead,58226,"PyTorch, Computer Vision, Deep Learning",Enterprise
7972,AI Engineer,UK,Entry,40353,"PyTorch, MLOps, Computer Vision",Enterprise
7973,Data Scientist,Australia,Entry,52801,"Data Visualization, Python, SQL",Mid-size
7974,AI Engineer,Germany,Senior,101051,"Python, TensorFlow, NLP",Enterprise
7975,NLP Engineer,Germany,Lead,171518,"NLP, Statistics, PyTorch",Startup
7976,Deep Learning Engineer,Germany,Entry,39399,"Deep Learning, TensorFlow, Computer Vision",Startup
7977,Data Scientist,USA,Entry,58537,"Statistics, Deep Learning, Computer Vision",Startup
7978,NLP Engineer,USA,Mid,94468,"Data Visualization, Deep Learning, MLOps",Startup
7979,Research Scientist,Germany,Senior,96087,"TensorFlow, Deep Learning, Computer Vision",Enterprise
7980,Data Scientist,India,Lead,68119,"SQL, MLOps, PyTorch",Mid-size
7981,Deep Learning Engineer,Germany,Senior,110163,"Deep Learning, Statistics, SQL",Mid-size
7982,Deep Learning Engineer,Germany,Senior,128721,"PyTorch, Deep Learning, MLOps",Enterprise
7983,Data Analyst,UK,Lead,154890,"TensorFlow, Computer Vision, NLP",Mid-size
7984,Computer Vision Engineer,Australia,Senior,129638,"Data Visualization, MLOps, NLP",Enterprise
7985,Data Scientist,USA,Entry,44931,"Python, SQL, PyTorch",Enterprise
7986,Data Scientist,Australia,Senior,153453,"SQL, Statistics, PyTorch",Enterprise
7987,Deep Learning Engineer,India,Senior,42158,"NLP, SQL, PyTorch",Mid-size
7988,Data Analyst,Canada,Mid,58482,"SQL, Deep Learning, MLOps",Mid-size
7989,ML Engineer,USA,Senior,132300,"SQL, Computer Vision, Statistics",Enterprise
7990,Deep Learning Engineer,USA,Senior,122641,"PyTorch, SQL, NLP",Startup
7991,NLP Engineer,USA,Entry,35056,"Computer Vision, Statistics, Deep Learning",Enterprise
7992,NLP Engineer,USA,Senior,120273,"Deep Learning, PyTorch, Python",Startup
7993,AI Engineer,Australia,Mid,75682,"Deep Learning, SQL, Data Visualization",Mid-size
7994,Research Scientist,USA,Entry,47202,"SQL, TensorFlow, Python",Startup
7995,Data Analyst,Australia,Senior,104010,"Statistics, Computer Vision, Python",Startup
7996,AI Engineer,Canada,Senior,103606,"SQL, Python, MLOps",Enterprise
7997,Research Scientist,India,Mid,24093,"Python, Deep Learning, NLP",Enterprise
7998,Research Scientist,Australia,Mid,90876,"SQL, Statistics, PyTorch",Mid-size
7999,Research Scientist,India,Mid,33806,"PyTorch, NLP, Statistics",Startup
8000,ML Engineer,UK,Mid,66278,"NLP, Python, Deep Learning",Enterprise
8001,Computer Vision Engineer,India,Senior,36193,"Computer Vision, Data Visualization, MLOps",Mid-size
8002,Computer Vision Engineer,Canada,Senior,106927,"Computer Vision, Statistics, PyTorch",Startup
8003,Data Scientist,Germany,Lead,149190,"NLP, Statistics, SQL",Startup
8004,AI Engineer,Canada,Entry,30153,"PyTorch, Computer Vision, TensorFlow",Enterprise
8005,Research Scientist,Canada,Lead,162704,"NLP, Computer Vision, MLOps",Mid-size
8006,ML Engineer,Germany,Lead,176183,"NLP, Python, Data Visualization",Enterprise
8007,Data Analyst,Canada,Senior,121333,"Data Visualization, Statistics, MLOps",Enterprise
8008,NLP Engineer,Canada,Mid,81954,"NLP, Computer Vision, TensorFlow",Enterprise
8009,Computer Vision Engineer,India,Mid,27554,"Deep Learning, Python, Computer Vision",Startup
8010,Data Scientist,USA,Senior,131338,"Computer Vision, NLP, Deep Learning",Startup
8011,NLP Engineer,Australia,Mid,76404,"PyTorch, TensorFlow, SQL",Startup
8012,Data Scientist,USA,Mid,76630,"Python, Statistics, TensorFlow",Startup
8013,Research Scientist,UK,Lead,175897,"Deep Learning, Computer Vision, Statistics",Enterprise
8014,Deep Learning Engineer,USA,Mid,69236,"PyTorch, Computer Vision, TensorFlow",Startup
8015,Data Analyst,Australia,Lead,158343,"MLOps, PyTorch, Computer Vision",Startup
8016,Data Analyst,India,Mid,23204,"Python, Statistics, NLP",Mid-size
8017,AI Engineer,Canada,Lead,162696,"Deep Learning, Data Visualization, TensorFlow",Startup
8018,Research Scientist,India,Entry,15762,"Deep Learning, TensorFlow, MLOps",Enterprise
8019,Research Scientist,Australia,Senior,105674,"Computer Vision, TensorFlow, Data Visualization",Startup
8020,ML Engineer,Germany,Entry,40658,"Python, MLOps, TensorFlow",Startup
8021,Data Scientist,USA,Mid,60582,"MLOps, PyTorch, NLP",Startup
8022,NLP Engineer,India,Lead,62036,"Data Visualization, MLOps, PyTorch",Mid-size
8023,AI Engineer,USA,Senior,109765,"Data Visualization, Python, Computer Vision",Mid-size
8024,Data Analyst,UK,Entry,38426,"Deep Learning, NLP, TensorFlow",Enterprise
8025,Research Scientist,UK,Mid,57856,"SQL, MLOps, Data Visualization",Mid-size
8026,ML Engineer,USA,Lead,199746,"Deep Learning, NLP, PyTorch",Mid-size
8027,Computer Vision Engineer,UK,Senior,134353,"Data Visualization, NLP, Deep Learning",Mid-size
8028,AI Engineer,UK,Lead,146794,"TensorFlow, Deep Learning, SQL",Enterprise
8029,AI Engineer,Australia,Mid,89224,"NLP, Data Visualization, Computer Vision",Enterprise
8030,AI Engineer,UK,Mid,68043,"Computer Vision, Data Visualization, SQL",Mid-size
8031,Computer Vision Engineer,Canada,Mid,75573,"SQL, NLP, PyTorch",Startup
8032,Data Scientist,Australia,Entry,48605,"NLP, Python, Computer Vision",Startup
8033,AI Engineer,USA,Entry,37894,"Computer Vision, Data Visualization, Deep Learning",Startup
8034,ML Engineer,India,Lead,70848,"Computer Vision, SQL, Deep Learning",Mid-size
8035,Data Scientist,Canada,Lead,192836,"SQL, TensorFlow, Computer Vision",Mid-size
8036,ML Engineer,Australia,Senior,136976,"MLOps, Data Visualization, Python",Startup
8037,Deep Learning Engineer,Germany,Entry,21360,"TensorFlow, NLP, Data Visualization",Enterprise
8038,Computer Vision Engineer,India,Lead,79564,"TensorFlow, Statistics, Computer Vision",Mid-size
8039,Computer Vision Engineer,Germany,Mid,69794,"Computer Vision, PyTorch, Python",Mid-size
8040,NLP Engineer,Canada,Senior,133238,"TensorFlow, Statistics, Deep Learning",Enterprise
8041,AI Engineer,USA,Mid,100921,"Python, Data Visualization, Deep Learning",Mid-size
8042,Deep Learning Engineer,Germany,Entry,23336,"MLOps, PyTorch, Data Visualization",Enterprise
8043,Data Scientist,Australia,Entry,48607,"PyTorch, SQL, NLP",Startup
8044,Computer Vision Engineer,Germany,Mid,67025,"Statistics, Deep Learning, PyTorch",Startup
8045,AI Engineer,UK,Lead,187402,"Computer Vision, TensorFlow, MLOps",Startup
8046,Deep Learning Engineer,USA,Lead,225304,"Computer Vision, Data Visualization, SQL",Startup
8047,Data Scientist,Australia,Lead,161750,"MLOps, Deep Learning, TensorFlow",Mid-size
8048,NLP Engineer,UK,Senior,136202,"Data Visualization, MLOps, Computer Vision",Enterprise
8049,Research Scientist,UK,Mid,70534,"SQL, Data Visualization, PyTorch",Enterprise
8050,ML Engineer,Australia,Mid,64909,"Statistics, PyTorch, Data Visualization",Startup
8051,Data Analyst,UK,Entry,21946,"Statistics, Deep Learning, SQL",Mid-size
8052,Research Scientist,Australia,Mid,58657,"Computer Vision, SQL, MLOps",Mid-size
8053,Computer Vision Engineer,USA,Mid,96952,"MLOps, Python, TensorFlow",Startup
8054,ML Engineer,Australia,Mid,69837,"MLOps, Data Visualization, PyTorch",Mid-size
8055,Data Analyst,USA,Entry,52405,"Python, Data Visualization, PyTorch",Mid-size
8056,Computer Vision Engineer,Australia,Entry,23918,"Computer Vision, Python, MLOps",Startup
8057,Data Scientist,India,Entry,8470,"SQL, Data Visualization, Deep Learning",Mid-size
8058,ML Engineer,Germany,Senior,132503,"TensorFlow, Data Visualization, Deep Learning",Enterprise
8059,Data Scientist,Australia,Mid,86276,"SQL, TensorFlow, Computer Vision",Mid-size
8060,NLP Engineer,Canada,Entry,53452,"PyTorch, Deep Learning, Data Visualization",Mid-size
8061,Data Scientist,UK,Senior,100067,"NLP, MLOps, PyTorch",Mid-size
8062,AI Engineer,UK,Entry,45165,"Deep Learning, NLP, MLOps",Startup
8063,AI Engineer,Germany,Senior,93678,"NLP, Statistics, SQL",Enterprise
8064,ML Engineer,USA,Lead,187149,"PyTorch, Computer Vision, NLP",Mid-size
8065,AI Engineer,Australia,Senior,106791,"TensorFlow, Statistics, Python",Enterprise
8066,Data Scientist,UK,Senior,134547,"MLOps, Deep Learning, PyTorch",Enterprise
8067,Data Analyst,Canada,Mid,73796,"MLOps, Deep Learning, Statistics",Mid-size
8068,NLP Engineer,USA,Mid,85971,"MLOps, Statistics, SQL",Enterprise
8069,Data Scientist,Australia,Entry,22607,"SQL, Computer Vision, TensorFlow",Startup
8070,Deep Learning Engineer,India,Entry,8220,"Computer Vision, NLP, PyTorch",Startup
8071,Computer Vision Engineer,India,Entry,14661,"SQL, Statistics, Python",Startup
8072,Deep Learning Engineer,UK,Lead,179775,"MLOps, PyTorch, Python",Enterprise
8073,ML Engineer,Germany,Lead,172265,"SQL, Deep Learning, Python",Startup
8074,Deep Learning Engineer,UK,Mid,54080,"Python, MLOps, PyTorch",Startup
8075,Research Scientist,Germany,Senior,113304,"Data Visualization, MLOps, Deep Learning",Mid-size
8076,Data Analyst,UK,Lead,150515,"PyTorch, Python, Computer Vision",Mid-size
8077,NLP Engineer,Australia,Senior,110667,"NLP, TensorFlow, Deep Learning",Startup
8078,Research Scientist,UK,Lead,161237,"SQL, MLOps, Data Visualization",Mid-size
8079,Computer Vision Engineer,India,Mid,32216,"SQL, Data Visualization, Deep Learning",Startup
8080,NLP Engineer,UK,Senior,126559,"NLP, Statistics, Data Visualization",Startup
8081,Data Scientist,Germany,Senior,137466,"TensorFlow, Statistics, MLOps",Startup
8082,AI Engineer,USA,Senior,138933,"Computer Vision, PyTorch, MLOps",Startup
8083,NLP Engineer,USA,Entry,46270,"Python, TensorFlow, Computer Vision",Enterprise
8084,Computer Vision Engineer,Germany,Lead,171538,"Deep Learning, NLP, Statistics",Mid-size
8085,Research Scientist,Germany,Lead,197339,"PyTorch, Statistics, MLOps",Mid-size
8086,NLP Engineer,Germany,Entry,34912,"Deep Learning, MLOps, Computer Vision",Mid-size
8087,Data Analyst,USA,Senior,111108,"Deep Learning, PyTorch, Computer Vision",Enterprise
8088,Research Scientist,Canada,Mid,63713,"MLOps, NLP, Python",Mid-size
8089,Research Scientist,UK,Mid,52904,"Statistics, Data Visualization, SQL",Startup
8090,NLP Engineer,Canada,Mid,98675,"Python, TensorFlow, NLP",Mid-size
8091,Data Analyst,USA,Senior,118218,"Deep Learning, PyTorch, NLP",Enterprise
8092,AI Engineer,India,Lead,74244,"Deep Learning, Statistics, SQL",Enterprise
8093,Deep Learning Engineer,USA,Lead,199298,"Deep Learning, SQL, MLOps",Mid-size
8094,Computer Vision Engineer,India,Senior,46808,"Statistics, SQL, Python",Enterprise
8095,ML Engineer,Canada,Senior,111083,"SQL, Data Visualization, TensorFlow",Startup
8096,NLP Engineer,UK,Lead,174521,"PyTorch, NLP, Statistics",Startup
8097,ML Engineer,Australia,Lead,172118,"Deep Learning, PyTorch, Statistics",Enterprise
8098,Research Scientist,Canada,Mid,94303,"TensorFlow, Python, NLP",Enterprise
8099,ML Engineer,India,Entry,10968,"PyTorch, Python, NLP",Mid-size
8100,Data Scientist,Australia,Mid,68231,"Data Visualization, SQL, Python",Mid-size
8101,Computer Vision Engineer,Australia,Entry,27275,"Deep Learning, Computer Vision, MLOps",Mid-size
8102,Deep Learning Engineer,Australia,Senior,144095,"Computer Vision, Data Visualization, Python",Mid-size
8103,AI Engineer,USA,Lead,226512,"Python, TensorFlow, Computer Vision",Startup
8104,Computer Vision Engineer,Australia,Mid,64379,"MLOps, Python, Computer Vision",Mid-size
8105,Research Scientist,USA,Lead,182925,"Statistics, SQL, Computer Vision",Startup
8106,NLP Engineer,Canada,Mid,60337,"Deep Learning, TensorFlow, MLOps",Mid-size
8107,Data Analyst,Canada,Lead,174672,"Computer Vision, Statistics, Deep Learning",Startup
8108,AI Engineer,Canada,Mid,75809,"Computer Vision, MLOps, Statistics",Startup
8109,NLP Engineer,UK,Senior,133808,"TensorFlow, Statistics, Python",Startup
8110,Data Analyst,USA,Senior,109156,"NLP, MLOps, Python",Startup
8111,Data Analyst,UK,Lead,142947,"TensorFlow, Computer Vision, Data Visualization",Startup
8112,Computer Vision Engineer,Australia,Lead,156652,"NLP, TensorFlow, PyTorch",Enterprise
8113,ML Engineer,India,Senior,53268,"Statistics, Data Visualization, TensorFlow",Mid-size
8114,ML Engineer,Germany,Entry,22837,"Deep Learning, SQL, Data Visualization",Mid-size
8115,Computer Vision Engineer,Canada,Lead,174667,"NLP, Data Visualization, MLOps",Startup
8116,NLP Engineer,India,Entry,10753,"Deep Learning, TensorFlow, Computer Vision",Enterprise
8117,Computer Vision Engineer,USA,Entry,41020,"Computer Vision, Deep Learning, MLOps",Mid-size
8118,Data Scientist,UK,Mid,76178,"PyTorch, Computer Vision, Statistics",Mid-size
8119,Computer Vision Engineer,Germany,Lead,192053,"TensorFlow, MLOps, Statistics",Startup
8120,Computer Vision Engineer,India,Senior,43048,"Deep Learning, SQL, NLP",Startup
8121,ML Engineer,Canada,Senior,113258,"Data Visualization, Deep Learning, Python",Startup
8122,NLP Engineer,India,Entry,17387,"Deep Learning, Statistics, NLP",Startup
8123,Data Analyst,Germany,Senior,105111,"PyTorch, NLP, Computer Vision",Enterprise
8124,Deep Learning Engineer,Australia,Mid,92280,"Deep Learning, SQL, Statistics",Enterprise
8125,Deep Learning Engineer,Australia,Mid,93512,"Data Visualization, MLOps, Python",Startup
8126,Research Scientist,UK,Lead,144501,"SQL, Python, NLP",Enterprise
8127,Data Scientist,Germany,Senior,109169,"NLP, Deep Learning, TensorFlow",Startup
8128,Deep Learning Engineer,Australia,Entry,23876,"Deep Learning, PyTorch, Statistics",Startup
8129,Deep Learning Engineer,Germany,Lead,190627,"PyTorch, TensorFlow, SQL",Mid-size
8130,AI Engineer,USA,Mid,70854,"Python, MLOps, PyTorch",Mid-size
8131,Deep Learning Engineer,Canada,Mid,90933,"PyTorch, MLOps, Statistics",Mid-size
8132,Computer Vision Engineer,UK,Entry,45126,"NLP, PyTorch, MLOps",Enterprise
8133,Computer Vision Engineer,India,Mid,34229,"Computer Vision, TensorFlow, MLOps",Enterprise
8134,Data Analyst,Canada,Senior,153604,"PyTorch, Data Visualization, Computer Vision",Startup
8135,ML Engineer,Germany,Entry,41526,"SQL, Deep Learning, NLP",Startup
8136,Deep Learning Engineer,Australia,Entry,43003,"SQL, Python, MLOps",Startup
8137,Deep Learning Engineer,Australia,Entry,51883,"TensorFlow, Statistics, PyTorch",Enterprise
8138,Computer Vision Engineer,USA,Senior,130041,"SQL, Python, Data Visualization",Mid-size
8139,Research Scientist,Germany,Senior,120261,"Python, Deep Learning, SQL",Mid-size
8140,AI Engineer,UK,Senior,97603,"MLOps, NLP, TensorFlow",Mid-size
8141,NLP Engineer,Germany,Entry,31704,"Statistics, MLOps, PyTorch",Mid-size
8142,ML Engineer,Australia,Entry,51694,"PyTorch, MLOps, TensorFlow",Enterprise
8143,AI Engineer,UK,Lead,199063,"Python, Deep Learning, MLOps",Startup
8144,AI Engineer,Germany,Senior,139375,"NLP, Statistics, Computer Vision",Mid-size
8145,Computer Vision Engineer,USA,Entry,25856,"Data Visualization, Deep Learning, MLOps",Startup
8146,Computer Vision Engineer,Canada,Senior,143577,"TensorFlow, Computer Vision, Deep Learning",Enterprise
8147,Research Scientist,Australia,Mid,85006,"SQL, PyTorch, Deep Learning",Enterprise
8148,ML Engineer,India,Senior,41118,"PyTorch, MLOps, Computer Vision",Startup
8149,Computer Vision Engineer,USA,Senior,134589,"TensorFlow, Computer Vision, Data Visualization",Mid-size
8150,Data Analyst,Germany,Entry,39005,"NLP, Statistics, MLOps",Mid-size
8151,Deep Learning Engineer,Australia,Mid,76949,"TensorFlow, Statistics, MLOps",Enterprise
8152,Computer Vision Engineer,Canada,Mid,95238,"Data Visualization, Computer Vision, NLP",Startup
8153,AI Engineer,India,Senior,36927,"SQL, Deep Learning, PyTorch",Mid-size
8154,Deep Learning Engineer,India,Lead,68604,"TensorFlow, Data Visualization, Deep Learning",Mid-size
8155,Computer Vision Engineer,USA,Lead,183633,"Computer Vision, Statistics, Deep Learning",Mid-size
8156,Computer Vision Engineer,USA,Mid,86283,"Python, TensorFlow, PyTorch",Enterprise
8157,Data Analyst,UK,Senior,138997,"Statistics, SQL, TensorFlow",Startup
8158,Data Scientist,Australia,Mid,93912,"Computer Vision, Statistics, MLOps",Startup
8159,ML Engineer,Germany,Senior,99168,"Computer Vision, MLOps, NLP",Mid-size
8160,Data Scientist,UK,Senior,126051,"PyTorch, MLOps, Deep Learning",Enterprise
8161,NLP Engineer,Australia,Senior,130508,"Statistics, Python, PyTorch",Startup
8162,AI Engineer,India,Mid,27522,"Deep Learning, SQL, TensorFlow",Enterprise
8163,NLP Engineer,USA,Lead,179844,"Computer Vision, Python, Deep Learning",Startup
8164,Data Scientist,India,Senior,46736,"TensorFlow, Computer Vision, NLP",Startup
8165,Deep Learning Engineer,Australia,Senior,134676,"Deep Learning, MLOps, TensorFlow",Startup
8166,Research Scientist,Canada,Entry,49724,"MLOps, Computer Vision, Python",Startup
8167,ML Engineer,Germany,Senior,102122,"SQL, NLP, MLOps",Enterprise
8168,Data Scientist,India,Lead,66602,"Computer Vision, MLOps, NLP",Mid-size
8169,Deep Learning Engineer,UK,Entry,43294,"MLOps, NLP, SQL",Mid-size
8170,Data Analyst,USA,Mid,96289,"Python, Computer Vision, Data Visualization",Startup
8171,Research Scientist,Canada,Senior,123591,"PyTorch, MLOps, Deep Learning",Enterprise
8172,Data Analyst,USA,Entry,50826,"TensorFlow, MLOps, NLP",Startup
8173,Research Scientist,UK,Mid,84366,"NLP, Statistics, PyTorch",Enterprise
8174,Data Analyst,India,Mid,21842,"Data Visualization, Python, MLOps",Enterprise
8175,Data Analyst,UK,Entry,29203,"NLP, Python, TensorFlow",Mid-size
8176,Computer Vision Engineer,UK,Entry,26242,"Computer Vision, SQL, Python",Mid-size
8177,NLP Engineer,Canada,Senior,151297,"Python, MLOps, Deep Learning",Mid-size
8178,Data Scientist,India,Lead,68612,"SQL, Data Visualization, PyTorch",Enterprise
8179,AI Engineer,Australia,Mid,68577,"SQL, MLOps, TensorFlow",Enterprise
8180,Research Scientist,Canada,Mid,89245,"Statistics, Deep Learning, MLOps",Startup
8181,NLP Engineer,India,Lead,63669,"NLP, Python, Deep Learning",Enterprise
8182,Deep Learning Engineer,USA,Mid,90136,"Data Visualization, NLP, Python",Startup
8183,Research Scientist,Germany,Mid,86763,"Deep Learning, TensorFlow, Statistics",Startup
8184,AI Engineer,UK,Mid,80711,"Python, Data Visualization, Deep Learning",Startup
8185,Deep Learning Engineer,UK,Lead,158819,"PyTorch, Statistics, MLOps",Mid-size
8186,AI Engineer,Germany,Lead,191055,"Data Visualization, Computer Vision, SQL",Startup
8187,Research Scientist,India,Entry,14353,"MLOps, SQL, TensorFlow",Startup
8188,Data Scientist,UK,Senior,111875,"PyTorch, Python, Statistics",Startup
8189,AI Engineer,Germany,Entry,32857,"Computer Vision, MLOps, NLP",Mid-size
8190,Data Analyst,USA,Entry,31970,"Deep Learning, MLOps, Data Visualization",Startup
8191,Research Scientist,Canada,Entry,41743,"Data Visualization, NLP, TensorFlow",Startup
8192,Computer Vision Engineer,Germany,Lead,141835,"Statistics, MLOps, Computer Vision",Startup
8193,AI Engineer,Germany,Entry,24715,"Deep Learning, Computer Vision, Data Visualization",Enterprise
8194,AI Engineer,USA,Senior,143335,"MLOps, PyTorch, TensorFlow",Enterprise
8195,NLP Engineer,USA,Senior,125655,"Statistics, NLP, Deep Learning",Startup
8196,ML Engineer,Australia,Lead,210028,"Computer Vision, Statistics, Deep Learning",Mid-size
8197,NLP Engineer,Australia,Senior,129371,"Python, SQL, NLP",Enterprise
8198,ML Engineer,USA,Entry,42376,"Statistics, MLOps, Data Visualization",Mid-size
8199,NLP Engineer,USA,Entry,50779,"NLP, Deep Learning, Data Visualization",Startup
8200,AI Engineer,UK,Mid,64141,"Statistics, Data Visualization, NLP",Startup
8201,Research Scientist,Germany,Lead,188095,"MLOps, Data Visualization, Statistics",Enterprise
8202,Data Analyst,Australia,Lead,203283,"Python, Statistics, PyTorch",Startup
8203,Research Scientist,USA,Entry,51117,"Computer Vision, MLOps, TensorFlow",Startup
8204,Computer Vision Engineer,USA,Entry,52381,"Deep Learning, MLOps, Python",Enterprise
8205,ML Engineer,UK,Senior,120375,"Python, TensorFlow, SQL",Mid-size
8206,Research Scientist,Germany,Mid,85249,"NLP, Python, Deep Learning",Mid-size
8207,Computer Vision Engineer,Australia,Lead,196656,"MLOps, TensorFlow, Data Visualization",Mid-size
8208,Computer Vision Engineer,Australia,Entry,51198,"TensorFlow, MLOps, Computer Vision",Mid-size
8209,NLP Engineer,USA,Entry,55256,"Computer Vision, PyTorch, Data Visualization",Mid-size
8210,Research Scientist,UK,Senior,127634,"SQL, Deep Learning, TensorFlow",Mid-size
8211,Data Analyst,Australia,Mid,69481,"Data Visualization, Statistics, NLP",Startup
8212,AI Engineer,Australia,Senior,104073,"Data Visualization, Deep Learning, Computer Vision",Mid-size
8213,Data Analyst,USA,Lead,205833,"Data Visualization, MLOps, TensorFlow",Mid-size
8214,Data Scientist,Germany,Mid,60283,"Deep Learning, TensorFlow, MLOps",Enterprise
8215,AI Engineer,Germany,Senior,135313,"Deep Learning, PyTorch, Statistics",Mid-size
8216,ML Engineer,Canada,Mid,74003,"Statistics, Deep Learning, PyTorch",Startup
8217,AI Engineer,Canada,Lead,207103,"SQL, MLOps, PyTorch",Startup
8218,Data Analyst,India,Entry,18273,"Computer Vision, MLOps, PyTorch",Mid-size
8219,Data Analyst,India,Entry,16038,"Data Visualization, SQL, Python",Startup
8220,AI Engineer,USA,Entry,31734,"TensorFlow, PyTorch, Deep Learning",Mid-size
8221,AI Engineer,Australia,Lead,218089,"TensorFlow, MLOps, SQL",Mid-size
8222,ML Engineer,Canada,Senior,130683,"NLP, MLOps, PyTorch",Startup
8223,Deep Learning Engineer,UK,Senior,139733,"Data Visualization, Python, Statistics",Mid-size
8224,Computer Vision Engineer,India,Lead,72707,"Python, Statistics, MLOps",Enterprise
8225,AI Engineer,Canada,Mid,85628,"Python, Statistics, Data Visualization",Enterprise
8226,Data Scientist,Canada,Mid,56326,"Computer Vision, PyTorch, Deep Learning",Mid-size
8227,ML Engineer,Germany,Senior,110389,"Python, Deep Learning, Statistics",Startup
8228,Data Analyst,Germany,Senior,137207,"MLOps, SQL, TensorFlow",Startup
8229,NLP Engineer,Germany,Senior,136000,"SQL, Computer Vision, Deep Learning",Enterprise
8230,Deep Learning Engineer,USA,Mid,102337,"Data Visualization, Python, SQL",Enterprise
8231,Research Scientist,Germany,Senior,103923,"Statistics, Computer Vision, PyTorch",Enterprise
8232,NLP Engineer,USA,Entry,26437,"Computer Vision, TensorFlow, Statistics",Enterprise
8233,AI Engineer,USA,Entry,52816,"SQL, Python, TensorFlow",Mid-size
8234,Research Scientist,Germany,Senior,97575,"Statistics, NLP, PyTorch",Startup
8235,Computer Vision Engineer,India,Mid,31491,"MLOps, NLP, Data Visualization",Mid-size
8236,Deep Learning Engineer,Germany,Senior,95138,"Data Visualization, TensorFlow, Deep Learning",Enterprise
8237,Research Scientist,USA,Entry,51172,"Computer Vision, Statistics, TensorFlow",Enterprise
8238,Deep Learning Engineer,Australia,Entry,36093,"SQL, Statistics, Data Visualization",Startup
8239,AI Engineer,India,Mid,25534,"TensorFlow, Computer Vision, Data Visualization",Enterprise
8240,Data Analyst,India,Mid,33902,"TensorFlow, Python, Data Visualization",Startup
8241,Deep Learning Engineer,USA,Mid,60075,"Statistics, Python, Deep Learning",Mid-size
8242,Data Scientist,India,Lead,69147,"Python, NLP, Data Visualization",Mid-size
8243,NLP Engineer,USA,Mid,92960,"MLOps, Statistics, Python",Startup
8244,Research Scientist,Canada,Entry,41320,"Deep Learning, MLOps, TensorFlow",Mid-size
8245,ML Engineer,USA,Senior,121060,"Data Visualization, TensorFlow, SQL",Startup
8246,Data Analyst,Canada,Lead,193639,"Data Visualization, Statistics, Computer Vision",Enterprise
8247,Computer Vision Engineer,India,Senior,43540,"MLOps, SQL, TensorFlow",Startup
8248,Data Scientist,USA,Lead,238660,"PyTorch, MLOps, SQL",Startup
8249,Data Scientist,Australia,Entry,37283,"MLOps, SQL, Computer Vision",Mid-size
8250,Computer Vision Engineer,UK,Lead,196658,"NLP, Python, MLOps",Mid-size
8251,NLP Engineer,India,Senior,43082,"Deep Learning, Data Visualization, Python",Enterprise
8252,Computer Vision Engineer,India,Lead,57915,"PyTorch, Computer Vision, NLP",Startup
8253,Deep Learning Engineer,India,Lead,63490,"Computer Vision, SQL, PyTorch",Startup
8254,Computer Vision Engineer,UK,Entry,26694,"TensorFlow, Statistics, PyTorch",Startup
8255,NLP Engineer,UK,Senior,127675,"Computer Vision, Python, Deep Learning",Mid-size
8256,Deep Learning Engineer,Germany,Mid,51235,"Statistics, Python, TensorFlow",Startup
8257,NLP Engineer,UK,Senior,114039,"SQL, Computer Vision, TensorFlow",Enterprise
8258,Data Analyst,Canada,Mid,81184,"Python, Deep Learning, TensorFlow",Mid-size
8259,Data Analyst,Australia,Entry,53348,"Data Visualization, SQL, NLP",Startup
8260,ML Engineer,Canada,Senior,152288,"Deep Learning, Python, Statistics",Mid-size
8261,AI Engineer,Australia,Senior,136809,"Computer Vision, MLOps, PyTorch",Mid-size
8262,Computer Vision Engineer,USA,Mid,105378,"Data Visualization, TensorFlow, Deep Learning",Enterprise
8263,ML Engineer,UK,Lead,197081,"NLP, Data Visualization, MLOps",Mid-size
8264,Research Scientist,UK,Mid,79768,"Computer Vision, NLP, SQL",Enterprise
8265,Deep Learning Engineer,Canada,Entry,37391,"SQL, Statistics, Deep Learning",Enterprise
8266,Research Scientist,UK,Entry,43657,"Data Visualization, Deep Learning, SQL",Enterprise
8267,Research Scientist,Germany,Mid,74610,"SQL, NLP, Computer Vision",Startup
8268,AI Engineer,UK,Lead,185262,"PyTorch, NLP, Python",Startup
8269,Data Scientist,Germany,Entry,29972,"Computer Vision, Statistics, NLP",Startup
8270,AI Engineer,USA,Entry,30894,"SQL, TensorFlow, Data Visualization",Enterprise
8271,Data Scientist,USA,Senior,130764,"Data Visualization, NLP, Python",Enterprise
8272,Data Scientist,Germany,Mid,85318,"NLP, Data Visualization, SQL",Mid-size
8273,ML Engineer,UK,Lead,149857,"PyTorch, TensorFlow, SQL",Enterprise
8274,NLP Engineer,UK,Entry,43513,"Computer Vision, Data Visualization, SQL",Mid-size
8275,AI Engineer,USA,Lead,183484,"Computer Vision, MLOps, NLP",Startup
8276,Research Scientist,Australia,Mid,74669,"Deep Learning, MLOps, Statistics",Startup
8277,AI Engineer,Canada,Mid,94503,"PyTorch, Deep Learning, TensorFlow",Mid-size
8278,Research Scientist,India,Entry,11210,"Data Visualization, Computer Vision, Statistics",Mid-size
8279,Deep Learning Engineer,Australia,Mid,85019,"NLP, MLOps, Python",Enterprise
8280,AI Engineer,India,Lead,70712,"Statistics, Computer Vision, NLP",Startup
8281,Data Scientist,India,Entry,12578,"Data Visualization, TensorFlow, NLP",Mid-size
8282,Data Scientist,Canada,Mid,75975,"NLP, Python, Statistics",Enterprise
8283,AI Engineer,Canada,Entry,22291,"Data Visualization, Python, Computer Vision",Mid-size
8284,NLP Engineer,Australia,Mid,78604,"SQL, TensorFlow, MLOps",Startup
8285,Computer Vision Engineer,UK,Lead,186917,"NLP, PyTorch, Computer Vision",Mid-size
8286,Data Scientist,Germany,Lead,177795,"SQL, Statistics, Deep Learning",Mid-size
8287,Research Scientist,Germany,Senior,90202,"MLOps, Deep Learning, SQL",Enterprise
8288,Computer Vision Engineer,Australia,Senior,130268,"Computer Vision, Statistics, TensorFlow",Startup
8289,ML Engineer,Germany,Lead,147185,"TensorFlow, Computer Vision, Data Visualization",Enterprise
8290,AI Engineer,India,Mid,21593,"MLOps, Computer Vision, Statistics",Enterprise
8291,Data Analyst,UK,Lead,175751,"Deep Learning, Python, Data Visualization",Startup
8292,Deep Learning Engineer,Germany,Mid,58542,"SQL, Data Visualization, Deep Learning",Startup
8293,Deep Learning Engineer,Australia,Entry,46103,"Python, NLP, Statistics",Startup
8294,Research Scientist,UK,Lead,159171,"TensorFlow, NLP, Deep Learning",Enterprise
8295,AI Engineer,Germany,Entry,41010,"SQL, Computer Vision, Statistics",Mid-size
8296,ML Engineer,India,Senior,51462,"Deep Learning, Computer Vision, TensorFlow",Startup
8297,AI Engineer,Australia,Mid,87617,"Python, MLOps, TensorFlow",Startup
8298,AI Engineer,UK,Entry,20406,"NLP, Computer Vision, MLOps",Enterprise
8299,Deep Learning Engineer,Germany,Lead,169377,"Deep Learning, MLOps, SQL",Mid-size
8300,Computer Vision Engineer,USA,Lead,178945,"Statistics, Deep Learning, Data Visualization",Mid-size
8301,Computer Vision Engineer,Australia,Entry,53473,"Deep Learning, Computer Vision, TensorFlow",Enterprise
8302,Data Analyst,Australia,Mid,56211,"Deep Learning, NLP, SQL",Mid-size
8303,Data Analyst,UK,Senior,105491,"Computer Vision, Deep Learning, Statistics",Enterprise
8304,Data Analyst,UK,Mid,84600,"Data Visualization, TensorFlow, Python",Startup
8305,ML Engineer,UK,Senior,95807,"Computer Vision, Statistics, SQL",Startup
8306,ML Engineer,Germany,Entry,46503,"Python, SQL, PyTorch",Mid-size
8307,Data Analyst,Australia,Mid,89072,"Computer Vision, TensorFlow, MLOps",Startup
8308,Research Scientist,India,Senior,39592,"Deep Learning, PyTorch, TensorFlow",Enterprise
8309,Data Scientist,Germany,Entry,21947,"MLOps, Data Visualization, SQL",Enterprise
8310,Deep Learning Engineer,Australia,Entry,26021,"TensorFlow, Python, NLP",Enterprise
8311,Research Scientist,India,Entry,16506,"SQL, Data Visualization, Python",Enterprise
8312,Data Analyst,Canada,Mid,92875,"NLP, Deep Learning, Computer Vision",Startup
8313,Data Analyst,India,Lead,79495,"SQL, TensorFlow, NLP",Startup
8314,Data Analyst,India,Senior,55746,"NLP, TensorFlow, MLOps",Enterprise
8315,NLP Engineer,Australia,Senior,101704,"Statistics, Deep Learning, Data Visualization",Startup
8316,Data Scientist,Canada,Entry,52631,"SQL, MLOps, PyTorch",Mid-size
8317,ML Engineer,USA,Mid,105138,"NLP, Computer Vision, TensorFlow",Enterprise
8318,ML Engineer,UK,Lead,184029,"Deep Learning, MLOps, Computer Vision",Startup
8319,Data Scientist,USA,Senior,138789,"PyTorch, TensorFlow, NLP",Startup
8320,Computer Vision Engineer,India,Lead,77599,"SQL, Computer Vision, PyTorch",Startup
8321,AI Engineer,India,Lead,76612,"MLOps, Deep Learning, NLP",Mid-size
8322,AI Engineer,UK,Lead,199048,"PyTorch, Computer Vision, Statistics",Mid-size
8323,NLP Engineer,Australia,Entry,27539,"MLOps, NLP, Data Visualization",Enterprise
8324,Deep Learning Engineer,Germany,Entry,41497,"PyTorch, SQL, Statistics",Mid-size
8325,ML Engineer,UK,Lead,191627,"PyTorch, Data Visualization, Computer Vision",Enterprise
8326,Research Scientist,UK,Senior,114177,"NLP, MLOps, Deep Learning",Enterprise
8327,NLP Engineer,Germany,Lead,193249,"SQL, MLOps, Data Visualization",Startup
8328,ML Engineer,UK,Senior,100982,"TensorFlow, Python, MLOps",Enterprise
8329,NLP Engineer,UK,Senior,93528,"NLP, MLOps, Deep Learning",Enterprise
8330,Research Scientist,Canada,Senior,126440,"NLP, Deep Learning, MLOps",Mid-size
8331,Deep Learning Engineer,Canada,Senior,143996,"Computer Vision, SQL, PyTorch",Enterprise
8332,ML Engineer,Canada,Entry,40815,"Deep Learning, Computer Vision, SQL",Enterprise
8333,Research Scientist,Germany,Entry,38877,"Data Visualization, PyTorch, SQL",Enterprise
8334,Data Analyst,Canada,Lead,158973,"PyTorch, NLP, MLOps",Enterprise
8335,Research Scientist,Canada,Lead,187828,"SQL, Computer Vision, Deep Learning",Mid-size
8336,Data Analyst,USA,Mid,64150,"Python, TensorFlow, NLP",Startup
8337,ML Engineer,USA,Lead,212814,"Data Visualization, Statistics, Deep Learning",Startup
8338,NLP Engineer,India,Entry,14602,"Deep Learning, PyTorch, TensorFlow",Startup
8339,Data Scientist,Canada,Lead,215462,"Statistics, NLP, PyTorch",Enterprise
8340,Data Analyst,Australia,Lead,175121,"MLOps, SQL, NLP",Startup
8341,Data Analyst,Canada,Senior,113909,"TensorFlow, Statistics, Deep Learning",Mid-size
8342,Data Analyst,Germany,Mid,55588,"Computer Vision, Data Visualization, MLOps",Startup
8343,Computer Vision Engineer,UK,Lead,182713,"Deep Learning, Data Visualization, Statistics",Enterprise
8344,NLP Engineer,Germany,Entry,32794,"Data Visualization, SQL, TensorFlow",Mid-size
8345,Data Analyst,Australia,Entry,38861,"Computer Vision, Python, Deep Learning",Mid-size
8346,ML Engineer,Germany,Lead,143860,"Data Visualization, Python, Deep Learning",Startup
8347,AI Engineer,Canada,Lead,219743,"Python, TensorFlow, Data Visualization",Enterprise
8348,Research Scientist,Australia,Mid,61848,"SQL, Computer Vision, Data Visualization",Mid-size
8349,Research Scientist,Germany,Senior,122908,"NLP, Data Visualization, Deep Learning",Enterprise
8350,Research Scientist,Germany,Lead,181302,"Deep Learning, PyTorch, NLP",Mid-size
8351,ML Engineer,Canada,Entry,28921,"TensorFlow, Python, Deep Learning",Startup
8352,Data Analyst,Canada,Lead,185939,"NLP, SQL, PyTorch",Enterprise
8353,Data Analyst,Canada,Senior,128923,"Data Visualization, PyTorch, Deep Learning",Startup
8354,AI Engineer,Canada,Entry,32235,"SQL, TensorFlow, NLP",Enterprise
8355,Research Scientist,Canada,Lead,199414,"SQL, Computer Vision, Data Visualization",Startup
8356,Deep Learning Engineer,Australia,Senior,131534,"PyTorch, Python, Data Visualization",Startup
8357,ML Engineer,Germany,Senior,139449,"Deep Learning, TensorFlow, Computer Vision",Startup
8358,NLP Engineer,Australia,Lead,204790,"PyTorch, MLOps, SQL",Enterprise
8359,Data Scientist,Canada,Lead,165966,"TensorFlow, Computer Vision, Deep Learning",Startup
8360,NLP Engineer,Australia,Senior,104049,"PyTorch, Deep Learning, SQL",Enterprise
8361,Data Scientist,Germany,Mid,81976,"PyTorch, SQL, Statistics",Enterprise
8362,NLP Engineer,Canada,Mid,91773,"Python, SQL, TensorFlow",Enterprise
8363,Data Analyst,USA,Lead,179372,"Computer Vision, Python, Deep Learning",Enterprise
8364,Data Analyst,Canada,Senior,146693,"Data Visualization, PyTorch, NLP",Mid-size
8365,Computer Vision Engineer,USA,Mid,79681,"PyTorch, SQL, MLOps",Enterprise
8366,AI Engineer,UK,Mid,88322,"Python, NLP, MLOps",Startup
8367,NLP Engineer,India,Mid,30251,"Deep Learning, MLOps, Python",Mid-size
8368,Research Scientist,Canada,Senior,144406,"MLOps, Python, PyTorch",Enterprise
8369,Computer Vision Engineer,Australia,Lead,217774,"Statistics, TensorFlow, Deep Learning",Startup
8370,Research Scientist,Australia,Lead,197862,"SQL, NLP, Computer Vision",Enterprise
8371,NLP Engineer,USA,Lead,237619,"MLOps, Deep Learning, SQL",Startup
8372,Computer Vision Engineer,USA,Lead,230110,"Statistics, Python, Deep Learning",Startup
8373,ML Engineer,UK,Entry,39716,"SQL, NLP, Statistics",Mid-size
8374,Research Scientist,Germany,Mid,89513,"PyTorch, MLOps, TensorFlow",Startup
8375,AI Engineer,Canada,Senior,118325,"MLOps, Data Visualization, PyTorch",Startup
8376,ML Engineer,Germany,Senior,112825,"TensorFlow, SQL, NLP",Mid-size
8377,Data Analyst,Canada,Senior,109862,"Data Visualization, Python, TensorFlow",Startup
8378,AI Engineer,Canada,Entry,24667,"PyTorch, TensorFlow, Python",Enterprise
8379,NLP Engineer,UK,Senior,106552,"Python, Deep Learning, NLP",Startup
8380,Deep Learning Engineer,USA,Entry,28122,"Statistics, TensorFlow, Computer Vision",Startup
8381,Research Scientist,Germany,Mid,75266,"Python, Computer Vision, Deep Learning",Startup
8382,Research Scientist,UK,Entry,30696,"TensorFlow, Data Visualization, MLOps",Startup
8383,Data Analyst,India,Entry,8446,"Python, TensorFlow, Deep Learning",Enterprise
8384,Deep Learning Engineer,UK,Lead,157061,"Python, PyTorch, TensorFlow",Startup
8385,Computer Vision Engineer,UK,Senior,90213,"Data Visualization, TensorFlow, MLOps",Mid-size
8386,NLP Engineer,Australia,Senior,108993,"Deep Learning, Statistics, Python",Enterprise
8387,AI Engineer,India,Lead,79836,"Computer Vision, PyTorch, Data Visualization",Startup
8388,Deep Learning Engineer,USA,Mid,86692,"SQL, Statistics, Deep Learning",Startup
8389,Computer Vision Engineer,Australia,Entry,41311,"Python, MLOps, TensorFlow",Startup
8390,Data Analyst,India,Entry,13417,"NLP, Statistics, TensorFlow",Startup
8391,Computer Vision Engineer,Australia,Entry,27042,"PyTorch, MLOps, Statistics",Startup
8392,Computer Vision Engineer,Canada,Entry,33200,"NLP, PyTorch, Statistics",Startup
8393,NLP Engineer,Australia,Mid,84528,"Computer Vision, TensorFlow, Statistics",Mid-size
8394,ML Engineer,Germany,Lead,148097,"Computer Vision, MLOps, SQL",Mid-size
8395,Data Analyst,India,Entry,19946,"Deep Learning, Python, Data Visualization",Startup
8396,ML Engineer,Australia,Entry,52874,"Data Visualization, Deep Learning, Python",Enterprise
8397,Research Scientist,Australia,Senior,117987,"PyTorch, NLP, SQL",Mid-size
8398,Data Analyst,Germany,Senior,105141,"NLP, Python, TensorFlow",Startup
8399,Data Analyst,UK,Senior,105902,"Data Visualization, Computer Vision, NLP",Mid-size
8400,Data Analyst,Canada,Mid,75671,"Statistics, Python, NLP",Enterprise
8401,AI Engineer,India,Senior,36306,"NLP, SQL, TensorFlow",Startup
8402,Data Scientist,UK,Mid,79570,"TensorFlow, NLP, Computer Vision",Startup
8403,Data Scientist,UK,Lead,140744,"Python, NLP, MLOps",Mid-size
8404,Research Scientist,India,Lead,76683,"Deep Learning, PyTorch, Computer Vision",Enterprise
8405,Data Analyst,USA,Mid,104314,"Python, MLOps, Data Visualization",Mid-size
8406,Computer Vision Engineer,Australia,Senior,134171,"Data Visualization, Statistics, TensorFlow",Mid-size
8407,Research Scientist,USA,Mid,79664,"Statistics, Data Visualization, Deep Learning",Enterprise
8408,Deep Learning Engineer,UK,Entry,20411,"Statistics, NLP, PyTorch",Mid-size
8409,Research Scientist,Canada,Mid,66119,"NLP, MLOps, TensorFlow",Enterprise
8410,Deep Learning Engineer,Canada,Mid,74782,"PyTorch, Python, SQL",Enterprise
8411,NLP Engineer,Australia,Senior,122602,"Data Visualization, Deep Learning, Computer Vision",Startup
8412,Data Analyst,UK,Senior,125564,"Computer Vision, Data Visualization, TensorFlow",Mid-size
8413,Deep Learning Engineer,Germany,Entry,27282,"Statistics, Computer Vision, MLOps",Enterprise
8414,Research Scientist,Germany,Lead,183725,"Statistics, NLP, SQL",Enterprise
8415,Computer Vision Engineer,Australia,Senior,136505,"SQL, PyTorch, Data Visualization",Mid-size
8416,Data Scientist,India,Mid,34368,"Computer Vision, SQL, Statistics",Mid-size
8417,Deep Learning Engineer,USA,Lead,186279,"Statistics, Python, Data Visualization",Enterprise
8418,NLP Engineer,India,Lead,72118,"NLP, Deep Learning, SQL",Startup
8419,Computer Vision Engineer,India,Entry,8359,"Python, MLOps, Computer Vision",Enterprise
8420,Data Analyst,Canada,Senior,146461,"NLP, SQL, Statistics",Mid-size
8421,AI Engineer,Germany,Lead,148136,"MLOps, TensorFlow, Data Visualization",Enterprise
8422,ML Engineer,India,Mid,22580,"Python, PyTorch, Deep Learning",Startup
8423,Research Scientist,India,Entry,19405,"NLP, Python, Data Visualization",Startup
8424,Deep Learning Engineer,Australia,Mid,89633,"MLOps, Deep Learning, SQL",Enterprise
8425,Data Analyst,USA,Mid,89126,"NLP, Data Visualization, SQL",Mid-size
8426,ML Engineer,Canada,Lead,183203,"TensorFlow, Computer Vision, PyTorch",Enterprise
8427,Data Scientist,Germany,Senior,120741,"PyTorch, MLOps, SQL",Enterprise
8428,ML Engineer,Australia,Lead,188838,"Python, Computer Vision, SQL",Startup
8429,Computer Vision Engineer,Australia,Entry,34469,"NLP, Python, Data Visualization",Startup
8430,Computer Vision Engineer,UK,Senior,102898,"TensorFlow, NLP, MLOps",Startup
8431,AI Engineer,USA,Entry,44871,"Computer Vision, SQL, Deep Learning",Startup
8432,Research Scientist,UK,Lead,164564,"Python, PyTorch, Computer Vision",Startup
8433,Deep Learning Engineer,Germany,Senior,128484,"TensorFlow, PyTorch, Statistics",Mid-size
8434,Research Scientist,UK,Lead,190423,"MLOps, Statistics, Computer Vision",Startup
8435,Data Scientist,India,Mid,33080,"Python, NLP, Computer Vision",Startup
8436,NLP Engineer,UK,Mid,59751,"SQL, NLP, Python",Startup
8437,Data Analyst,India,Senior,45060,"Statistics, SQL, MLOps",Mid-size
8438,AI Engineer,Australia,Lead,202339,"Deep Learning, Data Visualization, TensorFlow",Mid-size
8439,NLP Engineer,Germany,Senior,98094,"Statistics, Python, SQL",Enterprise
8440,Computer Vision Engineer,USA,Entry,28502,"Data Visualization, SQL, Computer Vision",Enterprise
8441,Deep Learning Engineer,Australia,Senior,103869,"Python, Data Visualization, PyTorch",Startup
8442,Data Scientist,Canada,Lead,197736,"Deep Learning, Python, MLOps",Mid-size
8443,ML Engineer,Canada,Entry,46979,"TensorFlow, Python, Deep Learning",Mid-size
8444,ML Engineer,Germany,Entry,47146,"Python, Data Visualization, TensorFlow",Mid-size
8445,ML Engineer,Australia,Lead,167611,"Data Visualization, NLP, TensorFlow",Startup
8446,Data Analyst,Australia,Entry,42038,"Data Visualization, NLP, Computer Vision",Enterprise
8447,Data Analyst,USA,Entry,42675,"Data Visualization, PyTorch, Python",Mid-size
8448,Data Scientist,Germany,Lead,165426,"NLP, PyTorch, MLOps",Enterprise
8449,Computer Vision Engineer,USA,Entry,56134,"Computer Vision, PyTorch, NLP",Enterprise
8450,Research Scientist,Germany,Senior,122991,"SQL, TensorFlow, PyTorch",Startup
8451,Deep Learning Engineer,Germany,Entry,34728,"Statistics, Python, TensorFlow",Mid-size
8452,Deep Learning Engineer,UK,Senior,95973,"Computer Vision, Data Visualization, MLOps",Mid-size
8453,AI Engineer,India,Senior,45312,"Computer Vision, Statistics, Python",Startup
8454,AI Engineer,Canada,Senior,116865,"TensorFlow, NLP, SQL",Enterprise
8455,Data Analyst,Australia,Mid,66229,"Deep Learning, Python, MLOps",Mid-size
8456,NLP Engineer,India,Mid,34120,"NLP, Computer Vision, SQL",Mid-size
8457,Data Scientist,India,Entry,8248,"Statistics, MLOps, TensorFlow",Mid-size
8458,Research Scientist,USA,Senior,165724,"Deep Learning, Data Visualization, Computer Vision",Startup
8459,NLP Engineer,Australia,Senior,147296,"Data Visualization, PyTorch, SQL",Mid-size
8460,Research Scientist,UK,Senior,121510,"Computer Vision, SQL, Deep Learning",Mid-size
8461,AI Engineer,USA,Senior,157773,"Computer Vision, Data Visualization, Deep Learning",Mid-size
8462,ML Engineer,USA,Senior,137281,"Statistics, SQL, Computer Vision",Mid-size
8463,Research Scientist,Canada,Senior,104392,"NLP, Statistics, Deep Learning",Mid-size
8464,AI Engineer,India,Senior,55889,"Computer Vision, SQL, Deep Learning",Enterprise
8465,Computer Vision Engineer,UK,Senior,104072,"TensorFlow, SQL, Deep Learning",Enterprise
8466,Research Scientist,USA,Lead,194310,"MLOps, Deep Learning, Data Visualization",Enterprise
8467,Data Analyst,UK,Mid,80993,"Statistics, Python, PyTorch",Enterprise
8468,NLP Engineer,Germany,Mid,86978,"NLP, Python, Computer Vision",Mid-size
8469,ML Engineer,Germany,Senior,92921,"MLOps, Python, SQL",Enterprise
8470,Computer Vision Engineer,Australia,Senior,107168,"NLP, Data Visualization, Deep Learning",Mid-size
8471,Deep Learning Engineer,Germany,Mid,60047,"TensorFlow, Python, PyTorch",Mid-size
8472,NLP Engineer,USA,Senior,132894,"TensorFlow, MLOps, Deep Learning",Mid-size
8473,Deep Learning Engineer,Australia,Lead,174666,"Data Visualization, Python, TensorFlow",Enterprise
8474,Research Scientist,Germany,Entry,22201,"Python, Computer Vision, Data Visualization",Enterprise
8475,Computer Vision Engineer,USA,Entry,42603,"Python, Computer Vision, Data Visualization",Startup
8476,NLP Engineer,Germany,Entry,48620,"Python, PyTorch, TensorFlow",Startup
8477,Computer Vision Engineer,USA,Lead,205404,"SQL, Computer Vision, MLOps",Mid-size
8478,AI Engineer,UK,Lead,143517,"PyTorch, TensorFlow, Data Visualization",Mid-size
8479,Data Analyst,Germany,Entry,24802,"Statistics, TensorFlow, Deep Learning",Enterprise
8480,Data Analyst,India,Mid,22499,"Deep Learning, Data Visualization, TensorFlow",Enterprise
8481,Research Scientist,USA,Senior,124100,"Statistics, MLOps, PyTorch",Mid-size
8482,ML Engineer,Canada,Entry,26363,"TensorFlow, PyTorch, Computer Vision",Enterprise
8483,NLP Engineer,Australia,Entry,50763,"SQL, Computer Vision, Statistics",Startup
8484,Deep Learning Engineer,India,Mid,26940,"MLOps, Data Visualization, TensorFlow",Startup
8485,ML Engineer,Australia,Lead,154709,"Computer Vision, Data Visualization, SQL",Startup
8486,NLP Engineer,Canada,Lead,197124,"Deep Learning, Python, TensorFlow",Startup
8487,Research Scientist,India,Entry,18084,"Deep Learning, Python, Statistics",Enterprise
8488,ML Engineer,UK,Senior,119475,"Statistics, SQL, Data Visualization",Enterprise
8489,Computer Vision Engineer,India,Senior,39285,"NLP, Python, Data Visualization",Mid-size
8490,Data Analyst,Canada,Mid,57093,"Deep Learning, Python, NLP",Startup
8491,ML Engineer,Germany,Mid,70998,"PyTorch, Statistics, SQL",Startup
8492,Computer Vision Engineer,Canada,Mid,66706,"TensorFlow, NLP, Computer Vision",Mid-size
8493,ML Engineer,UK,Senior,103402,"TensorFlow, Data Visualization, Statistics",Mid-size
8494,Data Scientist,Canada,Entry,30364,"SQL, Python, Statistics",Enterprise
8495,ML Engineer,Canada,Senior,134264,"Computer Vision, Deep Learning, SQL",Startup
8496,AI Engineer,Germany,Lead,157083,"PyTorch, SQL, Computer Vision",Startup
8497,Data Analyst,Germany,Lead,181022,"Python, TensorFlow, Statistics",Mid-size
8498,Research Scientist,Australia,Entry,23107,"PyTorch, SQL, Deep Learning",Startup
8499,Data Analyst,Canada,Senior,106923,"PyTorch, Statistics, TensorFlow",Mid-size
8500,Research Scientist,UK,Senior,117331,"Statistics, TensorFlow, NLP",Startup
8501,ML Engineer,Germany,Entry,42983,"Statistics, TensorFlow, NLP",Mid-size
8502,ML Engineer,USA,Mid,95900,"Computer Vision, Data Visualization, SQL",Enterprise
8503,ML Engineer,Germany,Lead,163256,"NLP, Computer Vision, PyTorch",Startup
8504,ML Engineer,USA,Mid,65659,"Deep Learning, PyTorch, Computer Vision",Mid-size
8505,Data Scientist,Canada,Lead,168945,"SQL, Computer Vision, TensorFlow",Startup
8506,Deep Learning Engineer,USA,Entry,25434,"Python, TensorFlow, PyTorch",Mid-size
8507,NLP Engineer,Canada,Mid,77009,"Data Visualization, Computer Vision, NLP",Enterprise
8508,Data Analyst,Canada,Senior,107320,"PyTorch, Deep Learning, Python",Startup
8509,Computer Vision Engineer,UK,Entry,21873,"Data Visualization, Python, Statistics",Mid-size
8510,Deep Learning Engineer,UK,Mid,71763,"SQL, Computer Vision, Data Visualization",Startup
8511,Data Scientist,Germany,Senior,107191,"Computer Vision, Python, NLP",Startup
8512,Computer Vision Engineer,India,Senior,52110,"Deep Learning, Statistics, Computer Vision",Enterprise
8513,Data Scientist,Australia,Senior,131269,"PyTorch, TensorFlow, Deep Learning",Enterprise
8514,ML Engineer,UK,Lead,152221,"MLOps, NLP, Python",Enterprise
8515,Computer Vision Engineer,USA,Lead,185306,"TensorFlow, PyTorch, MLOps",Enterprise
8516,Deep Learning Engineer,Canada,Senior,143110,"Data Visualization, MLOps, Statistics",Mid-size
8517,AI Engineer,UK,Entry,39292,"Deep Learning, TensorFlow, NLP",Enterprise
8518,Data Analyst,Australia,Senior,101714,"MLOps, Statistics, SQL",Mid-size
8519,Data Scientist,India,Mid,20810,"Computer Vision, NLP, Deep Learning",Startup
8520,AI Engineer,USA,Lead,238134,"TensorFlow, Data Visualization, NLP",Enterprise
8521,AI Engineer,UK,Senior,133362,"PyTorch, SQL, Computer Vision",Enterprise
8522,Research Scientist,India,Senior,46318,"SQL, Statistics, Deep Learning",Startup
8523,ML Engineer,Canada,Lead,190844,"NLP, PyTorch, Computer Vision",Mid-size
8524,ML Engineer,Canada,Entry,40289,"Python, TensorFlow, NLP",Startup
8525,ML Engineer,India,Mid,23169,"Statistics, NLP, PyTorch",Startup
8526,NLP Engineer,Germany,Entry,28462,"PyTorch, Python, SQL",Startup
8527,Research Scientist,Germany,Mid,52177,"Python, MLOps, Data Visualization",Startup
8528,Research Scientist,Canada,Entry,25385,"Computer Vision, PyTorch, NLP",Enterprise
8529,Computer Vision Engineer,Germany,Lead,142520,"MLOps, Deep Learning, PyTorch",Startup
8530,Data Scientist,Germany,Mid,76961,"SQL, Data Visualization, NLP",Enterprise
8531,Deep Learning Engineer,USA,Entry,38916,"NLP, Python, Deep Learning",Enterprise
8532,Data Analyst,Australia,Senior,101481,"MLOps, TensorFlow, Python",Startup
8533,Deep Learning Engineer,Australia,Senior,127282,"TensorFlow, NLP, Deep Learning",Mid-size
8534,Deep Learning Engineer,India,Entry,12535,"PyTorch, SQL, Computer Vision",Startup
8535,ML Engineer,USA,Lead,218534,"Statistics, SQL, MLOps",Mid-size
8536,AI Engineer,Germany,Mid,61211,"TensorFlow, PyTorch, Computer Vision",Startup
8537,ML Engineer,Australia,Entry,50930,"Deep Learning, Statistics, TensorFlow",Mid-size
8538,NLP Engineer,USA,Lead,236071,"Deep Learning, Statistics, TensorFlow",Startup
8539,Computer Vision Engineer,USA,Lead,213894,"Computer Vision, Data Visualization, PyTorch",Mid-size
8540,ML Engineer,India,Lead,61427,"MLOps, Data Visualization, SQL",Enterprise
8541,ML Engineer,USA,Mid,89878,"NLP, PyTorch, Data Visualization",Enterprise
8542,Deep Learning Engineer,USA,Lead,172454,"SQL, Statistics, Python",Enterprise
8543,Data Scientist,India,Senior,43084,"PyTorch, MLOps, Computer Vision",Enterprise
8544,Data Analyst,Canada,Entry,49735,"Deep Learning, Data Visualization, NLP",Enterprise
8545,Data Scientist,Germany,Senior,119588,"MLOps, PyTorch, Data Visualization",Enterprise
8546,Data Scientist,Canada,Mid,81147,"Statistics, TensorFlow, SQL",Startup
8547,Computer Vision Engineer,Germany,Senior,120171,"MLOps, Deep Learning, NLP",Enterprise
8548,Computer Vision Engineer,India,Senior,37586,"Statistics, SQL, Python",Mid-size
8549,Research Scientist,UK,Mid,71401,"Data Visualization, TensorFlow, Statistics",Startup
8550,NLP Engineer,Australia,Lead,194210,"Python, Computer Vision, PyTorch",Enterprise
8551,NLP Engineer,Canada,Entry,32044,"Deep Learning, Statistics, Data Visualization",Startup
8552,Computer Vision Engineer,Germany,Entry,29193,"MLOps, Statistics, TensorFlow",Startup
8553,ML Engineer,USA,Senior,160916,"Data Visualization, NLP, SQL",Startup
8554,NLP Engineer,Australia,Mid,71208,"Data Visualization, Statistics, MLOps",Mid-size
8555,AI Engineer,USA,Entry,27638,"Data Visualization, Computer Vision, PyTorch",Startup
8556,Computer Vision Engineer,Canada,Senior,122405,"Data Visualization, Deep Learning, Statistics",Startup
8557,Data Analyst,USA,Mid,103309,"SQL, Deep Learning, Computer Vision",Enterprise
8558,Deep Learning Engineer,UK,Mid,80611,"Statistics, SQL, Deep Learning",Startup
8559,NLP Engineer,USA,Entry,32143,"NLP, SQL, PyTorch",Enterprise
8560,ML Engineer,India,Senior,44343,"Computer Vision, NLP, Data Visualization",Mid-size
8561,Deep Learning Engineer,Canada,Senior,115330,"Deep Learning, MLOps, PyTorch",Startup
8562,Data Scientist,UK,Lead,152380,"Computer Vision, Statistics, NLP",Mid-size
8563,Deep Learning Engineer,Australia,Entry,32677,"PyTorch, Deep Learning, Data Visualization",Startup
8564,ML Engineer,UK,Lead,154323,"NLP, MLOps, Statistics",Enterprise
8565,Deep Learning Engineer,Canada,Mid,63082,"NLP, Statistics, TensorFlow",Enterprise
8566,Data Scientist,India,Senior,37337,"Computer Vision, SQL, TensorFlow",Mid-size
8567,Computer Vision Engineer,Canada,Entry,32281,"Statistics, Deep Learning, NLP",Mid-size
8568,ML Engineer,UK,Entry,29727,"Data Visualization, Deep Learning, Computer Vision",Enterprise
8569,ML Engineer,USA,Entry,30490,"Deep Learning, Computer Vision, Data Visualization",Enterprise
8570,NLP Engineer,Germany,Entry,47927,"SQL, TensorFlow, NLP",Mid-size
8571,NLP Engineer,India,Senior,48546,"Deep Learning, Python, MLOps",Startup
8572,ML Engineer,UK,Entry,46125,"NLP, Deep Learning, MLOps",Startup
8573,ML Engineer,Germany,Mid,85584,"Python, MLOps, Data Visualization",Startup
8574,Data Analyst,USA,Lead,197420,"NLP, Python, MLOps",Enterprise
8575,Computer Vision Engineer,Australia,Lead,217637,"Deep Learning, Computer Vision, Data Visualization",Startup
8576,Computer Vision Engineer,Germany,Lead,192835,"PyTorch, Deep Learning, Statistics",Startup
8577,Research Scientist,Australia,Senior,99745,"Computer Vision, PyTorch, SQL",Startup
8578,Computer Vision Engineer,Canada,Mid,65007,"NLP, SQL, Data Visualization",Mid-size
8579,Deep Learning Engineer,UK,Entry,47679,"TensorFlow, Deep Learning, SQL",Enterprise
8580,AI Engineer,Canada,Lead,214590,"MLOps, TensorFlow, PyTorch",Mid-size
8581,Data Scientist,Australia,Entry,31999,"Statistics, TensorFlow, Python",Startup
8582,Computer Vision Engineer,Germany,Senior,139839,"TensorFlow, Computer Vision, Deep Learning",Mid-size
8583,Research Scientist,Australia,Lead,165391,"TensorFlow, Deep Learning, MLOps",Mid-size
8584,Computer Vision Engineer,Australia,Senior,101740,"TensorFlow, Deep Learning, NLP",Enterprise
8585,Research Scientist,Germany,Lead,151560,"Python, Statistics, PyTorch",Mid-size
8586,Deep Learning Engineer,Australia,Senior,147969,"PyTorch, Deep Learning, SQL",Enterprise
8587,AI Engineer,USA,Mid,105741,"Python, MLOps, Deep Learning",Mid-size
8588,Computer Vision Engineer,India,Entry,12681,"TensorFlow, MLOps, SQL",Enterprise
8589,AI Engineer,Germany,Senior,105700,"Deep Learning, SQL, PyTorch",Startup
8590,Deep Learning Engineer,Canada,Entry,51537,"Python, SQL, Deep Learning",Mid-size
8591,Research Scientist,Germany,Senior,96704,"MLOps, NLP, Deep Learning",Startup
8592,AI Engineer,UK,Lead,162566,"Computer Vision, MLOps, PyTorch",Startup
8593,Computer Vision Engineer,USA,Mid,101816,"Deep Learning, Computer Vision, SQL",Enterprise
8594,Research Scientist,Australia,Lead,203787,"Data Visualization, SQL, Statistics",Mid-size
8595,Computer Vision Engineer,Germany,Mid,83602,"Data Visualization, PyTorch, MLOps",Startup
8596,Data Scientist,Germany,Senior,95168,"Statistics, MLOps, NLP",Mid-size
8597,Data Analyst,Germany,Senior,136652,"Computer Vision, Python, SQL",Mid-size
8598,Computer Vision Engineer,Australia,Lead,210324,"TensorFlow, Python, Data Visualization",Enterprise
8599,NLP Engineer,India,Lead,59173,"Data Visualization, Python, Statistics",Enterprise
8600,NLP Engineer,India,Mid,34136,"Computer Vision, Deep Learning, SQL",Mid-size
8601,Deep Learning Engineer,UK,Senior,120061,"PyTorch, Statistics, Deep Learning",Enterprise
8602,Deep Learning Engineer,India,Entry,8850,"Statistics, NLP, Computer Vision",Enterprise
8603,NLP Engineer,Germany,Entry,47249,"SQL, NLP, Statistics",Enterprise
8604,Data Analyst,Canada,Mid,64186,"PyTorch, NLP, Python",Mid-size
8605,Computer Vision Engineer,USA,Mid,92953,"Computer Vision, Python, NLP",Enterprise
8606,Data Scientist,India,Lead,71701,"PyTorch, Computer Vision, Data Visualization",Enterprise
8607,Data Analyst,Canada,Entry,32094,"SQL, Deep Learning, PyTorch",Mid-size
8608,Research Scientist,Canada,Mid,68742,"Data Visualization, NLP, SQL",Enterprise
8609,Data Scientist,UK,Senior,132305,"Data Visualization, Deep Learning, Python",Enterprise
8610,NLP Engineer,India,Lead,59629,"Deep Learning, PyTorch, MLOps",Startup
8611,Data Scientist,Germany,Lead,179187,"Python, SQL, Statistics",Mid-size
8612,Data Analyst,India,Lead,60182,"SQL, Statistics, NLP",Mid-size
8613,Research Scientist,Canada,Lead,183686,"Python, MLOps, PyTorch",Mid-size
8614,Deep Learning Engineer,Australia,Mid,63327,"Python, Data Visualization, NLP",Enterprise
8615,ML Engineer,USA,Entry,39220,"Computer Vision, PyTorch, Python",Enterprise
8616,Data Scientist,Australia,Lead,179315,"MLOps, NLP, Statistics",Startup
8617,Data Scientist,Germany,Lead,187117,"SQL, Data Visualization, Deep Learning",Enterprise
8618,Computer Vision Engineer,Germany,Lead,190218,"Data Visualization, Statistics, Python",Startup
8619,Computer Vision Engineer,India,Lead,75542,"Statistics, Data Visualization, NLP",Mid-size
8620,AI Engineer,India,Mid,21293,"PyTorch, SQL, Computer Vision",Startup
8621,Data Scientist,Germany,Lead,145267,"Computer Vision, Data Visualization, TensorFlow",Startup
8622,NLP Engineer,India,Lead,70574,"Statistics, Computer Vision, Data Visualization",Enterprise
8623,ML Engineer,Germany,Senior,112453,"Data Visualization, SQL, Deep Learning",Mid-size
8624,Deep Learning Engineer,Canada,Entry,37334,"Statistics, Deep Learning, NLP",Mid-size
8625,ML Engineer,USA,Entry,34480,"MLOps, Computer Vision, Statistics",Mid-size
8626,Deep Learning Engineer,India,Mid,30401,"MLOps, SQL, Computer Vision",Enterprise
8627,AI Engineer,Australia,Mid,74626,"Data Visualization, Python, Statistics",Startup
8628,Deep Learning Engineer,USA,Mid,63806,"TensorFlow, Computer Vision, MLOps",Enterprise
8629,Computer Vision Engineer,Canada,Lead,202962,"MLOps, Statistics, TensorFlow",Startup
8630,Computer Vision Engineer,USA,Senior,151297,"Python, MLOps, PyTorch",Enterprise
8631,Research Scientist,Germany,Lead,158032,"SQL, TensorFlow, NLP",Enterprise
8632,ML Engineer,Australia,Entry,46102,"MLOps, PyTorch, TensorFlow",Startup
8633,Computer Vision Engineer,Australia,Senior,137066,"NLP, PyTorch, MLOps",Enterprise
8634,NLP Engineer,Canada,Senior,132871,"TensorFlow, Data Visualization, Python",Mid-size
8635,Computer Vision Engineer,Australia,Senior,112490,"TensorFlow, Python, MLOps",Mid-size
8636,Deep Learning Engineer,Canada,Lead,161148,"SQL, Statistics, Data Visualization",Mid-size
8637,AI Engineer,Australia,Mid,74434,"MLOps, Statistics, NLP",Startup
8638,Deep Learning Engineer,India,Mid,35525,"PyTorch, Data Visualization, TensorFlow",Startup
8639,Data Scientist,UK,Lead,153070,"Statistics, MLOps, SQL",Enterprise
8640,Research Scientist,UK,Entry,45856,"NLP, Data Visualization, TensorFlow",Startup
8641,ML Engineer,Australia,Senior,138315,"Python, Deep Learning, NLP",Startup
8642,ML Engineer,Canada,Mid,57521,"Deep Learning, NLP, Computer Vision",Startup
8643,ML Engineer,UK,Senior,114087,"Computer Vision, Data Visualization, SQL",Enterprise
8644,Data Scientist,Canada,Mid,56408,"NLP, Statistics, Python",Mid-size
8645,Data Analyst,Australia,Senior,153905,"MLOps, Statistics, SQL",Mid-size
8646,Data Analyst,India,Entry,10199,"Python, Data Visualization, Statistics",Startup
8647,Data Analyst,Germany,Mid,58280,"SQL, Statistics, Deep Learning",Enterprise
8648,ML Engineer,USA,Mid,92798,"Statistics, Data Visualization, Python",Mid-size
8649,NLP Engineer,India,Senior,44352,"Deep Learning, NLP, Python",Mid-size
8650,ML Engineer,USA,Mid,79386,"SQL, NLP, Statistics",Mid-size
8651,Data Scientist,Germany,Mid,52950,"Deep Learning, Data Visualization, PyTorch",Mid-size
8652,Research Scientist,UK,Lead,166507,"NLP, Deep Learning, MLOps",Startup
8653,NLP Engineer,Germany,Entry,27661,"Python, Computer Vision, Data Visualization",Mid-size
8654,Computer Vision Engineer,Germany,Mid,84250,"Python, Deep Learning, Statistics",Enterprise
8655,Data Scientist,Germany,Mid,83410,"Python, Statistics, TensorFlow",Startup
8656,Data Analyst,UK,Senior,96504,"MLOps, Computer Vision, PyTorch",Enterprise
8657,Deep Learning Engineer,USA,Entry,59773,"Statistics, Data Visualization, Computer Vision",Mid-size
8658,AI Engineer,UK,Lead,194240,"Data Visualization, TensorFlow, PyTorch",Mid-size
8659,Data Analyst,Germany,Entry,30186,"Data Visualization, Statistics, PyTorch",Enterprise
8660,Data Analyst,Canada,Senior,126145,"Computer Vision, Deep Learning, NLP",Startup
8661,ML Engineer,UK,Senior,115941,"Python, MLOps, Data Visualization",Enterprise
8662,Deep Learning Engineer,India,Senior,36090,"Python, Computer Vision, MLOps",Enterprise
8663,NLP Engineer,Australia,Mid,70408,"PyTorch, Data Visualization, Computer Vision",Enterprise
8664,NLP Engineer,Germany,Lead,152885,"Computer Vision, NLP, MLOps",Startup
8665,Deep Learning Engineer,Canada,Senior,148044,"PyTorch, Computer Vision, Deep Learning",Startup
8666,Deep Learning Engineer,Australia,Mid,67592,"Data Visualization, MLOps, Deep Learning",Mid-size
8667,ML Engineer,USA,Lead,220042,"PyTorch, MLOps, Data Visualization",Enterprise
8668,ML Engineer,Australia,Senior,108018,"Data Visualization, TensorFlow, SQL",Enterprise
8669,Computer Vision Engineer,India,Senior,51602,"MLOps, NLP, Deep Learning",Startup
8670,Data Scientist,India,Entry,13977,"NLP, TensorFlow, Deep Learning",Startup
8671,ML Engineer,UK,Senior,95584,"Computer Vision, Data Visualization, MLOps",Startup
8672,Data Analyst,Australia,Entry,49790,"Computer Vision, PyTorch, MLOps",Mid-size
8673,NLP Engineer,Australia,Mid,67221,"TensorFlow, Deep Learning, SQL",Enterprise
8674,ML Engineer,Canada,Lead,170152,"SQL, NLP, PyTorch",Enterprise
8675,Research Scientist,Germany,Mid,74419,"Data Visualization, SQL, TensorFlow",Mid-size
8676,Computer Vision Engineer,UK,Lead,153085,"Data Visualization, PyTorch, SQL",Startup
8677,Computer Vision Engineer,India,Senior,44397,"TensorFlow, Computer Vision, NLP",Startup
8678,Research Scientist,India,Mid,28253,"MLOps, PyTorch, TensorFlow",Startup
8679,Computer Vision Engineer,UK,Entry,32398,"NLP, MLOps, Computer Vision",Mid-size
8680,AI Engineer,Australia,Senior,127342,"Statistics, SQL, Python",Mid-size
8681,Computer Vision Engineer,USA,Senior,155575,"Deep Learning, MLOps, Python",Startup
8682,AI Engineer,India,Entry,8768,"Computer Vision, Python, PyTorch",Mid-size
8683,AI Engineer,UK,Entry,38211,"Computer Vision, SQL, MLOps",Enterprise
8684,Data Scientist,Canada,Lead,194189,"PyTorch, NLP, Data Visualization",Mid-size
8685,Data Scientist,Germany,Mid,85475,"NLP, Computer Vision, SQL",Mid-size
8686,Deep Learning Engineer,Canada,Entry,49282,"Python, Statistics, NLP",Startup
8687,Research Scientist,India,Mid,23262,"MLOps, TensorFlow, NLP",Enterprise
8688,AI Engineer,India,Senior,43300,"SQL, Data Visualization, Deep Learning",Mid-size
8689,Deep Learning Engineer,USA,Senior,162730,"MLOps, TensorFlow, Data Visualization",Startup
8690,NLP Engineer,Germany,Mid,80943,"PyTorch, SQL, NLP",Startup
8691,Deep Learning Engineer,USA,Senior,124243,"Data Visualization, Python, NLP",Mid-size
8692,Deep Learning Engineer,India,Lead,77171,"Data Visualization, SQL, Statistics",Enterprise
8693,Deep Learning Engineer,Canada,Lead,179509,"SQL, Deep Learning, MLOps",Mid-size
8694,Deep Learning Engineer,Australia,Entry,45584,"TensorFlow, Computer Vision, PyTorch",Startup
8695,Data Scientist,Canada,Entry,30795,"Statistics, Computer Vision, TensorFlow",Enterprise
8696,ML Engineer,Germany,Senior,125860,"NLP, PyTorch, SQL",Enterprise
8697,ML Engineer,India,Senior,47986,"MLOps, SQL, PyTorch",Startup
8698,Computer Vision Engineer,India,Mid,25169,"MLOps, Python, Computer Vision",Mid-size
8699,Data Scientist,UK,Senior,138009,"MLOps, Statistics, NLP",Mid-size
8700,Deep Learning Engineer,USA,Entry,53788,"SQL, TensorFlow, Computer Vision",Startup
8701,AI Engineer,UK,Mid,51006,"Python, Computer Vision, SQL",Startup
8702,Research Scientist,India,Entry,10839,"Computer Vision, SQL, Data Visualization",Mid-size
8703,Data Scientist,UK,Entry,20537,"TensorFlow, Computer Vision, NLP",Startup
8704,Data Scientist,Germany,Mid,83307,"Deep Learning, NLP, TensorFlow",Startup
8705,AI Engineer,UK,Mid,77775,"MLOps, TensorFlow, Deep Learning",Enterprise
8706,Deep Learning Engineer,Australia,Senior,126299,"SQL, TensorFlow, Statistics",Enterprise
8707,Research Scientist,Germany,Lead,182800,"Statistics, MLOps, TensorFlow",Enterprise
8708,Research Scientist,Australia,Senior,139103,"Statistics, MLOps, Computer Vision",Startup
8709,Research Scientist,UK,Senior,113667,"PyTorch, Computer Vision, Python",Startup
8710,ML Engineer,Australia,Mid,78051,"Data Visualization, TensorFlow, SQL",Mid-size
8711,NLP Engineer,Canada,Entry,39980,"TensorFlow, Computer Vision, SQL",Mid-size
8712,Data Analyst,USA,Entry,56377,"Deep Learning, Python, Statistics",Startup
8713,Computer Vision Engineer,USA,Entry,56618,"Statistics, NLP, Computer Vision",Enterprise
8714,AI Engineer,India,Senior,50443,"Computer Vision, SQL, Python",Mid-size
8715,Research Scientist,USA,Entry,30660,"TensorFlow, Deep Learning, MLOps",Startup
8716,AI Engineer,India,Mid,35340,"Computer Vision, Python, Deep Learning",Startup
8717,Data Scientist,India,Senior,43264,"TensorFlow, SQL, Python",Startup
8718,Data Analyst,Australia,Entry,36780,"NLP, TensorFlow, Python",Mid-size
8719,Computer Vision Engineer,Canada,Lead,180714,"PyTorch, Deep Learning, Computer Vision",Mid-size
8720,Research Scientist,UK,Mid,62138,"MLOps, SQL, Computer Vision",Mid-size
8721,Research Scientist,Australia,Mid,77030,"PyTorch, Statistics, TensorFlow",Enterprise
8722,ML Engineer,Germany,Mid,77551,"MLOps, PyTorch, Statistics",Mid-size
8723,Research Scientist,Germany,Senior,110129,"SQL, MLOps, PyTorch",Startup
8724,ML Engineer,Australia,Senior,113287,"Statistics, MLOps, NLP",Mid-size
8725,NLP Engineer,USA,Lead,172950,"MLOps, SQL, TensorFlow",Startup
8726,NLP Engineer,Germany,Lead,182040,"TensorFlow, Computer Vision, MLOps",Enterprise
8727,Research Scientist,UK,Mid,61696,"SQL, MLOps, Python",Enterprise
8728,Research Scientist,India,Entry,14447,"TensorFlow, Statistics, Data Visualization",Enterprise
8729,Data Scientist,USA,Lead,172046,"NLP, Data Visualization, PyTorch",Startup
8730,Data Analyst,India,Mid,26981,"PyTorch, Python, MLOps",Mid-size
8731,Computer Vision Engineer,UK,Entry,21192,"TensorFlow, Statistics, SQL",Enterprise
8732,Data Analyst,UK,Mid,51883,"Deep Learning, TensorFlow, SQL",Startup
8733,Research Scientist,USA,Senior,162768,"SQL, TensorFlow, NLP",Startup
8734,ML Engineer,Canada,Senior,121515,"Python, MLOps, Data Visualization",Enterprise
8735,Deep Learning Engineer,UK,Mid,81229,"MLOps, SQL, Statistics",Startup
8736,Computer Vision Engineer,Canada,Mid,80813,"SQL, Python, TensorFlow",Startup
8737,NLP Engineer,UK,Senior,109359,"Python, SQL, Computer Vision",Enterprise
8738,NLP Engineer,Canada,Senior,125381,"Data Visualization, PyTorch, Deep Learning",Startup
8739,AI Engineer,USA,Lead,201116,"Deep Learning, Statistics, MLOps",Enterprise
8740,Deep Learning Engineer,UK,Senior,115154,"MLOps, Statistics, NLP",Enterprise
8741,Data Scientist,USA,Lead,205629,"MLOps, Data Visualization, TensorFlow",Startup
8742,Deep Learning Engineer,USA,Lead,196357,"Data Visualization, MLOps, Computer Vision",Mid-size
8743,NLP Engineer,India,Senior,42062,"SQL, Python, Deep Learning",Enterprise
8744,AI Engineer,Australia,Mid,59712,"SQL, NLP, Computer Vision",Enterprise
8745,AI Engineer,USA,Lead,191025,"SQL, MLOps, Python",Startup
8746,NLP Engineer,UK,Mid,78565,"MLOps, Deep Learning, Computer Vision",Startup
8747,Computer Vision Engineer,Australia,Mid,83369,"Deep Learning, TensorFlow, Computer Vision",Enterprise
8748,Research Scientist,UK,Entry,42187,"Python, TensorFlow, SQL",Startup
8749,Data Analyst,USA,Lead,224635,"Data Visualization, NLP, SQL",Enterprise
8750,Computer Vision Engineer,USA,Senior,118380,"NLP, MLOps, Deep Learning",Startup
8751,NLP Engineer,Australia,Mid,57701,"NLP, PyTorch, SQL",Enterprise
8752,ML Engineer,Canada,Mid,67966,"SQL, TensorFlow, Computer Vision",Startup
8753,ML Engineer,USA,Mid,69781,"SQL, Python, Computer Vision",Startup
8754,Computer Vision Engineer,Canada,Senior,151543,"TensorFlow, Data Visualization, PyTorch",Mid-size
8755,Research Scientist,UK,Senior,118365,"Data Visualization, Python, Deep Learning",Enterprise
8756,AI Engineer,Canada,Senior,144578,"SQL, Deep Learning, NLP",Mid-size
8757,Data Analyst,Germany,Senior,130504,"Computer Vision, Data Visualization, TensorFlow",Startup
8758,AI Engineer,India,Senior,50205,"MLOps, Data Visualization, Computer Vision",Startup
8759,Research Scientist,Germany,Senior,111320,"PyTorch, Python, TensorFlow",Enterprise
8760,Computer Vision Engineer,Canada,Entry,29120,"PyTorch, NLP, TensorFlow",Mid-size
8761,Deep Learning Engineer,USA,Senior,134964,"NLP, Deep Learning, Statistics",Startup
8762,NLP Engineer,UK,Mid,65345,"Computer Vision, Statistics, MLOps",Mid-size
8763,Research Scientist,India,Mid,30550,"SQL, NLP, MLOps",Mid-size
8764,Data Analyst,Australia,Lead,174160,"TensorFlow, NLP, Computer Vision",Mid-size
8765,NLP Engineer,India,Senior,49196,"Statistics, MLOps, SQL",Enterprise
8766,Computer Vision Engineer,Canada,Entry,30613,"PyTorch, Deep Learning, Computer Vision",Mid-size
8767,Research Scientist,USA,Entry,40184,"TensorFlow, Python, Computer Vision",Mid-size
8768,NLP Engineer,UK,Mid,50603,"PyTorch, Data Visualization, MLOps",Mid-size
8769,Data Scientist,Germany,Lead,154546,"Deep Learning, PyTorch, Python",Mid-size
8770,AI Engineer,Australia,Senior,119050,"TensorFlow, Python, Data Visualization",Enterprise
8771,Data Analyst,Germany,Senior,126575,"PyTorch, Deep Learning, NLP",Mid-size
8772,Data Analyst,Canada,Lead,171523,"SQL, Deep Learning, Computer Vision",Enterprise
8773,AI Engineer,USA,Mid,78344,"MLOps, NLP, Computer Vision",Mid-size
8774,Data Analyst,UK,Lead,162018,"Data Visualization, Computer Vision, NLP",Enterprise
8775,NLP Engineer,UK,Lead,179726,"Computer Vision, Data Visualization, Deep Learning",Enterprise
8776,AI Engineer,UK,Senior,104699,"PyTorch, TensorFlow, Statistics",Startup
8777,Deep Learning Engineer,USA,Entry,50281,"Data Visualization, TensorFlow, SQL",Mid-size
8778,NLP Engineer,UK,Mid,80489,"PyTorch, Python, NLP",Startup
8779,NLP Engineer,Germany,Mid,63381,"MLOps, Statistics, Data Visualization",Enterprise
8780,ML Engineer,India,Entry,14544,"PyTorch, Python, MLOps",Mid-size
8781,Deep Learning Engineer,UK,Mid,62116,"PyTorch, SQL, Deep Learning",Enterprise
8782,Research Scientist,Germany,Senior,139747,"NLP, MLOps, Data Visualization",Enterprise
8783,AI Engineer,Germany,Lead,167014,"Python, Computer Vision, MLOps",Enterprise
8784,Data Analyst,Canada,Senior,148685,"SQL, TensorFlow, Python",Enterprise
8785,Computer Vision Engineer,Canada,Senior,141016,"SQL, Deep Learning, Python",Enterprise
8786,Computer Vision Engineer,Germany,Senior,109651,"Data Visualization, Computer Vision, NLP",Mid-size
8787,AI Engineer,India,Lead,76295,"NLP, MLOps, TensorFlow",Enterprise
8788,Data Analyst,USA,Senior,134197,"PyTorch, MLOps, Python",Startup
8789,AI Engineer,Canada,Mid,63761,"SQL, TensorFlow, NLP",Mid-size
8790,Data Scientist,Germany,Entry,43633,"Python, Deep Learning, NLP",Enterprise
8791,Data Scientist,Canada,Senior,113751,"Data Visualization, Computer Vision, PyTorch",Startup
8792,Data Analyst,India,Lead,66960,"Data Visualization, Statistics, Python",Startup
8793,Data Scientist,Australia,Mid,67296,"SQL, Python, Deep Learning",Startup
8794,Computer Vision Engineer,USA,Mid,77712,"Python, SQL, PyTorch",Enterprise
8795,Data Analyst,India,Senior,47761,"Python, Deep Learning, Computer Vision",Startup
8796,NLP Engineer,Canada,Entry,41053,"Data Visualization, SQL, TensorFlow",Mid-size
8797,Research Scientist,Germany,Mid,82616,"PyTorch, SQL, Statistics",Startup
8798,Data Scientist,Australia,Mid,82462,"MLOps, TensorFlow, Statistics",Startup
8799,NLP Engineer,Australia,Lead,217186,"Python, NLP, Data Visualization",Startup
8800,NLP Engineer,UK,Senior,138443,"NLP, Python, TensorFlow",Enterprise
8801,Research Scientist,Canada,Mid,95036,"Deep Learning, Computer Vision, TensorFlow",Mid-size
8802,Data Analyst,UK,Mid,51063,"SQL, Data Visualization, Deep Learning",Enterprise
8803,Deep Learning Engineer,Canada,Entry,32267,"NLP, MLOps, PyTorch",Enterprise
8804,AI Engineer,India,Senior,37627,"NLP, PyTorch, Statistics",Startup
8805,Data Scientist,Australia,Mid,98087,"TensorFlow, Computer Vision, Deep Learning",Startup
8806,Computer Vision Engineer,UK,Lead,143770,"PyTorch, TensorFlow, Data Visualization",Mid-size
8807,Data Scientist,India,Mid,23369,"Python, SQL, MLOps",Startup
8808,Data Analyst,India,Mid,32854,"Data Visualization, SQL, Python",Enterprise
8809,NLP Engineer,USA,Mid,99741,"NLP, Data Visualization, Deep Learning",Enterprise
8810,Deep Learning Engineer,USA,Lead,187953,"TensorFlow, NLP, Python",Startup
8811,Data Analyst,UK,Lead,185639,"TensorFlow, SQL, NLP",Enterprise
8812,ML Engineer,Australia,Entry,51533,"Data Visualization, SQL, NLP",Mid-size
8813,NLP Engineer,Canada,Senior,135939,"NLP, Statistics, Computer Vision",Startup
8814,AI Engineer,UK,Mid,68114,"PyTorch, NLP, Data Visualization",Enterprise
8815,ML Engineer,Canada,Mid,91648,"Python, Deep Learning, SQL",Enterprise
8816,AI Engineer,Germany,Lead,176356,"Statistics, Data Visualization, PyTorch",Startup
8817,Deep Learning Engineer,Germany,Mid,85304,"Python, PyTorch, Deep Learning",Mid-size
8818,ML Engineer,UK,Entry,40195,"Python, Data Visualization, PyTorch",Enterprise
8819,ML Engineer,Canada,Senior,141616,"Data Visualization, Deep Learning, TensorFlow",Startup
8820,Data Scientist,USA,Lead,219992,"MLOps, TensorFlow, Data Visualization",Mid-size
8821,ML Engineer,India,Mid,34125,"Python, Computer Vision, SQL",Enterprise
8822,AI Engineer,UK,Senior,90401,"Python, TensorFlow, Deep Learning",Mid-size
8823,ML Engineer,Australia,Senior,139789,"Statistics, TensorFlow, Data Visualization",Startup
8824,ML Engineer,Germany,Senior,121513,"Deep Learning, PyTorch, TensorFlow",Mid-size
8825,Research Scientist,Australia,Senior,102561,"NLP, PyTorch, Python",Startup
8826,Data Analyst,Canada,Entry,25011,"TensorFlow, NLP, MLOps",Enterprise
8827,ML Engineer,India,Entry,8627,"PyTorch, TensorFlow, MLOps",Mid-size
8828,Data Scientist,India,Entry,11182,"Statistics, PyTorch, Computer Vision",Startup
8829,Data Scientist,UK,Entry,36083,"MLOps, Computer Vision, TensorFlow",Startup
8830,Data Analyst,Germany,Mid,73898,"Python, TensorFlow, Computer Vision",Mid-size
8831,Data Analyst,UK,Senior,119059,"Python, SQL, Statistics",Enterprise
8832,Research Scientist,Germany,Mid,69708,"Python, Deep Learning, PyTorch",Mid-size
8833,Research Scientist,UK,Senior,115382,"Statistics, TensorFlow, MLOps",Enterprise
8834,Deep Learning Engineer,Canada,Entry,45969,"PyTorch, Data Visualization, Computer Vision",Mid-size
8835,Data Scientist,Australia,Senior,141498,"Python, TensorFlow, NLP",Mid-size
8836,Research Scientist,UK,Senior,125030,"SQL, Python, TensorFlow",Mid-size
8837,Deep Learning Engineer,Canada,Lead,184312,"Python, Data Visualization, Computer Vision",Mid-size
8838,Research Scientist,Australia,Lead,195679,"SQL, MLOps, Data Visualization",Mid-size
8839,Data Analyst,Australia,Mid,75763,"Deep Learning, Data Visualization, NLP",Enterprise
8840,Data Analyst,Germany,Lead,142405,"Python, SQL, TensorFlow",Mid-size
8841,Data Analyst,UK,Lead,168002,"Python, Computer Vision, Data Visualization",Startup
8842,Data Scientist,UK,Mid,76260,"SQL, MLOps, Deep Learning",Startup
8843,AI Engineer,Australia,Lead,171356,"TensorFlow, Data Visualization, SQL",Mid-size
8844,NLP Engineer,Australia,Lead,193519,"Python, MLOps, PyTorch",Enterprise
8845,Data Scientist,Canada,Senior,105571,"Python, MLOps, NLP",Mid-size
8846,AI Engineer,UK,Senior,127442,"NLP, Python, SQL",Mid-size
8847,ML Engineer,UK,Mid,72466,"SQL, Data Visualization, Computer Vision",Mid-size
8848,Data Scientist,Germany,Lead,195084,"TensorFlow, SQL, Computer Vision",Enterprise
8849,Data Analyst,Germany,Entry,30273,"TensorFlow, NLP, Python",Startup
8850,NLP Engineer,Germany,Lead,168329,"SQL, PyTorch, MLOps",Enterprise
8851,NLP Engineer,Canada,Entry,39496,"SQL, Deep Learning, TensorFlow",Startup
8852,Data Scientist,Australia,Entry,51177,"SQL, Data Visualization, Python",Startup
8853,Computer Vision Engineer,USA,Lead,174338,"TensorFlow, NLP, Data Visualization",Startup
8854,Data Scientist,UK,Entry,46222,"Deep Learning, Python, Computer Vision",Startup
8855,Data Analyst,USA,Lead,215496,"NLP, Deep Learning, Data Visualization",Startup
8856,Data Scientist,UK,Mid,51067,"Deep Learning, NLP, Computer Vision",Mid-size
8857,ML Engineer,UK,Mid,83147,"Deep Learning, NLP, Python",Mid-size
8858,Data Scientist,UK,Senior,95196,"TensorFlow, Computer Vision, NLP",Startup
8859,Data Analyst,UK,Senior,103881,"MLOps, Python, Computer Vision",Mid-size
8860,Data Scientist,Australia,Entry,35330,"Statistics, Data Visualization, SQL",Mid-size
8861,NLP Engineer,USA,Entry,36553,"PyTorch, Python, Deep Learning",Mid-size
8862,NLP Engineer,Canada,Senior,115008,"Deep Learning, Statistics, MLOps",Mid-size
8863,Data Scientist,India,Mid,22783,"Computer Vision, Statistics, NLP",Enterprise
8864,NLP Engineer,India,Mid,23823,"NLP, SQL, Deep Learning",Mid-size
8865,Data Scientist,India,Mid,20053,"SQL, Computer Vision, PyTorch",Startup
8866,Deep Learning Engineer,UK,Entry,30205,"Deep Learning, TensorFlow, SQL",Enterprise
8867,NLP Engineer,USA,Lead,239239,"Computer Vision, Statistics, SQL",Startup
8868,Research Scientist,India,Mid,27619,"PyTorch, Statistics, MLOps",Enterprise
8869,Data Scientist,Australia,Senior,138807,"Computer Vision, Data Visualization, Python",Mid-size
8870,Computer Vision Engineer,Australia,Lead,204402,"NLP, MLOps, Computer Vision",Enterprise
8871,NLP Engineer,UK,Mid,83218,"Deep Learning, Data Visualization, Computer Vision",Mid-size
8872,ML Engineer,Germany,Senior,111912,"SQL, Statistics, Computer Vision",Startup
8873,Data Scientist,Canada,Mid,84477,"MLOps, Deep Learning, Python",Startup
8874,Research Scientist,UK,Mid,66606,"Statistics, NLP, PyTorch",Enterprise
8875,Research Scientist,USA,Mid,95508,"Data Visualization, SQL, MLOps",Startup
8876,Data Analyst,Australia,Lead,156097,"Statistics, MLOps, PyTorch",Enterprise
8877,Data Analyst,Germany,Lead,145810,"Deep Learning, Python, MLOps",Mid-size
8878,Data Scientist,UK,Senior,112132,"MLOps, SQL, Statistics",Startup
8879,AI Engineer,USA,Lead,203944,"Python, TensorFlow, PyTorch",Enterprise
8880,NLP Engineer,Canada,Entry,22810,"TensorFlow, Computer Vision, SQL",Mid-size
8881,Research Scientist,Australia,Entry,50992,"Deep Learning, Statistics, SQL",Mid-size
8882,Data Scientist,India,Lead,71437,"Python, TensorFlow, PyTorch",Mid-size
8883,Research Scientist,Germany,Senior,121989,"SQL, Statistics, PyTorch",Startup
8884,ML Engineer,USA,Senior,121491,"Python, NLP, MLOps",Mid-size
8885,Data Scientist,Australia,Lead,164822,"MLOps, Computer Vision, Python",Enterprise
8886,Deep Learning Engineer,Australia,Entry,33091,"Data Visualization, MLOps, TensorFlow",Enterprise
8887,Data Analyst,Germany,Senior,113206,"Python, Computer Vision, Data Visualization",Startup
8888,Deep Learning Engineer,USA,Entry,25518,"PyTorch, Data Visualization, Computer Vision",Enterprise
8889,Data Analyst,UK,Senior,120412,"Statistics, MLOps, Data Visualization",Enterprise
8890,Data Analyst,Australia,Mid,74899,"TensorFlow, Data Visualization, Deep Learning",Startup
8891,Data Scientist,Canada,Lead,170912,"Statistics, SQL, PyTorch",Mid-size
8892,NLP Engineer,UK,Entry,46365,"MLOps, NLP, Computer Vision",Startup
8893,Research Scientist,India,Mid,25964,"PyTorch, SQL, TensorFlow",Enterprise
8894,Research Scientist,India,Mid,22564,"NLP, Computer Vision, SQL",Startup
8895,Data Scientist,Australia,Mid,92045,"NLP, TensorFlow, SQL",Enterprise
8896,ML Engineer,Canada,Senior,119357,"TensorFlow, NLP, Deep Learning",Startup
8897,ML Engineer,Australia,Senior,148197,"MLOps, Python, Deep Learning",Startup
8898,Computer Vision Engineer,Germany,Mid,77338,"TensorFlow, Data Visualization, Deep Learning",Enterprise
8899,Research Scientist,UK,Lead,158830,"Python, MLOps, PyTorch",Mid-size
8900,Deep Learning Engineer,Germany,Entry,23312,"PyTorch, Data Visualization, Computer Vision",Startup
8901,Research Scientist,Australia,Senior,121058,"SQL, Data Visualization, NLP",Startup
8902,Data Analyst,Germany,Mid,78693,"MLOps, Data Visualization, PyTorch",Startup
8903,Deep Learning Engineer,Australia,Senior,147072,"Data Visualization, Statistics, Deep Learning",Mid-size
8904,NLP Engineer,India,Entry,17074,"NLP, SQL, Deep Learning",Startup
8905,Data Analyst,Australia,Entry,31121,"NLP, TensorFlow, PyTorch",Startup
8906,Computer Vision Engineer,Germany,Mid,76477,"Python, MLOps, Computer Vision",Mid-size
8907,Deep Learning Engineer,Germany,Entry,40010,"TensorFlow, Data Visualization, PyTorch",Mid-size
8908,AI Engineer,Australia,Mid,97071,"SQL, PyTorch, TensorFlow",Mid-size
8909,ML Engineer,India,Senior,42417,"Data Visualization, SQL, MLOps",Mid-size
8910,Computer Vision Engineer,India,Mid,24648,"Data Visualization, SQL, MLOps",Enterprise
8911,Computer Vision Engineer,USA,Senior,125094,"SQL, TensorFlow, Statistics",Enterprise
8912,Research Scientist,India,Mid,20104,"Computer Vision, Deep Learning, MLOps",Enterprise
8913,Research Scientist,Australia,Entry,32660,"Computer Vision, PyTorch, Deep Learning",Mid-size
8914,Deep Learning Engineer,UK,Lead,161310,"Deep Learning, Computer Vision, Statistics",Mid-size
8915,Computer Vision Engineer,Canada,Lead,158714,"PyTorch, MLOps, Computer Vision",Enterprise
8916,Research Scientist,Germany,Mid,54007,"MLOps, PyTorch, Computer Vision",Startup
8917,ML Engineer,Germany,Mid,78104,"SQL, Deep Learning, Data Visualization",Startup
8918,NLP Engineer,UK,Entry,32234,"Deep Learning, Data Visualization, Statistics",Enterprise
8919,Research Scientist,Canada,Lead,200820,"Deep Learning, NLP, Statistics",Mid-size
8920,NLP Engineer,India,Senior,49508,"NLP, Data Visualization, Computer Vision",Mid-size
8921,Deep Learning Engineer,Australia,Lead,170910,"Data Visualization, MLOps, TensorFlow",Enterprise
8922,Research Scientist,UK,Entry,25156,"PyTorch, MLOps, Deep Learning",Startup
8923,AI Engineer,UK,Entry,32357,"MLOps, Deep Learning, SQL",Mid-size
8924,Data Scientist,Germany,Lead,140570,"PyTorch, SQL, NLP",Startup
8925,Data Scientist,Australia,Lead,196813,"Deep Learning, NLP, MLOps",Startup
8926,Computer Vision Engineer,India,Senior,40120,"Computer Vision, Deep Learning, TensorFlow",Startup
8927,NLP Engineer,Australia,Mid,96400,"Computer Vision, Data Visualization, PyTorch",Startup
8928,Research Scientist,Germany,Senior,112053,"MLOps, Python, Computer Vision",Mid-size
8929,AI Engineer,Germany,Entry,22492,"TensorFlow, NLP, PyTorch",Startup
8930,Deep Learning Engineer,India,Entry,14097,"Statistics, NLP, Deep Learning",Enterprise
8931,Research Scientist,Canada,Entry,51871,"PyTorch, TensorFlow, Deep Learning",Startup
8932,AI Engineer,UK,Entry,37821,"NLP, Data Visualization, Statistics",Startup
8933,NLP Engineer,India,Entry,14035,"Statistics, Computer Vision, Deep Learning",Startup
8934,NLP Engineer,Australia,Lead,180536,"MLOps, Statistics, SQL",Startup
8935,NLP Engineer,Germany,Entry,44048,"Deep Learning, NLP, Statistics",Enterprise
8936,NLP Engineer,UK,Entry,28898,"SQL, MLOps, TensorFlow",Enterprise
8937,AI Engineer,USA,Lead,170887,"Computer Vision, MLOps, Data Visualization",Enterprise
8938,Computer Vision Engineer,UK,Lead,159148,"MLOps, NLP, PyTorch",Mid-size
8939,Computer Vision Engineer,Canada,Mid,93833,"TensorFlow, Data Visualization, PyTorch",Enterprise
8940,Research Scientist,India,Senior,43812,"PyTorch, MLOps, Statistics",Mid-size
8941,NLP Engineer,Germany,Senior,125657,"MLOps, Statistics, TensorFlow",Mid-size
8942,ML Engineer,Australia,Entry,33606,"NLP, SQL, Python",Startup
8943,Computer Vision Engineer,USA,Entry,29184,"Data Visualization, NLP, SQL",Startup
8944,Deep Learning Engineer,Australia,Senior,110785,"Python, Deep Learning, Computer Vision",Startup
8945,Research Scientist,UK,Lead,190703,"TensorFlow, Computer Vision, NLP",Mid-size
8946,Computer Vision Engineer,India,Mid,28811,"MLOps, Statistics, NLP",Startup
8947,Data Analyst,Germany,Entry,30580,"MLOps, Deep Learning, SQL",Mid-size
8948,Data Scientist,India,Senior,52864,"NLP, Python, Statistics",Mid-size
8949,Deep Learning Engineer,USA,Mid,87514,"Deep Learning, MLOps, NLP",Startup
8950,Data Scientist,Australia,Entry,29728,"Python, Deep Learning, Computer Vision",Startup
8951,Data Scientist,Australia,Entry,24718,"Statistics, PyTorch, Data Visualization",Mid-size
8952,Data Scientist,Germany,Senior,104205,"SQL, Data Visualization, Deep Learning",Mid-size
8953,Data Analyst,Germany,Senior,108581,"SQL, NLP, Statistics",Startup
8954,Deep Learning Engineer,India,Lead,57108,"TensorFlow, Computer Vision, Python",Enterprise
8955,Data Scientist,India,Entry,19907,"NLP, MLOps, Data Visualization",Enterprise
8956,NLP Engineer,India,Lead,77676,"Python, Data Visualization, PyTorch",Startup
8957,ML Engineer,USA,Senior,128440,"Data Visualization, Python, PyTorch",Enterprise
8958,ML Engineer,India,Entry,19626,"SQL, Computer Vision, MLOps",Mid-size
8959,Computer Vision Engineer,USA,Lead,194143,"NLP, MLOps, Python",Startup
8960,Deep Learning Engineer,UK,Mid,66944,"Computer Vision, Deep Learning, Python",Enterprise
8961,Deep Learning Engineer,India,Lead,68543,"PyTorch, NLP, Statistics",Mid-size
8962,Deep Learning Engineer,USA,Mid,68212,"MLOps, Data Visualization, PyTorch",Mid-size
8963,Research Scientist,India,Entry,14838,"Python, NLP, Deep Learning",Mid-size
8964,ML Engineer,Australia,Senior,107413,"Computer Vision, Python, Deep Learning",Enterprise
8965,Data Scientist,Germany,Mid,88419,"TensorFlow, Computer Vision, Python",Enterprise
8966,NLP Engineer,Canada,Lead,213463,"Statistics, MLOps, NLP",Mid-size
8967,AI Engineer,Canada,Mid,82643,"PyTorch, Statistics, Computer Vision",Enterprise
8968,NLP Engineer,USA,Senior,157851,"Python, Deep Learning, TensorFlow",Enterprise
8969,AI Engineer,USA,Mid,72225,"NLP, Data Visualization, TensorFlow",Startup
8970,AI Engineer,UK,Lead,144349,"Statistics, PyTorch, Data Visualization",Enterprise
8971,Computer Vision Engineer,Canada,Entry,32620,"MLOps, PyTorch, Computer Vision",Enterprise
8972,Data Analyst,India,Senior,38662,"Computer Vision, NLP, PyTorch",Startup
8973,Data Scientist,USA,Senior,115488,"Data Visualization, Deep Learning, Python",Mid-size
8974,NLP Engineer,India,Mid,26656,"Statistics, SQL, NLP",Enterprise
8975,Data Analyst,USA,Lead,185900,"SQL, Python, Deep Learning",Startup
8976,Computer Vision Engineer,Germany,Mid,73251,"PyTorch, Deep Learning, Computer Vision",Mid-size
8977,Computer Vision Engineer,UK,Senior,98513,"NLP, SQL, Python",Startup
8978,Data Scientist,UK,Lead,199261,"Statistics, NLP, Deep Learning",Startup
8979,NLP Engineer,UK,Senior,100888,"Data Visualization, Computer Vision, SQL",Mid-size
8980,AI Engineer,USA,Entry,35649,"Deep Learning, Statistics, Computer Vision",Startup
8981,Deep Learning Engineer,India,Mid,29877,"PyTorch, Python, Statistics",Mid-size
8982,Research Scientist,Canada,Mid,96562,"TensorFlow, PyTorch, Data Visualization",Enterprise
8983,AI Engineer,USA,Mid,87403,"Deep Learning, PyTorch, Statistics",Startup
8984,NLP Engineer,Canada,Mid,75707,"SQL, MLOps, NLP",Enterprise
8985,Data Analyst,Canada,Lead,165286,"SQL, Data Visualization, TensorFlow",Enterprise
8986,Research Scientist,Canada,Senior,139719,"Deep Learning, Data Visualization, TensorFlow",Mid-size
8987,AI Engineer,UK,Senior,114769,"Python, MLOps, PyTorch",Enterprise
8988,NLP Engineer,Canada,Senior,124857,"MLOps, Deep Learning, Statistics",Enterprise
8989,Data Scientist,USA,Senior,161864,"SQL, Data Visualization, MLOps",Mid-size
8990,AI Engineer,Germany,Lead,169473,"SQL, PyTorch, TensorFlow",Mid-size
8991,Research Scientist,Canada,Senior,108813,"NLP, Data Visualization, Statistics",Startup
8992,AI Engineer,Germany,Lead,177713,"Computer Vision, Statistics, Data Visualization",Startup
8993,ML Engineer,UK,Senior,114700,"NLP, PyTorch, Deep Learning",Mid-size
8994,Data Analyst,Australia,Lead,157801,"Deep Learning, Statistics, SQL",Startup
8995,Computer Vision Engineer,Australia,Lead,176028,"Statistics, SQL, TensorFlow",Mid-size
8996,Computer Vision Engineer,UK,Entry,28119,"NLP, Deep Learning, Python",Startup
8997,NLP Engineer,UK,Entry,47151,"TensorFlow, MLOps, Python",Enterprise
8998,Research Scientist,India,Senior,48280,"TensorFlow, MLOps, Deep Learning",Mid-size
8999,Data Scientist,USA,Lead,206866,"TensorFlow, NLP, Python",Startup
9000,Research Scientist,USA,Lead,230490,"SQL, PyTorch, Data Visualization",Enterprise
9001,Deep Learning Engineer,India,Entry,12493,"PyTorch, Statistics, Computer Vision",Enterprise
9002,Computer Vision Engineer,USA,Senior,157428,"TensorFlow, Python, PyTorch",Startup
9003,Data Scientist,Germany,Lead,153699,"NLP, Python, Computer Vision",Enterprise
9004,AI Engineer,India,Lead,78664,"Deep Learning, MLOps, Computer Vision",Mid-size
9005,Research Scientist,India,Mid,32634,"Statistics, TensorFlow, Deep Learning",Enterprise
9006,Computer Vision Engineer,Canada,Mid,96124,"Python, TensorFlow, SQL",Startup
9007,Research Scientist,Germany,Lead,194764,"Computer Vision, PyTorch, Deep Learning",Enterprise
9008,Data Analyst,Canada,Entry,39373,"Deep Learning, Python, MLOps",Mid-size
9009,NLP Engineer,USA,Mid,95542,"PyTorch, Deep Learning, TensorFlow",Enterprise
9010,Deep Learning Engineer,Australia,Lead,164463,"PyTorch, Python, SQL",Mid-size
9011,Computer Vision Engineer,Australia,Mid,92507,"TensorFlow, MLOps, NLP",Enterprise
9012,Data Scientist,Germany,Entry,43903,"PyTorch, Python, MLOps",Mid-size
9013,Deep Learning Engineer,Germany,Mid,67647,"NLP, Statistics, MLOps",Startup
9014,Research Scientist,India,Mid,31870,"Deep Learning, MLOps, Computer Vision",Mid-size
9015,NLP Engineer,USA,Lead,182017,"Computer Vision, PyTorch, Data Visualization",Enterprise
9016,Data Scientist,Canada,Senior,123344,"Computer Vision, SQL, NLP",Mid-size
9017,Computer Vision Engineer,UK,Lead,149345,"SQL, Python, MLOps",Enterprise
9018,NLP Engineer,India,Mid,30994,"PyTorch, Computer Vision, Python",Mid-size
9019,Research Scientist,India,Entry,12639,"NLP, Data Visualization, TensorFlow",Mid-size
9020,Research Scientist,India,Senior,40673,"PyTorch, NLP, TensorFlow",Enterprise
9021,Data Scientist,Germany,Lead,193465,"Computer Vision, TensorFlow, NLP",Mid-size
9022,Deep Learning Engineer,India,Mid,35043,"Deep Learning, Python, NLP",Startup
9023,Research Scientist,Canada,Mid,89887,"Deep Learning, MLOps, TensorFlow",Mid-size
9024,ML Engineer,USA,Mid,76504,"Deep Learning, PyTorch, Data Visualization",Mid-size
9025,ML Engineer,USA,Entry,26736,"SQL, TensorFlow, Computer Vision",Mid-size
9026,AI Engineer,India,Mid,32084,"NLP, Data Visualization, Python",Startup
9027,NLP Engineer,Australia,Entry,49451,"Computer Vision, Deep Learning, NLP",Startup
9028,NLP Engineer,India,Lead,63612,"NLP, Data Visualization, Deep Learning",Mid-size
9029,ML Engineer,USA,Entry,41930,"Deep Learning, SQL, Data Visualization",Mid-size
9030,NLP Engineer,Australia,Senior,102225,"Statistics, Data Visualization, SQL",Mid-size
9031,ML Engineer,USA,Mid,87639,"PyTorch, Deep Learning, Computer Vision",Mid-size
9032,Data Analyst,USA,Senior,113979,"TensorFlow, Deep Learning, Data Visualization",Enterprise
9033,NLP Engineer,USA,Senior,167004,"Deep Learning, SQL, Python",Mid-size
9034,AI Engineer,USA,Senior,159199,"Data Visualization, MLOps, NLP",Enterprise
9035,NLP Engineer,USA,Mid,72920,"Computer Vision, Deep Learning, Data Visualization",Mid-size
9036,Research Scientist,Canada,Senior,108497,"Computer Vision, Data Visualization, MLOps",Mid-size
9037,Data Scientist,India,Mid,32817,"Computer Vision, SQL, Data Visualization",Mid-size
9038,NLP Engineer,UK,Mid,89404,"NLP, TensorFlow, Python",Startup
9039,NLP Engineer,USA,Senior,114866,"PyTorch, NLP, MLOps",Mid-size
9040,ML Engineer,Germany,Senior,108731,"NLP, Data Visualization, Computer Vision",Startup
9041,Data Analyst,Germany,Mid,82116,"Computer Vision, SQL, NLP",Enterprise
9042,Data Scientist,Australia,Mid,89923,"MLOps, SQL, NLP",Enterprise
9043,Deep Learning Engineer,Germany,Lead,188670,"Computer Vision, Data Visualization, SQL",Enterprise
9044,Data Scientist,Canada,Senior,120271,"TensorFlow, MLOps, Statistics",Enterprise
9045,ML Engineer,Australia,Mid,83792,"MLOps, Statistics, Data Visualization",Enterprise
9046,Data Analyst,Canada,Senior,103181,"Python, MLOps, PyTorch",Mid-size
9047,Deep Learning Engineer,India,Entry,10965,"TensorFlow, Python, NLP",Enterprise
9048,AI Engineer,UK,Entry,31087,"Computer Vision, Statistics, MLOps",Enterprise
9049,Computer Vision Engineer,Germany,Senior,132193,"Python, Computer Vision, PyTorch",Startup
9050,ML Engineer,India,Lead,67781,"Python, Data Visualization, Statistics",Startup
9051,AI Engineer,Canada,Mid,63969,"Statistics, PyTorch, TensorFlow",Enterprise
9052,Research Scientist,Canada,Mid,85674,"Data Visualization, Computer Vision, PyTorch",Enterprise
9053,ML Engineer,USA,Lead,202586,"Deep Learning, Data Visualization, Statistics",Mid-size
9054,Computer Vision Engineer,Germany,Mid,87872,"Computer Vision, NLP, Statistics",Enterprise
9055,NLP Engineer,Germany,Mid,66069,"SQL, Statistics, PyTorch",Startup
9056,Research Scientist,USA,Entry,29402,"Deep Learning, Computer Vision, PyTorch",Startup
9057,ML Engineer,Australia,Mid,61640,"Data Visualization, PyTorch, Deep Learning",Enterprise
9058,NLP Engineer,Canada,Senior,132641,"Data Visualization, NLP, PyTorch",Mid-size
9059,Research Scientist,Australia,Lead,195527,"Computer Vision, PyTorch, Statistics",Enterprise
9060,NLP Engineer,USA,Lead,222584,"Data Visualization, Computer Vision, Deep Learning",Enterprise
9061,AI Engineer,Australia,Entry,49845,"MLOps, PyTorch, Statistics",Enterprise
9062,Data Scientist,Canada,Entry,27063,"TensorFlow, Computer Vision, NLP",Startup
9063,Data Scientist,Australia,Mid,89797,"Data Visualization, NLP, Python",Startup
9064,Computer Vision Engineer,Australia,Mid,73808,"Computer Vision, Python, PyTorch",Enterprise
9065,NLP Engineer,USA,Mid,96621,"SQL, NLP, Deep Learning",Startup
9066,AI Engineer,Canada,Mid,81114,"TensorFlow, SQL, PyTorch",Enterprise
9067,AI Engineer,India,Mid,21500,"SQL, MLOps, Python",Startup
9068,Data Analyst,Canada,Entry,40500,"Data Visualization, Statistics, SQL",Enterprise
9069,AI Engineer,USA,Senior,165076,"SQL, Data Visualization, Computer Vision",Mid-size
9070,Deep Learning Engineer,Germany,Entry,40656,"NLP, Computer Vision, TensorFlow",Mid-size
9071,Deep Learning Engineer,Australia,Mid,56896,"Python, Data Visualization, Deep Learning",Mid-size
9072,ML Engineer,USA,Senior,157446,"Data Visualization, NLP, PyTorch",Startup
9073,Computer Vision Engineer,USA,Entry,58347,"Computer Vision, MLOps, Deep Learning",Startup
9074,Research Scientist,Germany,Senior,110378,"SQL, TensorFlow, Data Visualization",Enterprise
9075,Computer Vision Engineer,Canada,Lead,175235,"NLP, TensorFlow, Deep Learning",Startup
9076,Computer Vision Engineer,USA,Entry,27039,"MLOps, Statistics, NLP",Mid-size
9077,Research Scientist,UK,Lead,177740,"Computer Vision, Python, NLP",Enterprise
9078,ML Engineer,UK,Lead,154830,"Python, Deep Learning, NLP",Mid-size
9079,Data Analyst,Australia,Mid,60307,"NLP, SQL, TensorFlow",Mid-size
9080,Deep Learning Engineer,USA,Mid,78541,"Python, Deep Learning, Statistics",Mid-size
9081,Data Analyst,USA,Entry,34356,"Data Visualization, Statistics, PyTorch",Enterprise
9082,ML Engineer,Germany,Lead,178078,"Statistics, TensorFlow, NLP",Mid-size
9083,Research Scientist,Canada,Mid,69482,"TensorFlow, NLP, Python",Mid-size
9084,Computer Vision Engineer,UK,Mid,53921,"TensorFlow, SQL, Computer Vision",Mid-size
9085,AI Engineer,Canada,Senior,134238,"NLP, MLOps, Statistics",Enterprise
9086,NLP Engineer,India,Entry,13584,"PyTorch, TensorFlow, Python",Enterprise
9087,AI Engineer,Canada,Lead,180364,"MLOps, Computer Vision, SQL",Enterprise
9088,Data Scientist,USA,Mid,104234,"Data Visualization, Python, NLP",Startup
9089,Data Scientist,India,Lead,60188,"SQL, Statistics, NLP",Mid-size
9090,Data Analyst,UK,Entry,21830,"Statistics, Computer Vision, PyTorch",Startup
9091,NLP Engineer,Germany,Entry,34432,"SQL, TensorFlow, PyTorch",Startup
9092,AI Engineer,Canada,Senior,131281,"Statistics, MLOps, Python",Mid-size
9093,ML Engineer,Canada,Mid,76622,"PyTorch, Computer Vision, Python",Mid-size
9094,Research Scientist,India,Mid,27162,"NLP, MLOps, Statistics",Mid-size
9095,Computer Vision Engineer,UK,Senior,108033,"PyTorch, Python, NLP",Startup
9096,ML Engineer,India,Senior,40785,"Deep Learning, TensorFlow, Statistics",Mid-size
9097,NLP Engineer,Australia,Lead,185550,"SQL, Data Visualization, Python",Enterprise
9098,Computer Vision Engineer,India,Entry,19831,"PyTorch, NLP, MLOps",Enterprise
9099,NLP Engineer,India,Mid,28749,"Deep Learning, Statistics, MLOps",Enterprise
9100,Data Analyst,Germany,Lead,171660,"Deep Learning, Computer Vision, Python",Mid-size
9101,Computer Vision Engineer,Canada,Entry,32001,"PyTorch, SQL, Data Visualization",Enterprise
9102,Data Analyst,Australia,Lead,164685,"PyTorch, Deep Learning, Computer Vision",Enterprise
9103,AI Engineer,UK,Senior,114608,"Computer Vision, SQL, Statistics",Enterprise
9104,NLP Engineer,India,Entry,12463,"Computer Vision, PyTorch, NLP",Startup
9105,NLP Engineer,Canada,Mid,90018,"Deep Learning, Data Visualization, Python",Enterprise
9106,Data Analyst,USA,Entry,26478,"Deep Learning, NLP, TensorFlow",Enterprise
9107,Data Scientist,Canada,Lead,214700,"Computer Vision, Data Visualization, Statistics",Enterprise
9108,NLP Engineer,UK,Mid,89884,"Python, NLP, Deep Learning",Startup
9109,Deep Learning Engineer,UK,Entry,39986,"TensorFlow, Computer Vision, Data Visualization",Startup
9110,Deep Learning Engineer,UK,Lead,168568,"NLP, MLOps, Data Visualization",Mid-size
9111,Data Analyst,Australia,Lead,209331,"Computer Vision, Statistics, NLP",Mid-size
9112,ML Engineer,USA,Mid,69231,"Python, SQL, TensorFlow",Enterprise
9113,ML Engineer,UK,Mid,53353,"MLOps, SQL, Statistics",Mid-size
9114,Deep Learning Engineer,USA,Mid,65553,"PyTorch, MLOps, Python",Startup
9115,Deep Learning Engineer,Germany,Entry,47623,"Statistics, NLP, TensorFlow",Enterprise
9116,Data Analyst,Canada,Senior,117352,"Python, PyTorch, Statistics",Mid-size
9117,Deep Learning Engineer,UK,Entry,35987,"Computer Vision, MLOps, Deep Learning",Mid-size
9118,Computer Vision Engineer,UK,Senior,136794,"Computer Vision, Statistics, Python",Startup
9119,AI Engineer,UK,Mid,79330,"MLOps, Statistics, Python",Mid-size
9120,Research Scientist,UK,Mid,52801,"TensorFlow, SQL, Deep Learning",Enterprise
9121,Computer Vision Engineer,USA,Senior,146854,"MLOps, SQL, Python",Mid-size
9122,NLP Engineer,Canada,Entry,36545,"Python, TensorFlow, PyTorch",Enterprise
9123,Deep Learning Engineer,UK,Entry,29382,"Computer Vision, PyTorch, TensorFlow",Mid-size
9124,Data Analyst,Canada,Entry,49984,"MLOps, Statistics, Deep Learning",Mid-size
9125,Deep Learning Engineer,Canada,Entry,37645,"SQL, MLOps, Computer Vision",Mid-size
9126,Data Analyst,Germany,Senior,113409,"Python, Computer Vision, TensorFlow",Mid-size
9127,Data Analyst,Australia,Entry,42465,"Python, Deep Learning, TensorFlow",Mid-size
9128,Research Scientist,Australia,Lead,211150,"PyTorch, NLP, Computer Vision",Enterprise
9129,Deep Learning Engineer,Canada,Mid,72146,"MLOps, TensorFlow, PyTorch",Mid-size
9130,Deep Learning Engineer,UK,Mid,70931,"MLOps, TensorFlow, Data Visualization",Startup
9131,Computer Vision Engineer,UK,Senior,137773,"Statistics, Computer Vision, Python",Enterprise
9132,ML Engineer,Germany,Entry,31561,"Deep Learning, TensorFlow, Computer Vision",Mid-size
9133,Deep Learning Engineer,Australia,Entry,28663,"NLP, Computer Vision, SQL",Startup
9134,Data Scientist,India,Entry,8669,"PyTorch, Deep Learning, NLP",Mid-size
9135,Deep Learning Engineer,Australia,Entry,38790,"SQL, Data Visualization, NLP",Enterprise
9136,AI Engineer,Australia,Lead,171075,"TensorFlow, SQL, NLP",Enterprise
9137,Data Scientist,USA,Lead,234738,"TensorFlow, NLP, PyTorch",Startup
9138,AI Engineer,Germany,Entry,46983,"NLP, TensorFlow, Python",Enterprise
9139,Deep Learning Engineer,Canada,Senior,105977,"Deep Learning, NLP, MLOps",Enterprise
9140,NLP Engineer,India,Senior,52745,"SQL, PyTorch, NLP",Enterprise
9141,Data Scientist,Canada,Mid,96225,"SQL, NLP, Deep Learning",Mid-size
9142,AI Engineer,USA,Lead,219577,"Python, Computer Vision, Statistics",Mid-size
9143,Data Scientist,USA,Mid,60837,"Data Visualization, Computer Vision, MLOps",Enterprise
9144,NLP Engineer,India,Entry,11575,"Deep Learning, MLOps, Data Visualization",Startup
9145,Research Scientist,UK,Mid,53297,"SQL, Computer Vision, Data Visualization",Enterprise
9146,ML Engineer,USA,Lead,238224,"Computer Vision, TensorFlow, SQL",Mid-size
9147,Data Scientist,USA,Entry,41791,"NLP, Data Visualization, Statistics",Mid-size
9148,AI Engineer,Canada,Lead,191823,"TensorFlow, NLP, MLOps",Mid-size
9149,ML Engineer,India,Lead,63212,"Statistics, MLOps, TensorFlow",Startup
9150,Research Scientist,Germany,Mid,64328,"TensorFlow, Deep Learning, SQL",Enterprise
9151,Deep Learning Engineer,UK,Senior,110827,"PyTorch, TensorFlow, MLOps",Mid-size
9152,Research Scientist,USA,Senior,145100,"Python, Deep Learning, Statistics",Mid-size
9153,ML Engineer,Germany,Entry,45722,"TensorFlow, MLOps, Deep Learning",Enterprise
9154,Computer Vision Engineer,Canada,Mid,92845,"Python, Statistics, NLP",Mid-size
9155,ML Engineer,USA,Senior,109311,"NLP, TensorFlow, MLOps",Startup
9156,AI Engineer,Australia,Mid,74935,"Statistics, NLP, Data Visualization",Mid-size
9157,ML Engineer,USA,Lead,197293,"Data Visualization, PyTorch, Python",Enterprise
9158,Data Analyst,Germany,Entry,24916,"TensorFlow, Deep Learning, PyTorch",Startup
9159,NLP Engineer,Canada,Mid,58851,"Statistics, NLP, Python",Startup
9160,Data Analyst,USA,Senior,109909,"Data Visualization, NLP, Python",Startup
9161,ML Engineer,Australia,Senior,102929,"MLOps, Deep Learning, Computer Vision",Startup
9162,Computer Vision Engineer,Canada,Mid,91367,"SQL, Computer Vision, TensorFlow",Enterprise
9163,Data Scientist,India,Lead,62152,"Statistics, PyTorch, SQL",Enterprise
9164,Data Scientist,India,Lead,75152,"Data Visualization, Deep Learning, Computer Vision",Enterprise
9165,ML Engineer,Germany,Mid,55728,"Python, Deep Learning, Statistics",Enterprise
9166,AI Engineer,Australia,Lead,206749,"TensorFlow, Deep Learning, SQL",Enterprise
9167,Computer Vision Engineer,UK,Lead,158481,"Statistics, TensorFlow, Python",Startup
9168,Data Scientist,UK,Mid,66771,"Deep Learning, SQL, Statistics",Enterprise
9169,Data Analyst,USA,Entry,48981,"SQL, MLOps, NLP",Startup
9170,Research Scientist,Canada,Mid,60817,"NLP, TensorFlow, Statistics",Enterprise
9171,Computer Vision Engineer,Canada,Lead,210179,"MLOps, SQL, Statistics",Enterprise
9172,Computer Vision Engineer,Germany,Mid,72378,"MLOps, TensorFlow, Deep Learning",Mid-size
9173,NLP Engineer,Germany,Mid,81584,"PyTorch, Data Visualization, Statistics",Startup
9174,NLP Engineer,Canada,Mid,90473,"Python, TensorFlow, SQL",Enterprise
9175,Research Scientist,Canada,Senior,110547,"MLOps, Deep Learning, Data Visualization",Mid-size
9176,Research Scientist,Canada,Entry,25526,"Python, Statistics, SQL",Startup
9177,ML Engineer,Australia,Lead,183427,"SQL, TensorFlow, MLOps",Enterprise
9178,Research Scientist,USA,Mid,88710,"PyTorch, Python, MLOps",Startup
9179,AI Engineer,Germany,Mid,65238,"SQL, Python, Computer Vision",Enterprise
9180,Research Scientist,Germany,Senior,128284,"Deep Learning, Computer Vision, Python",Enterprise
9181,Data Analyst,India,Mid,34278,"PyTorch, TensorFlow, MLOps",Enterprise
9182,ML Engineer,Germany,Lead,149302,"Deep Learning, PyTorch, TensorFlow",Mid-size
9183,Deep Learning Engineer,Australia,Entry,39751,"Data Visualization, Python, PyTorch",Startup
9184,AI Engineer,India,Mid,22889,"MLOps, PyTorch, Python",Startup
9185,AI Engineer,USA,Entry,40879,"Data Visualization, Computer Vision, Deep Learning",Enterprise
9186,AI Engineer,India,Mid,34575,"Data Visualization, PyTorch, NLP",Mid-size
9187,Data Scientist,Germany,Entry,38982,"Deep Learning, NLP, PyTorch",Enterprise
9188,ML Engineer,Germany,Mid,52929,"Data Visualization, PyTorch, MLOps",Mid-size
9189,Data Analyst,India,Senior,40444,"TensorFlow, Python, Deep Learning",Startup
9190,Deep Learning Engineer,Canada,Mid,90088,"Deep Learning, TensorFlow, Computer Vision",Enterprise
9191,Data Analyst,Germany,Senior,111053,"MLOps, TensorFlow, Python",Startup
9192,NLP Engineer,USA,Senior,111733,"PyTorch, Python, Statistics",Startup
9193,NLP Engineer,Canada,Lead,204823,"Python, Deep Learning, Statistics",Mid-size
9194,Research Scientist,USA,Senior,158301,"Statistics, NLP, TensorFlow",Startup
9195,NLP Engineer,Australia,Lead,198694,"MLOps, Statistics, Deep Learning",Enterprise
9196,ML Engineer,Germany,Mid,52416,"Deep Learning, SQL, TensorFlow",Startup
9197,Data Analyst,India,Lead,56612,"Deep Learning, TensorFlow, Data Visualization",Mid-size
9198,Computer Vision Engineer,India,Entry,13126,"NLP, MLOps, SQL",Startup
9199,ML Engineer,UK,Lead,185869,"MLOps, Deep Learning, Statistics",Startup
9200,Data Analyst,USA,Lead,176780,"Deep Learning, NLP, MLOps",Enterprise
9201,Data Analyst,India,Lead,78933,"Deep Learning, PyTorch, Computer Vision",Enterprise
9202,Data Analyst,India,Entry,13077,"MLOps, NLP, Deep Learning",Mid-size
9203,ML Engineer,Australia,Lead,184102,"Computer Vision, Data Visualization, SQL",Enterprise
9204,Computer Vision Engineer,Canada,Entry,46247,"Deep Learning, MLOps, TensorFlow",Startup
9205,Data Scientist,Germany,Entry,29915,"Computer Vision, Statistics, MLOps",Enterprise
9206,AI Engineer,USA,Lead,226213,"NLP, SQL, Statistics",Mid-size
9207,Data Analyst,USA,Lead,178228,"PyTorch, Python, Statistics",Mid-size
9208,Research Scientist,USA,Mid,104983,"NLP, PyTorch, Computer Vision",Enterprise
9209,Research Scientist,India,Lead,72593,"SQL, NLP, Deep Learning",Startup
9210,Deep Learning Engineer,UK,Senior,138718,"SQL, MLOps, Statistics",Startup
9211,Deep Learning Engineer,India,Senior,49141,"MLOps, NLP, PyTorch",Mid-size
9212,NLP Engineer,UK,Lead,193433,"Python, NLP, MLOps",Startup
9213,Deep Learning Engineer,Germany,Senior,98033,"Deep Learning, Python, SQL",Enterprise
9214,ML Engineer,Germany,Mid,55066,"Data Visualization, TensorFlow, SQL",Enterprise
9215,ML Engineer,Canada,Mid,68197,"Statistics, Data Visualization, Computer Vision",Enterprise
9216,NLP Engineer,Canada,Senior,141314,"NLP, Data Visualization, Statistics",Mid-size
9217,Data Scientist,Canada,Senior,117784,"NLP, Python, Statistics",Startup
9218,Data Analyst,India,Mid,21466,"NLP, SQL, MLOps",Enterprise
9219,AI Engineer,Germany,Mid,58840,"Data Visualization, Statistics, Python",Enterprise
9220,AI Engineer,Canada,Mid,57269,"Deep Learning, Python, Data Visualization",Startup
9221,Computer Vision Engineer,Australia,Senior,112710,"NLP, SQL, MLOps",Mid-size
9222,AI Engineer,India,Mid,34970,"TensorFlow, Computer Vision, Statistics",Startup
9223,Data Scientist,Germany,Mid,75592,"SQL, TensorFlow, Python",Startup
9224,Deep Learning Engineer,Germany,Lead,192542,"SQL, NLP, Statistics",Startup
9225,Data Analyst,Germany,Lead,148263,"PyTorch, TensorFlow, MLOps",Startup
9226,Deep Learning Engineer,Germany,Mid,58072,"Computer Vision, Deep Learning, Python",Startup
9227,AI Engineer,Canada,Lead,156148,"Computer Vision, SQL, Deep Learning",Mid-size
9228,ML Engineer,UK,Entry,24963,"SQL, Statistics, Data Visualization",Mid-size
9229,Research Scientist,USA,Lead,192222,"TensorFlow, Statistics, MLOps",Mid-size
9230,Deep Learning Engineer,India,Lead,59181,"Computer Vision, MLOps, Deep Learning",Mid-size
9231,Research Scientist,India,Lead,61168,"Data Visualization, NLP, Statistics",Startup
9232,NLP Engineer,Australia,Senior,115927,"MLOps, TensorFlow, NLP",Startup
9233,Research Scientist,India,Mid,23086,"Computer Vision, PyTorch, Deep Learning",Enterprise
9234,AI Engineer,UK,Mid,55243,"MLOps, NLP, Deep Learning",Mid-size
9235,NLP Engineer,India,Mid,21634,"TensorFlow, PyTorch, Statistics",Startup
9236,Research Scientist,Australia,Entry,48964,"Deep Learning, NLP, Computer Vision",Enterprise
9237,ML Engineer,USA,Lead,229413,"Computer Vision, Statistics, Python",Mid-size
9238,ML Engineer,USA,Mid,84589,"Data Visualization, Python, MLOps",Enterprise
9239,NLP Engineer,USA,Mid,98670,"Statistics, MLOps, PyTorch",Mid-size
9240,AI Engineer,UK,Senior,120887,"PyTorch, TensorFlow, Statistics",Startup
9241,Data Analyst,Canada,Senior,133010,"Python, TensorFlow, NLP",Startup
9242,Data Scientist,UK,Mid,69295,"Data Visualization, Statistics, Python",Startup
9243,Data Analyst,Canada,Entry,28033,"TensorFlow, NLP, SQL",Startup
9244,Deep Learning Engineer,Canada,Lead,206206,"Python, TensorFlow, Statistics",Enterprise
9245,Deep Learning Engineer,Canada,Lead,183096,"SQL, Data Visualization, Deep Learning",Startup
9246,Deep Learning Engineer,Canada,Mid,79939,"Data Visualization, Python, TensorFlow",Startup
9247,Deep Learning Engineer,Canada,Senior,122998,"NLP, SQL, Deep Learning",Startup
9248,AI Engineer,India,Senior,53786,"Statistics, Deep Learning, MLOps",Startup
9249,AI Engineer,India,Mid,25897,"PyTorch, TensorFlow, Computer Vision",Startup
9250,Data Analyst,Germany,Mid,66996,"SQL, MLOps, Computer Vision",Mid-size
9251,Deep Learning Engineer,India,Entry,16163,"Python, MLOps, NLP",Enterprise
9252,Data Scientist,UK,Senior,137678,"PyTorch, Computer Vision, MLOps",Mid-size
9253,NLP Engineer,India,Entry,10594,"Data Visualization, MLOps, Statistics",Enterprise
9254,NLP Engineer,USA,Mid,104664,"TensorFlow, Python, SQL",Mid-size
9255,Computer Vision Engineer,Australia,Entry,26054,"NLP, PyTorch, SQL",Enterprise
9256,NLP Engineer,Germany,Senior,137595,"NLP, TensorFlow, Python",Startup
9257,Data Analyst,Canada,Mid,71229,"PyTorch, Statistics, Data Visualization",Enterprise
9258,Deep Learning Engineer,Australia,Entry,52779,"Deep Learning, NLP, TensorFlow",Enterprise
9259,AI Engineer,Germany,Lead,176834,"SQL, Statistics, TensorFlow",Startup
9260,Computer Vision Engineer,India,Senior,44562,"Statistics, Python, NLP",Mid-size
9261,Computer Vision Engineer,India,Mid,28848,"Computer Vision, TensorFlow, Deep Learning",Startup
9262,Research Scientist,Germany,Entry,28612,"PyTorch, Computer Vision, TensorFlow",Mid-size
9263,Data Analyst,India,Senior,46705,"NLP, TensorFlow, PyTorch",Startup
9264,Deep Learning Engineer,Australia,Entry,42310,"NLP, Python, Data Visualization",Enterprise
9265,NLP Engineer,UK,Entry,24324,"Python, MLOps, SQL",Mid-size
9266,ML Engineer,USA,Lead,213722,"Computer Vision, Deep Learning, NLP",Enterprise
9267,Data Scientist,UK,Lead,187375,"SQL, NLP, Data Visualization",Startup
9268,Data Analyst,Germany,Mid,77258,"SQL, Statistics, TensorFlow",Mid-size
9269,Research Scientist,Australia,Senior,113205,"Computer Vision, NLP, Python",Enterprise
9270,Deep Learning Engineer,USA,Mid,100497,"MLOps, Python, NLP",Startup
9271,AI Engineer,UK,Lead,185088,"Data Visualization, TensorFlow, Deep Learning",Startup
9272,Data Scientist,Germany,Mid,60787,"Computer Vision, SQL, MLOps",Enterprise
9273,ML Engineer,USA,Mid,67424,"PyTorch, Python, Deep Learning",Mid-size
9274,NLP Engineer,India,Mid,26007,"MLOps, TensorFlow, PyTorch",Mid-size
9275,ML Engineer,Australia,Mid,89454,"Statistics, Computer Vision, Data Visualization",Startup
9276,Deep Learning Engineer,UK,Entry,44996,"PyTorch, Deep Learning, Data Visualization",Startup
9277,Data Scientist,Australia,Senior,131173,"Data Visualization, Computer Vision, MLOps",Startup
9278,NLP Engineer,USA,Lead,228734,"SQL, MLOps, Statistics",Mid-size
9279,Data Analyst,Germany,Lead,173095,"Data Visualization, Deep Learning, NLP",Mid-size
9280,AI Engineer,Germany,Lead,183091,"SQL, NLP, TensorFlow",Enterprise
9281,NLP Engineer,Canada,Entry,52158,"Data Visualization, PyTorch, Computer Vision",Mid-size
9282,Research Scientist,India,Entry,14216,"MLOps, Deep Learning, Computer Vision",Startup
9283,ML Engineer,India,Lead,77060,"Data Visualization, Deep Learning, NLP",Mid-size
9284,Data Analyst,UK,Senior,127163,"NLP, PyTorch, MLOps",Enterprise
9285,AI Engineer,India,Lead,58848,"Statistics, Computer Vision, Deep Learning",Mid-size
9286,ML Engineer,Canada,Lead,172608,"PyTorch, Computer Vision, Deep Learning",Enterprise
9287,Data Analyst,Canada,Mid,68293,"NLP, Python, Statistics",Enterprise
9288,Data Analyst,Canada,Lead,193359,"Statistics, PyTorch, Deep Learning",Mid-size
9289,Data Analyst,Germany,Senior,113484,"SQL, PyTorch, MLOps",Enterprise
9290,Computer Vision Engineer,Australia,Mid,74962,"Python, NLP, Computer Vision",Startup
9291,NLP Engineer,Germany,Mid,75998,"SQL, MLOps, Data Visualization",Enterprise
9292,Computer Vision Engineer,India,Senior,38268,"Deep Learning, MLOps, PyTorch",Startup
9293,NLP Engineer,India,Senior,43248,"Python, Computer Vision, SQL",Mid-size
9294,Data Analyst,India,Mid,24302,"Deep Learning, MLOps, Python",Enterprise
9295,ML Engineer,Canada,Entry,27583,"NLP, Data Visualization, PyTorch",Mid-size
9296,Data Analyst,USA,Entry,47805,"TensorFlow, Deep Learning, Computer Vision",Startup
9297,NLP Engineer,Canada,Lead,176283,"NLP, Deep Learning, Statistics",Startup
9298,Research Scientist,USA,Mid,75579,"Python, Deep Learning, NLP",Startup
9299,Research Scientist,India,Mid,31111,"Statistics, Python, PyTorch",Enterprise
9300,AI Engineer,Canada,Entry,36370,"PyTorch, SQL, Computer Vision",Startup
9301,NLP Engineer,UK,Lead,157489,"Deep Learning, Data Visualization, TensorFlow",Enterprise
9302,Data Scientist,USA,Lead,228021,"Python, PyTorch, Data Visualization",Mid-size
9303,AI Engineer,Germany,Entry,31452,"Computer Vision, NLP, Data Visualization",Startup
9304,NLP Engineer,USA,Lead,231213,"PyTorch, SQL, Deep Learning",Mid-size
9305,Deep Learning Engineer,India,Lead,65880,"MLOps, Statistics, Deep Learning",Enterprise
9306,NLP Engineer,Australia,Senior,151244,"SQL, NLP, TensorFlow",Mid-size
9307,NLP Engineer,Australia,Mid,65423,"MLOps, TensorFlow, Python",Startup
9308,Deep Learning Engineer,Germany,Lead,159979,"Python, MLOps, TensorFlow",Mid-size
9309,Data Scientist,UK,Lead,191575,"NLP, Computer Vision, Python",Enterprise
9310,Research Scientist,Canada,Senior,124701,"Python, Statistics, PyTorch",Enterprise
9311,Deep Learning Engineer,Canada,Lead,190247,"Python, Statistics, Data Visualization",Mid-size
9312,Data Analyst,UK,Lead,181466,"PyTorch, Statistics, Deep Learning",Enterprise
9313,Computer Vision Engineer,USA,Senior,115408,"TensorFlow, NLP, Computer Vision",Startup
9314,Data Scientist,India,Senior,43088,"SQL, Data Visualization, MLOps",Mid-size
9315,Computer Vision Engineer,UK,Senior,96546,"NLP, Data Visualization, PyTorch",Startup
9316,NLP Engineer,Germany,Mid,78943,"PyTorch, TensorFlow, Computer Vision",Mid-size
9317,NLP Engineer,Australia,Lead,190064,"SQL, Deep Learning, NLP",Mid-size
9318,Data Scientist,UK,Mid,77228,"Python, Statistics, Deep Learning",Enterprise
9319,Data Scientist,UK,Entry,45586,"Deep Learning, SQL, Data Visualization",Startup
9320,Data Analyst,Canada,Mid,67378,"NLP, SQL, Computer Vision",Enterprise
9321,NLP Engineer,India,Lead,66061,"MLOps, Computer Vision, SQL",Enterprise
9322,Data Analyst,Germany,Senior,91585,"NLP, SQL, Python",Startup
9323,Research Scientist,Australia,Senior,128421,"TensorFlow, Statistics, NLP",Mid-size
9324,AI Engineer,Canada,Mid,64936,"Data Visualization, TensorFlow, PyTorch",Enterprise
9325,Research Scientist,Australia,Senior,113053,"Statistics, MLOps, Data Visualization",Mid-size
9326,NLP Engineer,India,Mid,25937,"PyTorch, Computer Vision, Data Visualization",Mid-size
9327,NLP Engineer,Australia,Senior,129053,"Deep Learning, PyTorch, MLOps",Enterprise
9328,Research Scientist,Canada,Mid,71487,"Statistics, SQL, NLP",Mid-size
9329,Research Scientist,USA,Senior,151274,"Deep Learning, Data Visualization, NLP",Enterprise
9330,ML Engineer,Germany,Entry,49357,"Statistics, Python, SQL",Startup
9331,AI Engineer,Canada,Lead,204243,"Deep Learning, NLP, Computer Vision",Startup
9332,Data Scientist,USA,Lead,235892,"Data Visualization, Statistics, PyTorch",Enterprise
9333,Deep Learning Engineer,Germany,Entry,48179,"PyTorch, Computer Vision, Python",Enterprise
9334,Data Analyst,Canada,Mid,81210,"Computer Vision, NLP, Python",Mid-size
9335,Data Analyst,USA,Entry,37101,"Data Visualization, Statistics, SQL",Startup
9336,Computer Vision Engineer,USA,Entry,35100,"SQL, NLP, MLOps",Startup
9337,Deep Learning Engineer,Germany,Senior,139282,"NLP, SQL, PyTorch",Mid-size
9338,NLP Engineer,Germany,Mid,77147,"Python, Statistics, PyTorch",Startup
9339,Computer Vision Engineer,India,Entry,18096,"MLOps, Data Visualization, Python",Mid-size
9340,ML Engineer,India,Mid,29340,"SQL, NLP, PyTorch",Mid-size
9341,Data Analyst,Canada,Lead,208118,"TensorFlow, PyTorch, MLOps",Mid-size
9342,AI Engineer,USA,Mid,106687,"Computer Vision, NLP, TensorFlow",Mid-size
9343,ML Engineer,India,Senior,50473,"MLOps, PyTorch, TensorFlow",Mid-size
9344,ML Engineer,UK,Lead,186178,"Data Visualization, Deep Learning, Statistics",Startup
9345,Data Scientist,Australia,Entry,28780,"Python, TensorFlow, Deep Learning",Startup
9346,Research Scientist,Canada,Senior,99089,"SQL, TensorFlow, PyTorch",Startup
9347,NLP Engineer,Germany,Entry,28408,"Python, Statistics, SQL",Mid-size
9348,Data Analyst,USA,Mid,90202,"NLP, Data Visualization, Statistics",Mid-size
9349,Data Analyst,Germany,Entry,43452,"Data Visualization, Deep Learning, NLP",Startup
9350,AI Engineer,India,Mid,21859,"MLOps, SQL, Data Visualization",Enterprise
9351,Data Scientist,Australia,Lead,186102,"Computer Vision, NLP, PyTorch",Mid-size
9352,Computer Vision Engineer,Canada,Mid,71878,"Deep Learning, MLOps, Python",Mid-size
9353,Deep Learning Engineer,USA,Senior,128551,"NLP, Data Visualization, PyTorch",Enterprise
9354,Deep Learning Engineer,UK,Lead,192423,"PyTorch, SQL, Data Visualization",Mid-size
9355,NLP Engineer,UK,Mid,81074,"PyTorch, Data Visualization, Deep Learning",Startup
9356,Research Scientist,UK,Mid,51479,"Statistics, Computer Vision, Deep Learning",Startup
9357,Computer Vision Engineer,Australia,Mid,79019,"Computer Vision, Deep Learning, Data Visualization",Startup
9358,Research Scientist,India,Mid,35076,"Computer Vision, Python, MLOps",Startup
9359,ML Engineer,Australia,Senior,101459,"Python, MLOps, SQL",Startup
9360,Data Analyst,Australia,Senior,104186,"TensorFlow, SQL, Data Visualization",Startup
9361,Research Scientist,India,Lead,67026,"PyTorch, Data Visualization, Python",Startup
9362,Data Analyst,USA,Lead,188690,"Data Visualization, Statistics, TensorFlow",Mid-size
9363,NLP Engineer,Australia,Mid,75706,"PyTorch, SQL, Data Visualization",Mid-size
9364,Data Scientist,USA,Entry,44278,"Statistics, Data Visualization, PyTorch",Mid-size
9365,NLP Engineer,Germany,Mid,65436,"SQL, Data Visualization, NLP",Startup
9366,Data Scientist,Canada,Senior,109176,"TensorFlow, Deep Learning, Data Visualization",Mid-size
9367,Data Analyst,USA,Mid,87453,"MLOps, Computer Vision, Statistics",Startup
9368,Computer Vision Engineer,USA,Senior,143893,"NLP, Data Visualization, SQL",Mid-size
9369,AI Engineer,Canada,Lead,157886,"Deep Learning, Statistics, Python",Startup
9370,ML Engineer,Australia,Mid,95491,"Computer Vision, NLP, SQL",Startup
9371,Deep Learning Engineer,Canada,Senior,143551,"MLOps, Data Visualization, Computer Vision",Mid-size
9372,ML Engineer,Canada,Senior,105457,"Statistics, PyTorch, SQL",Enterprise
9373,Deep Learning Engineer,India,Entry,14186,"Python, NLP, PyTorch",Mid-size
9374,Computer Vision Engineer,Germany,Entry,46098,"Statistics, Deep Learning, SQL",Startup
9375,Deep Learning Engineer,Australia,Lead,197279,"Computer Vision, MLOps, PyTorch",Startup
9376,Computer Vision Engineer,UK,Mid,58884,"TensorFlow, Deep Learning, SQL",Startup
9377,Data Analyst,UK,Entry,46065,"SQL, TensorFlow, PyTorch",Enterprise
9378,Computer Vision Engineer,India,Entry,12720,"Data Visualization, PyTorch, NLP",Enterprise
9379,Deep Learning Engineer,Australia,Senior,150041,"Computer Vision, SQL, Python",Startup
9380,Research Scientist,UK,Lead,151654,"SQL, TensorFlow, Data Visualization",Mid-size
9381,Data Analyst,Canada,Senior,153435,"NLP, SQL, Deep Learning",Startup
9382,Research Scientist,Germany,Mid,64370,"NLP, Data Visualization, Computer Vision",Enterprise
9383,Computer Vision Engineer,Canada,Senior,149619,"MLOps, Statistics, Python",Enterprise
9384,Data Scientist,India,Senior,36124,"MLOps, SQL, Computer Vision",Mid-size
9385,Research Scientist,India,Entry,15195,"TensorFlow, SQL, MLOps",Startup
9386,AI Engineer,UK,Entry,41225,"MLOps, Data Visualization, NLP",Startup
9387,Data Analyst,India,Entry,8198,"SQL, NLP, Statistics",Enterprise
9388,NLP Engineer,India,Mid,22364,"NLP, Deep Learning, SQL",Startup
9389,Research Scientist,UK,Entry,20576,"PyTorch, Statistics, Data Visualization",Mid-size
9390,Computer Vision Engineer,Canada,Senior,126889,"MLOps, Deep Learning, TensorFlow",Mid-size
9391,Data Scientist,Australia,Mid,56082,"NLP, Statistics, PyTorch",Startup
9392,Data Scientist,Germany,Mid,83299,"TensorFlow, NLP, Data Visualization",Mid-size
9393,Deep Learning Engineer,Australia,Senior,117639,"PyTorch, Deep Learning, Data Visualization",Startup
9394,NLP Engineer,Germany,Lead,141292,"Statistics, Python, Computer Vision",Enterprise
9395,Computer Vision Engineer,Germany,Entry,40494,"TensorFlow, NLP, Computer Vision",Enterprise
9396,ML Engineer,Australia,Mid,93674,"Computer Vision, TensorFlow, Data Visualization",Enterprise
9397,Data Scientist,India,Mid,34663,"SQL, Deep Learning, NLP",Startup
9398,Deep Learning Engineer,UK,Lead,147553,"Data Visualization, TensorFlow, NLP",Mid-size
9399,Data Analyst,UK,Lead,180837,"Statistics, SQL, TensorFlow",Startup
9400,AI Engineer,India,Mid,24690,"NLP, Computer Vision, Data Visualization",Enterprise
9401,NLP Engineer,Germany,Mid,50092,"Statistics, Python, NLP",Startup
9402,NLP Engineer,Germany,Entry,21677,"Deep Learning, Computer Vision, NLP",Mid-size
9403,ML Engineer,India,Entry,9545,"Computer Vision, Python, SQL",Mid-size
9404,Data Scientist,UK,Mid,87355,"Python, SQL, NLP",Mid-size
9405,Computer Vision Engineer,UK,Mid,60169,"NLP, MLOps, TensorFlow",Mid-size
9406,Data Scientist,Germany,Lead,150030,"TensorFlow, SQL, Statistics",Mid-size
9407,Data Scientist,Germany,Senior,132623,"MLOps, Data Visualization, Python",Startup
9408,ML Engineer,Germany,Entry,31395,"Python, TensorFlow, Data Visualization",Startup
9409,Computer Vision Engineer,India,Entry,15371,"PyTorch, TensorFlow, Python",Mid-size
9410,ML Engineer,Canada,Entry,47687,"SQL, Computer Vision, Data Visualization",Startup
9411,AI Engineer,Germany,Mid,50797,"MLOps, Python, SQL",Enterprise
9412,Deep Learning Engineer,Canada,Entry,30042,"Deep Learning, TensorFlow, Statistics",Startup
9413,ML Engineer,Germany,Entry,29819,"TensorFlow, Python, SQL",Enterprise
9414,Research Scientist,USA,Entry,50427,"Data Visualization, Python, PyTorch",Mid-size
9415,ML Engineer,Canada,Mid,98857,"Computer Vision, TensorFlow, MLOps",Enterprise
9416,Computer Vision Engineer,Australia,Senior,136636,"Statistics, MLOps, Data Visualization",Enterprise
9417,Data Scientist,UK,Entry,32651,"Computer Vision, MLOps, Python",Enterprise
9418,Research Scientist,Germany,Senior,98985,"PyTorch, Deep Learning, Data Visualization",Enterprise
9419,Computer Vision Engineer,UK,Mid,72897,"Computer Vision, MLOps, SQL",Startup
9420,Deep Learning Engineer,Australia,Entry,41573,"PyTorch, TensorFlow, Computer Vision",Startup
9421,AI Engineer,USA,Mid,104688,"Deep Learning, NLP, SQL",Startup
9422,Deep Learning Engineer,USA,Senior,126181,"Deep Learning, Data Visualization, Computer Vision",Mid-size
9423,NLP Engineer,India,Entry,18696,"MLOps, Data Visualization, Computer Vision",Mid-size
9424,Deep Learning Engineer,Australia,Mid,89813,"Computer Vision, TensorFlow, Deep Learning",Enterprise
9425,ML Engineer,Germany,Mid,52346,"NLP, SQL, PyTorch",Enterprise
9426,Research Scientist,UK,Mid,70490,"Statistics, SQL, Computer Vision",Startup
9427,Deep Learning Engineer,USA,Lead,176762,"Deep Learning, Computer Vision, NLP",Enterprise
9428,Computer Vision Engineer,UK,Entry,41876,"SQL, Computer Vision, Data Visualization",Mid-size
9429,Data Scientist,Australia,Mid,55397,"Deep Learning, MLOps, NLP",Mid-size
9430,Deep Learning Engineer,India,Lead,62774,"SQL, Data Visualization, Python",Startup
9431,Deep Learning Engineer,Canada,Mid,70198,"MLOps, PyTorch, SQL",Startup
9432,Data Analyst,Canada,Entry,29096,"TensorFlow, Computer Vision, Statistics",Mid-size
9433,ML Engineer,UK,Mid,73809,"Statistics, MLOps, Python",Startup
9434,Research Scientist,Australia,Senior,129400,"SQL, NLP, Python",Startup
9435,AI Engineer,USA,Mid,95877,"Python, Computer Vision, SQL",Startup
9436,Data Analyst,Germany,Mid,71708,"SQL, PyTorch, Statistics",Mid-size
9437,NLP Engineer,Canada,Entry,50013,"SQL, Python, Data Visualization",Enterprise
9438,ML Engineer,USA,Lead,238274,"Python, Computer Vision, TensorFlow",Enterprise
9439,Computer Vision Engineer,USA,Lead,195796,"SQL, Python, Statistics",Enterprise
9440,Data Scientist,India,Entry,9239,"PyTorch, MLOps, Data Visualization",Enterprise
9441,NLP Engineer,Australia,Entry,33008,"PyTorch, NLP, TensorFlow",Enterprise
9442,AI Engineer,Australia,Lead,184004,"Python, PyTorch, MLOps",Startup
9443,Research Scientist,Germany,Senior,93138,"Computer Vision, SQL, Statistics",Mid-size
9444,NLP Engineer,Germany,Mid,53162,"Data Visualization, TensorFlow, PyTorch",Startup
9445,Data Analyst,Australia,Lead,167247,"Deep Learning, Python, Computer Vision",Startup
9446,ML Engineer,USA,Mid,102601,"Python, PyTorch, NLP",Enterprise
9447,Deep Learning Engineer,UK,Lead,162524,"NLP, SQL, MLOps",Enterprise
9448,ML Engineer,India,Entry,17441,"PyTorch, Data Visualization, SQL",Startup
9449,Data Scientist,UK,Lead,177443,"Deep Learning, Statistics, TensorFlow",Startup
9450,Research Scientist,India,Senior,49611,"PyTorch, Computer Vision, Deep Learning",Startup
9451,Data Scientist,Australia,Lead,157172,"SQL, Python, PyTorch",Startup
9452,Computer Vision Engineer,India,Lead,60584,"PyTorch, Deep Learning, Computer Vision",Enterprise
9453,Deep Learning Engineer,Germany,Entry,30234,"Statistics, Data Visualization, Computer Vision",Startup
9454,Data Analyst,UK,Entry,34137,"TensorFlow, Statistics, Computer Vision",Startup
9455,Data Scientist,India,Mid,35341,"Deep Learning, SQL, PyTorch",Startup
9456,Data Scientist,Australia,Entry,32435,"Deep Learning, Python, Computer Vision",Enterprise
9457,NLP Engineer,UK,Senior,130937,"NLP, Deep Learning, Python",Startup
9458,Deep Learning Engineer,UK,Lead,150943,"MLOps, SQL, PyTorch",Enterprise
9459,ML Engineer,Canada,Mid,74057,"MLOps, SQL, Data Visualization",Mid-size
9460,Data Analyst,India,Entry,16044,"MLOps, Python, Deep Learning",Startup
9461,Data Analyst,Germany,Senior,98505,"Computer Vision, Python, Statistics",Enterprise
9462,Data Scientist,USA,Entry,35250,"Computer Vision, SQL, Statistics",Startup
9463,AI Engineer,USA,Entry,28418,"Computer Vision, Python, TensorFlow",Mid-size
9464,AI Engineer,Germany,Senior,104234,"MLOps, PyTorch, Python",Enterprise
9465,Data Analyst,Canada,Entry,35077,"PyTorch, MLOps, Python",Startup
9466,Computer Vision Engineer,USA,Senior,122895,"MLOps, SQL, TensorFlow",Mid-size
9467,Data Scientist,Canada,Senior,113586,"PyTorch, Python, Deep Learning",Mid-size
9468,Deep Learning Engineer,Canada,Lead,175211,"Deep Learning, Statistics, TensorFlow",Mid-size
9469,Research Scientist,Canada,Senior,114310,"TensorFlow, Computer Vision, SQL",Enterprise
9470,ML Engineer,Australia,Entry,44237,"SQL, Computer Vision, MLOps",Mid-size
9471,Research Scientist,UK,Senior,91066,"Statistics, Deep Learning, Data Visualization",Enterprise
9472,Computer Vision Engineer,Germany,Senior,99457,"NLP, PyTorch, Python",Mid-size
9473,Computer Vision Engineer,UK,Senior,112594,"Computer Vision, TensorFlow, MLOps",Startup
9474,NLP Engineer,Germany,Mid,51142,"TensorFlow, Statistics, SQL",Enterprise
9475,Data Analyst,UK,Entry,26374,"SQL, MLOps, NLP",Startup
9476,Computer Vision Engineer,Canada,Lead,181425,"Data Visualization, Computer Vision, Python",Mid-size
9477,ML Engineer,Canada,Mid,80952,"TensorFlow, MLOps, NLP",Enterprise
9478,NLP Engineer,Canada,Senior,128223,"Computer Vision, MLOps, NLP",Mid-size
9479,AI Engineer,USA,Senior,128718,"PyTorch, SQL, Computer Vision",Startup
9480,AI Engineer,USA,Lead,202936,"Statistics, NLP, TensorFlow",Startup
9481,Deep Learning Engineer,Germany,Entry,33211,"Deep Learning, Data Visualization, Python",Mid-size
9482,AI Engineer,Canada,Senior,139954,"Python, SQL, PyTorch",Enterprise
9483,Data Analyst,USA,Mid,76869,"SQL, MLOps, Deep Learning",Enterprise
9484,Data Scientist,India,Lead,65565,"NLP, Statistics, Deep Learning",Startup
9485,ML Engineer,Germany,Mid,78695,"SQL, Computer Vision, TensorFlow",Mid-size
9486,Computer Vision Engineer,India,Lead,74363,"Computer Vision, NLP, MLOps",Enterprise
9487,ML Engineer,India,Mid,20831,"Deep Learning, MLOps, Data Visualization",Startup
9488,Computer Vision Engineer,USA,Senior,136076,"Computer Vision, MLOps, NLP",Enterprise
9489,AI Engineer,USA,Lead,179995,"Computer Vision, Data Visualization, PyTorch",Startup
9490,ML Engineer,India,Lead,64018,"NLP, SQL, PyTorch",Enterprise
9491,ML Engineer,Australia,Lead,188454,"TensorFlow, MLOps, NLP",Mid-size
9492,Deep Learning Engineer,Australia,Senior,115640,"SQL, TensorFlow, PyTorch",Mid-size
9493,Research Scientist,India,Entry,8792,"NLP, Python, PyTorch",Mid-size
9494,AI Engineer,Canada,Entry,36570,"Deep Learning, NLP, Data Visualization",Startup
9495,Data Analyst,Canada,Senior,145679,"NLP, Deep Learning, Computer Vision",Startup
9496,Data Analyst,Germany,Lead,161259,"TensorFlow, Computer Vision, Data Visualization",Mid-size
9497,Data Scientist,Canada,Mid,62794,"Deep Learning, Statistics, TensorFlow",Startup
9498,Deep Learning Engineer,India,Entry,14556,"SQL, Computer Vision, Python",Enterprise
9499,ML Engineer,Canada,Mid,73785,"Statistics, Computer Vision, MLOps",Enterprise
9500,AI Engineer,Germany,Entry,47541,"Data Visualization, TensorFlow, PyTorch",Enterprise
9501,Research Scientist,USA,Senior,156732,"TensorFlow, Python, Deep Learning",Startup
9502,Data Scientist,India,Senior,47564,"Python, Deep Learning, Statistics",Enterprise
9503,Data Scientist,Australia,Entry,43860,"Data Visualization, PyTorch, Statistics",Startup
9504,NLP Engineer,USA,Entry,26222,"Statistics, MLOps, NLP",Mid-size
9505,ML Engineer,Germany,Entry,45386,"NLP, TensorFlow, Computer Vision",Enterprise
9506,Data Analyst,Canada,Lead,212797,"Computer Vision, TensorFlow, NLP",Startup
9507,NLP Engineer,Australia,Senior,142094,"SQL, Deep Learning, Statistics",Startup
9508,Computer Vision Engineer,UK,Mid,54134,"Python, Data Visualization, Deep Learning",Mid-size
9509,Deep Learning Engineer,UK,Mid,88916,"PyTorch, MLOps, Statistics",Startup
9510,NLP Engineer,Germany,Entry,25791,"NLP, Statistics, Python",Startup
9511,AI Engineer,Canada,Mid,71502,"SQL, Deep Learning, Statistics",Startup
9512,NLP Engineer,UK,Mid,75151,"Data Visualization, Python, SQL",Startup
9513,Data Scientist,USA,Lead,211791,"Deep Learning, NLP, Computer Vision",Mid-size
9514,Deep Learning Engineer,Canada,Lead,168362,"Data Visualization, Statistics, Python",Enterprise
9515,NLP Engineer,Canada,Senior,141922,"TensorFlow, Data Visualization, PyTorch",Mid-size
9516,ML Engineer,USA,Lead,221335,"PyTorch, Computer Vision, TensorFlow",Mid-size
9517,ML Engineer,Germany,Senior,131582,"PyTorch, Deep Learning, MLOps",Mid-size
9518,NLP Engineer,USA,Entry,37774,"SQL, MLOps, Statistics",Startup
9519,Deep Learning Engineer,Australia,Entry,49119,"MLOps, Computer Vision, Statistics",Startup
9520,Deep Learning Engineer,Germany,Entry,39612,"Computer Vision, MLOps, Statistics",Mid-size
9521,Computer Vision Engineer,Australia,Lead,197982,"NLP, Data Visualization, MLOps",Enterprise
9522,ML Engineer,UK,Entry,36544,"MLOps, Python, NLP",Enterprise
9523,Research Scientist,Canada,Entry,33663,"SQL, Deep Learning, MLOps",Startup
9524,Deep Learning Engineer,India,Entry,17420,"Data Visualization, NLP, Deep Learning",Mid-size
9525,NLP Engineer,Canada,Lead,205428,"NLP, Data Visualization, Computer Vision",Enterprise
9526,ML Engineer,India,Entry,8608,"NLP, Deep Learning, PyTorch",Enterprise
9527,NLP Engineer,USA,Mid,99193,"SQL, MLOps, NLP",Mid-size
9528,Data Scientist,Germany,Lead,159464,"Python, SQL, Data Visualization",Mid-size
9529,Research Scientist,India,Entry,11175,"NLP, Data Visualization, SQL",Enterprise
9530,Data Analyst,Germany,Lead,166511,"Computer Vision, SQL, PyTorch",Startup
9531,NLP Engineer,India,Lead,78093,"Data Visualization, NLP, MLOps",Mid-size
9532,Computer Vision Engineer,Germany,Lead,154549,"SQL, PyTorch, TensorFlow",Startup
9533,Research Scientist,UK,Senior,96996,"PyTorch, Deep Learning, Python",Startup
9534,Data Scientist,USA,Entry,41041,"Data Visualization, Python, Deep Learning",Mid-size
9535,Research Scientist,India,Lead,61051,"SQL, Computer Vision, NLP",Mid-size
9536,Deep Learning Engineer,USA,Entry,57812,"Python, SQL, TensorFlow",Enterprise
9537,Data Scientist,UK,Lead,150797,"TensorFlow, Python, Data Visualization",Mid-size
9538,ML Engineer,Canada,Entry,43453,"NLP, Python, Statistics",Startup
9539,Research Scientist,Germany,Mid,84762,"TensorFlow, NLP, MLOps",Enterprise
9540,Research Scientist,USA,Mid,80229,"SQL, Statistics, NLP",Mid-size
9541,Deep Learning Engineer,Germany,Senior,118441,"PyTorch, MLOps, TensorFlow",Startup
9542,Computer Vision Engineer,USA,Mid,103542,"NLP, Data Visualization, SQL",Mid-size
9543,Research Scientist,Australia,Senior,147695,"Statistics, MLOps, Computer Vision",Startup
9544,NLP Engineer,UK,Senior,101319,"Computer Vision, MLOps, TensorFlow",Mid-size
9545,Computer Vision Engineer,Australia,Lead,203602,"Deep Learning, Data Visualization, PyTorch",Mid-size
9546,Data Analyst,UK,Lead,191651,"SQL, Statistics, MLOps",Startup
9547,ML Engineer,Germany,Entry,44004,"NLP, Statistics, Python",Startup
9548,Data Analyst,USA,Senior,150805,"SQL, Data Visualization, Computer Vision",Mid-size
9549,AI Engineer,Germany,Entry,30960,"Deep Learning, SQL, MLOps",Mid-size
9550,Computer Vision Engineer,Germany,Mid,57825,"MLOps, Deep Learning, PyTorch",Enterprise
9551,Deep Learning Engineer,Canada,Entry,25528,"Computer Vision, MLOps, Python",Startup
9552,Research Scientist,UK,Senior,111480,"SQL, NLP, PyTorch",Mid-size
9553,Research Scientist,Canada,Mid,59876,"NLP, MLOps, Statistics",Mid-size
9554,ML Engineer,India,Entry,17723,"SQL, Deep Learning, TensorFlow",Startup
9555,Data Scientist,UK,Senior,114357,"Computer Vision, NLP, SQL",Enterprise
9556,Deep Learning Engineer,Germany,Senior,109208,"NLP, Computer Vision, Python",Mid-size
9557,Deep Learning Engineer,UK,Lead,167079,"Python, NLP, Deep Learning",Mid-size
9558,Data Analyst,Canada,Mid,79790,"Python, Data Visualization, Statistics",Startup
9559,Computer Vision Engineer,USA,Entry,48319,"SQL, TensorFlow, NLP",Mid-size
9560,AI Engineer,Canada,Lead,211453,"Computer Vision, TensorFlow, SQL",Mid-size
9561,Data Scientist,Germany,Lead,151149,"PyTorch, Data Visualization, Computer Vision",Mid-size
9562,NLP Engineer,USA,Entry,57435,"NLP, PyTorch, Data Visualization",Mid-size
9563,ML Engineer,USA,Entry,44204,"Statistics, Data Visualization, NLP",Enterprise
9564,NLP Engineer,India,Lead,69908,"NLP, PyTorch, Data Visualization",Startup
9565,Deep Learning Engineer,Australia,Lead,170833,"MLOps, Deep Learning, SQL",Startup
9566,AI Engineer,India,Entry,18028,"Deep Learning, TensorFlow, Computer Vision",Enterprise
9567,Data Scientist,Australia,Mid,93058,"MLOps, Computer Vision, NLP",Enterprise
9568,Computer Vision Engineer,Canada,Senior,119188,"NLP, TensorFlow, Python",Startup
9569,ML Engineer,USA,Mid,103736,"Statistics, Python, NLP",Startup
9570,Research Scientist,UK,Senior,116032,"Computer Vision, PyTorch, Statistics",Startup
9571,Data Scientist,Canada,Senior,144760,"Computer Vision, NLP, MLOps",Enterprise
9572,Research Scientist,Australia,Mid,96723,"Data Visualization, NLP, Statistics",Enterprise
9573,Deep Learning Engineer,Australia,Entry,54159,"NLP, TensorFlow, Deep Learning",Mid-size
9574,Data Analyst,Australia,Lead,185758,"SQL, TensorFlow, Statistics",Enterprise
9575,NLP Engineer,USA,Entry,57085,"Computer Vision, Data Visualization, Deep Learning",Mid-size
9576,ML Engineer,Germany,Senior,118008,"Computer Vision, Deep Learning, Data Visualization",Enterprise
9577,AI Engineer,UK,Mid,52215,"Statistics, PyTorch, MLOps",Startup
9578,Deep Learning Engineer,UK,Entry,45403,"Deep Learning, Python, SQL",Mid-size
9579,AI Engineer,Canada,Senior,102875,"Computer Vision, MLOps, NLP",Mid-size
9580,Computer Vision Engineer,Germany,Mid,83787,"Computer Vision, MLOps, SQL",Mid-size
9581,Computer Vision Engineer,Australia,Mid,69719,"Python, NLP, Computer Vision",Startup
9582,ML Engineer,Germany,Mid,85753,"Computer Vision, Python, Statistics",Enterprise
9583,Research Scientist,Canada,Entry,41280,"SQL, Deep Learning, PyTorch",Startup
9584,Data Analyst,Canada,Mid,57732,"SQL, PyTorch, Deep Learning",Mid-size
9585,NLP Engineer,Australia,Entry,39837,"MLOps, Data Visualization, NLP",Mid-size
9586,NLP Engineer,Germany,Mid,72012,"Python, Deep Learning, PyTorch",Mid-size
9587,ML Engineer,Germany,Lead,175704,"SQL, Data Visualization, TensorFlow",Enterprise
9588,AI Engineer,Germany,Lead,154330,"Python, MLOps, SQL",Startup
9589,Computer Vision Engineer,UK,Mid,59747,"TensorFlow, Statistics, Deep Learning",Startup
9590,Data Analyst,USA,Senior,136128,"SQL, Data Visualization, MLOps",Mid-size
9591,ML Engineer,USA,Senior,164900,"Deep Learning, NLP, Statistics",Enterprise
9592,Data Scientist,UK,Mid,51613,"Data Visualization, SQL, TensorFlow",Enterprise
9593,Data Analyst,Germany,Senior,135023,"Computer Vision, Statistics, Python",Enterprise
9594,NLP Engineer,Australia,Entry,35288,"SQL, Deep Learning, MLOps",Mid-size
9595,ML Engineer,UK,Senior,116285,"MLOps, PyTorch, Computer Vision",Mid-size
9596,Research Scientist,Australia,Senior,148509,"Statistics, MLOps, TensorFlow",Enterprise
9597,AI Engineer,Germany,Mid,79337,"MLOps, Data Visualization, TensorFlow",Startup
9598,Computer Vision Engineer,UK,Mid,54620,"NLP, Deep Learning, MLOps",Startup
9599,Research Scientist,Germany,Entry,48647,"Data Visualization, MLOps, PyTorch",Mid-size
9600,Computer Vision Engineer,India,Senior,36023,"Data Visualization, Deep Learning, Python",Startup
9601,Computer Vision Engineer,Australia,Entry,46841,"Computer Vision, PyTorch, Deep Learning",Mid-size
9602,Research Scientist,Canada,Lead,219214,"SQL, Deep Learning, NLP",Startup
9603,Computer Vision Engineer,Germany,Entry,25686,"Computer Vision, Deep Learning, MLOps",Startup
9604,Research Scientist,Australia,Mid,98282,"Computer Vision, Python, MLOps",Mid-size
9605,AI Engineer,UK,Lead,182042,"MLOps, Computer Vision, TensorFlow",Startup
9606,AI Engineer,UK,Mid,75509,"Data Visualization, PyTorch, MLOps",Startup
9607,AI Engineer,Canada,Senior,150208,"TensorFlow, SQL, MLOps",Enterprise
9608,Computer Vision Engineer,India,Senior,47478,"MLOps, SQL, PyTorch",Enterprise
9609,ML Engineer,India,Senior,44591,"Deep Learning, MLOps, TensorFlow",Mid-size
9610,NLP Engineer,Germany,Senior,132241,"Python, PyTorch, TensorFlow",Startup
9611,Computer Vision Engineer,Germany,Lead,147644,"NLP, Deep Learning, Python",Enterprise
9612,AI Engineer,UK,Lead,155185,"TensorFlow, Deep Learning, NLP",Startup
9613,NLP Engineer,UK,Entry,27285,"SQL, Computer Vision, PyTorch",Enterprise
9614,Data Scientist,USA,Mid,95804,"MLOps, Computer Vision, NLP",Mid-size
9615,ML Engineer,India,Senior,36393,"MLOps, Computer Vision, PyTorch",Enterprise
9616,NLP Engineer,USA,Mid,86163,"Deep Learning, Data Visualization, Statistics",Enterprise
9617,ML Engineer,USA,Entry,33057,"TensorFlow, MLOps, Python",Mid-size
9618,Deep Learning Engineer,India,Entry,14847,"TensorFlow, NLP, PyTorch",Startup
9619,NLP Engineer,UK,Entry,36779,"Data Visualization, SQL, Computer Vision",Startup
9620,Deep Learning Engineer,Australia,Lead,180017,"SQL, Computer Vision, NLP",Mid-size
9621,Computer Vision Engineer,USA,Entry,50713,"SQL, NLP, TensorFlow",Enterprise
9622,Data Scientist,Australia,Lead,168654,"Computer Vision, Statistics, TensorFlow",Enterprise
9623,NLP Engineer,USA,Senior,166429,"Data Visualization, Computer Vision, PyTorch",Enterprise
9624,ML Engineer,Australia,Mid,86641,"Statistics, Data Visualization, NLP",Enterprise
9625,AI Engineer,Australia,Senior,115918,"Computer Vision, Python, Deep Learning",Startup
9626,Data Analyst,Australia,Senior,106586,"Python, MLOps, PyTorch",Startup
9627,AI Engineer,Germany,Mid,63870,"PyTorch, Python, Statistics",Mid-size
9628,Computer Vision Engineer,Germany,Entry,39880,"MLOps, NLP, Python",Enterprise
9629,Deep Learning Engineer,USA,Entry,59511,"MLOps, SQL, Statistics",Mid-size
9630,ML Engineer,Australia,Entry,44710,"Statistics, Computer Vision, TensorFlow",Mid-size
9631,Data Analyst,Australia,Mid,58677,"Data Visualization, Python, SQL",Enterprise
9632,ML Engineer,Germany,Mid,87096,"PyTorch, Python, Statistics",Startup
9633,AI Engineer,USA,Senior,154065,"SQL, PyTorch, Data Visualization",Startup
9634,Computer Vision Engineer,Canada,Mid,92411,"NLP, Deep Learning, PyTorch",Startup
9635,Deep Learning Engineer,Australia,Senior,104277,"NLP, Statistics, PyTorch",Enterprise
9636,AI Engineer,Canada,Senior,120085,"Computer Vision, SQL, Python",Mid-size
9637,ML Engineer,Australia,Mid,96233,"NLP, MLOps, Computer Vision",Startup
9638,Research Scientist,USA,Senior,158736,"Deep Learning, PyTorch, NLP",Enterprise
9639,AI Engineer,Australia,Entry,42322,"SQL, Data Visualization, Computer Vision",Startup
9640,Computer Vision Engineer,UK,Senior,128508,"NLP, TensorFlow, Python",Startup
9641,Deep Learning Engineer,India,Entry,18021,"SQL, Computer Vision, MLOps",Startup
9642,Data Scientist,Australia,Senior,149422,"TensorFlow, Deep Learning, NLP",Enterprise
9643,ML Engineer,Australia,Lead,206904,"PyTorch, Computer Vision, Deep Learning",Enterprise
9644,NLP Engineer,Canada,Mid,56128,"Python, Computer Vision, Statistics",Enterprise
9645,Research Scientist,Canada,Mid,85677,"NLP, TensorFlow, Computer Vision",Startup
9646,Computer Vision Engineer,Germany,Lead,162426,"Computer Vision, SQL, Data Visualization",Mid-size
9647,Data Analyst,Canada,Lead,154723,"Data Visualization, Computer Vision, Deep Learning",Startup
9648,Data Analyst,USA,Mid,101151,"Computer Vision, Statistics, NLP",Enterprise
9649,Deep Learning Engineer,USA,Entry,33350,"Computer Vision, Statistics, Data Visualization",Mid-size
9650,Research Scientist,Australia,Senior,152143,"MLOps, Deep Learning, PyTorch",Mid-size
9651,ML Engineer,UK,Lead,145247,"Deep Learning, Statistics, SQL",Mid-size
9652,Data Scientist,Germany,Mid,67007,"PyTorch, Computer Vision, Statistics",Enterprise
9653,Computer Vision Engineer,Australia,Lead,189048,"MLOps, NLP, Deep Learning",Enterprise
9654,Data Scientist,Australia,Mid,73858,"Python, NLP, SQL",Enterprise
9655,Deep Learning Engineer,Canada,Entry,51640,"SQL, Statistics, PyTorch",Startup
9656,Research Scientist,Germany,Mid,61865,"NLP, PyTorch, Deep Learning",Enterprise
9657,Research Scientist,UK,Entry,37866,"Data Visualization, Python, Deep Learning",Startup
9658,Research Scientist,Germany,Lead,159139,"MLOps, SQL, Data Visualization",Enterprise
9659,ML Engineer,Australia,Mid,82937,"NLP, Computer Vision, Python",Mid-size
9660,NLP Engineer,India,Lead,79515,"Deep Learning, Data Visualization, TensorFlow",Startup
9661,ML Engineer,Australia,Mid,89219,"Python, Computer Vision, Statistics",Mid-size
9662,Research Scientist,USA,Entry,49023,"MLOps, NLP, Data Visualization",Enterprise
9663,AI Engineer,Canada,Senior,135982,"Computer Vision, Statistics, Python",Enterprise
9664,Data Analyst,USA,Senior,122564,"SQL, Data Visualization, Computer Vision",Mid-size
9665,Deep Learning Engineer,Australia,Lead,173472,"Deep Learning, Statistics, MLOps",Enterprise
9666,ML Engineer,UK,Entry,36505,"SQL, NLP, MLOps",Mid-size
9667,Data Scientist,UK,Mid,79422,"PyTorch, Computer Vision, Data Visualization",Mid-size
9668,Data Scientist,USA,Senior,112693,"SQL, MLOps, Deep Learning",Mid-size
9669,Research Scientist,Germany,Senior,132350,"MLOps, Data Visualization, Computer Vision",Enterprise
9670,Deep Learning Engineer,USA,Entry,29851,"TensorFlow, NLP, Python",Mid-size
9671,Research Scientist,UK,Mid,65751,"Data Visualization, Deep Learning, MLOps",Mid-size
9672,NLP Engineer,India,Lead,78005,"SQL, Data Visualization, PyTorch",Startup
9673,Computer Vision Engineer,Australia,Lead,189594,"Python, NLP, Computer Vision",Startup
9674,Deep Learning Engineer,India,Lead,57542,"Python, NLP, MLOps",Mid-size
9675,AI Engineer,India,Entry,10505,"Data Visualization, Deep Learning, Python",Enterprise
9676,Deep Learning Engineer,Australia,Entry,37149,"Python, Deep Learning, Data Visualization",Mid-size
9677,Deep Learning Engineer,Australia,Entry,43348,"PyTorch, Deep Learning, Computer Vision",Startup
9678,Data Analyst,Australia,Mid,95661,"MLOps, PyTorch, Python",Startup
9679,AI Engineer,Germany,Senior,134883,"Python, Deep Learning, Statistics",Mid-size
9680,ML Engineer,Australia,Lead,193017,"Computer Vision, MLOps, TensorFlow",Startup
9681,Data Scientist,USA,Entry,31508,"MLOps, NLP, Deep Learning",Startup
9682,Deep Learning Engineer,UK,Lead,178760,"Deep Learning, NLP, MLOps",Enterprise
9683,Research Scientist,India,Lead,56562,"SQL, MLOps, PyTorch",Startup
9684,AI Engineer,Canada,Senior,116066,"TensorFlow, Python, NLP",Mid-size
9685,Computer Vision Engineer,Germany,Senior,98127,"NLP, TensorFlow, Computer Vision",Enterprise
9686,AI Engineer,UK,Mid,60740,"Computer Vision, MLOps, NLP",Enterprise
9687,Data Scientist,UK,Senior,125627,"NLP, Deep Learning, PyTorch",Enterprise
9688,Deep Learning Engineer,USA,Senior,148838,"NLP, Computer Vision, Data Visualization",Enterprise
9689,Deep Learning Engineer,Australia,Entry,40202,"TensorFlow, PyTorch, Statistics",Startup
9690,NLP Engineer,Germany,Lead,198721,"Computer Vision, Data Visualization, Python",Mid-size
9691,Data Scientist,UK,Senior,126740,"SQL, Deep Learning, NLP",Mid-size
9692,Data Scientist,Canada,Entry,30353,"Python, Deep Learning, Statistics",Startup
9693,Data Analyst,Australia,Lead,187132,"TensorFlow, Computer Vision, Python",Mid-size
9694,AI Engineer,Germany,Entry,26619,"NLP, Statistics, MLOps",Mid-size
9695,AI Engineer,USA,Lead,195936,"Statistics, Computer Vision, TensorFlow",Enterprise
9696,Data Analyst,Germany,Lead,194292,"MLOps, PyTorch, Statistics",Enterprise
9697,Deep Learning Engineer,Canada,Lead,210673,"TensorFlow, SQL, Python",Startup
9698,Computer Vision Engineer,USA,Senior,144559,"PyTorch, TensorFlow, Statistics",Mid-size
9699,Data Scientist,UK,Senior,134025,"Python, Deep Learning, PyTorch",Enterprise
9700,Research Scientist,India,Entry,12734,"SQL, Deep Learning, PyTorch",Startup
9701,NLP Engineer,Canada,Lead,179991,"MLOps, NLP, Deep Learning",Startup
9702,NLP Engineer,Australia,Entry,32067,"MLOps, PyTorch, Data Visualization",Startup
9703,AI Engineer,Australia,Entry,32908,"Data Visualization, MLOps, TensorFlow",Enterprise
9704,AI Engineer,UK,Entry,40714,"Computer Vision, TensorFlow, Python",Enterprise
9705,NLP Engineer,India,Lead,77092,"Statistics, TensorFlow, Data Visualization",Startup
9706,Data Scientist,Canada,Mid,79786,"MLOps, TensorFlow, SQL",Startup
9707,AI Engineer,India,Entry,16157,"Deep Learning, MLOps, Python",Enterprise
9708,Data Analyst,India,Mid,21858,"Data Visualization, Computer Vision, SQL",Startup
9709,Computer Vision Engineer,USA,Lead,222662,"MLOps, Python, TensorFlow",Mid-size
9710,Research Scientist,Canada,Senior,147127,"Deep Learning, Statistics, NLP",Mid-size
9711,Research Scientist,Germany,Senior,104793,"Computer Vision, Statistics, Deep Learning",Startup
9712,NLP Engineer,USA,Senior,130168,"TensorFlow, Python, Computer Vision",Enterprise
9713,Data Scientist,India,Mid,26601,"PyTorch, Python, Statistics",Mid-size
9714,Deep Learning Engineer,India,Lead,64178,"PyTorch, NLP, Computer Vision",Enterprise
9715,NLP Engineer,India,Entry,8181,"Deep Learning, SQL, MLOps",Startup
9716,Deep Learning Engineer,USA,Lead,238444,"NLP, Statistics, TensorFlow",Enterprise
9717,Data Scientist,USA,Mid,95808,"Deep Learning, Data Visualization, NLP",Mid-size
9718,Research Scientist,Germany,Senior,131156,"TensorFlow, NLP, MLOps",Enterprise
9719,Data Analyst,India,Mid,22698,"Python, NLP, SQL",Startup
9720,NLP Engineer,Canada,Senior,117170,"Statistics, NLP, SQL",Startup
9721,ML Engineer,India,Senior,41778,"TensorFlow, Python, MLOps",Startup
9722,NLP Engineer,USA,Mid,70272,"PyTorch, MLOps, SQL",Enterprise
9723,ML Engineer,Australia,Lead,159288,"Data Visualization, Computer Vision, NLP",Enterprise
9724,NLP Engineer,USA,Lead,188313,"NLP, Deep Learning, Computer Vision",Startup
9725,AI Engineer,Germany,Mid,73501,"Python, Data Visualization, MLOps",Startup
9726,Data Analyst,Canada,Senior,103931,"Statistics, Computer Vision, NLP",Mid-size
9727,Research Scientist,USA,Mid,107864,"Statistics, Computer Vision, Data Visualization",Mid-size
9728,Data Scientist,USA,Entry,36861,"Computer Vision, Statistics, TensorFlow",Startup
9729,Deep Learning Engineer,UK,Entry,32355,"Computer Vision, NLP, SQL",Enterprise
9730,Computer Vision Engineer,UK,Senior,114866,"Deep Learning, SQL, Python",Mid-size
9731,Data Analyst,India,Entry,11666,"Computer Vision, MLOps, Statistics",Mid-size
9732,Deep Learning Engineer,Australia,Mid,68165,"SQL, Deep Learning, NLP",Enterprise
9733,Deep Learning Engineer,Germany,Mid,64374,"Computer Vision, Data Visualization, Deep Learning",Enterprise
9734,Research Scientist,UK,Mid,83359,"NLP, Deep Learning, Statistics",Startup
9735,Data Scientist,USA,Entry,34834,"PyTorch, NLP, Computer Vision",Startup
9736,ML Engineer,Canada,Lead,219655,"Computer Vision, TensorFlow, SQL",Mid-size
9737,Research Scientist,Canada,Mid,93871,"Deep Learning, TensorFlow, Data Visualization",Startup
9738,Data Scientist,India,Senior,54446,"PyTorch, Statistics, Data Visualization",Startup
9739,Computer Vision Engineer,Canada,Lead,201781,"TensorFlow, Deep Learning, Statistics",Enterprise
9740,ML Engineer,Canada,Mid,57278,"Deep Learning, NLP, MLOps",Enterprise
9741,Computer Vision Engineer,USA,Lead,182218,"SQL, TensorFlow, Statistics",Startup
9742,Data Scientist,UK,Lead,162442,"Deep Learning, MLOps, PyTorch",Startup
9743,NLP Engineer,India,Entry,10652,"Data Visualization, Python, SQL",Mid-size
9744,Data Analyst,USA,Lead,194946,"SQL, Data Visualization, NLP",Enterprise
9745,Research Scientist,Australia,Mid,58433,"Data Visualization, SQL, Statistics",Startup
9746,AI Engineer,UK,Lead,168327,"Computer Vision, Deep Learning, Data Visualization",Startup
9747,ML Engineer,Canada,Lead,214025,"Statistics, Data Visualization, Python",Startup
9748,NLP Engineer,Australia,Entry,44167,"Python, TensorFlow, SQL",Startup
9749,Computer Vision Engineer,India,Senior,47660,"PyTorch, NLP, Data Visualization",Startup
9750,Deep Learning Engineer,Germany,Senior,128977,"PyTorch, Computer Vision, SQL",Startup
9751,NLP Engineer,Canada,Mid,81691,"Data Visualization, SQL, Python",Startup
9752,ML Engineer,Canada,Senior,122188,"TensorFlow, Deep Learning, Python",Startup
9753,Deep Learning Engineer,Canada,Lead,179142,"Deep Learning, Statistics, SQL",Enterprise
9754,Deep Learning Engineer,UK,Mid,78894,"NLP, MLOps, Computer Vision",Enterprise
9755,Data Scientist,India,Lead,70158,"PyTorch, Statistics, Python",Mid-size
9756,Deep Learning Engineer,UK,Senior,101007,"PyTorch, Statistics, NLP",Enterprise
9757,Data Scientist,Germany,Lead,188431,"Statistics, NLP, SQL",Enterprise
9758,ML Engineer,USA,Entry,29293,"Deep Learning, Data Visualization, TensorFlow",Startup
9759,Deep Learning Engineer,Canada,Senior,111202,"SQL, NLP, Data Visualization",Mid-size
9760,AI Engineer,UK,Entry,45036,"PyTorch, TensorFlow, Statistics",Startup
9761,Data Scientist,UK,Entry,46278,"Python, MLOps, PyTorch",Mid-size
9762,Computer Vision Engineer,India,Mid,25640,"Computer Vision, Deep Learning, Data Visualization",Startup
9763,Research Scientist,UK,Entry,29933,"TensorFlow, NLP, SQL",Mid-size
9764,ML Engineer,Canada,Senior,127112,"MLOps, Python, SQL",Startup
9765,Data Scientist,Canada,Entry,30278,"Python, NLP, MLOps",Mid-size
9766,NLP Engineer,Germany,Mid,56889,"Python, Computer Vision, SQL",Mid-size
9767,Deep Learning Engineer,UK,Lead,148052,"PyTorch, Deep Learning, MLOps",Startup
9768,NLP Engineer,UK,Entry,24870,"Python, Computer Vision, SQL",Startup
9769,NLP Engineer,India,Mid,27781,"TensorFlow, PyTorch, MLOps",Mid-size
9770,NLP Engineer,UK,Lead,156003,"TensorFlow, Computer Vision, MLOps",Startup
9771,Research Scientist,USA,Lead,212497,"NLP, PyTorch, SQL",Enterprise
9772,ML Engineer,Germany,Senior,107566,"Python, TensorFlow, PyTorch",Startup
9773,Deep Learning Engineer,Canada,Lead,189956,"PyTorch, NLP, Data Visualization",Enterprise
9774,Data Analyst,Australia,Lead,211916,"Python, MLOps, Data Visualization",Startup
9775,Deep Learning Engineer,Canada,Entry,42411,"MLOps, TensorFlow, PyTorch",Startup
9776,Deep Learning Engineer,UK,Senior,97081,"PyTorch, Computer Vision, TensorFlow",Enterprise
9777,NLP Engineer,UK,Lead,153771,"Statistics, SQL, Deep Learning",Mid-size
9778,Deep Learning Engineer,India,Senior,39107,"Python, Computer Vision, MLOps",Startup
9779,Data Scientist,USA,Senior,121962,"SQL, Data Visualization, Deep Learning",Startup
9780,Research Scientist,Canada,Mid,89064,"PyTorch, Data Visualization, MLOps",Startup
9781,NLP Engineer,UK,Entry,23191,"Data Visualization, Statistics, NLP",Enterprise
9782,NLP Engineer,India,Senior,37151,"Deep Learning, SQL, MLOps",Startup
9783,Computer Vision Engineer,UK,Entry,48301,"Computer Vision, SQL, PyTorch",Mid-size
9784,Data Scientist,UK,Entry,23109,"PyTorch, Python, SQL",Mid-size
9785,Research Scientist,Canada,Senior,136621,"Deep Learning, Data Visualization, TensorFlow",Enterprise
9786,NLP Engineer,USA,Senior,135896,"Computer Vision, Statistics, Python",Mid-size
9787,NLP Engineer,USA,Senior,166203,"SQL, TensorFlow, MLOps",Mid-size
9788,Deep Learning Engineer,Germany,Entry,34155,"Python, NLP, SQL",Enterprise
9789,NLP Engineer,India,Lead,61539,"PyTorch, Computer Vision, TensorFlow",Enterprise
9790,Computer Vision Engineer,Germany,Lead,178226,"SQL, Statistics, Deep Learning",Mid-size
9791,Computer Vision Engineer,Germany,Mid,72522,"Computer Vision, PyTorch, Data Visualization",Mid-size
9792,Data Analyst,Germany,Entry,38724,"Deep Learning, Statistics, TensorFlow",Enterprise
9793,Deep Learning Engineer,USA,Senior,135070,"Python, NLP, PyTorch",Startup
9794,Computer Vision Engineer,USA,Entry,37758,"Python, PyTorch, Data Visualization",Startup
9795,Data Analyst,Canada,Mid,91872,"PyTorch, Deep Learning, TensorFlow",Startup
9796,Computer Vision Engineer,India,Mid,21592,"Data Visualization, MLOps, Computer Vision",Mid-size
9797,Data Analyst,Canada,Entry,40537,"MLOps, Deep Learning, Computer Vision",Enterprise
9798,Data Analyst,UK,Mid,81803,"Statistics, Python, NLP",Startup
9799,Data Analyst,Australia,Entry,26516,"NLP, MLOps, SQL",Enterprise
9800,Research Scientist,India,Entry,17027,"TensorFlow, NLP, Data Visualization",Mid-size
9801,Deep Learning Engineer,UK,Entry,26395,"SQL, MLOps, Statistics",Mid-size
9802,Data Scientist,Germany,Lead,177569,"Computer Vision, SQL, Data Visualization",Startup
9803,Data Scientist,UK,Senior,128548,"SQL, Computer Vision, TensorFlow",Enterprise
9804,Deep Learning Engineer,Canada,Entry,34386,"Computer Vision, NLP, Data Visualization",Enterprise
9805,Deep Learning Engineer,Germany,Lead,157725,"Deep Learning, NLP, Computer Vision",Startup
9806,Research Scientist,Canada,Lead,160114,"TensorFlow, MLOps, Computer Vision",Enterprise
9807,Data Scientist,India,Senior,39482,"Statistics, Computer Vision, PyTorch",Mid-size
9808,ML Engineer,Australia,Mid,85820,"Data Visualization, Computer Vision, Deep Learning",Enterprise
9809,AI Engineer,Canada,Mid,95066,"SQL, TensorFlow, Data Visualization",Enterprise
9810,Computer Vision Engineer,Australia,Entry,42317,"SQL, Python, Deep Learning",Mid-size
9811,Deep Learning Engineer,India,Lead,73937,"Computer Vision, SQL, Statistics",Enterprise
9812,ML Engineer,Germany,Mid,85357,"MLOps, NLP, Deep Learning",Enterprise
9813,Data Scientist,USA,Lead,239379,"NLP, Data Visualization, TensorFlow",Mid-size
9814,Computer Vision Engineer,UK,Mid,67577,"NLP, SQL, Statistics",Mid-size
9815,Computer Vision Engineer,UK,Entry,22045,"TensorFlow, Data Visualization, Statistics",Mid-size
9816,Research Scientist,Australia,Senior,152386,"SQL, PyTorch, Deep Learning",Mid-size
9817,NLP Engineer,India,Mid,32854,"PyTorch, Computer Vision, NLP",Startup
9818,AI Engineer,India,Senior,45108,"MLOps, TensorFlow, SQL",Startup
9819,Data Scientist,Germany,Lead,194523,"Deep Learning, Python, Computer Vision",Enterprise
9820,Computer Vision Engineer,UK,Mid,63372,"Data Visualization, TensorFlow, Python",Mid-size
9821,Data Scientist,Canada,Mid,79867,"Data Visualization, Deep Learning, Computer Vision",Mid-size
9822,AI Engineer,Australia,Senior,110006,"Statistics, Computer Vision, MLOps",Enterprise
9823,Research Scientist,UK,Mid,75354,"Data Visualization, TensorFlow, SQL",Mid-size
9824,Deep Learning Engineer,UK,Entry,39226,"SQL, Data Visualization, Computer Vision",Startup
9825,Deep Learning Engineer,UK,Senior,136156,"Data Visualization, MLOps, NLP",Mid-size
9826,Computer Vision Engineer,Australia,Lead,159715,"TensorFlow, Data Visualization, Statistics",Startup
9827,Data Analyst,Germany,Lead,178966,"MLOps, Python, PyTorch",Enterprise
9828,Data Scientist,Canada,Mid,72561,"Data Visualization, Python, TensorFlow",Enterprise
9829,AI Engineer,Canada,Mid,84527,"NLP, Statistics, SQL",Mid-size
9830,Deep Learning Engineer,Australia,Senior,119783,"Deep Learning, PyTorch, Data Visualization",Mid-size
9831,Deep Learning Engineer,Canada,Mid,56920,"NLP, Statistics, TensorFlow",Mid-size
9832,Computer Vision Engineer,India,Senior,43641,"Deep Learning, Data Visualization, TensorFlow",Mid-size
9833,AI Engineer,Germany,Entry,35140,"PyTorch, Statistics, Python",Mid-size
9834,Computer Vision Engineer,Germany,Entry,39741,"MLOps, SQL, Computer Vision",Enterprise
9835,Data Scientist,USA,Entry,34399,"PyTorch, Computer Vision, NLP",Startup
9836,Data Analyst,India,Mid,22353,"Python, SQL, Data Visualization",Mid-size
9837,NLP Engineer,Germany,Mid,69998,"Statistics, MLOps, TensorFlow",Mid-size
9838,Data Analyst,Australia,Senior,142138,"Computer Vision, Python, PyTorch",Mid-size
9839,ML Engineer,UK,Senior,123750,"Python, SQL, Computer Vision",Enterprise
9840,ML Engineer,Canada,Entry,31815,"TensorFlow, NLP, Statistics",Startup
9841,Deep Learning Engineer,USA,Lead,172887,"PyTorch, MLOps, Statistics",Enterprise
9842,NLP Engineer,Germany,Mid,52234,"Computer Vision, Deep Learning, TensorFlow",Startup
9843,Research Scientist,Australia,Lead,180199,"Deep Learning, TensorFlow, MLOps",Startup
9844,Data Scientist,UK,Senior,119362,"PyTorch, NLP, Python",Enterprise
9845,Data Analyst,UK,Mid,80638,"SQL, MLOps, NLP",Enterprise
9846,Deep Learning Engineer,Germany,Mid,89807,"Computer Vision, Statistics, Python",Startup
9847,AI Engineer,Canada,Entry,35652,"TensorFlow, PyTorch, MLOps",Mid-size
9848,Data Analyst,India,Mid,20788,"Computer Vision, NLP, Deep Learning",Mid-size
9849,NLP Engineer,USA,Mid,80515,"MLOps, Data Visualization, NLP",Enterprise
9850,Data Analyst,UK,Lead,179240,"PyTorch, Data Visualization, NLP",Enterprise
9851,Computer Vision Engineer,UK,Entry,48660,"NLP, Python, PyTorch",Mid-size
9852,Deep Learning Engineer,UK,Entry,25124,"Data Visualization, Computer Vision, SQL",Enterprise
9853,Research Scientist,Germany,Mid,66976,"Statistics, Data Visualization, Computer Vision",Startup
9854,ML Engineer,Germany,Lead,196600,"TensorFlow, Data Visualization, SQL",Mid-size
9855,Data Analyst,Germany,Lead,140026,"PyTorch, Deep Learning, Python",Mid-size
9856,Deep Learning Engineer,India,Lead,56901,"NLP, SQL, Data Visualization",Startup
9857,Deep Learning Engineer,India,Entry,16010,"SQL, TensorFlow, Python",Startup
9858,ML Engineer,UK,Mid,51086,"Deep Learning, Python, NLP",Startup
9859,Research Scientist,UK,Entry,41451,"Statistics, Computer Vision, Python",Mid-size
9860,ML Engineer,Germany,Senior,109847,"Statistics, Python, PyTorch",Mid-size
9861,Research Scientist,USA,Entry,51366,"Statistics, TensorFlow, MLOps",Startup
9862,AI Engineer,Germany,Lead,160639,"Computer Vision, Python, MLOps",Mid-size
9863,NLP Engineer,Canada,Senior,126602,"Deep Learning, SQL, Statistics",Startup
9864,Data Analyst,Canada,Lead,204022,"Computer Vision, SQL, Data Visualization",Startup
9865,Computer Vision Engineer,Germany,Lead,193954,"Computer Vision, Statistics, Deep Learning",Mid-size
9866,AI Engineer,Germany,Lead,184936,"Computer Vision, Deep Learning, PyTorch",Startup
9867,NLP Engineer,Australia,Lead,181624,"Data Visualization, PyTorch, SQL",Enterprise
9868,Deep Learning Engineer,Germany,Mid,72016,"TensorFlow, Python, Deep Learning",Mid-size
9869,Data Analyst,UK,Entry,37445,"NLP, SQL, Statistics",Startup
9870,AI Engineer,Germany,Lead,170171,"PyTorch, SQL, Deep Learning",Startup
9871,AI Engineer,Australia,Senior,99333,"NLP, Data Visualization, Python",Startup
9872,ML Engineer,India,Lead,59618,"Deep Learning, Data Visualization, MLOps",Mid-size
9873,Data Analyst,UK,Lead,162664,"Deep Learning, NLP, MLOps",Startup
9874,NLP Engineer,UK,Mid,64025,"Deep Learning, TensorFlow, PyTorch",Startup
9875,AI Engineer,India,Lead,69148,"MLOps, Data Visualization, Python",Mid-size
9876,AI Engineer,Australia,Mid,81350,"Python, TensorFlow, NLP",Startup
9877,NLP Engineer,Australia,Entry,47360,"TensorFlow, PyTorch, NLP",Startup
9878,AI Engineer,USA,Senior,167809,"NLP, Statistics, PyTorch",Mid-size
9879,Deep Learning Engineer,UK,Entry,47222,"NLP, Data Visualization, Statistics",Mid-size
9880,AI Engineer,USA,Entry,41637,"Computer Vision, SQL, Statistics",Enterprise
9881,Computer Vision Engineer,Australia,Senior,123715,"Python, SQL, Computer Vision",Mid-size
9882,NLP Engineer,USA,Entry,32689,"PyTorch, Deep Learning, Python",Enterprise
9883,Data Scientist,Germany,Senior,102667,"Python, Computer Vision, Data Visualization",Enterprise
9884,ML Engineer,USA,Mid,65286,"PyTorch, Statistics, Deep Learning",Startup
9885,Data Scientist,UK,Mid,69697,"NLP, Python, Computer Vision",Enterprise
9886,Data Analyst,UK,Senior,125811,"Statistics, Python, Deep Learning",Startup
9887,AI Engineer,UK,Mid,69646,"SQL, Statistics, MLOps",Enterprise
9888,Data Scientist,India,Mid,34716,"SQL, NLP, Data Visualization",Enterprise
9889,AI Engineer,Germany,Lead,155103,"NLP, Deep Learning, Statistics",Enterprise
9890,Computer Vision Engineer,USA,Mid,96680,"Python, PyTorch, MLOps",Mid-size
9891,Computer Vision Engineer,Germany,Senior,93556,"MLOps, Statistics, PyTorch",Mid-size
9892,Research Scientist,Canada,Lead,171452,"PyTorch, SQL, MLOps",Mid-size
9893,Deep Learning Engineer,USA,Senior,126536,"PyTorch, SQL, Deep Learning",Enterprise
9894,Deep Learning Engineer,Germany,Senior,139696,"MLOps, Deep Learning, TensorFlow",Mid-size
9895,Data Scientist,Australia,Senior,136981,"MLOps, Computer Vision, TensorFlow",Enterprise
9896,Data Scientist,Canada,Lead,199145,"Statistics, Data Visualization, PyTorch",Enterprise
9897,Computer Vision Engineer,India,Entry,15048,"Python, PyTorch, Computer Vision",Enterprise
9898,AI Engineer,UK,Lead,182133,"Python, TensorFlow, PyTorch",Startup
9899,AI Engineer,UK,Entry,26005,"SQL, MLOps, TensorFlow",Enterprise
9900,ML Engineer,USA,Entry,46846,"Computer Vision, Data Visualization, SQL",Mid-size
9901,Data Analyst,Canada,Senior,117749,"PyTorch, Computer Vision, Statistics",Enterprise
9902,NLP Engineer,Germany,Mid,74587,"MLOps, Statistics, Python",Startup
9903,Deep Learning Engineer,Australia,Senior,110122,"SQL, MLOps, Deep Learning",Startup
9904,ML Engineer,Germany,Mid,71119,"PyTorch, SQL, Python",Startup
9905,ML Engineer,Canada,Entry,38729,"PyTorch, Deep Learning, MLOps",Enterprise
9906,Data Analyst,USA,Senior,159387,"Computer Vision, NLP, Python",Mid-size
9907,Deep Learning Engineer,UK,Entry,40654,"MLOps, Statistics, NLP",Startup
9908,AI Engineer,Canada,Entry,39519,"Python, Statistics, Data Visualization",Enterprise
9909,AI Engineer,USA,Lead,172056,"NLP, Statistics, Computer Vision",Mid-size
9910,Data Analyst,Germany,Lead,159560,"PyTorch, Statistics, Computer Vision",Mid-size
9911,Data Analyst,USA,Senior,163490,"Data Visualization, TensorFlow, PyTorch",Mid-size
9912,ML Engineer,India,Lead,74543,"MLOps, TensorFlow, Data Visualization",Enterprise
9913,AI Engineer,Australia,Entry,27964,"Python, PyTorch, NLP",Mid-size
9914,Research Scientist,USA,Senior,123025,"MLOps, Statistics, SQL",Enterprise
9915,Computer Vision Engineer,Germany,Mid,52978,"NLP, Statistics, SQL",Enterprise
9916,Deep Learning Engineer,India,Lead,61876,"PyTorch, MLOps, TensorFlow",Enterprise
9917,AI Engineer,India,Senior,40530,"TensorFlow, MLOps, Python",Enterprise
9918,AI Engineer,Germany,Mid,87950,"PyTorch, Computer Vision, TensorFlow",Startup
9919,ML Engineer,Canada,Senior,108670,"Python, Data Visualization, Deep Learning",Startup
9920,Research Scientist,UK,Lead,170860,"NLP, TensorFlow, Data Visualization",Startup
9921,Data Scientist,UK,Entry,46525,"MLOps, Computer Vision, Python",Startup
9922,AI Engineer,Australia,Senior,147644,"PyTorch, Deep Learning, NLP",Enterprise
9923,Computer Vision Engineer,USA,Mid,81943,"Computer Vision, PyTorch, NLP",Enterprise
9924,Deep Learning Engineer,Germany,Lead,164805,"PyTorch, Deep Learning, SQL",Enterprise
9925,Research Scientist,UK,Mid,57997,"PyTorch, Computer Vision, Statistics",Enterprise
9926,ML Engineer,USA,Mid,96609,"Data Visualization, Statistics, Deep Learning",Enterprise
9927,Computer Vision Engineer,USA,Mid,70228,"MLOps, SQL, Computer Vision",Startup
9928,Research Scientist,Australia,Entry,31567,"Deep Learning, SQL, TensorFlow",Startup
9929,Research Scientist,UK,Senior,135924,"Python, MLOps, Statistics",Enterprise
9930,NLP Engineer,UK,Lead,196335,"TensorFlow, Deep Learning, MLOps",Startup
9931,Research Scientist,Australia,Lead,182206,"TensorFlow, MLOps, Python",Startup
9932,AI Engineer,USA,Senior,128660,"Data Visualization, TensorFlow, Python",Startup
9933,NLP Engineer,USA,Lead,183206,"Python, PyTorch, TensorFlow",Enterprise
9934,Computer Vision Engineer,Australia,Senior,121056,"SQL, Python, Statistics",Enterprise
9935,Research Scientist,USA,Senior,158476,"SQL, MLOps, NLP",Enterprise
9936,Research Scientist,Australia,Lead,183113,"TensorFlow, Deep Learning, SQL",Mid-size
9937,Computer Vision Engineer,Australia,Entry,41454,"Data Visualization, Statistics, Computer Vision",Startup
9938,NLP Engineer,Germany,Senior,119333,"Python, MLOps, TensorFlow",Enterprise
9939,Deep Learning Engineer,UK,Entry,21260,"NLP, Deep Learning, Computer Vision",Mid-size
9940,Research Scientist,Canada,Mid,94602,"TensorFlow, MLOps, Statistics",Startup
9941,Deep Learning Engineer,Germany,Mid,70339,"Python, Statistics, Computer Vision",Startup
9942,Data Scientist,USA,Entry,40762,"Deep Learning, SQL, Statistics",Enterprise
9943,Deep Learning Engineer,Australia,Mid,91313,"Deep Learning, TensorFlow, Data Visualization",Startup
9944,Data Analyst,Canada,Mid,73296,"MLOps, NLP, Computer Vision",Startup
9945,Data Scientist,UK,Mid,55869,"SQL, Python, Deep Learning",Enterprise
9946,Computer Vision Engineer,Germany,Lead,161253,"SQL, NLP, Deep Learning",Enterprise
9947,ML Engineer,UK,Senior,115499,"NLP, PyTorch, Data Visualization",Enterprise
9948,Computer Vision Engineer,India,Mid,23600,"Computer Vision, TensorFlow, Python",Mid-size
9949,NLP Engineer,India,Entry,8850,"MLOps, PyTorch, Computer Vision",Mid-size
9950,AI Engineer,Australia,Lead,167035,"Computer Vision, Statistics, Data Visualization",Enterprise
9951,Data Scientist,Germany,Lead,160339,"NLP, Data Visualization, TensorFlow",Enterprise
9952,ML Engineer,USA,Senior,124899,"Deep Learning, Statistics, NLP",Mid-size
9953,Research Scientist,Canada,Entry,52291,"PyTorch, TensorFlow, Computer Vision",Startup
9954,Research Scientist,Germany,Lead,173144,"MLOps, PyTorch, SQL",Enterprise
9955,Computer Vision Engineer,India,Senior,50983,"SQL, NLP, TensorFlow",Enterprise
9956,Data Analyst,USA,Entry,25278,"Computer Vision, NLP, Statistics",Mid-size
9957,Computer Vision Engineer,Australia,Senior,150246,"Computer Vision, NLP, MLOps",Startup
9958,Computer Vision Engineer,Canada,Mid,80137,"TensorFlow, PyTorch, Statistics",Mid-size
9959,AI Engineer,India,Mid,22663,"Computer Vision, NLP, Data Visualization",Startup
9960,Research Scientist,UK,Senior,93424,"TensorFlow, SQL, PyTorch",Mid-size
9961,ML Engineer,Germany,Entry,43109,"TensorFlow, Data Visualization, MLOps",Startup
9962,Data Analyst,Germany,Entry,32508,"TensorFlow, Deep Learning, Data Visualization",Enterprise
9963,NLP Engineer,Australia,Lead,157724,"Statistics, SQL, NLP",Mid-size
9964,AI Engineer,Canada,Mid,93617,"PyTorch, Statistics, MLOps",Startup
9965,NLP Engineer,USA,Lead,196422,"Statistics, Python, Data Visualization",Mid-size
9966,Deep Learning Engineer,UK,Senior,106362,"Statistics, SQL, Data Visualization",Mid-size
9967,AI Engineer,UK,Mid,50503,"Data Visualization, PyTorch, MLOps",Mid-size
9968,Data Analyst,UK,Entry,33576,"TensorFlow, Deep Learning, Statistics",Startup
9969,Data Analyst,Australia,Senior,100394,"Deep Learning, Statistics, MLOps",Mid-size
9970,AI Engineer,USA,Lead,211657,"SQL, Python, PyTorch",Mid-size
9971,ML Engineer,Australia,Mid,98293,"Deep Learning, Statistics, TensorFlow",Startup
9972,Computer Vision Engineer,Germany,Mid,83089,"SQL, Statistics, MLOps",Enterprise
9973,Data Analyst,India,Lead,75994,"Python, Computer Vision, NLP",Startup
9974,ML Engineer,Australia,Senior,145437,"Deep Learning, PyTorch, Data Visualization",Startup
9975,AI Engineer,Canada,Senior,100481,"Computer Vision, Statistics, Python",Startup
9976,ML Engineer,Australia,Entry,36914,"TensorFlow, NLP, Python",Mid-size
9977,NLP Engineer,Australia,Senior,110036,"Python, PyTorch, Data Visualization",Startup
9978,NLP Engineer,USA,Senior,163822,"TensorFlow, Computer Vision, NLP",Startup
9979,AI Engineer,Canada,Senior,114688,"TensorFlow, SQL, Statistics",Startup
9980,Research Scientist,India,Lead,78907,"Python, SQL, MLOps",Enterprise
9981,Data Scientist,Germany,Mid,70829,"Computer Vision, Deep Learning, Python",Mid-size
9982,NLP Engineer,Canada,Senior,136760,"Statistics, PyTorch, TensorFlow",Mid-size
9983,Data Scientist,USA,Senior,141804,"TensorFlow, Data Visualization, Deep Learning",Enterprise
9984,Deep Learning Engineer,Canada,Mid,89279,"SQL, Data Visualization, TensorFlow",Startup
9985,Data Scientist,USA,Mid,80566,"Data Visualization, TensorFlow, Python",Startup
9986,AI Engineer,India,Mid,26262,"Python, Data Visualization, Computer Vision",Enterprise
9987,Data Scientist,India,Senior,54356,"Data Visualization, TensorFlow, SQL",Enterprise
9988,Deep Learning Engineer,India,Entry,10220,"Data Visualization, Python, PyTorch",Mid-size
9989,ML Engineer,USA,Lead,187858,"Statistics, Python, Deep Learning",Enterprise
9990,ML Engineer,Germany,Senior,124496,"Computer Vision, Deep Learning, SQL",Mid-size
9991,AI Engineer,India,Lead,73653,"SQL, Statistics, MLOps",Enterprise
9992,Computer Vision Engineer,UK,Senior,119908,"SQL, PyTorch, TensorFlow",Enterprise
9993,Data Scientist,Australia,Senior,140017,"Data Visualization, TensorFlow, Deep Learning",Enterprise
9994,Data Scientist,USA,Mid,70213,"Python, MLOps, PyTorch",Startup
9995,Research Scientist,UK,Mid,59914,"Data Visualization, MLOps, NLP",Mid-size
9996,Deep Learning Engineer,USA,Lead,176997,"Deep Learning, Data Visualization, Python",Enterprise
9997,NLP Engineer,Canada,Mid,90866,"Deep Learning, Python, NLP",Mid-size
9998,NLP Engineer,Germany,Senior,112690,"Data Visualization, Python, PyTorch",Enterprise
9999,NLP Engineer,Australia,Senior,131067,"SQL, Statistics, MLOps",Mid-size
10000,Computer Vision Engineer,Germany,Lead,145101,"Computer Vision, SQL, PyTorch",Mid-size
